# This file uses centimeters as units for non-parametric coordinates.

mtllib AssetsPack2.mtl
g default
v 1.628430 0.516364 -0.185319
v 2.471201 0.516364 -0.185319
v 1.600070 1.637728 -0.185319
v 2.499561 1.637728 -0.185319
v 1.600070 1.637728 -0.306393
v 2.499561 1.637728 -0.306393
v 1.628430 0.516364 -0.306393
v 2.471201 0.516364 -0.306393
v 1.703666 0.616471 -0.185319
v 2.395965 0.616471 -0.185319
v 2.419261 1.537621 -0.185319
v 1.680370 1.537621 -0.185319
v 1.703666 0.616471 -0.238749
v 2.395965 0.616471 -0.238749
v 2.419261 1.537621 -0.238749
v 1.680370 1.537621 -0.238749
vt 0.465592 0.066199
vt 0.959898 0.545554
vt 0.940010 0.066199
vt 0.940010 0.264165
vt 0.954926 0.366774
vt 0.932028 0.607676
vt 0.778159 0.592511
vt 0.905207 0.366733
vt 0.905207 0.066199
vt 0.775540 0.291987
vt 0.955887 0.586592
vt 0.333438 0.974631
vt 0.974213 0.545554
vt 0.974213 0.360072
vt 0.954325 0.066199
vt 0.954325 0.264165
vt 0.959898 0.360072
vt 0.940010 0.511041
vt 0.457736 0.312949
vt 0.959898 0.792430
vt 0.655697 0.314245
vt 0.651070 0.067412
vt 0.905207 0.631083
vt 0.974213 0.792430
vt 0.360259 0.954114
vt 0.954325 0.511041
vt 0.975749 0.338921
vt 0.935039 0.614414
vt 0.937646 0.607727
vt 0.745722 0.592793
vt 0.905207 0.607727
vt 0.743102 0.292270
vt 0.741134 0.066482
vt 0.937646 0.366733
vt 0.773571 0.066199
vt 0.937646 0.066199
vt 0.932028 0.848670
vt 0.905207 0.829048
vt 0.955887 0.886845
vt 0.935039 0.861058
vt 0.333438 0.748834
vt 0.360259 0.768632
vt 0.954926 0.066151
vt 0.975749 0.091972
vn 0.000000 0.000000 1.000000
vn 0.000000 0.000000 1.000000
vn 0.000000 0.000000 1.000000
vn 0.000000 0.000000 1.000000
vn 0.000000 1.000000 0.000000
vn 0.000000 1.000000 0.000000
vn 0.000000 1.000000 0.000000
vn 0.000000 1.000000 0.000000
vn 0.000000 -1.000000 0.000000
vn 0.000000 -1.000000 0.000000
vn 0.000000 -1.000000 0.000000
vn 0.000000 -1.000000 0.000000
vn 0.999680 -0.025282 0.000000
vn 0.999680 -0.025282 0.000000
vn 0.999680 -0.025282 0.000000
vn 0.999680 -0.025282 0.000000
vn -0.999680 -0.025282 0.000000
vn -0.999680 -0.025282 0.000000
vn -0.999680 -0.025282 0.000000
vn -0.999680 -0.025282 0.000000
vn 0.000000 0.000000 1.000000
vn 0.000000 0.000000 1.000000
vn 0.000000 0.000000 1.000000
vn 0.000000 0.000000 1.000000
vn -0.000000 0.000000 1.000000
vn -0.000000 0.000000 1.000000
vn -0.000000 0.000000 1.000000
vn -0.000000 0.000000 1.000000
vn 0.000000 0.000000 1.000000
vn 0.000000 0.000000 1.000000
vn 0.000000 0.000000 1.000000
vn 0.000000 0.000000 1.000000
vn 0.000000 0.000000 1.000000
vn 0.000000 0.000000 1.000000
vn 0.000000 0.000000 1.000000
vn 0.000000 0.000000 1.000000
vn 0.000000 1.000000 0.000000
vn 0.000000 1.000000 0.000000
vn 0.000000 1.000000 0.000000
vn 0.000000 1.000000 0.000000
vn -0.999680 0.025282 0.000000
vn -0.999680 0.025282 0.000000
vn -0.999680 0.025282 0.000000
vn -0.999680 0.025282 0.000000
vn 0.000000 -1.000000 0.000000
vn 0.000000 -1.000000 0.000000
vn 0.000000 -1.000000 0.000000
vn 0.000000 -1.000000 0.000000
vn 0.999680 0.025282 0.000000
vn 0.999680 0.025282 0.000000
vn 0.999680 0.025282 0.000000
vn 0.999680 0.025282 0.000000
s off
g Ventana AssetsPack2
usemtl initialShadingGroup
f 13/1/1 14/22/2 15/21/3 16/19/4
f 3/34/5 4/29/6 6/31/7 5/8/8
f 7/35/9 8/10/10 2/32/11 1/33/12
f 2/32/13 8/10/14 6/7/15 4/30/16
f 7/9/17 1/36/18 3/34/19 5/8/20
f 1/12/21 2/41/22 10/42/23 9/25/24
f 2/11/25 4/39/26 11/40/27 10/28/28
f 4/6/29 3/37/30 12/38/31 11/23/32
f 3/5/33 1/43/34 9/44/35 12/27/36
f 9/14/37 10/13/38 14/2/39 13/17/40
f 10/13/41 11/24/42 15/20/43 14/2/44
f 11/15/45 12/16/46 16/4/47 15/3/48
f 12/16/49 9/26/50 13/18/51 16/4/52
g default
v -2.821438 0.097008 -0.045955
v -1.479891 0.097008 -0.045955
v -2.821439 0.171102 -0.045955
v -1.479891 0.171102 -0.045955
v -2.821439 0.171102 -0.884251
v -1.479891 0.171102 -0.884251
v -2.821438 0.097008 -0.884251
v -1.479891 0.097008 -0.884251
v -2.604101 0.171102 -0.118827
v -1.570713 0.171102 -0.118827
v -1.570713 0.171102 -0.811378
v -2.604101 0.171102 -0.811378
v -2.604101 0.171102 -0.045955
v -2.604101 0.171102 -0.884251
v -2.604101 0.410756 -0.118827
v -2.604101 0.410756 -0.045955
v -1.479891 0.410756 -0.045955
v -1.570713 0.410756 -0.118827
v -1.479891 0.410756 -0.884251
v -1.570713 0.410756 -0.811378
v -2.604101 0.410756 -0.884251
v -2.604101 0.410756 -0.811378
v -3.222802 0.108293 -0.263538
v -2.780154 0.108293 -0.263538
v -3.222802 0.158188 -0.263538
v -2.780154 0.158188 -0.263538
v -3.222802 0.158188 -0.313433
v -2.780154 0.158188 -0.313433
v -3.222802 0.108293 -0.313433
v -2.780154 0.108293 -0.313433
v -3.222802 0.108293 -0.618971
v -2.780154 0.108293 -0.618971
v -3.222802 0.158188 -0.618971
v -2.780154 0.158188 -0.618971
v -3.222802 0.158188 -0.668866
v -2.780154 0.158188 -0.668866
v -3.222802 0.108293 -0.668866
v -2.780154 0.108293 -0.668866
vt 0.885320 0.066199
vt 0.229890 0.066199
vt 0.840146 0.066199
vt 0.547078 0.371127
vt 0.458596 0.066199
vt 0.636724 0.355825
vt 0.780909 0.567664
vt 0.104730 0.947559
vt 0.904781 0.567665
vt 0.905171 0.290797
vt 0.234000 0.333952
vt 0.676470 0.425808
vt 0.859998 0.290797
vt 0.005292 0.425629
vt 0.974814 0.641225
vt 0.482595 0.371127
vt 0.775938 0.066199
vt 0.860460 0.085541
vt 0.740642 0.425808
vt 0.994341 0.616953
vt 0.234000 0.398160
vt 0.840572 0.567664
vt 0.547078 0.313665
vt 0.905171 0.066199
vt 0.676470 0.066199
vt 0.234000 0.067062
vt 0.253524 0.398160
vt 0.994341 0.340120
vt 0.168939 0.947559
vt 0.840572 0.844532
vt 0.740642 0.124529
vt 0.974814 0.340120
vt 0.253748 0.125217
vt 0.253524 0.333952
vt 0.775938 0.290797
vt 0.884793 0.290752
vt 0.234224 0.125292
vt 0.676470 0.124529
vt 0.845118 0.567664
vt 0.168939 0.762009
vt 0.254813 0.402082
vt 0.904781 0.844532
vt 0.482595 0.671734
vt 0.994474 0.940125
vt 0.840146 0.290797
vt 0.636724 0.420034
vt 0.845118 0.290797
vt 0.440361 0.401368
vt 0.104730 0.762009
vt 0.656248 0.420034
vt 0.994474 0.641225
vt 0.547078 0.671734
vt 0.458820 0.124428
vt 0.656248 0.355825
vt 0.439296 0.124503
vt 0.780909 0.290797
vt 0.656612 0.425808
vt 0.005292 0.066199
vt 0.566881 0.671734
vt 0.859998 0.066199
vt 0.656612 0.066199
vt 0.885320 0.290797
vt 0.566881 0.313665
vt 0.229890 0.425629
vt 0.974814 0.641273
vt 0.860460 0.271091
vt 0.884793 0.066154
vt 0.974814 0.916395
vt 0.825657 0.765941
vt 0.825657 0.647346
vt 0.839025 0.647346
vt 0.839025 0.765941
vt 0.442820 0.243084
vt 0.442820 0.124489
vt 0.456188 0.124489
vt 0.456188 0.243084
vt 0.273775 0.870431
vt 0.273775 0.751836
vt 0.287143 0.751836
vt 0.287143 0.870431
vt 0.764446 0.752214
vt 0.764446 0.870809
vt 0.751078 0.870809
vt 0.751078 0.752214
vt 0.456188 0.256452
vt 0.442820 0.256452
vt 0.567118 0.676739
vt 0.567118 0.558144
vt 0.580486 0.558144
vt 0.580486 0.676739
vt 0.979786 0.184794
vt 0.979786 0.066199
vt 0.993154 0.066199
vt 0.993154 0.184794
vt 0.979786 0.316757
vt 0.979786 0.198162
vt 0.993154 0.198162
vt 0.993154 0.316757
vt 0.456188 0.256452
vt 0.456188 0.375048
vt 0.442820 0.375048
vt 0.442820 0.256452
vt 0.993154 0.198162
vt 0.979786 0.198162
vn -0.000000 0.000000 1.000000
vn -0.000000 0.000000 1.000000
vn -0.000000 0.000000 1.000000
vn -0.000000 0.000000 1.000000
vn -0.000000 0.000000 1.000000
vn 0.000000 1.000000 0.000000
vn 0.000000 1.000000 0.000000
vn 0.000000 1.000000 0.000000
vn 0.000000 1.000000 0.000000
vn 0.000000 0.000000 -1.000000
vn 0.000000 0.000000 -1.000000
vn 0.000000 0.000000 -1.000000
vn 0.000000 0.000000 -1.000000
vn 0.000000 0.000000 -1.000000
vn -0.000000 -1.000000 0.000000
vn -0.000000 -1.000000 0.000000
vn -0.000000 -1.000000 0.000000
vn -0.000000 -1.000000 0.000000
vn 1.000000 0.000000 0.000000
vn 1.000000 0.000000 0.000000
vn 1.000000 0.000000 0.000000
vn 1.000000 0.000000 0.000000
vn 0.000000 1.000000 0.000000
vn 0.000000 1.000000 0.000000
vn 0.000000 1.000000 0.000000
vn 0.000000 1.000000 0.000000
vn 0.000000 1.000000 0.000000
vn 0.000000 1.000000 0.000000
vn 0.000000 1.000000 0.000000
vn 0.000000 1.000000 0.000000
vn 0.000001 1.000000 0.000000
vn 0.000001 1.000000 0.000000
vn 0.000001 1.000000 0.000000
vn 0.000001 1.000000 0.000000
vn 0.000001 1.000000 0.000000
vn 0.000001 1.000000 0.000000
vn 0.000000 1.000000 0.000000
vn 0.000000 1.000000 0.000000
vn 0.000000 1.000000 0.000000
vn 0.000000 1.000000 0.000000
vn -1.000000 0.000000 0.000000
vn -1.000000 0.000000 0.000000
vn -1.000000 0.000000 0.000000
vn -1.000000 0.000000 0.000000
vn 0.000000 0.000000 1.000000
vn 0.000000 0.000000 1.000000
vn 0.000000 0.000000 1.000000
vn 0.000000 0.000000 1.000000
vn 0.000000 0.000000 -1.000000
vn 0.000000 0.000000 -1.000000
vn 0.000000 0.000000 -1.000000
vn 0.000000 0.000000 -1.000000
vn 1.000000 0.000000 0.000000
vn 1.000000 0.000000 0.000000
vn 1.000000 0.000000 0.000000
vn 1.000000 0.000000 0.000000
vn -1.000000 0.000000 0.000000
vn -1.000000 0.000000 0.000000
vn -1.000000 0.000000 0.000000
vn -1.000000 0.000000 0.000000
vn 0.000000 0.000000 -1.000000
vn 0.000000 0.000000 -1.000000
vn 0.000000 0.000000 -1.000000
vn 0.000000 0.000000 -1.000000
vn -1.000000 0.000000 0.000003
vn -1.000000 0.000000 0.000003
vn -1.000000 0.000000 0.000003
vn -1.000000 0.000000 0.000003
vn 0.000000 0.000000 1.000000
vn 0.000000 0.000000 1.000000
vn 0.000000 0.000000 1.000000
vn 0.000000 0.000000 1.000000
vn 0.000001 1.000000 0.000000
vn 0.000001 1.000000 0.000000
vn 0.000001 1.000000 0.000000
vn 0.000001 1.000000 0.000000
vn -1.000000 -0.000008 0.000000
vn -1.000000 -0.000008 0.000000
vn -1.000000 -0.000008 0.000000
vn -1.000000 -0.000008 0.000000
vn 0.000000 0.000000 1.000000
vn 0.000000 0.000000 1.000000
vn 0.000000 0.000000 1.000000
vn 0.000000 0.000000 1.000000
vn 0.000000 1.000000 0.000000
vn 0.000000 1.000000 0.000000
vn 0.000000 1.000000 0.000000
vn 0.000000 1.000000 0.000000
vn 0.000000 0.000000 -1.000000
vn 0.000000 0.000000 -1.000000
vn 0.000000 0.000000 -1.000000
vn 0.000000 0.000000 -1.000000
vn 0.000000 -1.000000 0.000000
vn 0.000000 -1.000000 0.000000
vn 0.000000 -1.000000 0.000000
vn 0.000000 -1.000000 0.000000
vn -1.000000 0.000000 0.000000
vn -1.000000 0.000000 0.000000
vn -1.000000 0.000000 0.000000
vn -1.000000 0.000000 0.000000
vn 0.000000 0.000000 1.000000
vn 0.000000 0.000000 1.000000
vn 0.000000 0.000000 1.000000
vn 0.000000 0.000000 1.000000
vn 0.000000 1.000000 0.000000
vn 0.000000 1.000000 0.000000
vn 0.000000 1.000000 0.000000
vn 0.000000 1.000000 0.000000
vn 0.000000 0.000000 -1.000000
vn 0.000000 0.000000 -1.000000
vn 0.000000 0.000000 -1.000000
vn 0.000000 0.000000 -1.000000
vn 0.000000 -1.000000 0.000000
vn 0.000000 -1.000000 0.000000
vn 0.000000 -1.000000 0.000000
vn 0.000000 -1.000000 0.000000
vn -1.000000 0.000000 0.000000
vn -1.000000 0.000000 0.000000
vn -1.000000 0.000000 0.000000
vn -1.000000 0.000000 0.000000
s off
g AssetsPack2 Carreta
usemtl initialShadingGroup
f 17/107/53 18/103/54 20/96/55 29/48/56 19/67/57
f 25/99/58 26/92/59 27/85/60 28/77/61
f 21/69/62 30/82/63 22/56/64 24/101/65 23/105/66
f 23/58/67 24/102/68 18/46/69 17/108/70
f 18/104/71 24/57/72 22/89/73 20/47/74
f 31/59/75 32/95/76 33/88/77 34/112/78
f 33/111/79 35/80/80 36/110/81 34/62/82
f 28/77/83 30/81/84 21/70/85
f 19/49/86 29/97/87 25/99/88
f 35/109/89 37/76/90 38/72/91 36/64/92
f 25/50/93 29/98/94 32/94/95 31/90/96
f 29/48/97 20/96/98 33/87/99 32/60/100
f 26/51/101 25/100/102 31/91/103 34/83/104
f 20/47/105 22/89/106 35/79/107 33/61/108
f 27/52/109 26/93/110 34/84/111 36/73/112
f 22/56/113 30/82/114 37/75/115 35/63/116
f 30/55/117 28/78/118 38/71/119 37/65/120
f 28/53/121 27/86/122 36/74/123 38/66/124
f 25/99/125 28/77/126 21/70/127 19/49/128
f 23/106/129 17/45/130 19/68/131 21/54/132
f 39/113/133 40/114/134 42/115/135 41/116/136
f 41/117/137 42/118/138 44/119/139 43/120/140
f 43/121/141 44/122/142 46/123/143 45/124/144
f 45/125/145 46/126/146 40/127/147 39/128/148
f 45/129/149 39/130/150 41/117/151 43/120/152
f 47/131/153 48/132/154 50/133/155 49/134/156
f 49/135/157 50/136/158 52/137/159 51/138/160
f 51/139/161 52/140/162 54/141/163 53/142/164
f 53/143/165 54/144/166 48/145/167 47/146/168
f 53/147/169 47/148/170 49/135/171 51/138/172
g default
v 0.463663 1.239838 -0.206922
v 0.425136 1.239838 -0.245448
v 0.372508 1.239838 -0.259545
v 0.319879 1.239838 -0.245448
v 0.281352 1.239838 -0.206922
v 0.267250 1.239838 -0.154287
v 0.281352 1.239838 -0.101661
v 0.319879 1.239838 -0.063131
v 0.372508 1.239838 -0.049034
v 0.425136 1.239838 -0.063131
v 0.463663 1.239838 -0.101661
v 0.477765 1.239838 -0.154287
v 0.474526 1.475235 -0.213189
v 0.431408 1.475235 -0.256305
v 0.372508 1.475235 -0.272094
v 0.313607 1.475235 -0.256305
v 0.270489 1.475235 -0.213189
v 0.254706 1.475235 -0.154286
v 0.270489 1.475235 -0.095392
v 0.313607 1.475235 -0.052276
v 0.372508 1.475235 -0.036489
v 0.431408 1.475235 -0.052276
v 0.474526 1.475235 -0.095392
v 0.490309 1.475235 -0.154286
v 0.254706 1.456392 -0.154286
v 0.270489 1.456392 -0.213189
v 0.313607 1.456392 -0.256305
v 0.372508 1.456392 -0.272094
v 0.431408 1.456392 -0.256305
v 0.474526 1.456392 -0.213189
v 0.490309 1.456392 -0.154286
v 0.474526 1.456392 -0.095392
v 0.431408 1.456392 -0.052276
v 0.372508 1.456392 -0.036489
v 0.313607 1.456392 -0.052276
v 0.270489 1.456392 -0.095392
v 0.293981 1.255530 -0.154287
v 0.304502 1.255530 -0.193556
v 0.333244 1.255530 -0.222299
v 0.372508 1.255530 -0.232813
v 0.411770 1.255530 -0.222299
v 0.440513 1.255530 -0.193556
v 0.451034 1.255530 -0.154287
v 0.440513 1.255530 -0.115028
v 0.411770 1.255530 -0.086281
v 0.372508 1.255530 -0.075768
v 0.333244 1.255530 -0.086281
v 0.304502 1.255530 -0.115028
v 0.299364 1.255530 -0.154287
v 0.309164 1.255530 -0.190860
v 0.284674 1.456392 -0.154286
v 0.296442 1.456392 -0.198204
v 0.335936 1.255530 -0.217631
v 0.328591 1.456392 -0.230352
v 0.372508 1.255530 -0.227436
v 0.372508 1.456392 -0.242126
v 0.409079 1.255530 -0.217631
v 0.416424 1.456392 -0.230352
v 0.435852 1.255530 -0.190860
v 0.448574 1.456392 -0.198204
v 0.445651 1.255530 -0.154287
v 0.460341 1.456392 -0.154286
v 0.435852 1.255530 -0.117721
v 0.448574 1.456392 -0.110376
v 0.409079 1.255530 -0.090948
v 0.416424 1.456392 -0.078227
v 0.372508 1.255530 -0.081148
v 0.372508 1.456392 -0.066459
v 0.335936 1.255530 -0.090948
v 0.328591 1.456392 -0.078227
v 0.309164 1.255530 -0.117721
v 0.296442 1.456392 -0.110376
v 0.463663 1.231529 -0.206922
v 0.425136 1.231529 -0.245448
v 0.372508 1.231529 -0.259545
v 0.319879 1.231529 -0.245448
v 0.281352 1.231529 -0.206922
v 0.267250 1.231529 -0.154287
v 0.281352 1.231529 -0.101661
v 0.319879 1.231529 -0.063131
v 0.372508 1.231529 -0.049034
v 0.425136 1.231529 -0.063131
v 0.463663 1.231529 -0.101661
v 0.477765 1.231529 -0.154287
v 0.428905 1.523021 -0.186854
v 0.405068 1.523021 -0.210685
v 0.372508 1.523021 -0.219415
v 0.339946 1.523021 -0.210685
v 0.316110 1.523021 -0.186854
v 0.307386 1.523021 -0.154286
v 0.316110 1.523021 -0.121726
v 0.339946 1.523021 -0.097896
v 0.372508 1.523021 -0.089165
v 0.405068 1.523021 -0.097896
v 0.428905 1.523021 -0.121726
v 0.437630 1.523021 -0.154286
v 0.402485 1.534569 -0.171600
v 0.389815 1.534569 -0.184269
v 0.372508 1.534569 -0.188908
v 0.355200 1.534569 -0.184269
v 0.342530 1.534569 -0.171600
v 0.337892 1.534569 -0.154287
v 0.342530 1.534569 -0.136985
v 0.355200 1.534569 -0.124310
v 0.372508 1.534569 -0.119672
v 0.389815 1.534569 -0.124310
v 0.402485 1.534569 -0.136985
v 0.407122 1.534569 -0.154287
v 0.388041 1.576133 -0.177644
v 0.383758 1.582987 -0.161664
v 0.389815 1.567827 -0.184269
v 0.366450 1.582987 -0.166302
v 0.370733 1.576133 -0.182282
v 0.372508 1.567827 -0.188908
v 0.374282 1.576133 -0.126297
v 0.372508 1.567827 -0.119672
v 0.378565 1.582987 -0.142281
v 0.356974 1.576133 -0.130936
v 0.361256 1.582987 -0.146919
v 0.355200 1.567827 -0.124310
v 0.386415 1.562973 -0.171576
v 0.375908 1.562973 -0.132362
v 0.375908 1.541513 -0.132362
v 0.386415 1.541513 -0.171576
v 0.369107 1.562973 -0.176214
v 0.358600 1.562973 -0.137001
v 0.369107 1.541513 -0.176214
v 0.358600 1.541513 -0.137001
vt 0.957152 0.468909
vt 0.957152 0.454311
vt 0.885978 0.472767
vt 0.893317 0.464789
vt 0.957152 0.439713
vt 0.875634 0.476004
vt 0.957152 0.425115
vt 0.865056 0.473639
vt 0.957152 0.410518
vt 0.857078 0.466300
vt 0.957152 0.395918
vt 0.853839 0.455954
vt 0.957152 0.381321
vt 0.856206 0.445377
vt 0.957152 0.366722
vt 0.863545 0.437398
vt 0.957152 0.527301
vt 0.873889 0.434161
vt 0.957152 0.512704
vt 0.884467 0.436526
vt 0.957152 0.498105
vt 0.892445 0.443866
vt 0.957152 0.483508
vt 0.895684 0.454210
vt 0.493737 0.318682
vt 0.487999 0.358150
vt 0.482595 0.344590
vt 0.484695 0.330142
vt 0.611539 0.349946
vt 0.962163 0.070430
vt 0.975273 0.070853
vt 0.610561 0.345493
vt 0.431478 0.401416
vt 0.415141 0.401616
vt 0.567118 0.348687
vt 0.571462 0.366612
vt 0.445725 0.409410
vt 0.584185 0.379963
vt 0.454068 0.423458
vt 0.601880 0.385165
vt 0.454266 0.439794
vt 0.619805 0.380821
vt 0.446272 0.454042
vt 0.633157 0.368097
vt 0.432224 0.462384
vt 0.638357 0.350401
vt 0.415890 0.462583
vt 0.634013 0.332478
vt 0.401642 0.454588
vt 0.621289 0.319126
vt 0.393300 0.440541
vt 0.603594 0.313925
vt 0.393101 0.424205
vt 0.585669 0.318270
vt 0.401095 0.409957
vt 0.572317 0.330994
vt 0.899046 0.393364
vt 0.855273 0.455894
vt 0.845544 0.404346
vt 0.429495 0.409196
vt 0.899046 0.382258
vt 0.440117 0.415157
vt 0.899047 0.371040
vt 0.446339 0.425631
vt 0.899046 0.359728
vt 0.446486 0.437811
vt 0.899046 0.348339
vt 0.440526 0.448435
vt 0.899046 0.336888
vt 0.430051 0.454654
vt 0.899046 0.325394
vt 0.417873 0.454803
vt 0.899046 0.313869
vt 0.407249 0.448842
vt 0.899046 0.302331
vt 0.401030 0.438368
vt 0.899046 0.425867
vt 0.400881 0.426188
vt 0.899046 0.415184
vt 0.406842 0.415565
vt 0.533204 0.324419
vt 0.521743 0.315378
vt 0.507297 0.313279
vt 0.499460 0.367192
vt 0.513906 0.369291
vt 0.527467 0.363888
vt 0.536508 0.352427
vt 0.538608 0.337981
vt 0.610677 0.364720
vt 0.617202 0.358719
vt 0.602026 0.366658
vt 0.593565 0.364008
vt 0.587562 0.357486
vt 0.585625 0.348832
vt 0.588273 0.340371
vt 0.594797 0.334369
vt 0.603449 0.332431
vt 0.611910 0.335081
vt 0.617913 0.341604
vt 0.619850 0.350256
vt 0.291697 0.402018
vt 0.636724 0.330819
vt 0.269316 0.406555
vt 0.594914 0.353598
vt 0.593936 0.349142
vt 0.256203 0.406287
vt 0.654642 0.330804
vt 0.273780 0.402009
vt 0.648382 0.343782
vt 0.280044 0.414985
vt 0.285420 0.414988
vt 0.643005 0.343786
vt 0.636732 0.339730
vt 0.291692 0.410929
vt 0.273775 0.410920
vt 0.654649 0.339715
vt 0.289854 0.413153
vt 0.243944 0.152024
vt 0.275611 0.413146
vt 0.243944 0.137051
vt 0.656441 0.093702
vt 0.656441 0.082825
vt 0.656441 0.066199
vt 0.656441 0.077076
vt 0.651640 0.082825
vt 0.651640 0.093702
vt 0.651640 0.077076
vt 0.651640 0.099452
vt 0.277299 0.403871
vt 0.656441 0.099452
vt 0.651123 0.332668
vt 0.651640 0.066199
vt 0.651128 0.338417
vt 0.640247 0.332677
vt 0.640251 0.338426
vt 0.288176 0.403877
vt 0.288173 0.409627
vt 0.277296 0.409621
vt 0.243944 0.141849
vt 0.652814 0.341941
vt 0.248744 0.137051
vt 0.248744 0.141849
vt 0.243944 0.134165
vt 0.248744 0.134165
vt 0.243944 0.154910
vt 0.638571 0.341953
vt 0.248744 0.152024
vt 0.248744 0.154910
vt 0.243944 0.147226
vt 0.248744 0.147226
vt 0.243944 0.125254
vt 0.598685 0.341721
vt 0.253887 0.402081
vt 0.271801 0.402447
vt 0.602335 0.358347
vt 0.243944 0.163820
vt 0.977806 0.066776
vt 0.603139 0.340743
vt 0.248744 0.125254
vt 0.248744 0.163820
vt 0.606790 0.357368
vt 0.959898 0.066198
vt 0.966242 0.072964
vt 0.610158 0.354294
vt 0.971039 0.073118
vt 0.607486 0.342123
vt 0.595316 0.344797
vt 0.260310 0.408771
vt 0.265111 0.408870
vt 0.597989 0.356966
vt 0.954926 0.483508
vt 0.954926 0.468909
vt 0.954926 0.498105
vt 0.954926 0.512704
vt 0.954926 0.527301
vt 0.954926 0.366722
vt 0.954926 0.541899
vt 0.954926 0.381321
vt 0.859040 0.430422
vt 0.957152 0.541899
vt 0.954926 0.395918
vt 0.954926 0.410518
vt 0.954926 0.425115
vt 0.954926 0.439713
vt 0.954926 0.454311
vt 0.845544 0.415184
vt 0.417314 0.409345
vt 0.857478 0.446043
vt 0.899046 0.404346
vt 0.845544 0.290797
vt 0.845544 0.425867
vt 0.899046 0.290797
vt 0.864314 0.438612
vt 0.845544 0.302331
vt 0.873949 0.435594
vt 0.845544 0.313869
vt 0.883802 0.437799
vt 0.845544 0.325394
vt 0.891233 0.444635
vt 0.845544 0.336888
vt 0.894250 0.454269
vt 0.845544 0.348339
vt 0.892045 0.464123
vt 0.845544 0.359728
vt 0.885210 0.471553
vt 0.845544 0.371040
vt 0.875574 0.474572
vt 0.845544 0.382258
vt 0.865721 0.472365
vt 0.845544 0.393364
vt 0.858291 0.465530
vt 0.666556 0.777475
vt 0.666556 0.793811
vt 0.666556 0.761138
vt 0.666556 0.957185
vt 0.666556 0.940847
vt 0.671604 0.957185
vt 0.671604 0.761138
vt 0.666556 0.924510
vt 0.666556 0.908173
vt 0.666556 0.891837
vt 0.666556 0.875499
vt 0.666556 0.859162
vt 0.666556 0.842824
vt 0.666556 0.826486
vt 0.666556 0.810149
vt 0.671604 0.891837
vt 0.671604 0.875499
vt 0.671604 0.908173
vt 0.671604 0.924510
vt 0.671604 0.940847
vt 0.671604 0.777475
vt 0.671604 0.793811
vt 0.671604 0.810149
vt 0.671604 0.826486
vt 0.671604 0.842824
vt 0.671604 0.859162
vt 0.903979 0.453796
vt 0.900708 0.468579
vt 0.899422 0.439360
vt 0.888257 0.429136
vt 0.873476 0.425866
vt 0.848816 0.441587
vt 0.845544 0.456367
vt 0.850102 0.470805
vt 0.861266 0.481029
vt 0.876047 0.484299
vt 0.890484 0.479743
vn 0.613178 0.706185 -0.354000
vn 0.353987 0.706186 -0.613183
vn 0.231903 0.885910 -0.401727
vn 0.401718 0.885911 -0.231917
vn -0.000000 0.706186 -0.708026
vn 0.000000 0.885902 -0.463872
vn -0.353987 0.706186 -0.613184
vn -0.231902 0.885911 -0.401725
vn -0.613179 0.706184 -0.353999
vn -0.401718 0.885911 -0.231916
vn -0.708028 0.706184 -0.000002
vn -0.463868 0.885904 0.000001
vn -0.613165 0.706188 0.354015
vn -0.401717 0.885909 0.231923
vn -0.353998 0.706195 0.613167
vn -0.231911 0.885915 0.401710
vn -0.000000 0.706191 0.708021
vn 0.000000 0.885912 0.463853
vn 0.353998 0.706196 0.613166
vn 0.231913 0.885915 0.401711
vn 0.613164 0.706188 0.354018
vn 0.401717 0.885909 0.231925
vn 0.708026 0.706186 -0.000002
vn 0.463868 0.885904 0.000001
vn 0.000000 -1.000000 0.000001
vn 0.000000 -1.000000 0.000001
vn 0.000000 -1.000000 0.000001
vn 0.000000 -1.000000 0.000001
vn 0.282764 0.959190 0.000001
vn 0.184261 0.977104 -0.106377
vn 0.106393 0.977103 0.184253
vn 0.244865 0.959194 0.141375
vn -0.866026 0.000000 -0.499998
vn -1.000000 0.000000 -0.000000
vn -1.000000 0.000000 -0.000000
vn -0.866026 0.000000 -0.499998
vn -0.500027 0.000000 -0.866010
vn -0.500027 0.000000 -0.866010
vn 0.000000 0.000000 -1.000000
vn 0.000000 0.000000 -1.000000
vn 0.500027 0.000000 -0.866010
vn 0.500027 0.000000 -0.866010
vn 0.866024 0.000000 -0.500003
vn 0.866024 0.000000 -0.500003
vn 1.000000 0.000000 -0.000000
vn 1.000000 0.000000 -0.000000
vn 0.866007 0.000000 0.500031
vn 0.866007 0.000000 0.500031
vn 0.500020 0.000000 0.866014
vn 0.500020 0.000000 0.866014
vn -0.000000 0.000000 1.000000
vn -0.000000 0.000000 1.000000
vn -0.500020 0.000000 0.866014
vn -0.500020 0.000000 0.866014
vn -0.866010 0.000000 0.500026
vn -0.866010 0.000000 0.500026
vn -0.863718 -0.072939 -0.498669
vn -0.997336 -0.072941 -0.000001
vn -0.997336 -0.072941 0.000000
vn -0.863719 -0.072939 -0.498668
vn -0.498718 -0.072937 -0.863690
vn -0.498717 -0.072937 -0.863691
vn 0.000000 -0.072942 -0.997336
vn 0.000000 -0.072942 -0.997336
vn 0.498716 -0.072937 -0.863691
vn 0.498715 -0.072937 -0.863692
vn 0.863720 -0.072939 -0.498666
vn 0.863721 -0.072939 -0.498665
vn 0.997336 -0.072940 -0.000001
vn 0.997336 -0.072940 0.000001
vn 0.863702 -0.072939 0.498696
vn 0.863703 -0.072939 0.498695
vn 0.498676 -0.072937 0.863715
vn 0.498676 -0.072937 0.863714
vn 0.000000 -0.072937 0.997337
vn 0.000000 -0.072937 0.997337
vn -0.498677 -0.072937 0.863714
vn -0.498678 -0.072937 0.863713
vn -0.863701 -0.072939 0.498700
vn -0.863701 -0.072939 0.498698
vn 0.000000 1.000000 0.000002
vn 0.000000 1.000000 -0.000003
vn 0.000000 -1.000000 -0.000001
vn 0.000000 -1.000000 0.000000
vn 0.000000 -1.000000 -0.000000
vn 0.000000 -1.000000 -0.000001
vn 0.000000 1.000000 -0.000005
vn 0.000000 -1.000000 0.000002
vn 0.000000 -1.000000 0.000002
vn 0.000000 1.000000 0.000000
vn 0.000000 -1.000000 0.000001
vn 0.000000 -1.000000 0.000001
vn 0.000000 1.000000 -0.000001
vn 0.000000 -1.000000 0.000001
vn 0.000000 -1.000000 0.000001
vn 0.000000 1.000000 0.000000
vn 0.000000 -1.000000 0.000001
vn 0.000000 -1.000000 0.000001
vn 0.000000 1.000000 0.000001
vn 0.000000 -1.000000 0.000000
vn 0.000000 -1.000000 0.000000
vn 0.000000 1.000000 0.000000
vn 0.000000 -1.000000 -0.000001
vn 0.000000 -1.000000 -0.000001
vn 0.000000 1.000000 0.000000
vn 0.000000 -1.000000 -0.000001
vn 0.000000 -1.000000 -0.000001
vn 0.000000 1.000000 0.000005
vn 0.000000 -1.000000 0.000000
vn 0.000000 -1.000000 0.000000
vn 0.000000 1.000000 0.000005
vn 0.000000 -1.000000 0.000000
vn 0.000000 -1.000000 0.000000
vn 0.000000 1.000000 0.000001
vn 0.000000 -1.000000 0.000000
vn 0.000000 -1.000000 0.000000
vn 0.866035 0.000000 -0.499984
vn 0.499966 0.000000 -0.866045
vn 0.000000 0.000000 -1.000000
vn -0.499962 0.000000 -0.866047
vn -0.866038 0.000000 -0.499978
vn -1.000000 0.000000 0.000000
vn -0.866027 0.000000 0.499997
vn -0.499983 0.000000 0.866035
vn 0.000000 0.000000 1.000000
vn 0.499986 0.000000 0.866033
vn 0.866023 0.000000 0.500004
vn 1.000000 0.000000 0.000000
vn 0.581868 0.740662 -0.335932
vn 0.335954 0.740649 -0.581871
vn 0.313712 0.778691 -0.543346
vn 0.543339 0.778699 -0.313704
vn -0.000000 0.740674 -0.671865
vn 0.000000 0.778703 -0.627393
vn -0.335953 0.740649 -0.581871
vn -0.313712 0.778692 -0.543346
vn -0.581871 0.740661 -0.335929
vn -0.543343 0.778698 -0.313700
vn -0.671878 0.740662 -0.000002
vn -0.627393 0.778703 0.000002
vn -0.581862 0.740657 0.335953
vn -0.543329 0.778696 0.313729
vn -0.335957 0.740645 0.581875
vn -0.313716 0.778691 0.543344
vn -0.000000 0.740664 0.671876
vn 0.000000 0.778694 0.627404
vn 0.335957 0.740644 0.581875
vn 0.313716 0.778691 0.543344
vn 0.581859 0.740658 0.335956
vn 0.543326 0.778697 0.313732
vn 0.671877 0.740663 -0.000002
vn 0.627390 0.778705 0.000002
vn 0.182509 0.883359 -0.431704
vn 0.057815 0.883368 -0.465100
vn -0.106373 0.977106 -0.184253
vn -0.244892 0.959187 -0.141377
vn -0.282767 0.959189 0.000002
vn -0.184232 0.977110 0.106368
vn -0.135866 0.962380 0.235300
vn 0.000000 0.962382 0.271698
vn -0.047632 0.982927 0.177726
vn -0.047635 0.982924 0.177739
vn 0.047634 0.982923 -0.177745
vn 0.047632 0.982924 -0.177740
vn 0.255427 0.162800 -0.953023
vn 0.255426 0.162819 -0.953020
vn -0.258874 0.000000 0.965911
vn -0.258874 0.000000 0.965911
vn -0.255420 0.162799 0.953025
vn -0.255419 0.162820 0.953022
vn 0.140738 0.839305 -0.525129
vn 0.140742 0.839294 -0.525146
vn -0.140731 0.839325 0.525098
vn -0.140725 0.839341 0.525074
vn -0.965914 -0.000175 -0.258863
vn -0.965927 -0.000049 -0.258813
vn -0.965927 -0.000030 -0.258816
vn 0.965930 0.000032 0.258802
vn 0.965932 0.000013 0.258795
vn 0.965894 -0.000206 0.258939
vn 0.965904 0.000196 0.258901
vn 0.965931 0.000019 0.258800
vn 0.965930 0.000034 0.258802
vn -0.965927 -0.000046 -0.258814
vn -0.965933 -0.000023 -0.258792
vn -0.965879 0.000278 -0.258994
vn 0.965931 0.000011 0.258802
vn 0.965932 0.000011 0.258796
vn 0.965932 -0.000004 0.258797
vn 0.965931 -0.000006 0.258800
vn 0.965934 -0.000004 0.258789
vn 0.965932 -0.000006 0.258795
vn -0.965934 -0.000037 -0.258788
vn -0.965927 -0.000037 -0.258815
vn -0.965937 0.000015 -0.258778
vn -0.965934 0.000026 -0.258789
vn -0.965927 0.000015 -0.258815
vn -0.965928 0.000026 -0.258813
vn 0.000000 -1.000000 -0.000003
vn 0.000000 -1.000000 -0.000003
vn 0.000000 -1.000000 -0.000003
vn 0.000000 -1.000000 -0.000003
vn 0.258879 0.000000 -0.965910
vn 0.258879 0.000000 -0.965910
vn 0.258879 0.000000 -0.965910
vn 0.258879 0.000000 -0.965910
vn 0.000000 1.000000 0.000000
vn 0.000000 1.000000 0.000000
vn 0.000000 1.000000 0.000000
vn 0.000000 1.000000 0.000000
vn -0.258830 0.000000 0.965923
vn -0.258830 0.000000 0.965923
vn -0.258830 0.000000 0.965923
vn -0.258830 0.000000 0.965923
vn 0.000000 -1.000000 0.000000
vn 0.000000 -1.000000 0.000000
vn 0.000000 -1.000000 0.000000
vn 0.000000 -1.000000 0.000000
vn 0.000000 -1.000000 0.000000
vn 0.000000 -1.000000 0.000000
vn 0.000000 -1.000000 0.000000
vn 0.000000 -1.000000 0.000000
vn 0.000000 -1.000000 0.000000
vn 0.000000 -1.000000 0.000000
vn 0.000000 -1.000000 0.000000
vn 0.000000 -1.000000 0.000000
vn 0.000000 -1.000000 0.000000
vn 0.000000 -1.000000 0.000000
vn 0.000000 -1.000000 0.000000
vn 0.000000 -1.000000 0.000000
s 1
g AssetsPack2 Lampara
usemtl initialShadingGroup
f 55/387/173 56/396/174 95/151/175 96/152/176
f 56/396/174 57/395/177 94/154/178 95/151/175
f 57/395/177 58/394/179 93/156/180 94/154/178
f 58/394/179 59/393/181 92/158/182 93/156/180
f 59/393/181 60/392/183 91/160/184 92/158/182
f 60/392/183 61/391/185 102/162/186 91/160/184
f 61/391/185 62/327/187 101/164/188 102/162/186
f 62/327/187 63/390/189 100/166/190 101/164/188
f 63/390/189 64/389/191 99/168/192 100/166/190
f 64/389/191 65/388/193 98/170/194 99/168/192
f 65/388/193 66/386/195 97/172/196 98/170/194
f 66/386/195 55/387/173 96/152/176 97/172/196
s off
f 130/173/197 133/174/198 132/175/199 131/176/200
s 2
f 162/311/201 151/178/202 160/179/203 161/313/204
s 3
f 80/374/205 79/361/206 72/381/207 71/382/208
f 81/373/209 80/374/205 71/382/208 70/383/210
f 82/372/211 81/373/209 70/383/210 69/384/212
f 83/371/213 82/372/211 69/384/212 68/385/214
f 84/370/215 83/371/213 68/385/214 67/376/216
f 85/369/217 84/370/215 67/376/216 78/375/218
f 86/368/219 85/369/217 78/375/218 77/377/220
f 87/367/221 86/368/219 77/377/220 76/378/222
f 88/364/223 87/367/221 76/378/222 75/379/224
f 89/363/225 88/364/223 75/379/224 74/365/226
f 90/360/227 89/362/225 74/366/226 73/380/228
f 79/361/206 90/360/227 73/380/228 72/381/207
s 4
f 104/205/229 103/337/230 105/207/231 106/358/232
f 107/209/233 104/205/229 106/358/232 108/356/234
f 109/211/235 107/209/233 108/356/234 110/354/236
f 111/213/237 109/211/235 110/354/236 112/352/238
f 113/215/239 111/213/237 112/352/238 114/350/240
f 115/217/241 113/215/239 114/350/240 116/348/242
f 117/219/243 115/217/241 116/348/242 118/346/244
f 119/221/245 117/219/243 118/346/244 120/344/246
f 121/223/247 119/221/245 120/344/246 122/342/248
f 123/340/249 121/223/247 122/342/248 124/338/250
f 125/227/251 123/225/249 124/339/250 126/334/252
f 103/337/230 125/227/251 126/334/252 105/207/231
s 1
f 92/158/182 91/160/184 103/206/253 104/359/254
s 5
f 79/182/255 80/181/256 106/208/257 105/335/258
s 1
f 93/156/180 92/158/182 104/359/254 107/357/259
s 5
f 80/181/256 81/185/260 108/210/261 106/208/257
s 1
f 94/154/178 93/156/180 107/357/259 109/355/262
s 5
f 81/185/260 82/187/263 110/212/264 108/210/261
s 1
f 95/151/175 94/154/178 109/355/262 111/353/265
s 5
f 82/187/263 83/189/266 112/214/267 110/212/264
s 1
f 96/152/176 95/151/175 111/353/265 113/351/268
s 5
f 83/189/266 84/191/269 114/216/270 112/214/267
s 1
f 97/172/196 96/152/176 113/351/268 115/349/271
s 5
f 84/191/269 85/193/272 116/218/273 114/216/270
s 1
f 98/170/194 97/172/196 115/349/271 117/347/274
s 5
f 85/193/272 86/195/275 118/220/276 116/218/273
s 1
f 99/168/192 98/170/194 117/347/274 119/345/277
s 5
f 86/195/275 87/197/278 120/222/279 118/220/276
s 1
f 100/166/190 99/168/192 119/345/277 121/343/280
s 5
f 87/197/278 88/199/281 122/224/282 120/222/279
s 1
f 101/164/188 100/166/190 121/343/280 123/341/283
s 5
f 88/199/281 89/201/284 124/226/285 122/224/282
s 1
f 102/162/186 101/164/188 123/341/283 125/336/286
s 5
f 89/201/284 90/203/287 126/228/288 124/226/285
s 1
f 91/160/184 102/162/186 125/336/286 103/206/253
s 5
f 90/203/287 79/182/255 105/335/258 126/228/288
s 1
f 56/150/174 55/149/173 127/320/289 128/333/290
f 57/153/177 56/150/174 128/333/290 129/332/291
f 58/155/179 57/153/177 129/332/291 130/331/292
f 59/157/181 58/155/179 130/331/292 131/330/293
f 60/159/183 59/157/181 131/330/293 132/329/294
f 61/161/185 60/159/183 132/329/294 133/326/295
f 62/163/187 61/161/185 133/326/295 134/324/296
f 63/165/189 62/328/187 134/325/296 135/323/297
f 64/167/191 63/165/189 135/323/297 136/322/298
f 65/169/193 64/167/191 136/322/298 137/321/299
f 66/171/195 65/169/193 137/321/299 138/319/300
f 55/149/173 66/171/195 138/319/300 127/320/289
s 2
f 67/192/301 68/190/302 140/237/303 139/238/304
f 68/190/302 69/188/305 141/239/306 140/237/303
f 69/188/305 70/186/307 142/240/308 141/239/306
f 70/186/307 71/184/309 143/241/310 142/240/308
f 71/184/309 72/183/311 144/242/312 143/241/310
f 72/183/311 73/204/313 145/243/314 144/242/312
f 73/204/313 74/202/315 146/244/316 145/243/314
f 74/202/315 75/200/317 147/245/318 146/244/316
f 75/200/317 76/198/319 148/246/320 147/245/318
f 76/198/319 77/196/321 149/247/322 148/246/320
f 77/196/321 78/194/323 150/248/324 149/247/322
f 78/194/323 67/192/301 139/238/304 150/248/324
f 139/238/304 140/237/303 152/309/325 151/312/202
f 140/237/303 141/239/306 153/303/326 152/309/325
f 141/239/306 142/240/308 154/318/327 153/303/326
f 142/240/308 143/241/310 155/252/328 154/318/327
f 143/241/310 144/242/312 156/253/329 155/252/328
f 144/242/312 145/243/314 157/315/330 156/253/329
f 145/243/314 146/244/316 158/300/331 157/315/330
f 146/244/316 147/245/318 159/306/332 158/300/331
f 147/245/318 148/246/320 160/314/203 159/306/332
f 148/246/320 149/247/322 161/180/204 160/314/203
f 149/247/322 150/248/324 162/177/201 161/180/204
f 150/248/324 139/238/304 151/312/202 162/177/201
f 160/179/203 151/178/202 152/310/325 159/305/332
f 173/287/333 171/290/334 164/298/335 166/297/336
f 158/301/331 153/302/326 154/251/327 157/254/330
f 157/254/330 154/251/327 155/317/328 156/316/329
f 152/308/325 153/304/326 168/293/337 165/296/338
f 158/299/339 159/307/340 170/292/341 174/291/342
f 164/298/335 163/295/343 167/266/344 166/297/336
f 163/295/343 165/296/338 168/293/337 167/266/344
f 170/292/341 169/289/345 172/268/346 174/291/342
f 169/289/345 171/290/334 173/287/333 172/268/346
s 9
f 172/288/347 173/257/348 174/264/349
s 10
f 164/259/350 165/262/351 163/265/352
f 169/267/353 170/263/354 171/258/355
f 171/258/355 170/263/354 165/262/351 164/259/350
s 9
f 174/264/349 173/257/348 166/260/356 168/261/357
f 168/261/357 166/260/356 167/294/358
s 10
f 165/262/351 170/263/354 176/286/359 175/285/360
f 170/263/354 159/256/361 177/277/362 176/286/359
f 159/256/361 152/249/363 178/284/364 177/277/362
f 152/249/363 165/262/351 175/285/360 178/284/364
s 9
f 174/264/349 168/261/357 179/283/365 180/281/366
f 168/261/357 153/250/367 181/282/368 179/283/365
f 153/250/367 158/255/369 182/279/370 181/282/368
f 158/255/369 174/264/349 180/281/366 182/279/370
s off
f 175/270/371 176/269/372 180/274/373 179/273/374
f 176/269/375 177/278/376 182/276/377 180/274/378
f 177/271/379 178/272/380 181/275/381 182/280/382
f 178/272/383 175/270/384 179/273/385 181/275/386
f 137/235/387 136/234/388 127/229/389 138/236/390
f 127/229/391 136/234/392 135/233/393 128/230/394
f 128/230/395 135/233/396 134/232/397 129/231/398
f 129/231/399 134/232/400 133/174/401 130/173/402
g default
v -0.432989 0.442242 -0.336727
v -0.438742 0.441637 -0.331229
v -0.432989 0.441032 -0.325732
v -0.405214 0.441032 -0.325732
v -0.399462 0.441637 -0.331229
v -0.405214 0.442242 -0.336727
v -0.432989 0.565745 -0.333082
v -0.438742 0.566246 -0.327574
v -0.432989 0.566746 -0.322067
v -0.405214 0.566746 -0.322067
v -0.399462 0.566246 -0.327574
v -0.405214 0.565745 -0.333082
v -0.432989 0.673888 -0.376961
v -0.438742 0.677703 -0.372878
v -0.432989 0.681517 -0.368794
v -0.405214 0.681517 -0.368794
v -0.399462 0.677703 -0.372878
v -0.405214 0.673888 -0.376961
v -0.432989 0.729810 -0.439903
v -0.438742 0.734540 -0.436872
v -0.432989 0.739271 -0.433840
v -0.405214 0.739271 -0.433840
v -0.399462 0.734540 -0.436872
v -0.405214 0.729810 -0.439903
v -0.432989 0.763527 -0.514999
v -0.438742 0.769014 -0.513654
v -0.432989 0.774501 -0.512308
v -0.405214 0.774501 -0.512308
v -0.399462 0.769014 -0.513654
v -0.405214 0.763527 -0.514999
v -0.432989 0.774004 -0.598365
v -0.438742 0.779660 -0.598247
v -0.432989 0.785316 -0.598128
v -0.405214 0.785316 -0.598128
v -0.399462 0.779660 -0.598247
v -0.405214 0.774004 -0.598365
v -0.432989 0.769420 -0.682371
v -0.438742 0.775026 -0.683109
v -0.432989 0.780632 -0.683846
v -0.405214 0.780632 -0.683846
v -0.399462 0.775026 -0.683109
v -0.405214 0.769420 -0.682371
v -0.432989 0.748761 -0.763311
v -0.438742 0.754031 -0.765321
v -0.432989 0.759301 -0.767331
v -0.405214 0.759301 -0.767331
v -0.399462 0.754031 -0.765321
v -0.405214 0.748761 -0.763311
v -0.432989 0.701381 -0.841044
v -0.438742 0.705667 -0.844653
v -0.432989 0.709953 -0.848261
v -0.405214 0.709953 -0.848261
v -0.399462 0.705667 -0.844653
v -0.405214 0.701381 -0.841044
v -0.432989 0.628466 -0.895455
v -0.438742 0.630614 -0.900571
v -0.432989 0.632762 -0.905686
v -0.405214 0.632762 -0.905686
v -0.399462 0.630614 -0.900571
v -0.405214 0.628466 -0.895455
v -0.432989 0.536750 -0.914261
v -0.438742 0.537253 -0.919768
v -0.432989 0.537757 -0.925276
v -0.405214 0.537757 -0.925276
v -0.399462 0.537253 -0.919768
v -0.405214 0.536750 -0.914261
v -0.432989 0.441669 -0.917469
v -0.438742 0.441637 -0.922997
v -0.432989 0.441604 -0.928528
v -0.405214 0.441604 -0.928528
v -0.399462 0.441637 -0.922997
v -0.405214 0.441669 -0.917469
v -0.216305 -0.000000 -0.736686
v -0.290491 -0.000000 -0.820424
v -0.395094 -0.000000 -0.860094
v -0.506151 -0.000000 -0.846612
v -0.598221 -0.000000 -0.783062
v -0.650211 -0.000000 -0.684001
v -0.650211 -0.000000 -0.572126
v -0.598221 -0.000000 -0.473068
v -0.506151 -0.000000 -0.409516
v -0.395094 -0.000000 -0.396032
v -0.290491 -0.000000 -0.435705
v -0.216305 -0.000000 -0.519444
v -0.189532 -0.000000 -0.628063
v -0.140545 0.479900 -0.776447
v -0.241887 0.479900 -0.890839
v -0.384781 0.479900 -0.945031
v -0.536492 0.479900 -0.926611
v -0.662264 0.479900 -0.839796
v -0.733286 0.479900 -0.704476
v -0.733286 0.479900 -0.551651
v -0.662264 0.479900 -0.416330
v -0.536492 0.479900 -0.329517
v -0.384781 0.479900 -0.311098
v -0.241887 0.479900 -0.365288
v -0.140545 0.479900 -0.479679
v -0.103971 0.479900 -0.628063
v -0.165654 0.479900 -0.763271
v -0.257996 0.479900 -0.867501
v -0.388199 0.479900 -0.916881
v -0.526436 0.479900 -0.900097
v -0.641039 0.479900 -0.820992
v -0.705752 0.479900 -0.697692
v -0.705752 0.479900 -0.558437
v -0.641039 0.479900 -0.435135
v -0.526436 0.479900 -0.356030
v -0.388199 0.479900 -0.339249
v -0.257996 0.479900 -0.388628
v -0.165654 0.479900 -0.492857
v -0.132329 0.479900 -0.628063
v -0.255494 0.021132 -0.716118
v -0.315633 0.021132 -0.784000
v -0.400429 0.021132 -0.816159
v -0.490457 0.021132 -0.805228
v -0.565093 0.021132 -0.753710
v -0.607239 0.021132 -0.673409
v -0.607239 0.021132 -0.582720
v -0.565093 0.021132 -0.502417
v -0.490457 0.021132 -0.450899
v -0.400429 0.021132 -0.439969
v -0.315633 0.021132 -0.472128
v -0.255494 0.021132 -0.540009
v -0.233791 0.021132 -0.628063
v -0.653687 0.415625 -0.423932
v -0.646336 0.360540 -0.430442
v -0.712624 0.360540 -0.556744
v -0.722159 0.415625 -0.554394
v -0.712624 0.360540 -0.699385
v -0.722159 0.415625 -0.701735
v -0.646336 0.360540 -0.825685
v -0.653687 0.415625 -0.832197
v -0.528945 0.360540 -0.906714
v -0.532428 0.415625 -0.915896
v -0.387346 0.360540 -0.923905
v -0.386162 0.415625 -0.933655
v -0.253975 0.360540 -0.873325
v -0.248396 0.415625 -0.881410
v -0.159388 0.360540 -0.766561
v -0.150692 0.415625 -0.771124
v -0.125252 0.360540 -0.628063
v -0.115430 0.415625 -0.628063
v -0.159388 0.360540 -0.489569
v -0.150692 0.415625 -0.485004
v -0.253975 0.360540 -0.382803
v -0.248396 0.415625 -0.374719
v -0.387346 0.360540 -0.332221
v -0.386162 0.415625 -0.322474
v -0.528946 0.360540 -0.349414
v -0.532428 0.415625 -0.340235
v -0.657597 0.415625 -0.420467
v -0.650122 0.360540 -0.427089
v -0.530739 0.360540 -0.344685
v -0.534281 0.415625 -0.335349
v -0.727232 0.415625 -0.553144
v -0.717534 0.360540 -0.555533
v -0.727232 0.415625 -0.702986
v -0.717534 0.360540 -0.700595
v -0.657597 0.415625 -0.835662
v -0.650122 0.360540 -0.829039
v -0.534281 0.415625 -0.920781
v -0.530739 0.360540 -0.911444
v -0.385532 0.415625 -0.938842
v -0.386736 0.360540 -0.928926
v -0.245428 0.415625 -0.885710
v -0.251102 0.360540 -0.877488
v -0.146066 0.415625 -0.773552
v -0.154909 0.360540 -0.768910
v -0.110206 0.415625 -0.628063
v -0.120194 0.360540 -0.628063
v -0.146066 0.415625 -0.482576
v -0.154909 0.360540 -0.487219
v -0.245429 0.415625 -0.370420
v -0.251102 0.360540 -0.378641
v -0.385532 0.415625 -0.317287
v -0.386736 0.360540 -0.327200
vt 0.481257 0.313112
vt 0.465178 0.313112
vt 0.465178 0.346402
vt 0.457736 0.346402
vt 0.467316 0.313112
vt 0.467316 0.346402
vt 0.469462 0.313112
vt 0.469462 0.346402
vt 0.476975 0.313112
vt 0.476975 0.346402
vt 0.479121 0.313112
vt 0.479121 0.346402
vt 0.465178 0.378161
vt 0.457736 0.378161
vt 0.467316 0.378161
vt 0.469462 0.378161
vt 0.476975 0.378161
vt 0.479121 0.378161
vt 0.465178 0.401126
vt 0.457736 0.401126
vt 0.467316 0.401126
vt 0.469462 0.401126
vt 0.476975 0.401126
vt 0.479121 0.401126
vt 0.465178 0.423554
vt 0.457736 0.423554
vt 0.467316 0.423554
vt 0.469462 0.423554
vt 0.476975 0.423554
vt 0.479121 0.423554
vt 0.465178 0.446382
vt 0.457736 0.446382
vt 0.467316 0.446382
vt 0.469462 0.446382
vt 0.476975 0.446382
vt 0.479121 0.446382
vt 0.465178 0.469191
vt 0.457736 0.469191
vt 0.467316 0.469191
vt 0.469462 0.469191
vt 0.476975 0.469191
vt 0.479121 0.469191
vt 0.465178 0.491880
vt 0.457736 0.491880
vt 0.467316 0.491880
vt 0.469462 0.491880
vt 0.476975 0.491880
vt 0.479121 0.491880
vt 0.465178 0.516665
vt 0.457736 0.516665
vt 0.467316 0.516665
vt 0.469462 0.516665
vt 0.476975 0.516665
vt 0.479121 0.516665
vt 0.465178 0.541467
vt 0.457736 0.541467
vt 0.467316 0.541467
vt 0.469462 0.541467
vt 0.476975 0.541467
vt 0.479121 0.541467
vt 0.465178 0.566892
vt 0.457736 0.566892
vt 0.467316 0.566892
vt 0.469462 0.566892
vt 0.476975 0.566892
vt 0.479121 0.566892
vt 0.465178 0.592477
vt 0.457736 0.592477
vt 0.467316 0.592477
vt 0.469462 0.592477
vt 0.476975 0.592477
vt 0.479121 0.592477
vt 0.481257 0.566892
vt 0.481257 0.592477
vt 0.481257 0.541467
vt 0.481257 0.516665
vt 0.481257 0.491880
vt 0.481257 0.469191
vt 0.481257 0.446382
vt 0.481257 0.423554
vt 0.481257 0.401126
vt 0.481257 0.378161
vt 0.481257 0.346402
vt 0.457736 0.313112
vt 0.609707 0.547105
vt 0.666710 0.558869
vt 0.636759 0.560012
vt 0.712432 0.658783
vt 0.702327 0.680880
vt 0.683110 0.695750
vt 0.659184 0.699985
vt 0.727884 0.548180
vt 0.701792 0.579735
vt 0.697265 0.573633
vt 0.721041 0.544881
vt 0.664024 0.595549
vt 0.662852 0.588042
vt 0.623232 0.592000
vt 0.625683 0.584809
vt 0.588763 0.569901
vt 0.594275 0.564673
vt 0.568511 0.534315
vt 0.575822 0.532247
vt 0.567118 0.493394
vt 0.574552 0.494960
vt 0.584900 0.456511
vt 0.590755 0.461353
vt 0.617786 0.432119
vt 0.620721 0.439126
vt 0.658242 0.425803
vt 0.657583 0.433372
vt 0.696998 0.439010
vt 0.692897 0.445406
vt 0.725177 0.468715
vt 0.718574 0.472473
vt 0.736324 0.508114
vt 0.728731 0.508373
vt 0.138396 0.436442
vt 0.174981 0.429128
vt 0.193247 0.553680
vt 0.169420 0.558443
vt 0.212125 0.425629
vt 0.217437 0.551401
vt 0.249432 0.425983
vt 0.241734 0.551632
vt 0.286504 0.430186
vt 0.265877 0.554369
vt 0.322943 0.438193
vt 0.289609 0.559584
vt 0.358362 0.449919
vt 0.312675 0.567220
vt 0.392381 0.465237
vt 0.334831 0.577196
vt 0.424637 0.483986
vt 0.355838 0.589406
vt 0.454785 0.505963
vt 0.375472 0.603720
vt 0.005292 0.501698
vt 0.035852 0.480296
vt 0.102638 0.587004
vt 0.082735 0.600942
vt 0.068458 0.462164
vt 0.123873 0.575195
vt 0.102761 0.447493
vt 0.146213 0.565640
vt 0.077434 0.755393
vt 0.082818 0.769392
vt 0.047172 0.784880
vt 0.040614 0.771391
vt 0.115485 0.742594
vt 0.119655 0.757002
vt 0.154489 0.733088
vt 0.157415 0.747799
vt 0.194162 0.726945
vt 0.195822 0.741852
vt 0.234214 0.724208
vt 0.234597 0.739202
vt 0.274354 0.724898
vt 0.273456 0.739871
vt 0.314288 0.729010
vt 0.312116 0.743851
vt 0.353726 0.736515
vt 0.350296 0.751116
vt 0.392381 0.747357
vt 0.387717 0.761613
vt 0.429969 0.761457
vt 0.424106 0.775263
vt 0.466217 0.778712
vt 0.459198 0.791967
vt 0.500861 0.798998
vt 0.492736 0.811606
vt 0.012977 0.803351
vt 0.005292 0.790471
vt 0.314948 0.689051
vt 0.285527 0.683322
vt 0.300220 0.586308
vt 0.337731 0.593613
vt 0.255730 0.680082
vt 0.262227 0.582178
vt 0.225765 0.679355
vt 0.224022 0.581251
vt 0.195846 0.681146
vt 0.185874 0.583534
vt 0.166181 0.685442
vt 0.148053 0.589011
vt 0.136982 0.692212
vt 0.110823 0.597643
vt 0.108455 0.701409
vt 0.074451 0.609370
vt 0.080800 0.712969
vt 0.039191 0.624108
vt 0.054213 0.726808
vt 0.005292 0.641754
vt 0.424777 0.735799
vt 0.398893 0.720686
vt 0.444763 0.633948
vt 0.477766 0.653217
vt 0.371831 0.707799
vt 0.410259 0.617517
vt 0.343784 0.697229
vt 0.374498 0.604040
vt 0.123322 0.735444
vt 0.085631 0.747177
vt 0.079734 0.730709
vt 0.118829 0.718538
vt 0.161866 0.726915
vt 0.158807 0.709692
vt 0.200989 0.721651
vt 0.199387 0.704233
vt 0.240416 0.719690
vt 0.240282 0.702199
vt 0.279868 0.721046
vt 0.281203 0.703604
vt 0.319068 0.725707
vt 0.321862 0.708440
vt 0.357738 0.733643
vt 0.361971 0.716670
vt 0.395606 0.744795
vt 0.401248 0.728238
vt 0.432404 0.759087
vt 0.439416 0.743062
vt 0.467872 0.776417
vt 0.476205 0.761037
vt 0.501760 0.796663
vt 0.511354 0.782037
vt 0.049058 0.762034
vt 0.013860 0.779908
vt 0.005292 0.764658
vt 0.041799 0.746118
vt 0.178158 0.785516
vt 0.170719 0.823001
vt 0.169365 0.823063
vt 0.176931 0.784942
vt 0.631887 0.602563
vt 0.600328 0.626278
vt 0.599244 0.625392
vt 0.631338 0.601276
vt 0.583405 0.661941
vt 0.582033 0.661661
vt 0.202166 0.755782
vt 0.201347 0.754703
vt 0.584994 0.701385
vt 0.583649 0.701775
vt 0.237243 0.740611
vt 0.237018 0.739275
vt 0.604731 0.735572
vt 0.603722 0.736542
vt 0.275351 0.743478
vt 0.275773 0.742191
vt 0.638096 0.756671
vt 0.637653 0.757999
vt 0.307762 0.763727
vt 0.308735 0.762783
vt 0.677443 0.759847
vt 0.677668 0.761229
vt 0.327050 0.796719
vt 0.328350 0.796335
vt 0.713760 0.744375
vt 0.714601 0.745494
vt 0.328798 0.834895
vt 0.330127 0.835159
vt 0.738727 0.713798
vt 0.739992 0.714398
vt 0.312604 0.869510
vt 0.313658 0.870362
vt 0.746624 0.675119
vt 0.748022 0.675063
vt 0.282177 0.892635
vt 0.282715 0.893879
vt 0.735641 0.637202
vt 0.736853 0.636502
vt 0.244490 0.898971
vt 0.244388 0.900322
vt 0.708296 0.608732
vt 0.709044 0.607549
vt 0.208175 0.887067
vt 0.207457 0.888216
vt 0.670851 0.596231
vt 0.670964 0.594836
vt 0.181551 0.859650
vt 0.180381 0.860334
vt 0.636031 0.692617
vt 0.711111 0.634522
vt 0.618953 0.675333
vt 0.698666 0.613653
vt 0.611865 0.652092
vt 0.677949 0.600958
vt 0.616388 0.628219
vt 0.653705 0.599344
vt 0.631488 0.609183
vt 0.699558 0.461167
vt 0.618218 0.444382
vt 0.647026 0.436104
vt 0.676380 0.442161
vt 0.711247 0.488766
vt 0.596557 0.465099
vt 0.708772 0.518637
vt 0.587005 0.493509
vt 0.692699 0.543937
vt 0.591751 0.523105
vn 0.167125 0.029070 -0.985507
vn -0.167125 0.029070 -0.985507
vn -0.174626 -0.170061 -0.969838
vn 0.174626 -0.170061 -0.969838
vn -0.999134 -0.001126 0.041599
vn -0.994537 0.027643 0.100653
vn -0.156676 -0.028796 0.987230
vn -0.148727 0.172743 0.973674
vn 0.156676 -0.028796 0.987230
vn 0.148727 0.172743 0.973674
vn 0.999134 -0.001126 0.041599
vn 0.994538 0.027642 0.100653
vn -0.178145 -0.534915 -0.825912
vn 0.178145 -0.534915 -0.825912
vn -0.991746 0.057258 0.114726
vn -0.146410 0.539861 0.828924
vn 0.146410 0.539860 0.828924
vn 0.991746 0.057257 0.114726
vn -0.175597 -0.825651 -0.536159
vn 0.175597 -0.825651 -0.536159
vn -0.996906 0.065932 0.042798
vn -0.155050 0.829100 0.537171
vn 0.155050 0.829100 0.537171
vn 0.996906 0.065931 0.042798
vn -0.176175 -0.948058 -0.264856
vn 0.176175 -0.948058 -0.264856
vn -0.997092 0.072665 0.022962
vn -0.156093 0.951209 0.266151
vn 0.156093 0.951209 0.266151
vn 0.997092 0.072663 0.022961
vn -0.172401 -0.984413 -0.034782
vn 0.172401 -0.984413 -0.034782
vn -0.998894 0.046951 0.002391
vn -0.160018 0.986488 0.035144
vn 0.160019 0.986488 0.035144
vn 0.998895 0.046948 0.002391
vn -0.172868 -0.973581 0.149185
vn 0.172868 -0.973581 0.149185
vn -0.998709 0.050023 -0.008815
vn -0.159496 0.975762 -0.149832
vn 0.159496 0.975762 -0.149832
vn 0.998709 0.050024 -0.008816
vn -0.175827 -0.904583 0.388347
vn 0.175827 -0.904584 0.388347
vn -0.997019 0.069858 -0.032769
vn -0.155603 0.907684 -0.389739
vn 0.155602 0.907685 -0.389739
vn 0.997018 0.069860 -0.032769
vn -0.176936 -0.727366 0.663047
vn 0.176936 -0.727367 0.663047
vn -0.995061 0.070556 -0.069826
vn -0.151352 0.729863 -0.666628
vn 0.151352 0.729863 -0.666628
vn 0.995061 0.070554 -0.069827
vn -0.178261 -0.400297 0.898880
vn 0.178260 -0.400298 0.898880
vn -0.993906 0.047560 -0.099448
vn -0.149765 0.403238 -0.902757
vn 0.149765 0.403238 -0.902757
vn 0.993906 0.047557 -0.099449
vn -0.167934 -0.115614 0.978995
vn 0.167934 -0.115614 0.978995
vn -0.998993 0.006749 -0.044358
vn -0.156691 0.116943 -0.980700
vn 0.156691 0.116943 -0.980700
vn 0.998993 0.006748 -0.044358
vn -0.165186 -0.033262 0.985701
vn 0.165186 -0.033262 0.985701
vn -0.999777 0.000733 -0.021090
vn -0.159898 0.033363 -0.986570
vn 0.159898 0.033363 -0.986570
vn 0.999777 0.000733 -0.021090
vn 0.000000 -1.000000 0.000000
vn 0.000000 -1.000000 0.000000
vn 0.000000 -1.000000 0.000000
vn 0.000000 1.000000 0.000000
vn 0.000000 1.000000 0.000000
vn 0.000000 1.000000 0.000000
vn 0.000000 1.000000 0.000000
vn 0.000000 1.000000 -0.000000
vn 0.000000 1.000000 -0.000000
vn 0.000000 1.000000 -0.000000
vn 0.000000 1.000000 -0.000000
vn 0.000000 1.000000 0.000001
vn 0.000000 1.000000 0.000001
vn 0.000000 1.000000 0.000001
vn 0.000000 1.000000 0.000001
vn 0.000000 1.000000 0.000000
vn 0.000000 1.000000 0.000000
vn 0.000000 1.000000 0.000000
vn 0.000000 1.000000 0.000000
vn 0.000000 1.000000 0.000000
vn 0.000000 1.000000 0.000000
vn 0.000000 1.000000 0.000000
vn 0.000000 1.000000 0.000000
vn 0.000000 1.000000 0.000000
vn 0.000000 1.000000 0.000000
vn 0.000000 1.000000 0.000000
vn 0.000000 1.000000 0.000000
vn 0.000000 1.000000 0.000000
vn 0.000000 1.000000 0.000000
vn 0.000000 1.000000 0.000000
vn 0.000000 1.000000 0.000000
vn 0.000000 1.000000 0.000000
vn 0.000000 1.000000 0.000000
vn 0.000000 1.000000 0.000000
vn 0.000000 1.000000 0.000000
vn 0.000000 1.000000 0.000001
vn 0.000000 1.000000 0.000001
vn 0.000000 1.000000 0.000001
vn 0.000000 1.000000 0.000001
vn 0.000000 1.000000 -0.000001
vn 0.000000 1.000000 -0.000001
vn 0.000000 1.000000 -0.000001
vn 0.000000 1.000000 -0.000001
vn 0.000000 1.000000 0.000000
vn 0.000000 1.000000 0.000000
vn 0.000000 1.000000 0.000000
vn 0.000000 1.000000 0.000000
vn 0.000000 1.000000 0.000000
vn 0.000000 1.000000 0.000000
vn 0.000000 1.000000 0.000000
vn 0.000000 1.000000 0.000000
vn 0.000000 1.000000 0.000000
vn 0.000000 1.000000 0.000000
vn 0.000000 1.000000 0.000000
vn 0.000000 1.000000 0.000000
vn 0.000000 1.000000 -0.000000
vn 0.000000 1.000000 -0.000000
vn 0.000000 1.000000 -0.000000
vn 0.000000 1.000000 -0.000000
vn -0.864564 0.215944 0.453759
vn -0.554659 0.215943 0.803568
vn -0.554659 0.215943 0.803568
vn -0.864564 0.215944 0.453758
vn -0.117696 0.215942 0.969287
vn -0.117696 0.215942 0.969287
vn 0.346239 0.215944 0.912955
vn 0.346239 0.215944 0.912955
vn 0.730849 0.215944 0.647478
vn 0.730849 0.215944 0.647478
vn 0.948033 0.215944 0.233670
vn 0.948033 0.215944 0.233669
vn 0.948034 0.215944 -0.233667
vn 0.948034 0.215944 -0.233667
vn 0.730853 0.215944 -0.647474
vn 0.730853 0.215944 -0.647474
vn 0.346230 0.215944 -0.912959
vn 0.346229 0.215944 -0.912959
vn -0.117702 0.215941 -0.969286
vn -0.117702 0.215941 -0.969286
vn -0.554657 0.215942 -0.803570
vn -0.554656 0.215942 -0.803571
vn -0.864562 0.215944 -0.453763
vn -0.864562 0.215944 -0.453763
vn -0.976406 0.215944 0.000000
vn -0.976406 0.215944 -0.000000
vn -0.736506 -0.178384 0.652485
vn -0.736502 -0.178384 0.652491
vn -0.348914 -0.178364 0.920025
vn -0.348920 -0.178364 0.920022
vn -0.955366 -0.178404 0.235475
vn -0.955365 -0.178404 0.235477
vn -0.955364 -0.178410 -0.235478
vn -0.955365 -0.178411 -0.235475
vn -0.736501 -0.178404 -0.652486
vn -0.736502 -0.178404 -0.652485
vn -0.348915 -0.178398 -0.920018
vn -0.348913 -0.178398 -0.920019
vn 0.118602 -0.178412 -0.976782
vn 0.118603 -0.178412 -0.976782
vn 0.558942 -0.178421 -0.809784
vn 0.558947 -0.178422 -0.809781
vn 0.871250 -0.178411 -0.457266
vn 0.871250 -0.178411 -0.457266
vn 0.983957 -0.178405 0.000000
vn 0.983957 -0.178405 0.000000
vn 0.871247 -0.178414 0.457272
vn 0.871249 -0.178414 0.457268
vn 0.558945 -0.178411 0.809784
vn 0.558950 -0.178411 0.809780
vn 0.118604 -0.178379 0.976788
vn 0.118603 -0.178379 0.976788
vn 0.871710 -0.175523 -0.457508
vn 0.559240 -0.175521 -0.810211
vn 0.559241 -0.175521 -0.810211
vn 0.871709 -0.175523 -0.457509
vn 0.118673 -0.175519 -0.977297
vn 0.118672 -0.175519 -0.977297
vn -0.349091 -0.175519 -0.920505
vn -0.349092 -0.175519 -0.920505
vn -0.736891 -0.175518 -0.652828
vn -0.736892 -0.175518 -0.652827
vn -0.955869 -0.175520 -0.235599
vn -0.955869 -0.175520 -0.235599
vn -0.955869 -0.175521 0.235599
vn -0.955869 -0.175521 0.235599
vn -0.736891 -0.175521 0.652828
vn -0.736891 -0.175521 0.652828
vn -0.349098 -0.175520 0.920502
vn -0.349098 -0.175520 0.920502
vn 0.118675 -0.175521 0.977297
vn 0.118674 -0.175521 0.977297
vn 0.559249 -0.175522 0.810206
vn 0.559248 -0.175522 0.810206
vn 0.871708 -0.175523 0.457512
vn 0.871707 -0.175523 0.457513
vn 0.984475 -0.175522 0.000000
vn 0.984475 -0.175522 0.000000
vn -0.955868 -0.175526 0.235599
vn -0.736888 -0.175543 0.652826
vn -0.736882 -0.175543 0.652832
vn -0.955868 -0.175526 0.235601
vn -0.955868 -0.175518 -0.235604
vn -0.955870 -0.175518 -0.235597
vn -0.736890 -0.175517 -0.652830
vn -0.736890 -0.175517 -0.652830
vn -0.349097 -0.175520 -0.920502
vn -0.349098 -0.175520 -0.920502
vn 0.118665 -0.175515 -0.977299
vn 0.118665 -0.175515 -0.977299
vn 0.559243 -0.175505 -0.810213
vn 0.559247 -0.175505 -0.810211
vn 0.871710 -0.175508 -0.457513
vn 0.871714 -0.175508 -0.457506
vn 0.984476 -0.175518 0.000000
vn 0.984476 -0.175518 -0.000000
vn 0.871709 -0.175519 0.457510
vn 0.871710 -0.175519 0.457510
vn 0.559240 -0.175518 0.810212
vn 0.559240 -0.175518 0.810212
vn 0.118657 -0.175526 0.977298
vn 0.118657 -0.175526 0.977298
vn -0.349095 -0.175545 0.920498
vn -0.349091 -0.175545 0.920499
vn -0.000010 -1.000000 0.000014
vn -0.000010 -1.000000 0.000014
vn -0.000010 -1.000000 0.000014
vn -0.000010 -1.000000 0.000014
vn 0.000001 1.000000 -0.000009
vn 0.000001 1.000000 -0.000009
vn 0.000001 1.000000 -0.000009
vn 0.000001 1.000000 -0.000009
vn 0.000008 1.000000 -0.000005
vn 0.000008 1.000000 -0.000005
vn 0.000008 1.000000 -0.000005
vn 0.000008 1.000000 -0.000005
vn -0.000016 -1.000000 0.000009
vn -0.000016 -1.000000 0.000009
vn -0.000016 -1.000000 0.000009
vn -0.000016 -1.000000 0.000009
vn 0.000015 1.000000 0.000000
vn 0.000015 1.000000 0.000000
vn 0.000015 1.000000 0.000000
vn 0.000015 1.000000 0.000000
vn -0.000015 -1.000000 0.000000
vn -0.000015 -1.000000 0.000000
vn -0.000015 -1.000000 0.000000
vn -0.000015 -1.000000 0.000000
vn 0.000005 1.000000 0.000005
vn 0.000005 1.000000 0.000005
vn 0.000005 1.000000 0.000005
vn 0.000005 1.000000 0.000005
vn -0.000005 -1.000000 -0.000004
vn -0.000005 -1.000000 -0.000004
vn -0.000005 -1.000000 -0.000004
vn -0.000005 -1.000000 -0.000004
vn -0.000000 1.000000 -0.000002
vn -0.000000 1.000000 -0.000002
vn -0.000000 1.000000 -0.000002
vn -0.000000 1.000000 -0.000002
vn 0.000005 -1.000000 0.000010
vn 0.000005 -1.000000 0.000010
vn 0.000005 -1.000000 0.000010
vn 0.000005 -1.000000 0.000010
vn -0.000000 1.000000 -0.000002
vn -0.000000 1.000000 -0.000002
vn -0.000000 1.000000 -0.000002
vn -0.000000 1.000000 -0.000002
vn 0.000002 -1.000000 0.000014
vn 0.000002 -1.000000 0.000014
vn 0.000002 -1.000000 0.000014
vn 0.000002 -1.000000 0.000014
vn 0.000004 1.000000 -0.000012
vn 0.000004 1.000000 -0.000012
vn 0.000004 1.000000 -0.000012
vn 0.000004 1.000000 -0.000012
vn -0.000005 -1.000000 0.000009
vn -0.000005 -1.000000 0.000009
vn -0.000005 -1.000000 0.000009
vn -0.000005 -1.000000 0.000009
vn 0.000009 1.000000 -0.000005
vn 0.000009 1.000000 -0.000005
vn 0.000009 1.000000 -0.000005
vn 0.000009 1.000000 -0.000005
vn -0.000011 -1.000000 0.000008
vn -0.000011 -1.000000 0.000008
vn -0.000011 -1.000000 0.000008
vn -0.000011 -1.000000 0.000008
vn 0.000006 1.000000 -0.000003
vn 0.000006 1.000000 -0.000003
vn 0.000006 1.000000 -0.000003
vn 0.000006 1.000000 -0.000003
vn -0.000009 -1.000000 0.000004
vn -0.000009 -1.000000 0.000004
vn -0.000009 -1.000000 0.000004
vn -0.000009 -1.000000 0.000004
vn -0.000003 1.000000 0.000000
vn -0.000003 1.000000 0.000000
vn -0.000003 1.000000 0.000000
vn -0.000003 1.000000 0.000000
vn -0.000003 -1.000000 -0.000001
vn -0.000003 -1.000000 -0.000001
vn -0.000003 -1.000000 -0.000001
vn -0.000003 -1.000000 -0.000001
vn -0.000007 1.000000 -0.000008
vn -0.000007 1.000000 -0.000008
vn -0.000007 1.000000 -0.000008
vn -0.000007 1.000000 -0.000008
vn 0.000004 -1.000000 0.000002
vn 0.000004 -1.000000 0.000002
vn 0.000004 -1.000000 0.000002
vn 0.000004 -1.000000 0.000002
vn -0.000005 1.000000 -0.000015
vn -0.000005 1.000000 -0.000015
vn -0.000005 1.000000 -0.000015
vn -0.000005 1.000000 -0.000015
vn 0.000003 -1.000000 0.000014
vn 0.000003 -1.000000 0.000014
vn 0.000003 -1.000000 0.000014
vn 0.000003 -1.000000 0.000014
vn 0.000001 1.000000 -0.000007
vn 0.000001 1.000000 -0.000007
vn 0.000001 1.000000 -0.000007
vn 0.000001 1.000000 -0.000007
vn -0.000002 -1.000000 0.000010
vn -0.000002 -1.000000 0.000010
vn -0.000002 -1.000000 0.000010
vn -0.000002 -1.000000 0.000010
vn 0.000000 1.000000 -0.000000
vn 0.000000 1.000000 -0.000000
vn 0.000000 1.000000 -0.000000
vn 0.000000 1.000000 -0.000000
vn 0.000000 1.000000 0.000000
vn 0.000000 1.000000 0.000000
vn 0.000000 1.000000 0.000000
vn 0.000000 1.000000 0.000000
vn 0.000000 1.000000 0.000000
vn 0.000000 1.000000 0.000000
vn 0.000000 1.000000 0.000000
vn 0.000000 1.000000 0.000000
vn 0.000000 1.000000 -0.000000
vn 0.000000 1.000000 -0.000000
vn 0.000000 1.000000 -0.000000
vn 0.000000 1.000000 -0.000000
vn 0.000000 1.000000 0.000000
vn 0.000000 1.000000 0.000000
vn 0.000000 1.000000 0.000000
vn 0.000000 -1.000000 0.000000
vn 0.000000 -1.000000 0.000000
vn 0.000000 -1.000000 0.000000
vn 0.000000 -1.000000 0.000000
vn 0.000000 -1.000000 0.000000
vn 0.000000 -1.000000 0.000000
vn 0.000000 -1.000000 0.000000
vn 0.000000 -1.000000 0.000000
vn 0.000000 -1.000000 0.000000
vn 0.000000 -1.000000 0.000000
vn 0.000000 -1.000000 0.000000
vn 0.000000 -1.000000 0.000000
vn 0.000000 -1.000000 0.000000
vn 0.000000 -1.000000 0.000000
vn 0.000000 -1.000000 0.000000
vn 0.000000 -1.000000 0.000000
vn 0.000000 -1.000000 0.000000
vn 0.000000 -1.000000 0.000000
vn 0.000000 -1.000000 0.000000
vn 0.000000 -1.000000 0.000000
s 1
g AssetsPack2 Cubeta
usemtl initialShadingGroup
f 188/480/403 183/398/404 189/399/405 194/400/406
f 183/398/404 184/401/407 190/402/408 189/399/405
f 184/401/407 185/403/409 191/404/410 190/402/408
f 191/404/410 185/403/409 186/405/411 192/406/412
f 186/405/411 187/407/413 193/408/414 192/406/412
f 187/407/413 188/397/403 194/479/406 193/408/414
f 189/399/405 195/409/415 200/410/416 194/400/406
f 189/399/405 190/402/408 196/411/417 195/409/415
f 190/402/408 191/404/410 197/412/418 196/411/417
f 197/412/418 191/404/410 192/406/412 198/413/419
f 192/406/412 193/408/414 199/414/420 198/413/419
f 193/408/414 194/479/406 200/478/416 199/414/420
f 195/409/415 201/415/421 206/416/422 200/410/416
f 195/409/415 196/411/417 202/417/423 201/415/421
f 196/411/417 197/412/418 203/418/424 202/417/423
f 203/418/424 197/412/418 198/413/419 204/419/425
f 198/413/419 199/414/420 205/420/426 204/419/425
f 199/414/420 200/478/416 206/477/422 205/420/426
f 201/415/421 207/421/427 212/422/428 206/416/422
f 201/415/421 202/417/423 208/423/429 207/421/427
f 202/417/423 203/418/424 209/424/430 208/423/429
f 209/424/430 203/418/424 204/419/425 210/425/431
f 204/419/425 205/420/426 211/426/432 210/425/431
f 205/420/426 206/477/422 212/476/428 211/426/432
f 207/421/427 213/427/433 218/428/434 212/422/428
f 207/421/427 208/423/429 214/429/435 213/427/433
f 208/423/429 209/424/430 215/430/436 214/429/435
f 215/430/436 209/424/430 210/425/431 216/431/437
f 210/425/431 211/426/432 217/432/438 216/431/437
f 211/426/432 212/476/428 218/475/434 217/432/438
f 213/427/433 219/433/439 224/434/440 218/428/434
f 213/427/433 214/429/435 220/435/441 219/433/439
f 214/429/435 215/430/436 221/436/442 220/435/441
f 221/436/442 215/430/436 216/431/437 222/437/443
f 216/431/437 217/432/438 223/438/444 222/437/443
f 217/432/438 218/475/434 224/474/440 223/438/444
f 219/433/439 225/439/445 230/440/446 224/434/440
f 219/433/439 220/435/441 226/441/447 225/439/445
f 220/435/441 221/436/442 227/442/448 226/441/447
f 227/442/448 221/436/442 222/437/443 228/443/449
f 222/437/443 223/438/444 229/444/450 228/443/449
f 223/438/444 224/474/440 230/473/446 229/444/450
f 225/439/445 231/445/451 236/446/452 230/440/446
f 225/439/445 226/441/447 232/447/453 231/445/451
f 226/441/447 227/442/448 233/448/454 232/447/453
f 233/448/454 227/442/448 228/443/449 234/449/455
f 228/443/449 229/444/450 235/450/456 234/449/455
f 229/444/450 230/473/446 236/472/452 235/450/456
f 231/445/451 237/451/457 242/452/458 236/446/452
f 231/445/451 232/447/453 238/453/459 237/451/457
f 232/447/453 233/448/454 239/454/460 238/453/459
f 239/454/460 233/448/454 234/449/455 240/455/461
f 234/449/455 235/450/456 241/456/462 240/455/461
f 235/450/456 236/472/452 242/471/458 241/456/462
f 237/451/457 243/457/463 248/458/464 242/452/458
f 237/451/457 238/453/459 244/459/465 243/457/463
f 238/453/459 239/454/460 245/460/466 244/459/465
f 245/460/466 239/454/460 240/455/461 246/461/467
f 240/455/461 241/456/462 247/462/468 246/461/467
f 241/456/462 242/471/458 248/469/464 247/462/468
f 243/457/463 249/463/469 254/464/470 248/458/464
f 243/457/463 244/459/465 250/465/471 249/463/469
f 244/459/465 245/460/466 251/466/472 250/465/471
f 252/467/473 251/466/472 245/460/466 246/461/467
f 246/461/467 247/462/468 253/468/474 252/467/473
f 247/462/468 248/469/464 254/470/470 253/468/474
s off
f 261/481/475 263/482/476 262/483/477
f 306/484/478 294/485/479 295/486/480 296/487/481
f 268/488/482 269/489/483 282/490/484 281/491/485
f 269/489/486 270/492/487 283/493/488 282/490/489
f 270/492/490 271/494/491 284/495/492 283/493/493
f 271/494/494 272/496/495 285/497/496 284/495/497
f 272/496/498 273/498/499 286/499/500 285/497/501
f 273/498/502 274/500/503 287/501/504 286/499/505
f 274/500/506 275/502/507 288/503/508 287/501/509
f 275/502/510 276/504/511 289/505/512 288/503/513
f 276/504/514 277/506/515 290/507/516 289/505/517
f 277/506/518 278/508/519 291/509/520 290/507/521
f 278/508/522 279/510/523 292/511/524 291/509/525
f 279/510/526 280/512/527 293/513/528 292/511/529
f 280/512/530 268/488/531 281/491/532 293/513/533
s 2
f 281/514/534 282/515/535 295/516/536 294/517/537
f 282/515/535 283/518/538 296/519/539 295/516/536
f 283/518/538 284/520/540 297/521/541 296/519/539
f 284/520/540 285/522/542 298/523/543 297/521/541
f 285/522/542 286/524/544 299/525/545 298/523/543
f 286/524/544 287/526/546 300/527/547 299/525/545
f 287/526/546 288/528/548 301/529/549 300/527/547
f 288/528/548 289/530/550 302/531/551 301/529/549
f 289/530/550 290/532/552 303/533/553 302/531/551
f 290/534/552 291/535/554 304/536/555 303/537/553
f 291/535/554 292/538/556 305/539/557 304/536/555
f 292/538/556 293/540/558 306/541/559 305/539/557
f 293/540/558 281/514/534 294/517/537 306/541/559
s 3
f 333/542/560 334/543/561 335/544/562 336/545/563
f 334/543/561 333/542/560 337/546/564 338/547/565
f 338/547/565 337/546/564 339/548/566 340/549/567
f 340/549/567 339/548/566 341/550/568 342/551/569
f 342/551/569 341/550/568 343/552/570 344/553/571
f 344/553/571 343/552/570 345/554/572 346/555/573
f 346/555/573 345/554/572 347/556/574 348/557/575
f 348/557/575 347/556/574 349/558/576 350/559/577
f 350/559/577 349/558/576 351/560/578 352/561/579
f 352/561/579 351/560/578 353/562/580 354/563/581
f 354/563/581 353/562/580 355/564/582 356/565/583
f 356/565/583 355/564/582 357/566/584 358/567/585
f 358/568/585 357/569/584 336/545/563 335/544/562
s 4
f 255/570/586 256/571/587 319/572/588 321/573/589
f 256/571/587 257/574/590 317/575/591 319/572/588
f 257/574/590 258/576/592 315/577/593 317/575/591
f 258/576/592 259/578/594 313/579/595 315/577/593
f 259/578/594 260/580/596 311/581/597 313/579/595
f 260/580/596 261/582/598 309/583/599 311/581/597
f 261/582/598 262/584/600 308/585/601 309/583/599
f 262/584/600 263/586/602 331/587/603 308/585/601
f 263/586/602 264/588/604 329/589/605 331/587/603
f 264/590/604 265/591/606 327/592/607 329/593/605
f 265/591/606 266/594/608 325/595/609 327/592/607
f 266/594/608 267/596/610 323/597/611 325/595/609
f 267/596/610 255/570/586 321/573/589 323/597/611
s 5
f 310/598/612 307/599/613 275/600/614 274/601/615
f 312/602/616 310/598/612 274/601/615 273/603/617
f 314/604/618 312/602/616 273/603/617 272/605/619
f 316/606/620 314/604/618 272/605/619 271/607/621
f 318/608/622 316/606/620 271/607/621 270/609/623
f 320/610/624 318/608/622 270/609/623 269/611/625
f 322/612/626 320/610/624 269/611/625 268/613/627
f 324/614/628 322/612/626 268/613/627 280/615/629
f 326/616/630 324/614/628 280/615/629 279/617/631
f 328/618/632 326/616/630 279/617/631 278/619/633
f 330/620/634 328/618/632 278/619/633 277/621/635
f 332/622/636 330/623/634 277/624/635 276/625/637
f 307/599/613 332/622/636 276/625/637 275/600/614
s off
f 308/626/638 331/627/639 335/628/640 334/629/641
f 332/630/642 307/631/643 333/632/644 336/633/645
f 307/631/646 310/634/647 337/635/648 333/632/649
f 309/636/650 308/626/651 334/629/652 338/637/653
f 310/634/654 312/638/655 339/639/656 337/635/657
f 311/640/658 309/636/659 338/637/660 340/641/661
f 312/638/662 314/642/663 341/643/664 339/639/665
f 313/644/666 311/640/667 340/641/668 342/645/669
f 314/642/670 316/646/671 343/647/672 341/643/673
f 315/648/674 313/644/675 342/645/676 344/649/677
f 316/646/678 318/650/679 345/651/680 343/647/681
f 317/652/682 315/648/683 344/649/684 346/653/685
f 318/650/686 320/654/687 347/655/688 345/651/689
f 319/656/690 317/652/691 346/653/692 348/657/693
f 320/654/694 322/658/695 349/659/696 347/655/697
f 321/660/698 319/656/699 348/657/700 350/661/701
f 322/658/702 324/662/703 351/663/704 349/659/705
f 323/664/706 321/660/707 350/661/708 352/665/709
f 324/662/710 326/666/711 353/667/712 351/663/713
f 325/668/714 323/664/715 352/665/716 354/669/717
f 326/666/718 328/670/719 355/671/720 353/667/721
f 327/672/722 325/668/723 354/669/724 356/673/725
f 328/670/726 330/674/727 357/675/728 355/671/729
f 329/676/730 327/672/731 356/673/732 358/677/733
f 330/674/734 332/630/735 336/633/736 357/675/737
f 331/627/738 329/676/739 358/677/740 335/628/741
f 306/484/742 296/487/743 297/678/744 305/679/745
f 305/679/746 297/678/747 298/680/748 304/681/749
f 304/681/750 298/680/751 299/682/752 303/683/753
f 303/683/754 299/682/755 300/684/756 302/685/757
f 302/685/758 300/684/759 301/686/760
f 267/687/761 257/688/762 256/689/763 255/690/764
f 266/691/765 258/692/766 257/688/767 267/687/768
f 266/691/769 265/693/770 259/694/771 258/692/772
f 259/694/773 265/693/774 264/695/775 260/696/776
f 260/696/777 264/695/778 263/482/779 261/481/780
g default
v 0.355964 1.555885 -0.146475
v 0.389051 1.555885 -0.146475
v 0.389051 1.588973 -0.146475
v 0.355964 1.588973 -0.146475
v 0.355964 1.588973 -0.162098
v 0.389051 1.588973 -0.162098
v 0.389051 1.555885 -0.162098
v 0.355964 1.555885 -0.162098
v 0.350288 1.594649 -0.146475
v 0.358800 1.603161 -0.146475
v 0.341776 1.586137 -0.146475
v 0.350288 1.594649 -0.162098
v 0.341776 1.586137 -0.162098
v 0.358800 1.603161 -0.162098
v 0.394728 1.594649 -0.146475
v 0.403240 1.586137 -0.146475
v 0.386216 1.603161 -0.146475
v 0.394728 1.594649 -0.162098
v 0.386216 1.603161 -0.162098
v 0.403240 1.586137 -0.162098
v 0.350288 1.550209 -0.146475
v 0.341776 1.558721 -0.146475
v 0.358800 1.541697 -0.146475
v 0.350288 1.550209 -0.162098
v 0.358800 1.541697 -0.162098
v 0.341776 1.558721 -0.162098
v 0.394728 1.550209 -0.146475
v 0.386216 1.541697 -0.146475
v 0.403240 1.558721 -0.146475
v 0.394728 1.550209 -0.162098
v 0.403240 1.558721 -0.162098
v 0.386216 1.541697 -0.162098
v 0.377144 1.594750 -0.158923
v 0.372508 1.594750 -0.160844
v 0.367871 1.594750 -0.158923
v 0.365950 1.594750 -0.154286
v 0.367871 1.594750 -0.149650
v 0.372508 1.594750 -0.147729
v 0.377144 1.594750 -0.149650
v 0.379065 1.594750 -0.154286
v 0.377144 2.459656 -0.158923
v 0.372508 2.459656 -0.160844
v 0.367871 2.459656 -0.158923
v 0.365950 2.459656 -0.154286
v 0.367871 2.459656 -0.149650
v 0.372508 2.459656 -0.147729
v 0.377144 2.459656 -0.149650
v 0.379065 2.459656 -0.154286
v 0.377144 2.171354 -0.149650
v 0.372508 2.171354 -0.147729
v 0.367871 2.171354 -0.149650
v 0.365950 2.171354 -0.154286
v 0.367871 2.171354 -0.158923
v 0.372508 2.171354 -0.160844
v 0.377144 2.171354 -0.158923
v 0.379065 2.171354 -0.154286
v 0.377144 1.883052 -0.149650
v 0.372508 1.883052 -0.147729
v 0.367871 1.883052 -0.149650
v 0.365950 1.883052 -0.154286
v 0.367871 1.883052 -0.158923
v 0.372508 1.883052 -0.160844
v 0.377144 1.883052 -0.158923
v 0.379065 1.883052 -0.154286
vt 0.648527 0.330807
vt 0.900235 0.318388
vt 0.245883 0.414663
vt 0.904421 0.311043
vt 0.238618 0.398160
vt 0.904421 0.338634
vt 0.641546 0.314182
vt 0.900235 0.290797
vt 0.250503 0.402779
vt 0.904421 0.297247
vt 0.636724 0.325985
vt 0.900235 0.304592
vt 0.653349 0.319004
vt 0.900235 0.332184
vt 0.234000 0.410045
vt 0.904421 0.324838
vt 0.246662 0.410865
vt 0.237797 0.410822
vt 0.649370 0.327023
vt 0.640508 0.326828
vt 0.246705 0.402001
vt 0.640703 0.317965
vt 0.237840 0.401958
vt 0.649566 0.318161
vt 0.236269 0.412336
vt 0.236326 0.400430
vt 0.650857 0.328577
vt 0.638954 0.328315
vt 0.248175 0.412393
vt 0.639216 0.316412
vt 0.248232 0.400487
vt 0.651119 0.316674
vt 0.904421 0.345979
vt 0.904421 0.290797
vt 0.636886 0.318641
vt 0.900235 0.297247
vt 0.900235 0.345979
vt 0.245963 0.398196
vt 0.904421 0.332184
vt 0.648890 0.314344
vt 0.900235 0.338634
vt 0.234035 0.402699
vt 0.904421 0.304592
vt 0.641184 0.330645
vt 0.900235 0.311043
vt 0.250467 0.410124
vt 0.904421 0.318388
vt 0.653187 0.326347
vt 0.900235 0.324838
vt 0.238538 0.414628
vt 0.238972 0.125273
vt 0.238972 0.160733
vt 0.243157 0.160733
vt 0.243157 0.125273
vt 0.243157 0.151868
vt 0.243157 0.143003
vt 0.243157 0.134138
vt 0.238972 0.143003
vt 0.238972 0.151868
vt 0.238972 0.134138
vt 0.894325 0.479808
vt 0.895669 0.479786
vt 0.896958 0.557017
vt 0.895614 0.557040
vt 0.897014 0.479763
vt 0.898303 0.556995
vt 0.898358 0.479741
vt 0.899647 0.556973
vt 0.899703 0.479718
vt 0.900992 0.556950
vt 0.901047 0.479696
vt 0.902336 0.556928
vt 0.890291 0.479875
vt 0.891636 0.479853
vt 0.892925 0.557085
vt 0.891581 0.557107
vt 0.892980 0.479831
vt 0.894270 0.557062
vt 0.860460 0.484338
vt 0.861804 0.484315
vt 0.863093 0.561547
vt 0.861749 0.561569
vt 0.869871 0.484181
vt 0.871216 0.484158
vt 0.872505 0.561390
vt 0.871160 0.561412
vt 0.868527 0.484203
vt 0.869816 0.561435
vt 0.867182 0.484225
vt 0.868471 0.561457
vt 0.865838 0.484248
vt 0.867127 0.561479
vt 0.864493 0.484270
vt 0.865783 0.561502
vt 0.863149 0.484293
vt 0.864438 0.561524
vt 0.845544 0.480504
vt 0.846889 0.480482
vt 0.848178 0.557714
vt 0.846833 0.557736
vt 0.854956 0.480347
vt 0.856300 0.480325
vt 0.857589 0.557556
vt 0.856245 0.557579
vt 0.853611 0.480370
vt 0.854900 0.557601
vt 0.852267 0.480392
vt 0.853556 0.557624
vt 0.850922 0.480415
vt 0.852211 0.557646
vt 0.849578 0.480437
vt 0.850867 0.557669
vt 0.848233 0.480459
vt 0.849522 0.557691
vn -0.357735 0.933823 0.000000
vn -0.357735 0.933823 0.000000
vn 0.357734 0.933824 0.000000
vn 0.357734 0.933824 0.000000
vn -0.357735 -0.933823 0.000000
vn -0.357735 -0.933823 0.000000
vn 0.357734 -0.933824 0.000000
vn 0.357734 -0.933824 0.000000
vn 0.933823 -0.357735 0.000000
vn 0.933823 -0.357735 0.000000
vn 0.933823 0.357735 0.000000
vn 0.933823 0.357735 0.000000
vn -0.933824 -0.357732 0.000000
vn -0.933824 -0.357732 0.000000
vn -0.933824 0.357732 0.000000
vn -0.933824 0.357732 0.000000
vn 0.000000 -1.000000 0.000000
vn 0.000000 -1.000000 0.000000
vn 0.000000 -1.000000 0.000000
vn 0.000000 -1.000000 0.000000
vn -1.000000 0.000000 0.000000
vn -1.000000 0.000000 0.000000
vn -1.000000 0.000000 0.000000
vn -1.000000 0.000000 0.000000
vn 1.000000 0.000000 0.000000
vn 1.000000 0.000000 0.000000
vn 1.000000 0.000000 0.000000
vn 1.000000 0.000000 0.000000
vn 0.000000 1.000000 0.000000
vn 0.000000 1.000000 0.000000
vn 0.000000 1.000000 0.000000
vn 0.000000 1.000000 0.000000
vn -0.000000 0.000000 1.000000
vn -0.000001 0.000000 1.000000
vn -0.000001 0.000000 1.000000
vn -0.000001 0.000000 1.000000
vn -0.000001 0.000000 1.000000
vn -0.000001 0.000000 1.000000
vn 0.000000 0.000000 -1.000000
vn 0.000000 0.000000 -1.000000
vn 0.000000 0.000000 -1.000000
vn 0.000000 0.000000 -1.000000
vn 0.000000 0.000000 -1.000000
vn 0.000000 0.000000 -1.000000
vn 0.000000 0.000000 1.000000
vn 0.000000 0.000000 1.000000
vn 0.000000 0.000000 1.000000
vn 0.000000 0.000000 1.000000
vn 0.000000 0.000000 1.000000
vn 0.000000 0.000000 -1.000000
vn 0.000000 0.000000 -1.000000
vn 0.000000 0.000000 -1.000000
vn 0.000000 0.000000 -1.000000
vn 0.000000 0.000000 -1.000000
vn 0.000000 0.000000 -1.000000
vn 0.000000 0.000000 1.000000
vn 0.000000 0.000000 1.000000
vn 0.000000 0.000000 1.000000
vn 0.000000 0.000000 1.000000
vn 0.000000 0.000000 1.000000
vn 0.000000 0.000000 1.000000
vn 0.000000 0.000000 -1.000000
vn 0.000000 0.000000 -1.000000
vn 0.000000 0.000000 -1.000000
vn 0.000000 0.000000 -1.000000
vn 0.000000 0.000000 -1.000000
vn -0.000000 0.000000 1.000000
vn -0.000000 0.000000 1.000000
vn -0.000000 0.000000 1.000000
vn -0.000000 0.000000 1.000000
vn -0.000000 0.000000 1.000000
vn -0.000000 0.000000 1.000000
vn 0.000000 0.000000 -1.000000
vn 0.000000 0.000000 -1.000000
vn 0.000000 0.000000 -1.000000
vn 0.000000 0.000000 -1.000000
vn 0.000000 0.000000 -1.000000
vn 0.000000 0.000000 -1.000000
vn 0.000000 0.000000 0.000000
vn 0.000000 0.000000 0.000000
vn 0.000000 0.000000 0.000000
vn 0.000000 0.000000 0.000000
vn 0.000000 0.000000 0.000000
vn 0.000000 0.000000 0.000000
vn 0.000000 0.000000 0.000000
vn 0.000000 0.000000 0.000000
vn 0.000000 0.000000 0.000000
vn 0.000000 0.000000 0.000000
vn 0.000000 0.000000 0.000000
vn 0.000000 0.000000 0.000000
vn 0.000000 0.000000 0.000000
vn 0.000000 0.000000 0.000000
vn 0.000000 0.000000 0.000000
vn 0.000000 0.000000 0.000000
vn 0.000000 0.000000 0.000000
vn 0.000000 0.000000 0.000000
vn 0.707103 0.000000 -0.707110
vn 0.000000 0.000000 -1.000000
vn 0.000000 0.000000 -1.000000
vn 0.707103 0.000000 -0.707110
vn -0.707103 0.000000 -0.707110
vn -0.707103 0.000000 -0.707110
vn -1.000000 0.000000 0.000000
vn -1.000000 0.000000 0.000000
vn -0.707103 0.000000 0.707110
vn -0.707103 0.000000 0.707110
vn 0.000000 0.000000 1.000000
vn 0.000000 0.000000 1.000000
vn 0.707103 0.000000 0.707110
vn 0.707103 0.000000 0.707110
vn 1.000000 0.000000 0.000000
vn 1.000000 0.000000 0.000000
vn 0.000000 0.000000 1.000000
vn 0.707104 0.000000 0.707110
vn 0.707104 0.000000 0.707110
vn 0.000000 0.000000 1.000000
vn -0.707104 0.000000 0.707110
vn -0.707104 0.000000 0.707110
vn -1.000000 0.000000 0.000000
vn -1.000000 0.000000 0.000000
vn -0.707104 0.000000 -0.707110
vn -0.707104 0.000000 -0.707110
vn 0.000000 0.000000 -1.000000
vn 0.000000 0.000000 -1.000000
vn 0.707104 0.000000 -0.707110
vn 0.707104 0.000000 -0.707110
vn 1.000000 0.000000 0.000000
vn 1.000000 0.000000 0.000000
s 1
g AssetsPack2 Sosten1
usemtl initialShadingGroup
f 372/743/781 368/698/782 375/741/783 377/700/784
f 381/737/785 383/702/786 390/729/787 386/733/788
f 387/732/789 389/706/790 378/739/791 374/708/792
f 384/735/793 380/710/794 369/745/795 371/712/796
s off
f 361/748/797 362/755/798 363/751/799 364/749/800
f 360/756/801 361/747/802 364/750/803 365/753/804
f 362/755/805 359/754/806 366/752/807 363/751/808
f 359/754/809 360/756/810 365/753/811 366/752/812
s 3
f 367/721/813 369/711/814 380/738/815 379/722/816 359/719/817 362/714/818
s 4
f 370/723/819 372/697/820 377/740/821 376/724/822 364/716/823 363/715/824
s 3
f 373/725/825 375/699/826 368/746/827 367/721/813 362/714/828 361/713/829
s off
f 376/724/830 378/707/831 389/731/832 388/726/833 365/718/834 364/716/835
f 379/722/836 381/701/837 386/734/838 385/727/839 360/717/840 359/719/841
s 4
f 382/728/842 384/709/843 371/744/844 370/723/819 363/715/845 366/720/846
s off
f 385/727/847 387/705/848 374/742/849 373/725/850 361/713/851 360/717/852
f 388/726/853 390/703/854 383/736/855 382/728/856 366/720/857 365/718/858
s 1
f 369/745/795 368/698/782 372/743/781 371/712/796
f 375/741/783 374/708/792 378/739/791 377/700/784
f 381/737/785 380/710/794 384/735/793 383/702/786
f 387/732/789 386/704/788 390/730/787 389/706/790
s 3
f 367/721/813 368/746/827 369/711/814
s 4
f 370/723/819 371/744/844 372/697/820
s off
f 373/725/859 374/742/860 375/699/861
f 376/724/862 377/740/863 378/707/864
f 379/722/865 380/738/866 381/701/867
f 382/728/868 383/736/869 384/709/870
f 385/727/871 386/734/872 387/705/873
f 388/726/874 389/731/875 390/703/876
s 5
f 391/757/877 392/758/878 420/759/879 421/760/880
f 392/758/878 393/761/881 419/762/882 420/759/879
f 393/761/881 394/763/883 418/764/884 419/762/882
f 394/763/883 395/765/885 417/766/886 418/764/884
f 395/765/885 396/767/887 416/768/888 417/766/886
f 396/769/887 397/770/889 415/771/890 416/772/888
f 397/770/889 398/773/891 422/774/892 415/771/890
f 398/773/891 391/757/877 421/760/880 422/774/892
f 408/775/893 407/776/894 405/777/895 404/778/896
f 409/779/897 408/780/893 404/781/896 403/782/898
f 410/783/899 409/779/897 403/782/898 402/784/900
f 411/785/901 410/783/899 402/784/900 401/786/902
f 412/787/903 411/785/901 401/786/902 400/788/904
f 413/789/905 412/787/903 400/788/904 399/790/906
f 414/791/907 413/789/905 399/790/906 406/792/908
f 407/776/894 414/791/907 406/792/908 405/777/895
f 416/793/888 415/794/890 407/795/894 408/796/893
f 417/797/886 416/798/888 408/799/893 409/800/897
f 418/801/884 417/797/886 409/800/897 410/802/899
f 419/803/882 418/801/884 410/802/899 411/804/901
f 420/805/879 419/803/882 411/804/901 412/806/903
f 421/807/880 420/805/879 412/806/903 413/808/905
f 422/809/892 421/807/880 413/808/905 414/810/907
f 415/794/890 422/809/892 414/810/907 407/795/894
g default
v -1.953263 0.200921 1.065377
v -1.981962 0.221772 1.065377
v -2.017436 0.221772 1.065377
v -2.046135 0.200921 1.065377
v -2.057097 0.167183 1.065377
v -2.046135 0.133445 1.065377
v -2.017436 0.112594 1.065377
v -1.981962 0.112594 1.065377
v -1.953263 0.133445 1.065377
v -1.942301 0.167183 1.065377
v -1.953263 0.200921 1.142743
v -1.981962 0.221772 1.142743
v -2.017436 0.221772 1.142743
v -2.046135 0.200921 1.142743
v -2.057097 0.167183 1.142743
v -2.046135 0.133445 1.142743
v -2.017436 0.112594 1.142743
v -1.981962 0.112594 1.142743
v -1.953263 0.133445 1.142743
v -1.942301 0.167183 1.142743
v -1.999699 0.167183 1.142743
v -1.971424 0.187726 1.065377
v -1.988899 0.200422 1.065377
v -2.010499 0.200422 1.065377
v -2.027973 0.187726 1.065377
v -2.034648 0.167183 1.065377
v -2.027973 0.146640 1.065377
v -2.010499 0.133944 1.065377
v -1.988899 0.133944 1.065377
v -1.971424 0.146640 1.065377
v -1.964750 0.167183 1.065377
v -1.971424 0.187726 0.995487
v -1.988899 0.200422 0.995487
v -2.010499 0.200422 0.995487
v -2.027973 0.187726 0.995487
v -2.034648 0.167183 0.995487
v -2.027973 0.146640 0.995487
v -2.010499 0.133944 0.995487
v -1.988899 0.133944 0.995487
v -1.971424 0.146640 0.995487
v -1.964750 0.167183 0.995487
v -1.747230 0.313735 1.066685
v -1.854330 0.420835 1.066685
v -2.000631 0.460036 1.066685
v -2.146933 0.420835 1.066685
v -2.254033 0.313735 1.066685
v -2.293234 0.167433 1.066685
v -2.254033 0.021132 1.066685
v -2.146933 -0.085969 1.066685
v -2.000631 -0.125170 1.066685
v -1.854330 -0.085969 1.066685
v -1.747230 0.021132 1.066685
v -1.708028 0.167433 1.066685
v -1.747230 0.313735 1.133368
v -1.854330 0.420835 1.133368
v -2.000631 0.460036 1.133368
v -2.146933 0.420835 1.133368
v -2.254033 0.313735 1.133368
v -2.293234 0.167433 1.133368
v -2.254033 0.021132 1.133368
v -2.146933 -0.085969 1.133368
v -2.000631 -0.125170 1.133368
v -1.854330 -0.085969 1.133368
v -1.747230 0.021132 1.133368
v -1.708028 0.167433 1.133368
v -1.801136 0.282612 1.066685
v -1.885453 0.366928 1.066685
v -2.000631 0.397790 1.066685
v -2.115810 0.366928 1.066685
v -2.200126 0.282612 1.066685
v -2.230988 0.167433 1.066685
v -2.200126 0.052254 1.066685
v -2.115810 -0.032062 1.066685
v -2.000631 -0.062924 1.066685
v -1.885453 -0.032062 1.066685
v -1.801136 0.052254 1.066685
v -1.770274 0.167433 1.066685
v -1.801136 0.282612 1.133368
v -1.885453 0.366928 1.133368
v -2.000631 0.397790 1.133368
v -2.115810 0.366928 1.133368
v -2.200126 0.282612 1.133368
v -2.230988 0.167433 1.133368
v -2.200126 0.052254 1.133368
v -2.115810 -0.032062 1.133368
v -2.000631 -0.062924 1.133368
v -1.885453 -0.032062 1.133368
v -1.801136 0.052254 1.133368
v -1.770274 0.167433 1.133368
v -2.089550 -0.039098 1.076683
v -2.026891 -0.055888 1.076683
v -2.089550 -0.039098 1.123367
v -2.026891 -0.055888 1.123367
v -1.777310 0.193693 1.076683
v -1.794100 0.256352 1.076683
v -1.777310 0.193693 1.123367
v -1.794100 0.256352 1.123367
v -2.135033 0.347705 1.076683
v -2.180903 0.301835 1.076683
v -2.135033 0.347705 1.123367
v -2.180903 0.301835 1.123367
v -2.036702 0.158136 1.076683
v -1.974544 0.140844 1.076683
v -2.036702 0.158136 1.123367
v -1.974043 0.141346 1.123367
v -1.991334 0.203503 1.076683
v -1.990648 0.203320 1.123367
vt 0.587463 0.413798
vt 0.587005 0.423291
vt 0.422469 0.441672
vt 0.431555 0.438881
vt 0.592215 0.431241
vt 0.413479 0.438590
vt 0.601102 0.434610
vt 0.408016 0.430812
vt 0.610272 0.432112
vt 0.408169 0.421309
vt 0.616222 0.424701
vt 0.413878 0.413711
vt 0.616680 0.415208
vt 0.422963 0.410920
vt 0.611471 0.407258
vt 0.431954 0.414001
vt 0.602584 0.403889
vt 0.437416 0.421779
vt 0.593414 0.406387
vt 0.437264 0.431282
vt 0.422716 0.426296
vt 0.601840 0.385165
vt 0.596053 0.385165
vt 0.590266 0.385165
vt 0.584479 0.385165
vt 0.578692 0.385165
vt 0.572905 0.385165
vt 0.567118 0.385165
vt 0.619201 0.385165
vt 0.613414 0.385165
vt 0.607627 0.385165
vt 0.601840 0.403890
vt 0.596053 0.403890
vt 0.590266 0.403890
vt 0.584479 0.403890
vt 0.578692 0.403890
vt 0.572905 0.403890
vt 0.567118 0.403890
vt 0.619201 0.403890
vt 0.613414 0.403890
vt 0.607627 0.403890
vt 0.610877 0.416788
vt 0.624988 0.385165
vt 0.624988 0.403890
vt 0.596710 0.411418
vt 0.593087 0.415930
vt 0.602294 0.409897
vt 0.607705 0.411948
vt 0.610598 0.422569
vt 0.606975 0.427081
vt 0.601391 0.428602
vt 0.595980 0.426551
vt 0.592808 0.421710
vt 0.293663 0.422661
vt 0.388705 0.422661
vt 0.388705 0.401932
vt 0.293663 0.401932
vt 0.360192 0.401932
vt 0.350688 0.401932
vt 0.369697 0.401932
vt 0.379201 0.401932
vt 0.303167 0.401932
vt 0.312671 0.401932
vt 0.322175 0.401932
vt 0.331680 0.401932
vt 0.341184 0.401932
vt 0.360192 0.422661
vt 0.350688 0.422661
vt 0.369697 0.422661
vt 0.379201 0.422661
vt 0.303167 0.422660
vt 0.312671 0.422661
vt 0.322175 0.422661
vt 0.331680 0.422661
vt 0.341184 0.422661
vt 0.234000 0.333952
vt 0.234000 0.293371
vt 0.251866 0.293371
vt 0.251866 0.333952
vt 0.234000 0.252791
vt 0.251866 0.252791
vt 0.234000 0.212211
vt 0.251866 0.212211
vt 0.234000 0.171631
vt 0.251866 0.171631
vt 0.363269 0.922665
vt 0.363269 0.882085
vt 0.381135 0.882085
vt 0.381135 0.922665
vt 0.363269 0.841505
vt 0.381135 0.841505
vt 0.363269 0.800924
vt 0.381135 0.800924
vt 0.363269 0.760344
vt 0.381135 0.760344
vt 0.401023 0.767377
vt 0.401023 0.807957
vt 0.383157 0.807957
vt 0.383157 0.767377
vt 0.401023 0.848537
vt 0.383157 0.848537
vt 0.401023 0.889117
vt 0.383157 0.889117
vt 0.401023 0.929697
vt 0.383157 0.929697
vt 0.647173 0.771086
vt 0.662831 0.808523
vt 0.646305 0.810757
vt 0.633977 0.781284
vt 0.614893 0.746494
vt 0.608564 0.761923
vt 0.574642 0.741336
vt 0.576876 0.757863
vt 0.537205 0.756995
vt 0.547403 0.770190
vt 0.512613 0.789274
vt 0.528042 0.795603
vt 0.507455 0.829525
vt 0.523981 0.827291
vt 0.523113 0.866962
vt 0.536309 0.856765
vt 0.555393 0.891555
vt 0.561722 0.876125
vt 0.595644 0.896713
vt 0.593410 0.880186
vt 0.633081 0.881054
vt 0.622883 0.867858
vt 0.657673 0.848774
vt 0.642244 0.842446
vt 0.827165 0.851684
vt 0.798051 0.879953
vt 0.789926 0.865389
vt 0.812847 0.843134
vt 0.758703 0.889878
vt 0.758949 0.873202
vt 0.719665 0.878799
vt 0.728215 0.864480
vt 0.691396 0.849685
vt 0.705960 0.841560
vt 0.681471 0.810337
vt 0.698147 0.810582
vt 0.692550 0.771298
vt 0.706869 0.779848
vt 0.721664 0.743029
vt 0.729789 0.757593
vt 0.761012 0.733105
vt 0.760767 0.749780
vt 0.800051 0.744184
vt 0.791500 0.758502
vt 0.828320 0.773298
vt 0.813756 0.781423
vt 0.838244 0.812646
vt 0.821569 0.812400
vt 0.214693 0.846470
vt 0.214499 0.814523
vt 0.232365 0.814414
vt 0.232558 0.846361
vt 0.214306 0.782576
vt 0.232171 0.782468
vt 0.234867 0.869818
vt 0.234650 0.837871
vt 0.252516 0.837750
vt 0.252733 0.869696
vt 0.234433 0.805924
vt 0.252299 0.805803
vt 0.254495 0.839316
vt 0.254292 0.807369
vt 0.272158 0.807256
vt 0.272360 0.839203
vt 0.254090 0.775423
vt 0.271955 0.775309
vt 0.214887 0.878417
vt 0.232752 0.878308
vt 0.234217 0.773978
vt 0.252082 0.773856
vt 0.254697 0.871263
vt 0.272563 0.871150
vt 0.214112 0.750629
vt 0.216835 0.757896
vt 0.216940 0.775276
vt 0.231978 0.750521
vt 0.229342 0.757820
vt 0.229448 0.775200
vt 0.253887 0.743476
vt 0.256612 0.750742
vt 0.256722 0.768122
vt 0.271753 0.743362
vt 0.269120 0.750663
vt 0.269230 0.768043
vt 0.234000 0.742031
vt 0.236728 0.749296
vt 0.236846 0.766676
vt 0.251865 0.741909
vt 0.249235 0.749211
vt 0.249353 0.766591
vt 0.718893 0.066321
vt 0.736273 0.066198
vt 0.736659 0.120904
vt 0.719373 0.120862
vt 0.676499 0.066693
vt 0.689007 0.066583
vt 0.689487 0.121289
vt 0.676980 0.121399
vt 0.706386 0.066431
vt 0.706867 0.121136
vt 0.751078 0.647426
vt 0.768458 0.647363
vt 0.768658 0.702070
vt 0.751278 0.702133
vt 0.780966 0.647317
vt 0.781165 0.701859
vt 0.798346 0.647284
vt 0.798355 0.701826
vt 0.810854 0.647281
vt 0.810863 0.701989
vt 0.793317 0.647187
vt 0.775938 0.647070
vt 0.776399 0.592529
vt 0.793589 0.592645
vt 0.835712 0.647346
vt 0.823205 0.647306
vt 0.823382 0.592598
vt 0.835890 0.592804
vt 0.805825 0.647249
vt 0.806096 0.592707
vn 0.809016 0.587787 0.000000
vn 0.309016 0.951057 0.000000
vn 0.309016 0.951057 0.000000
vn 0.809016 0.587787 0.000000
vn -0.309017 0.951056 0.000000
vn -0.309017 0.951056 0.000000
vn -0.809018 0.587784 0.000000
vn -0.809018 0.587784 0.000000
vn -1.000000 0.000000 0.000000
vn -1.000000 0.000000 0.000000
vn -0.809019 -0.587783 0.000000
vn -0.809019 -0.587783 0.000000
vn -0.309018 -0.951056 0.000000
vn -0.309018 -0.951056 0.000000
vn 0.309016 -0.951057 0.000000
vn 0.309016 -0.951057 0.000000
vn 0.809016 -0.587787 0.000000
vn 0.809016 -0.587787 0.000000
vn 1.000000 0.000000 0.000000
vn 1.000000 0.000000 0.000000
vn 0.000000 0.000000 1.000000
vn 0.000000 0.000000 1.000000
vn 0.000000 0.000000 1.000000
vn 0.000000 0.000000 1.000000
vn 0.000000 0.000000 1.000000
vn 0.000000 0.000000 1.000000
vn 0.000000 0.000000 1.000000
vn 0.000000 0.000000 1.000000
vn 0.000000 0.000000 1.000000
vn 0.000000 0.000000 1.000000
vn 0.000000 0.000000 1.000000
vn -0.000003 0.000000 -1.000000
vn -0.000003 0.000000 -1.000000
vn -0.000003 0.000000 -1.000000
vn -0.000003 0.000000 -1.000000
vn 0.000000 0.000000 -1.000000
vn 0.000000 0.000000 -1.000000
vn 0.000000 0.000000 -1.000000
vn 0.000000 0.000000 -1.000000
vn 0.000000 0.000000 -1.000000
vn 0.000000 0.000000 -1.000000
vn 0.000000 0.000000 -1.000000
vn 0.000000 0.000000 -1.000000
vn 0.000002 0.000000 -1.000000
vn 0.000002 0.000000 -1.000000
vn 0.000002 0.000000 -1.000000
vn 0.000002 0.000000 -1.000000
vn 0.000000 0.000000 -1.000000
vn 0.000000 0.000000 -1.000000
vn 0.000000 0.000000 -1.000000
vn 0.000000 0.000000 -1.000000
vn 0.000000 0.000000 -1.000000
vn 0.000000 0.000000 -1.000000
vn 0.000000 0.000000 -1.000000
vn 0.000000 0.000000 -1.000000
vn 0.000003 0.000000 -1.000000
vn 0.000003 0.000000 -1.000000
vn 0.000003 0.000000 -1.000000
vn 0.000003 0.000000 -1.000000
vn 0.000000 0.000000 -1.000000
vn 0.000000 0.000000 -1.000000
vn 0.000000 0.000000 -1.000000
vn 0.000000 0.000000 -1.000000
vn 0.000002 0.000000 -1.000000
vn 0.000002 0.000000 -1.000000
vn 0.000002 0.000000 -1.000000
vn 0.000002 0.000000 -1.000000
vn 0.000002 0.000000 -1.000000
vn 0.000002 0.000000 -1.000000
vn 0.000002 0.000000 -1.000000
vn 0.000002 0.000000 -1.000000
vn 0.309017 0.951056 0.000000
vn 0.809017 0.587786 0.000000
vn 0.809017 0.587786 0.000000
vn 0.309017 0.951056 0.000000
vn -0.309017 0.951056 0.000000
vn -0.309017 0.951056 0.000000
vn -0.809017 0.587786 0.000000
vn -0.809017 0.587786 0.000000
vn -1.000000 0.000000 0.000000
vn -1.000000 0.000000 0.000000
vn -0.809017 -0.587785 0.000000
vn -0.809017 -0.587785 0.000000
vn -0.309018 -0.951056 0.000000
vn -0.309018 -0.951056 0.000000
vn 0.309018 -0.951056 0.000000
vn 0.309018 -0.951056 0.000000
vn 0.809017 -0.587785 0.000000
vn 0.809017 -0.587785 0.000000
vn 1.000000 0.000000 0.000000
vn 1.000000 0.000000 0.000000
vn 0.866026 0.500000 0.000000
vn 0.500000 0.866025 0.000000
vn 0.500000 0.866025 0.000000
vn 0.866026 0.500000 0.000000
vn 0.000000 1.000000 0.000000
vn 0.000000 1.000000 0.000000
vn -0.500000 0.866025 0.000000
vn -0.500000 0.866025 0.000000
vn -0.866026 0.500000 0.000000
vn -0.866026 0.500000 0.000000
vn -1.000000 0.000000 0.000000
vn -1.000000 0.000000 0.000000
vn -0.866026 -0.500000 0.000000
vn -0.866026 -0.500000 0.000000
vn -0.500000 -0.866025 0.000000
vn -0.500000 -0.866025 0.000000
vn 0.000000 -1.000000 0.000000
vn 0.000000 -1.000000 0.000000
vn 0.500000 -0.866025 0.000000
vn 0.500000 -0.866025 0.000000
vn 0.866026 -0.500000 0.000000
vn 0.866026 -0.500000 0.000000
vn 1.000000 0.000000 0.000000
vn 1.000000 0.000000 0.000000
vn -0.000001 0.000000 -1.000000
vn -0.000001 0.000000 -1.000000
vn -0.000001 0.000000 -1.000000
vn -0.000001 0.000000 -1.000000
vn 0.000000 0.000000 -1.000000
vn 0.000000 0.000000 -1.000000
vn 0.000000 0.000000 -1.000000
vn 0.000000 0.000000 -1.000000
vn 0.000000 0.000000 -1.000000
vn 0.000000 0.000000 -1.000000
vn 0.000000 0.000000 -1.000000
vn 0.000000 0.000000 -1.000000
vn 0.000000 0.000000 -1.000000
vn 0.000000 0.000000 -1.000000
vn 0.000000 0.000000 -1.000000
vn 0.000000 0.000000 -1.000000
vn 0.000000 0.000000 -1.000000
vn 0.000000 0.000000 -1.000000
vn 0.000000 0.000000 -1.000000
vn 0.000000 0.000000 -1.000000
vn 0.000000 0.000000 -1.000000
vn 0.000000 0.000000 -1.000000
vn 0.000000 0.000000 -1.000000
vn 0.000000 0.000000 -1.000000
vn 0.000000 0.000000 -1.000000
vn 0.000000 0.000000 -1.000000
vn 0.000000 0.000000 -1.000000
vn 0.000000 0.000000 -1.000000
vn -0.000001 0.000000 -1.000000
vn -0.000001 0.000000 -1.000000
vn -0.000001 0.000000 -1.000000
vn -0.000001 0.000000 -1.000000
vn 0.000000 0.000000 -1.000000
vn 0.000000 0.000000 -1.000000
vn 0.000000 0.000000 -1.000000
vn 0.000000 0.000000 -1.000000
vn -0.000000 0.000000 -1.000000
vn -0.000000 0.000000 -1.000000
vn -0.000000 0.000000 -1.000000
vn -0.000000 0.000000 -1.000000
vn 0.000000 0.000000 -1.000000
vn 0.000000 0.000000 -1.000000
vn 0.000000 0.000000 -1.000000
vn 0.000000 0.000000 -1.000000
vn -0.000000 0.000000 -1.000000
vn -0.000000 0.000000 -1.000000
vn -0.000000 0.000000 -1.000000
vn -0.000000 0.000000 -1.000000
vn -0.000001 0.000000 1.000000
vn -0.000001 0.000000 1.000000
vn -0.000001 0.000000 1.000000
vn -0.000001 0.000000 1.000000
vn -0.000000 0.000000 1.000000
vn -0.000000 0.000000 1.000000
vn -0.000000 0.000000 1.000000
vn -0.000000 0.000000 1.000000
vn 0.000001 0.000000 1.000000
vn 0.000001 0.000000 1.000000
vn 0.000001 0.000000 1.000000
vn 0.000001 0.000000 1.000000
vn 0.000001 0.000000 1.000000
vn 0.000001 0.000000 1.000000
vn 0.000001 0.000000 1.000000
vn 0.000001 0.000000 1.000000
vn 0.000000 0.000000 1.000000
vn 0.000000 0.000000 1.000000
vn 0.000000 0.000000 1.000000
vn 0.000000 0.000000 1.000000
vn 0.000000 0.000000 1.000000
vn 0.000000 0.000000 1.000000
vn 0.000000 0.000000 1.000000
vn 0.000000 0.000000 1.000000
vn -0.000000 0.000000 1.000000
vn -0.000000 0.000000 1.000000
vn -0.000000 0.000000 1.000000
vn -0.000000 0.000000 1.000000
vn 0.000000 0.000000 1.000000
vn 0.000000 0.000000 1.000000
vn 0.000000 0.000000 1.000000
vn 0.000000 0.000000 1.000000
vn -0.000001 0.000000 1.000000
vn -0.000001 0.000000 1.000000
vn -0.000001 0.000000 1.000000
vn -0.000001 0.000000 1.000000
vn 0.000000 0.000000 1.000000
vn 0.000000 0.000000 1.000000
vn 0.000000 0.000000 1.000000
vn 0.000000 0.000000 1.000000
vn 0.000000 0.000000 1.000000
vn 0.000000 0.000000 1.000000
vn 0.000000 0.000000 1.000000
vn 0.000000 0.000000 1.000000
vn 0.000000 0.000000 1.000000
vn 0.000000 0.000000 1.000000
vn 0.000000 0.000000 1.000000
vn 0.000000 0.000000 1.000000
vn -0.866025 0.500000 0.000000
vn -0.500000 0.866025 0.000000
vn -0.500000 0.866025 0.000000
vn -0.866025 0.500000 0.000000
vn -0.184415 0.982849 0.000000
vn -0.184415 0.982849 -0.000000
vn 0.651133 0.758964 0.000000
vn 0.866026 0.500000 0.000000
vn 0.866026 0.500000 0.000000
vn 0.651132 0.758964 -0.000000
vn 1.000000 0.000000 0.000000
vn 1.000000 0.000000 0.000000
vn 0.000000 -1.000000 0.000000
vn -0.500000 -0.866025 0.000000
vn -0.500000 -0.866025 0.000000
vn 0.000000 -1.000000 0.000000
vn -0.758964 -0.651132 -0.000000
vn -0.758965 -0.651132 0.000000
vn -0.982848 0.184416 -0.000000
vn -0.982849 0.184415 0.000000
vn 0.943380 -0.331715 -0.000000
vn 0.943380 -0.331715 0.000000
vn 0.331715 -0.943380 -0.000000
vn 0.331716 -0.943380 0.000000
vn 0.258820 0.965926 0.000000
vn 0.258819 0.965926 0.000000
vn 0.258821 0.965925 -0.000000
vn 0.258819 0.965926 -0.000000
vn -0.965925 -0.258821 -0.000003
vn -0.965926 -0.258819 -0.000003
vn -0.965925 -0.258822 0.000003
vn -0.965926 -0.258820 0.000003
vn 0.707105 -0.707109 -0.000000
vn 0.707107 -0.707106 -0.000000
vn 0.707105 -0.707108 0.000000
vn 0.707108 -0.707106 0.000000
vn -0.000001 0.000000 -1.000000
vn -0.000001 0.000000 -1.000000
vn -0.000001 0.000000 -1.000000
vn -0.000001 0.000000 -1.000000
vn -0.965926 0.258817 0.000000
vn -0.965926 0.258817 0.000000
vn -0.965926 0.258817 0.000000
vn -0.965926 0.258817 0.000000
vn 0.000000 0.000000 1.000000
vn 0.000000 0.000000 1.000000
vn 0.000000 0.000000 1.000000
vn 0.000000 0.000000 1.000000
vn 0.966144 -0.257976 -0.003802
vn 0.966144 -0.257976 -0.003802
vn 0.966144 -0.257976 -0.003802
vn 0.966144 -0.257976 -0.003802
vn 0.000000 0.000000 -1.000000
vn 0.000000 0.000000 -1.000000
vn 0.000000 0.000000 -1.000000
vn 0.000000 0.000000 -1.000000
vn 0.257976 -0.966144 0.003810
vn 0.257976 -0.966144 0.003810
vn 0.257976 -0.966144 0.003810
vn 0.257976 -0.966144 0.003810
vn 0.000000 0.000000 1.000000
vn 0.000000 0.000000 1.000000
vn 0.000000 0.000000 1.000000
vn 0.000000 0.000000 1.000000
vn -0.259657 0.965693 0.003805
vn -0.259657 0.965693 0.003805
vn -0.259657 0.965693 0.003805
vn -0.259657 0.965693 0.003805
vn 0.000000 0.000000 -1.000000
vn 0.000000 0.000000 -1.000000
vn 0.000000 0.000000 -1.000000
vn 0.000000 0.000000 -1.000000
vn 0.707716 0.706487 -0.003811
vn 0.707716 0.706487 -0.003811
vn 0.707716 0.706487 -0.003811
vn 0.707716 0.706487 -0.003811
vn 0.000000 0.000000 1.000000
vn 0.000000 0.000000 1.000000
vn 0.000000 0.000000 1.000000
vn 0.000000 0.000000 1.000000
vn -0.705874 -0.708337 0.000000
vn -0.705874 -0.708337 0.000000
vn -0.705874 -0.708337 0.000000
vn -0.705874 -0.708337 0.000000
s 1
g AssetsPack2 Rueda
usemtl initialShadingGroup
f 423/878/909 424/885/910 434/876/911 433/869/912
f 424/885/910 425/884/913 435/875/914 434/876/911
f 425/884/913 426/883/915 436/874/916 435/875/914
f 426/883/915 427/882/917 437/873/918 436/874/916
f 427/882/917 428/881/919 438/872/920 437/873/918
f 428/881/919 429/864/921 439/867/922 438/872/920
f 429/865/921 430/880/923 440/871/924 439/866/922
f 430/880/923 431/879/925 441/870/926 440/871/924
f 431/879/925 432/877/927 442/868/928 441/870/926
f 432/877/927 423/878/909 433/869/912 442/868/928
s 2
f 433/814/929 434/813/930 443/831/931
f 434/813/930 435/816/932 443/831/931
f 435/816/932 436/818/933 443/831/931
f 436/818/933 437/820/934 443/831/931
f 437/820/934 438/822/935 443/831/931
f 438/822/935 439/824/936 443/831/931
f 439/824/936 440/826/937 443/831/931
f 440/826/937 441/828/938 443/831/931
f 441/828/938 442/830/939 443/831/931
f 442/830/939 433/814/929 443/831/931
s off
f 424/812/940 423/811/941 444/856/942 445/863/943
f 425/815/944 424/812/945 445/863/946 446/862/947
f 426/817/948 425/815/949 446/862/950 447/861/951
f 427/819/952 426/817/953 447/861/954 448/860/955
f 428/821/956 427/819/957 448/860/958 449/859/959
f 429/823/960 428/821/961 449/859/962 450/852/963
f 430/825/964 429/823/965 450/852/966 451/858/967
f 431/827/968 430/825/969 451/858/970 452/857/971
f 432/829/972 431/827/973 452/857/974 453/855/975
f 423/811/976 432/829/977 453/855/978 444/856/979
s 3
f 445/833/980 444/832/981 454/842/982 455/843/983
f 446/834/984 445/833/980 455/843/983 456/844/985
f 447/835/986 446/834/984 456/844/985 457/845/987
f 448/836/988 447/835/986 457/845/987 458/846/989
f 449/837/990 448/836/988 458/846/989 459/847/991
f 450/838/992 449/837/990 459/847/991 460/848/993
f 451/839/994 450/853/992 460/854/993 461/849/995
f 452/840/996 451/839/994 461/849/995 462/850/997
f 453/841/998 452/840/996 462/850/997 463/851/999
f 444/832/981 453/841/998 463/851/999 454/842/982
s 4
f 464/886/1000 465/887/1001 477/888/1002 476/889/1003
f 465/887/1001 466/890/1004 478/891/1005 477/888/1002
f 466/890/1004 467/892/1006 479/893/1007 478/891/1005
f 467/892/1006 468/894/1008 480/895/1009 479/893/1007
f 468/896/1008 469/897/1010 481/898/1011 480/899/1009
f 469/897/1010 470/900/1012 482/901/1013 481/898/1011
f 470/900/1012 471/902/1014 483/903/1015 482/901/1013
f 471/902/1014 472/904/1016 484/905/1017 483/903/1015
f 472/906/1016 473/907/1018 485/908/1019 484/909/1017
f 473/907/1018 474/910/1020 486/911/1021 485/908/1019
f 474/910/1020 475/912/1022 487/913/1023 486/911/1021
f 475/912/1022 464/914/1000 476/915/1003 487/913/1023
s off
f 465/916/1024 464/917/1025 488/918/1026 489/919/1027
f 466/920/1028 465/916/1029 489/919/1030 490/921/1031
f 467/922/1032 466/920/1033 490/921/1034 491/923/1035
f 468/924/1036 467/922/1037 491/923/1038 492/925/1039
f 469/926/1040 468/924/1041 492/925/1042 493/927/1043
f 470/928/1044 469/926/1045 493/927/1046 494/929/1047
f 471/930/1048 470/928/1049 494/929/1050 495/931/1051
f 472/932/1052 471/930/1053 495/931/1054 496/933/1055
f 473/934/1056 472/932/1057 496/933/1058 497/935/1059
f 474/936/1060 473/934/1061 497/935/1062 498/937/1063
f 475/938/1064 474/936/1065 498/937/1066 499/939/1067
f 464/917/1068 475/938/1069 499/939/1070 488/918/1071
f 476/940/1072 477/941/1073 501/942/1074 500/943/1075
f 477/941/1076 478/944/1077 502/945/1078 501/942/1079
f 478/944/1080 479/946/1081 503/947/1082 502/945/1083
f 479/946/1084 480/948/1085 504/949/1086 503/947/1087
f 480/948/1088 481/950/1089 505/951/1090 504/949/1091
f 481/950/1092 482/952/1093 506/953/1094 505/951/1095
f 482/952/1096 483/954/1097 507/955/1098 506/953/1099
f 483/954/1100 484/956/1101 508/957/1102 507/955/1103
f 484/956/1104 485/958/1105 509/959/1106 508/957/1107
f 485/958/1108 486/960/1109 510/961/1110 509/959/1111
f 486/960/1112 487/962/1113 511/963/1114 510/961/1115
f 487/962/1116 476/940/1117 500/943/1118 511/963/1119
s 5
f 498/964/1120 497/965/1121 509/966/1122 510/967/1123
f 497/965/1121 496/968/1124 508/969/1125 509/966/1122
f 495/970/1126 494/971/1127 506/972/1128 507/973/1129
f 494/971/1127 493/974/1130 505/975/1131 506/972/1128
f 490/976/1132 489/977/1133 501/978/1134 502/979/1135
f 489/977/1133 488/980/1136 500/981/1137 501/978/1134
f 499/982/1138 498/964/1120 510/967/1123 511/983/1139
f 493/974/1130 492/984/1140 504/985/1141 505/975/1131
f 491/986/1142 490/976/1132 502/979/1135 503/987/1143
f 496/968/1124 495/988/1126 512/989/1144 513/990/1145
f 495/988/1126 507/991/1129 514/992/1146 512/989/1144
f 507/991/1129 508/969/1125 515/993/1147 514/992/1146
f 508/969/1125 496/968/1124 513/990/1145 515/993/1147
f 488/980/1136 499/994/1138 516/995/1148 517/996/1149
f 499/994/1138 511/997/1139 518/998/1150 516/995/1148
f 511/997/1139 500/981/1137 519/999/1151 518/998/1150
f 500/981/1137 488/980/1136 517/996/1149 519/999/1151
f 492/984/1140 491/1000/1142 520/1001/1152 521/1002/1153
f 491/1000/1142 503/1003/1143 522/1004/1154 520/1001/1152
f 503/1003/1143 504/985/1141 523/1005/1155 522/1004/1154
f 504/985/1141 492/984/1140 521/1002/1153 523/1005/1155
s off
f 513/1006/1156 512/1007/1157 524/1008/1158 525/1009/1159
f 512/1010/1160 514/1011/1161 526/1012/1162 524/1013/1163
f 514/1011/1164 515/1014/1165 527/1015/1166 526/1012/1167
f 515/1014/1168 513/1006/1169 525/1009/1170 527/1015/1171
f 517/1016/1172 516/1017/1173 525/1018/1174 528/1019/1175
f 516/1017/1176 518/1020/1177 527/1021/1178 525/1018/1179
f 518/1020/1180 519/1022/1181 529/1023/1182 527/1021/1183
f 519/1022/1184 517/1024/1185 528/1025/1186 529/1023/1187
f 521/1026/1188 520/1027/1189 528/1028/1190 524/1029/1191
f 520/1030/1192 522/1031/1193 529/1032/1194 528/1033/1195
f 522/1031/1196 523/1034/1197 526/1035/1198 529/1032/1199
f 523/1034/1200 521/1026/1201 524/1029/1202 526/1035/1203
