# This file uses centimeters as units for non-parametric coordinates.

mtllib AssetsPack1.mtl
g default
v -0.163434 0.343809 -0.142571
v -0.163434 0.424569 -0.263437
v -0.163434 0.545434 -0.344196
v -0.163434 0.688006 -0.372556
v -0.163434 0.830576 -0.344197
v -0.163434 0.951442 -0.263437
v -0.163434 1.032203 -0.142571
v -0.163434 1.060561 -0.000000
v -0.163434 1.032203 0.142571
v -0.163434 0.951442 0.263437
v -0.163434 0.830576 0.344196
v -0.163434 0.688006 0.372556
v -0.163434 0.545435 0.344196
v -0.163434 0.424569 0.263437
v -0.163434 0.343809 0.142571
v -0.163434 0.315450 0.000000
v 1.768848 0.533364 -0.064054
v 1.768848 0.569649 -0.118357
v 1.768848 0.623951 -0.154641
v 1.768848 0.688006 -0.167382
v 1.768848 0.752060 -0.154641
v 1.768848 0.806363 -0.118357
v 1.768848 0.842647 -0.064055
v 1.768848 0.855387 -0.000000
v 1.768848 0.842647 0.064054
v 1.768848 0.806363 0.118357
v 1.768848 0.752061 0.154641
v 1.768848 0.688006 0.167382
v 1.768848 0.623951 0.154641
v 1.768848 0.569649 0.118357
v 1.768848 0.533364 0.064054
v 1.768848 0.520624 0.000000
v 0.645598 0.923182 0.235175
v 0.645598 0.995277 0.127276
v 0.645598 1.020594 -0.000000
v 0.645598 0.995277 -0.127276
v 0.645598 0.923182 -0.235175
v 0.645598 0.815282 -0.307272
v 0.645598 0.688006 -0.332588
v 0.645598 0.560730 -0.307271
v 0.645598 0.452830 -0.235175
v 0.645598 0.380734 -0.127276
v 0.645598 0.355418 0.000000
v 0.645598 0.380734 0.127276
v 0.645598 0.452830 0.235175
v 0.645598 0.560730 0.307271
v 0.645598 0.688006 0.332588
v 0.645598 0.815282 0.307271
v 1.108791 0.771324 0.201148
v 0.942263 0.781835 0.226523
v 1.108791 0.841957 0.153952
v 0.942263 0.861379 0.173373
v 1.108791 0.889153 0.083318
v 0.942263 0.914529 0.093829
v 1.108791 0.905727 -0.000000
v 0.942263 0.933192 -0.000000
v 1.108791 0.889153 -0.083318
v 0.942263 0.914529 -0.093829
v 1.108791 0.841957 -0.153952
v 0.942263 0.861379 -0.173373
v 1.108791 0.771324 -0.201148
v 0.942263 0.781835 -0.226523
v 1.108791 0.688006 -0.217721
v 0.942263 0.688006 -0.245187
v 1.108791 0.604688 -0.201148
v 0.942263 0.594177 -0.226523
v 1.108791 0.534054 -0.153952
v 0.942263 0.514633 -0.173373
v 1.108791 0.486858 -0.083318
v 0.942263 0.461483 -0.093829
v 1.108791 0.470285 0.000000
v 0.942263 0.442819 0.000000
v 1.108791 0.486858 0.083318
v 0.942263 0.461483 0.093829
v 1.108791 0.534054 0.153952
v 0.942263 0.514633 0.173373
v 1.108791 0.604688 0.201148
v 0.942263 0.594177 0.226523
v 1.108791 0.688006 0.217721
v 0.942263 0.688006 0.245187
v -0.369156 0.470129 -0.090247
v -0.369156 0.521251 -0.166755
v -0.369156 0.597759 -0.217876
v -0.369156 0.688006 -0.235827
v -0.369156 0.778253 -0.217876
v -0.369156 0.854761 -0.166755
v -0.369156 0.905882 -0.090247
v -0.369156 0.905882 0.090247
v -0.369156 0.854761 0.166755
v -0.369156 0.778253 0.217876
v -0.369156 0.688006 0.235827
v -0.369156 0.597759 0.217876
v -0.369156 0.521251 0.166755
v -0.369156 0.470129 0.090247
v -0.369156 0.452178 0.000000
v -0.447472 0.561218 -0.052517
v -0.447472 0.590966 -0.097039
v -0.447472 0.635488 -0.126788
v -0.447472 0.688006 -0.137234
v -0.447472 0.740523 -0.126788
v -0.447472 0.785045 -0.097039
v -0.447472 0.814794 -0.052517
v -0.447472 0.825240 -0.000000
v -0.447472 0.814794 0.052517
v -0.447472 0.785045 0.097039
v -0.447472 0.740523 0.126788
v -0.447472 0.688006 0.137234
v -0.447472 0.635488 0.126788
v -0.447472 0.590967 0.097039
v -0.447472 0.561218 0.052517
v -0.447472 0.550771 0.000000
v 0.418559 0.931112 0.243106
v 0.418559 1.005640 0.131568
v 0.418559 1.031810 -0.000000
v 0.418559 1.005640 -0.131568
v 0.418559 0.931112 -0.243106
v 0.418559 0.819573 -0.317634
v 0.418559 0.688006 -0.343804
v 0.418559 0.556438 -0.317634
v 0.418559 0.444899 -0.243106
v 0.418559 0.370372 -0.131568
v 0.418559 0.344201 0.000000
v 0.418559 0.370372 0.131568
v 0.418559 0.444899 0.243106
v 0.418559 0.556438 0.317634
v 0.418559 0.688006 0.343804
v 0.418559 0.819574 0.317634
v 0.230508 0.937682 0.249675
v 0.230508 1.014222 0.135123
v 0.230508 1.041100 -0.000000
v 0.230508 1.014222 -0.135124
v 0.230508 0.937681 -0.249676
v 0.230508 0.823128 -0.326217
v 0.230508 0.688006 -0.353094
v 0.230508 0.552882 -0.326216
v 0.230508 0.438330 -0.249675
v 0.230508 0.361789 -0.135123
v 0.230508 0.334911 0.000000
v 0.230508 0.361789 0.135123
v 0.230508 0.438331 0.249675
v 0.230508 0.552882 0.326217
v 0.230508 0.688006 0.353094
v 0.230508 0.823129 0.326217
v 0.230508 0.958865 0.270860
v 0.230508 1.041900 0.146588
v 0.418559 0.951738 0.263733
v 0.418559 1.032589 0.142731
v 0.230508 1.071059 -0.000000
v 0.418559 1.060981 -0.000000
v 0.230508 1.041900 -0.146588
v 0.418559 1.032589 -0.142731
v 0.230508 0.958865 -0.270860
v 0.418559 0.951738 -0.263733
v 0.230508 0.834594 -0.353895
v 0.418559 0.830737 -0.344584
v 0.230508 0.688006 -0.383053
v 0.418559 0.688006 -0.372975
v 0.230508 0.541417 -0.353895
v 0.418559 0.545274 -0.344584
v 0.230508 0.417146 -0.270859
v 0.418559 0.424272 -0.263733
v 0.230508 0.334110 -0.146588
v 0.418559 0.343422 -0.142731
v 0.230508 0.304952 0.000000
v 0.418559 0.315030 0.000000
v 0.230508 0.334110 0.146588
v 0.418559 0.343422 0.142731
v 0.230508 0.417146 0.270860
v 0.418559 0.424272 0.263733
v 0.230508 0.541417 0.353895
v 0.418559 0.545274 0.344584
v 0.230508 0.688006 0.383053
v 0.418559 0.688006 0.372975
v 0.230508 0.834594 0.353895
v 0.418559 0.830738 0.344584
v 1.768848 0.457087 -0.095649
v 1.768848 0.511268 -0.176737
v 1.768848 0.592355 -0.230918
v 1.768848 0.688006 -0.249944
v 1.768848 0.783655 -0.230918
v 1.768848 0.864742 -0.176737
v 1.768848 0.918924 -0.095650
v 1.768848 0.937949 -0.000000
v 1.768848 0.918924 0.095649
v 1.768848 0.864742 0.176737
v 1.768848 0.783655 0.230918
v 1.768848 0.688006 0.249944
v 1.768848 0.592355 0.230918
v 1.768848 0.511268 0.176737
v 1.768848 0.457087 0.095649
v 1.768848 0.438062 0.000000
v 1.938258 0.434002 -0.105212
v 1.938258 0.493600 -0.194406
v 1.938258 0.582793 -0.254003
v 1.938258 0.688006 -0.274931
v 1.938258 0.793217 -0.254003
v 1.938258 0.882411 -0.194406
v 1.938258 0.942009 -0.105212
v 1.938258 0.962936 -0.000000
v 1.938258 0.942009 0.105212
v 1.938258 0.882411 0.194406
v 1.938258 0.793217 0.254003
v 1.938258 0.688006 0.274931
v 1.938258 0.582793 0.254003
v 1.938258 0.493600 0.194406
v 1.938258 0.434002 0.105212
v 1.938258 0.413075 0.000000
v 1.978536 0.434002 -0.105212
v 1.978536 0.493600 -0.194406
v 1.978536 0.582793 -0.254003
v 1.978536 0.688006 -0.274931
v 1.978536 0.793217 -0.254003
v 1.978536 0.882411 -0.194406
v 1.978536 0.942009 -0.105212
v 1.978536 0.962936 -0.000000
v 1.978536 0.942009 0.105212
v 1.978536 0.882411 0.194406
v 1.978536 0.793217 0.254003
v 1.978536 0.688006 0.274931
v 1.978536 0.582793 0.254003
v 1.978536 0.493600 0.194406
v 1.978536 0.434002 0.105212
v 1.978536 0.413075 0.000000
v 1.978536 0.505556 -0.075573
v 1.978536 0.548365 -0.139640
v 1.978536 0.612432 -0.182449
v 1.978536 0.688006 -0.197481
v 1.978536 0.763579 -0.182449
v 1.978536 0.827646 -0.139640
v 1.978536 0.870455 -0.075573
v 1.978536 0.885487 -0.000000
v 1.978536 0.870455 0.075573
v 1.978536 0.827646 0.139640
v 1.978536 0.763579 0.182449
v 1.978536 0.688006 0.197481
v 1.978536 0.612432 0.182449
v 1.978536 0.548365 0.139640
v 1.978536 0.505556 0.075573
v 1.978536 0.490524 0.000000
v 1.821273 0.573674 -0.047358
v 1.821273 0.600500 -0.087505
v 1.821273 0.640647 -0.114331
v 1.821273 0.688006 -0.123751
v 1.821273 0.735363 -0.114331
v 1.821273 0.775511 -0.087505
v 1.821273 0.802337 -0.047358
v 1.821273 0.811757 -0.000000
v 1.821273 0.802337 0.047358
v 1.821273 0.775511 0.087505
v 1.821273 0.735363 0.114331
v 1.821273 0.688006 0.123751
v 1.821273 0.640647 0.114331
v 1.821273 0.600500 0.087505
v 1.821273 0.573674 0.047358
v 1.821273 0.564255 0.000000
v -0.049813 0.610032 -0.370546
v -0.080451 0.691898 -0.372248
v 0.147525 0.684113 -0.359584
v 0.111390 0.604527 -0.361592
v -0.044316 0.771484 -0.370241
v 0.116887 0.765978 -0.361286
v -0.049813 0.765978 0.370546
v -0.080451 0.684112 0.372248
v 0.147525 0.691899 0.359584
v 0.111390 0.771484 0.361592
v -0.044316 0.604527 0.370241
v 0.116887 0.610033 0.361286
v 0.029650 0.802169 0.366132
v 0.033537 0.826853 0.335206
v 0.033537 0.944562 0.256556
v 0.033537 1.023212 0.138847
v 0.033537 1.050831 -0.000000
v 0.033537 1.023212 -0.138847
v 0.033537 0.944562 -0.256556
v 0.033537 0.826852 -0.335207
v 0.037424 0.802169 -0.365700
v 0.029650 0.573842 -0.366132
v 0.033537 0.549158 -0.335206
v 0.033537 0.431450 -0.256556
v 0.033537 0.352799 -0.138847
v 0.033537 0.325181 0.000000
v 0.033537 0.352799 0.138847
v 0.033537 0.431450 0.256556
v 0.033537 0.549158 0.335207
v 0.037424 0.573842 0.365700
v -0.030403 0.628190 -0.448948
v -0.053906 0.690992 -0.450254
v 0.033782 0.688006 -0.445383
v 0.030555 0.600428 -0.445562
v -0.026186 0.752044 -0.448714
v 0.036519 0.775583 -0.445231
v 0.097477 0.747821 -0.441845
v 0.120980 0.685019 -0.440539
v 0.093260 0.623967 -0.442079
v -0.030403 0.747821 0.448948
v -0.053906 0.685019 0.450254
v 0.033782 0.688006 0.445383
v 0.030555 0.775583 0.445562
v -0.026186 0.623967 0.448714
v 0.036519 0.600428 0.445231
v 0.097477 0.628190 0.441845
v 0.120980 0.690992 0.440539
v 0.093260 0.752044 0.442079
v -0.298023 0.972462 -0.048734
v -0.283817 0.984537 0.004680
v -0.336847 0.939465 -0.073320
v -0.302551 0.968614 0.055633
v -0.343251 0.934023 0.074277
v -0.377547 0.904874 -0.054676
v -0.396282 0.888951 -0.003724
v -0.382075 0.901025 0.049691
v -0.318740 0.981157 -0.040042
v -0.307068 0.991078 0.003845
v -0.350640 0.954045 -0.060243
v -0.357638 0.948097 -0.001143
v -0.322461 0.977995 0.045711
v -0.355902 0.949573 0.061029
v -0.384081 0.925623 -0.044925
v -0.399474 0.912541 -0.003060
v -0.387802 0.922461 0.040828
v -0.477555 0.628535 -0.024634
v -0.477555 0.642489 -0.045517
v -0.477555 0.688006 0.000000
v -0.477555 0.663372 -0.059471
v -0.477555 0.688006 -0.064371
v -0.477555 0.712639 -0.059471
v -0.477555 0.733523 -0.045517
v -0.477555 0.747477 -0.024634
v -0.477555 0.752377 -0.000000
v -0.477555 0.747477 0.024634
v -0.477555 0.733523 0.045517
v -0.477555 0.712639 0.059471
v -0.477555 0.688006 0.064371
v -0.477555 0.663372 0.059471
v -0.477555 0.642489 0.045517
v -0.477555 0.628535 0.024634
v -0.477555 0.623635 0.000000
v 1.755732 0.729184 0.099415
v 1.755732 0.764095 0.076089
v 1.755732 0.611915 -0.076089
v 1.755732 0.646825 -0.099416
v 1.755732 0.688006 -0.107606
v 1.755732 0.729184 -0.099416
v 1.755732 0.764095 -0.076089
v 1.755732 0.787421 -0.041179
v 1.755732 0.795613 -0.000000
v 1.755732 0.787421 0.041179
v 1.755732 0.688006 0.107607
v 1.755732 0.646825 0.099416
v 1.755732 0.611915 0.076089
v 1.755732 0.588591 0.041179
v 1.755732 0.580400 0.000000
v 1.755732 0.588590 -0.041179
v 1.475621 0.729184 0.099415
v 1.475621 0.688005 -0.000000
v 1.475621 0.764095 0.076089
v 1.475621 0.611915 -0.076089
v 1.475621 0.646825 -0.099416
v 1.475621 0.688006 -0.107606
v 1.475621 0.729184 -0.099416
v 1.475621 0.764095 -0.076089
v 1.475621 0.787421 -0.041179
v 1.475621 0.795613 -0.000000
v 1.475621 0.787421 0.041179
v 1.475621 0.688006 0.107607
v 1.475621 0.646825 0.099416
v 1.475621 0.611915 0.076089
v 1.475621 0.588591 0.041179
v 1.475621 0.580400 0.000000
v 1.475621 0.588590 -0.041179
v -0.303182 0.316532 -0.416588
v 1.140301 0.316532 -0.416588
v 1.140301 0.352929 -0.381101
v -0.303182 0.352929 -0.381101
v -0.303182 0.761254 -0.416588
v 1.140301 0.761254 -0.416588
v 1.140301 0.761254 -0.381101
v -0.303182 0.761254 -0.381101
v -0.080816 0.761254 -0.416588
v -0.080816 0.761254 -0.381101
v 0.167096 0.761254 -0.416588
v 0.167096 0.761254 -0.381101
v 0.167096 0.619264 -0.416588
v -0.080816 0.619264 -0.416588
v -0.080816 0.619264 -0.381101
v 0.167096 0.619264 -0.381101
v -0.303182 0.316532 0.416588
v 1.140301 0.316532 0.416588
v 1.140301 0.352929 0.381101
v -0.303182 0.352929 0.381101
v -0.303182 0.761254 0.416588
v 1.140301 0.761254 0.416588
v 1.140301 0.761254 0.381101
v -0.303182 0.761254 0.381101
v -0.080816 0.761254 0.416588
v -0.080816 0.761254 0.381101
v 0.167096 0.761254 0.416588
v 0.167096 0.761254 0.381101
v 0.167096 0.619264 0.416588
v -0.080816 0.619264 0.416588
v -0.080816 0.619264 0.381101
v 0.167096 0.619264 0.381101
v 1.140301 0.287979 0.162800
v -0.303182 0.287979 0.162800
v -0.303182 0.324377 0.148932
v 1.140301 0.324377 0.148932
v 1.140301 0.287979 -0.162800
v -0.303182 0.287979 -0.162800
v -0.303182 0.324377 -0.148932
v 1.140301 0.324377 -0.148932
v -0.329225 0.954894 -0.000000
v -0.332919 0.950347 -0.014142
v -0.341837 0.939371 -0.020000
v -0.350754 0.928395 -0.014142
v -0.354448 0.923848 0.000000
v -0.350754 0.928395 0.014142
v -0.341837 0.939371 0.020000
v -0.332919 0.950347 0.014142
v -0.354970 0.976359 -0.000356
v -0.358436 0.971619 -0.014491
v -0.367709 0.960946 -0.020359
v -0.377356 0.950593 -0.014521
v -0.381726 0.946625 -0.000398
v -0.378259 0.951366 0.013738
v -0.368987 0.962039 0.019606
v -0.359340 0.972391 0.013768
v -0.367772 0.992799 -0.004263
v -0.369570 0.985232 -0.017448
v -0.381445 0.978967 -0.024800
v -0.396440 0.977674 -0.022012
v -0.405773 0.982110 -0.010719
v -0.403975 0.989677 0.002466
v -0.392100 0.995942 0.009817
v -0.377104 0.997235 0.007030
v -0.365671 1.015446 -0.019560
v -0.367462 1.007127 -0.032284
v -0.379360 1.003267 -0.041107
v -0.394396 1.006126 -0.040860
v -0.403762 1.014029 -0.031688
v -0.401971 1.022348 -0.018964
v -0.390073 1.026209 -0.010141
v -0.375037 1.023350 -0.010388
v -0.364389 1.049192 -0.036908
v -0.366266 1.044843 -0.051464
v -0.378148 1.040209 -0.059930
v -0.393074 1.038007 -0.057347
v -0.402301 1.039525 -0.045228
v -0.400424 1.043874 -0.030672
v -0.388543 1.048507 -0.022206
v -0.373617 1.050710 -0.024789
v -0.382511 1.084507 -0.034382
v -0.387515 1.086696 -0.048682
v -0.398838 1.080895 -0.057194
v -0.409847 1.070503 -0.054932
v -0.414093 1.061606 -0.043221
v -0.409089 1.059417 -0.028922
v -0.397766 1.065218 -0.020410
v -0.386757 1.075611 -0.022672
v -0.406981 1.107403 -0.019683
v -0.412325 1.109916 -0.033805
v -0.422407 1.102932 -0.042965
v -0.431321 1.090543 -0.041796
v -0.433846 1.080006 -0.030983
v -0.428502 1.077494 -0.016861
v -0.418420 1.084477 -0.007701
v -0.409506 1.096866 -0.008870
v -0.440033 1.128594 -0.014391
v -0.438192 1.126487 -0.029441
v -0.442109 1.115538 -0.039396
v -0.449487 1.102162 -0.038425
v -0.456006 1.094194 -0.027097
v -0.457847 1.096301 -0.012047
v -0.453930 1.107250 -0.002092
v -0.446552 1.120626 -0.003063
v -0.470944 1.143033 -0.030585
v -0.462903 1.137973 -0.042587
v -0.461922 1.124692 -0.050135
v -0.468576 1.110971 -0.048808
v -0.478968 1.104847 -0.039384
v -0.487009 1.109907 -0.027382
v -0.487990 1.123188 -0.019834
v -0.481336 1.136909 -0.021160
v -0.494753 1.151679 -0.056025
v -0.484369 1.145756 -0.065586
v -0.481595 1.131814 -0.071264
v -0.488054 1.118021 -0.069734
v -0.499964 1.112456 -0.061892
v -0.510348 1.118380 -0.052332
v -0.513123 1.132322 -0.046654
v -0.506664 1.146115 -0.048183
v -0.510933 1.126505 -0.063430
v -0.503698 1.134130 -0.067122
v -0.505149 1.123206 -0.068756
v -0.496463 1.141755 -0.070813
v -0.502247 1.145055 -0.065488
v -0.494916 1.133989 -0.073977
v -0.498514 1.126305 -0.073124
v -0.512479 1.134271 -0.060267
v -0.508882 1.141956 -0.061119
vt 0.377155 0.244267
vt 0.139628 0.211373
vt 0.134650 0.235303
vt 0.117765 0.231553
vt 0.521906 0.048657
vt 0.521170 0.244318
vt 0.531930 0.052832
vt 0.521906 0.056951
vt 0.528871 0.241241
vt 0.537057 0.239907
vt 0.172969 0.216512
vt 0.422172 0.312255
vt 0.187771 0.242839
vt 0.170552 0.241102
vt 0.444373 0.312399
vt 0.205127 0.243912
vt 0.465888 0.304249
vt 0.222544 0.244277
vt 0.482483 0.288039
vt 0.239959 0.243915
vt 0.490981 0.267158
vt 0.257296 0.242813
vt 0.271976 0.216605
vt 0.274402 0.240919
vt 0.555703 0.038961
vt 0.558167 0.222803
vt 0.565743 0.034825
vt 0.561568 0.044826
vt 0.564690 0.227926
vt 0.513639 0.229705
vt 0.305349 0.210981
vt 0.445294 0.198760
vt 0.327120 0.231623
vt 0.310409 0.235119
vt 0.422660 0.198760
vt 0.343821 0.227200
vt 0.401769 0.207420
vt 0.360396 0.222213
vt 0.385794 0.223404
vt 0.100970 0.227233
vt 0.427189 0.253943
vt 0.428318 0.251460
vt 0.433977 0.255540
vt 0.427097 0.256671
vt 0.428054 0.259229
vt 0.429915 0.261228
vt 0.432395 0.262361
vt 0.435110 0.262453
vt 0.437640 0.261479
vt 0.439623 0.259613
vt 0.440760 0.257134
vt 0.440864 0.254412
vt 0.439917 0.251861
vt 0.438064 0.249867
vt 0.435587 0.248737
vt 0.432863 0.248642
vt 0.430311 0.249598
vt 0.236237 0.115746
vt 0.239639 0.094608
vt 0.251719 0.096597
vt 0.247138 0.117423
vt 0.225219 0.114540
vt 0.227457 0.093195
vt 0.214124 0.113814
vt 0.215207 0.092350
vt 0.202991 0.113575
vt 0.202924 0.092073
vt 0.191858 0.113826
vt 0.190643 0.092362
vt 0.180764 0.114565
vt 0.178395 0.093208
vt 0.169755 0.115781
vt 0.166213 0.094620
vt 0.158860 0.117470
vt 0.154139 0.096622
vt 0.148106 0.119628
vt 0.142217 0.099227
vt 0.137563 0.122212
vt 0.130497 0.102403
vt 0.127210 0.125183
vt 0.119090 0.106298
vt 0.117088 0.128524
vt 0.297771 0.111055
vt 0.278739 0.125045
vt 0.286806 0.106279
vt 0.268428 0.122108
vt 0.275376 0.102377
vt 0.257882 0.119552
vt 0.263650 0.099175
vt 0.530348 0.151435
vt 0.537810 0.154525
vt 0.543521 0.160236
vt 0.546611 0.167698
vt 0.546611 0.175774
vt 0.543521 0.183236
vt 0.537810 0.188946
vt 0.530348 0.192037
vt 0.522272 0.192037
vt 0.514811 0.188947
vt 0.509100 0.183236
vt 0.506009 0.175774
vt 0.506009 0.167698
vt 0.509100 0.160236
vt 0.514811 0.154526
vt 0.522272 0.151435
vt 0.217644 0.053425
vt 0.232153 0.054544
vt 0.203122 0.053039
vt 0.188597 0.053380
vt 0.174081 0.054453
vt 0.159584 0.056279
vt 0.145116 0.058889
vt 0.130640 0.062300
vt 0.116262 0.066654
vt 0.101818 0.071956
vt 0.318527 0.078943
vt 0.304195 0.072385
vt 0.289862 0.066966
vt 0.275496 0.062561
vt 0.261087 0.059068
vt 0.246637 0.056413
vt 0.409915 0.238755
vt 0.405325 0.249240
vt 0.405099 0.260679
vt 0.156231 0.214187
vt 0.409273 0.271333
vt 0.417217 0.279588
vt 0.427748 0.284201
vt 0.439332 0.284503
vt 0.086166 0.024803
vt 0.542539 0.030126
vt 0.546294 0.034478
vt 0.083155 0.032463
vt 0.080418 0.024803
vt 0.076353 0.028868
vt 0.457754 0.272325
vt 0.462560 0.261890
vt 0.462879 0.250448
vt 0.288670 0.213926
vt 0.458741 0.239769
vt 0.450810 0.231493
vt 0.440310 0.226888
vt 0.428848 0.226653
vt 0.418175 0.230822
vt 0.421349 0.246537
vt 0.418868 0.252063
vt 0.418693 0.258119
vt 0.420854 0.263788
vt 0.425025 0.268209
vt 0.430577 0.270716
vt 0.436665 0.270929
vt 0.547935 0.039987
vt 0.520896 0.039958
vt 0.522572 0.034459
vt 0.446525 0.264536
vt 0.449051 0.259030
vt 0.449271 0.252983
vt 0.447145 0.247318
vt 0.443001 0.242904
vt 0.437478 0.240416
vt 0.431422 0.240233
vt 0.425757 0.242383
vt 0.137438 0.414938
vt 0.120849 0.414938
vt 0.152764 0.408590
vt 0.164494 0.396860
vt 0.170843 0.381534
vt 0.170843 0.364945
vt 0.164494 0.349619
vt 0.152764 0.337889
vt 0.137438 0.331541
vt 0.120850 0.331541
vt 0.105524 0.337889
vt 0.093794 0.349619
vt 0.087445 0.364945
vt 0.087445 0.381534
vt 0.093794 0.396860
vt 0.105523 0.408590
vt 0.242060 0.500304
vt 0.259922 0.270905
vt 0.260399 0.523508
vt 0.138142 0.418476
vt 0.223686 0.500304
vt 0.154768 0.411590
vt 0.205283 0.500304
vt 0.167494 0.398864
vt 0.186861 0.500304
vt 0.174381 0.382238
vt 0.168426 0.500304
vt 0.174381 0.364242
vt 0.149987 0.500304
vt 0.167494 0.347615
vt 0.131553 0.500304
vt 0.154769 0.334890
vt 0.113130 0.500304
vt 0.138142 0.328003
vt 0.094727 0.500304
vt 0.120146 0.328003
vt 0.369224 0.500304
vt 0.103519 0.334890
vt 0.351269 0.500304
vt 0.090794 0.347615
vt 0.333231 0.500304
vt 0.083907 0.364241
vt 0.315117 0.500304
vt 0.083907 0.382238
vt 0.296935 0.500304
vt 0.090794 0.398864
vt 0.278693 0.500304
vt 0.103519 0.411589
vt 0.241141 0.268357
vt 0.259679 0.267293
vt 0.222634 0.268737
vt 0.204149 0.268385
vt 0.185699 0.267310
vt 0.167297 0.265521
vt 0.148587 0.262646
vt 0.130202 0.259206
vt 0.112246 0.255504
vt 0.094731 0.251071
vt 0.367037 0.244256
vt 0.350402 0.250715
vt 0.332732 0.255685
vt 0.314504 0.260195
vt 0.296043 0.260153
vt 0.278346 0.265720
vt 0.398656 0.500304
vt 0.386096 0.500304
vt 0.411379 0.500304
vt 0.424233 0.500304
vt 0.437188 0.500304
vt 0.450220 0.500304
vt 0.463304 0.500304
vt 0.476412 0.500304
vt 0.489521 0.500304
vt 0.502604 0.500304
vt 0.515635 0.500304
vt 0.528591 0.500304
vt 0.541444 0.500304
vt 0.554167 0.500304
vt 0.566728 0.500304
vt 0.373764 0.500304
vt 0.398656 0.521345
vt 0.386096 0.521345
vt 0.411379 0.521345
vt 0.424233 0.521345
vt 0.437188 0.521345
vt 0.450220 0.521345
vt 0.463304 0.521345
vt 0.476412 0.521345
vt 0.489521 0.521345
vt 0.502604 0.521345
vt 0.515635 0.521345
vt 0.528591 0.521345
vt 0.541444 0.521345
vt 0.554167 0.521345
vt 0.566728 0.521345
vt 0.373764 0.521345
vt 0.564565 0.075731
vt 0.552309 0.070655
vt 0.573945 0.085112
vt 0.579021 0.097368
vt 0.579021 0.110633
vt 0.573945 0.122889
vt 0.564564 0.132269
vt 0.552309 0.137345
vt 0.539043 0.137345
vt 0.526787 0.132269
vt 0.517407 0.122889
vt 0.512331 0.110633
vt 0.512331 0.097367
vt 0.517407 0.085111
vt 0.526787 0.075731
vt 0.539043 0.070655
vt 0.454562 0.334685
vt 0.448011 0.330689
vt 0.460956 0.339044
vt 0.467181 0.343841
vt 0.473192 0.349180
vt 0.478894 0.355211
vt 0.484111 0.362128
vt 0.377159 0.314143
vt 0.386482 0.312662
vt 0.395473 0.312662
vt 0.404023 0.313712
vt 0.412138 0.315502
vt 0.419864 0.317828
vt 0.427264 0.320563
vt 0.434392 0.323636
vt 0.441296 0.327013
vt 0.441786 0.352703
vt 0.436376 0.349504
vt 0.447033 0.356127
vt 0.452089 0.359781
vt 0.456912 0.363677
vt 0.461438 0.367838
vt 0.465558 0.372314
vt 0.383364 0.334487
vt 0.389355 0.334174
vt 0.395409 0.334659
vt 0.401472 0.335720
vt 0.407503 0.337232
vt 0.413473 0.339116
vt 0.419360 0.341317
vt 0.425149 0.343798
vt 0.430826 0.346532
vt 0.516449 0.235288
vt 0.507445 0.241272
vt 0.566794 0.240576
vt 0.558076 0.234181
vt 0.499938 0.249053
vt 0.526489 0.231276
vt 0.537159 0.229537
vt 0.547933 0.230438
vt 0.563616 0.214193
vt 0.553925 0.209400
vt 0.532618 0.206803
vt 0.522194 0.209670
vt 0.543430 0.206803
vt 0.572119 0.220871
vt 0.505571 0.223189
vt 0.512964 0.215300
vt 0.545322 0.240598
vt 0.553103 0.243469
vt 0.559791 0.248375
vt 0.519310 0.223653
vt 0.526391 0.219334
vt 0.534388 0.217135
vt 0.544304 0.027726
vt 0.537947 0.024803
vt 0.548874 0.033023
vt 0.530951 0.024803
vt 0.524592 0.027720
vt 0.550872 0.039728
vt 0.442185 0.268632
vt 0.517963 0.039692
vt 0.520003 0.033000
vt 0.388300 0.377002
vt 0.545660 0.099060
vt 0.538267 0.087996
vt 0.553053 0.110125
vt 0.424031 0.393730
vt 0.428250 0.396438
vt 0.432452 0.399250
vt 0.436665 0.402140
vt 0.440924 0.405069
vt 0.373764 0.372376
vt 0.378679 0.373926
vt 0.393003 0.378632
vt 0.397635 0.380369
vt 0.402196 0.382235
vt 0.406688 0.384241
vt 0.411113 0.386395
vt 0.415474 0.388698
vt 0.400034 0.344332
vt 0.394638 0.343092
vt 0.441861 0.363245
vt 0.437003 0.360128
vt 0.446548 0.366527
vt 0.451044 0.369950
vt 0.455340 0.373475
vt 0.459450 0.377039
vt 0.384122 0.341170
vt 0.389318 0.342077
vt 0.405464 0.345836
vt 0.410890 0.347612
vt 0.416281 0.349651
vt 0.421611 0.351939
vt 0.426856 0.354459
vt 0.431994 0.357193
vt 0.556724 0.106453
vt 0.419777 0.391146
vt 0.558711 0.101656
vt 0.558711 0.096464
vt 0.556724 0.091667
vt 0.553053 0.087996
vt 0.548256 0.086009
vt 0.543064 0.086009
vt 0.534596 0.091668
vt 0.383525 0.375448
vt 0.445270 0.407984
vt 0.532609 0.096464
vt 0.532609 0.101656
vt 0.463449 0.380526
vt 0.534596 0.106453
vt 0.538267 0.110125
vt 0.543064 0.112112
vt 0.548256 0.112112
vt 0.469067 0.377199
vt 0.550440 0.127952
vt 0.488538 0.370164
vt 0.540912 0.080048
vt 0.550440 0.080048
vt 0.532108 0.083695
vt 0.525371 0.090432
vt 0.521724 0.099236
vt 0.521724 0.108764
vt 0.525371 0.117568
vt 0.532108 0.124305
vt 0.540911 0.127952
vt 0.559243 0.124306
vt 0.565981 0.117568
vt 0.569628 0.108765
vt 0.569628 0.099236
vt 0.565981 0.090433
vt 0.559244 0.083695
vt 0.373764 0.526341
vt 0.579080 0.526341
vt 0.386096 0.526341
vt 0.566728 0.526341
vt 0.579080 0.521345
vt 0.554167 0.526341
vt 0.541444 0.526341
vt 0.528591 0.526341
vt 0.515635 0.526341
vt 0.502604 0.526341
vt 0.489521 0.526341
vt 0.476412 0.526341
vt 0.463303 0.526341
vt 0.450220 0.526341
vt 0.437188 0.526341
vt 0.424233 0.526341
vt 0.411379 0.526341
vt 0.398656 0.526341
vt 0.495995 0.177766
vt 0.579080 0.500304
vt 0.500611 0.188908
vt 0.495995 0.165706
vt 0.500611 0.154564
vt 0.509138 0.146036
vt 0.520280 0.141421
vt 0.532340 0.141421
vt 0.543482 0.146036
vt 0.552010 0.154564
vt 0.556625 0.165706
vt 0.556625 0.177766
vt 0.552010 0.188908
vt 0.543482 0.197436
vt 0.532340 0.202051
vt 0.520280 0.202051
vt 0.509138 0.197436
vt 0.278693 0.523508
vt 0.120146 0.418476
vt 0.278433 0.269368
vt 0.260399 0.500304
vt 0.296935 0.523508
vt 0.297610 0.269759
vt 0.315117 0.523508
vt 0.315543 0.263659
vt 0.333231 0.523508
vt 0.333715 0.259198
vt 0.351269 0.523508
vt 0.351695 0.254172
vt 0.076353 0.523508
vt 0.369224 0.523508
vt 0.076353 0.500304
vt 0.076353 0.248614
vt 0.369222 0.247262
vt 0.094727 0.523508
vt 0.093540 0.254522
vt 0.113130 0.523508
vt 0.111339 0.259028
vt 0.131553 0.523508
vt 0.129434 0.262760
vt 0.149987 0.523508
vt 0.147925 0.266224
vt 0.168426 0.523508
vt 0.166784 0.269127
vt 0.186861 0.523508
vt 0.185372 0.270935
vt 0.205283 0.523508
vt 0.203987 0.272021
vt 0.223686 0.523508
vt 0.222629 0.272376
vt 0.242060 0.523508
vt 0.241282 0.271990
vt 0.296997 0.266147
vt 0.251278 0.028619
vt 0.235262 0.026509
vt 0.267258 0.031610
vt 0.283173 0.035521
vt 0.298976 0.040379
vt 0.314607 0.046149
vt 0.330021 0.052628
vt 0.076353 0.052114
vt 0.091682 0.045841
vt 0.087558 0.078741
vt 0.107301 0.040326
vt 0.123069 0.035291
vt 0.139005 0.031405
vt 0.155016 0.028450
vt 0.171054 0.026389
vt 0.187119 0.025181
vt 0.203176 0.024803
vt 0.219226 0.025244
vt 0.108489 0.111486
vt 0.139683 0.205546
vt 0.266557 0.205546
vt 0.288792 0.128282
vt 0.147478 0.203466
vt 0.258718 0.203497
vt 0.250849 0.201658
vt 0.242947 0.200057
vt 0.235012 0.198718
vt 0.227049 0.197658
vt 0.219061 0.196890
vt 0.211057 0.196423
vt 0.203046 0.196262
vt 0.195036 0.196408
vt 0.187038 0.196862
vt 0.179059 0.197618
vt 0.171109 0.198670
vt 0.163192 0.200006
vt 0.155314 0.201611
vt 0.526343 0.030121
vt 0.076353 0.034616
vt 0.547202 0.045689
vt 0.080418 0.038681
vt 0.086166 0.038681
vt 0.446738 0.276429
vt 0.549980 0.046667
vt 0.090231 0.034616
vt 0.531568 0.027724
vt 0.537316 0.027724
vt 0.090231 0.028868
vt 0.458904 0.276990
vt 0.453106 0.274298
vt 0.442831 0.281868
vt 0.443787 0.288003
vt 0.460868 0.283274
vt 0.456804 0.289538
vt 0.449460 0.291483
vt 0.542682 0.217135
vt 0.569861 0.044826
vt 0.575726 0.038961
vt 0.575726 0.030668
vt 0.569946 0.234341
vt 0.569861 0.024803
vt 0.561568 0.024803
vt 0.305821 0.236089
vt 0.578971 0.229233
vt 0.555703 0.030668
vt 0.550733 0.219127
vt 0.508504 0.254878
vt 0.564938 0.254878
vt 0.527771 0.062816
vt 0.536065 0.062816
vt 0.541929 0.056951
vt 0.541929 0.048657
vt 0.536065 0.042793
vt 0.527771 0.042793
vt 0.514263 0.248910
vt 0.139391 0.235693
vt 0.573503 0.249053
vt 0.303763 0.246160
vt 0.084052 0.222582
vt 0.078350 0.245550
vt 0.140760 0.245947
vt 0.165819 0.240755
vt 0.160764 0.250134
vt 0.278994 0.239627
vt 0.283427 0.248963
vt 0.294094 0.251260
vt 0.300785 0.226859
vt 0.290680 0.223948
vt 0.281538 0.229285
vt 0.149882 0.252245
vt 0.163915 0.230233
vt 0.155168 0.224362
vt 0.144945 0.226671
vt 0.355109 0.198919
vt 0.089179 0.198919
vt 0.106411 0.203325
vt 0.338232 0.203465
vt 0.321800 0.207567
vt 0.466223 0.207437
vt 0.482253 0.223485
vt 0.490939 0.244463
vt 0.255480 0.218409
vt 0.239041 0.219477
vt 0.222588 0.219814
vt 0.206110 0.219428
vt 0.189589 0.218322
vt 0.401558 0.303582
vt 0.385728 0.287644
vt 0.377144 0.266823
vt 0.123099 0.207581
vt 0.574189 0.060560
vt 0.574189 0.064948
vt 0.546691 0.064948
vt 0.546691 0.060560
vt 0.513402 0.024803
vt 0.513402 0.079798
vt 0.485904 0.079798
vt 0.485904 0.062240
vt 0.254857 0.445057
vt 0.254857 0.495551
vt 0.134509 0.495551
vt 0.134509 0.477992
vt 0.175490 0.203503
vt 0.230485 0.203503
vt 0.230485 0.207891
vt 0.179991 0.207891
vt 0.578604 0.313597
vt 0.578604 0.317986
vt 0.458256 0.317986
vt 0.458256 0.313597
vt 0.577911 0.051419
vt 0.577911 0.055807
vt 0.547254 0.055807
vt 0.547254 0.051419
vt 0.093912 0.110360
vt 0.093912 0.114748
vt 0.076353 0.114748
vt 0.076353 0.110360
vt 0.093912 0.101219
vt 0.093912 0.105607
vt 0.076353 0.105607
vt 0.076353 0.101219
vt 0.455247 0.062240
vt 0.455247 0.079798
vt 0.334898 0.079798
vt 0.334898 0.024803
vt 0.498048 0.088939
vt 0.447554 0.088939
vt 0.447554 0.084551
vt 0.502549 0.084551
vt 0.103851 0.477992
vt 0.076353 0.445057
vt 0.103851 0.495551
vt 0.076353 0.495551
vt 0.094941 0.024803
vt 0.122440 0.024803
vt 0.122440 0.029191
vt 0.094941 0.029191
vt 0.312930 0.194008
vt 0.312930 0.165081
vt 0.491434 0.165081
vt 0.491434 0.194008
vt 0.214920 0.385309
vt 0.242418 0.422746
vt 0.242418 0.440305
vt 0.214920 0.440305
vt 0.368131 0.445057
vt 0.488480 0.477993
vt 0.488480 0.495551
vt 0.368131 0.495551
vt 0.495995 0.264017
vt 0.500496 0.259628
vt 0.550991 0.259628
vt 0.550991 0.264017
vt 0.322506 0.084551
vt 0.442855 0.084551
vt 0.442855 0.088939
vt 0.322506 0.088939
vt 0.190699 0.380557
vt 0.190699 0.348975
vt 0.369203 0.348975
vt 0.369203 0.380557
vt 0.281386 0.024803
vt 0.312044 0.024803
vt 0.312044 0.029191
vt 0.281386 0.029191
vt 0.463325 0.066992
vt 0.480884 0.066992
vt 0.480884 0.071380
vt 0.463325 0.071380
vt 0.311240 0.033944
vt 0.328799 0.033944
vt 0.328799 0.038332
vt 0.311240 0.038332
vt 0.273075 0.422746
vt 0.393424 0.385309
vt 0.393424 0.440305
vt 0.273075 0.440305
vt 0.477958 0.302146
vt 0.506479 0.302146
vt 0.506479 0.306755
vt 0.473464 0.306755
vt 0.500496 0.273157
vt 0.495995 0.268769
vt 0.550991 0.268769
vt 0.550991 0.273157
vt 0.450933 0.322738
vt 0.483948 0.322738
vt 0.483948 0.327347
vt 0.455427 0.327347
vt 0.546636 0.445057
vt 0.519137 0.477993
vt 0.546636 0.495551
vt 0.519137 0.495551
vt 0.190699 0.308710
vt 0.190699 0.277128
vt 0.369203 0.277128
vt 0.369203 0.308710
vt 0.523422 0.327347
vt 0.523422 0.322738
vt 0.556437 0.322738
vt 0.551943 0.327347
vt 0.491434 0.128246
vt 0.312930 0.128246
vt 0.312930 0.099319
vt 0.491434 0.099319
vt 0.545953 0.306755
vt 0.545953 0.302146
vt 0.574474 0.302146
vt 0.578968 0.306755
vt 0.076353 0.146051
vt 0.076353 0.144220
vt 0.080707 0.144220
vt 0.080707 0.146051
vt 0.076353 0.142088
vt 0.080707 0.142088
vt 0.076353 0.140173
vt 0.080707 0.140173
vt 0.076353 0.138381
vt 0.080707 0.138381
vt 0.076353 0.136523
vt 0.080707 0.136523
vt 0.076353 0.151546
vt 0.076353 0.149675
vt 0.080707 0.149675
vt 0.080707 0.151546
vt 0.076353 0.147857
vt 0.080707 0.147857
vt 0.084997 0.144220
vt 0.084997 0.146051
vt 0.084997 0.142088
vt 0.084997 0.140173
vt 0.084997 0.138381
vt 0.084997 0.136523
vt 0.084997 0.149675
vt 0.084997 0.151546
vt 0.084997 0.147857
vt 0.089084 0.144220
vt 0.089084 0.146051
vt 0.089084 0.142088
vt 0.089084 0.140173
vt 0.089084 0.138381
vt 0.089084 0.136523
vt 0.089084 0.149675
vt 0.089084 0.151546
vt 0.089084 0.147857
vt 0.093087 0.144220
vt 0.093087 0.146051
vt 0.093087 0.142088
vt 0.093087 0.140173
vt 0.093087 0.138381
vt 0.093087 0.136523
vt 0.093087 0.149675
vt 0.093087 0.151546
vt 0.093087 0.147857
vt 0.096524 0.144220
vt 0.096524 0.146051
vt 0.096524 0.142088
vt 0.096524 0.140173
vt 0.096524 0.138381
vt 0.096524 0.136523
vt 0.096524 0.149675
vt 0.096524 0.151546
vt 0.096524 0.147857
vt 0.100680 0.144220
vt 0.100680 0.146051
vt 0.100680 0.142088
vt 0.100680 0.140173
vt 0.100680 0.138381
vt 0.100680 0.136523
vt 0.100680 0.149675
vt 0.100680 0.151546
vt 0.100680 0.147857
vt 0.104683 0.144220
vt 0.104683 0.146051
vt 0.104683 0.142088
vt 0.104683 0.140173
vt 0.104683 0.138381
vt 0.104683 0.136523
vt 0.104683 0.149675
vt 0.104683 0.151546
vt 0.104683 0.147857
vt 0.108743 0.144220
vt 0.108743 0.146051
vt 0.108743 0.142088
vt 0.108743 0.140173
vt 0.108743 0.138381
vt 0.108743 0.136523
vt 0.108743 0.149675
vt 0.108743 0.151546
vt 0.108743 0.147857
vt 0.113021 0.144220
vt 0.113021 0.146051
vt 0.113021 0.142088
vt 0.113021 0.140173
vt 0.113021 0.138381
vt 0.113021 0.136523
vt 0.113021 0.149675
vt 0.113021 0.151546
vt 0.113021 0.147857
vt 0.574149 0.071884
vt 0.575338 0.072437
vt 0.574106 0.072886
vt 0.576571 0.071988
vt 0.576527 0.072991
vt 0.575787 0.073670
vt 0.574784 0.073626
vt 0.574889 0.071205
vt 0.575892 0.071248
vt 0.572601 0.073571
vt 0.572601 0.071304
vt 0.578075 0.071304
vt 0.578075 0.073572
vt 0.576472 0.075175
vt 0.574204 0.075174
vt 0.574205 0.069700
vt 0.576472 0.069700
vn -0.260691 -0.682657 -0.682657
vn -0.331034 -0.403427 -0.853032
vn 0.047995 -0.550847 -0.833225
vn 0.049341 -0.706246 -0.706245
vn 0.055462 0.000001 -0.998461
vn 0.055462 0.000001 -0.998461
vn 0.055462 0.000001 -0.998461
vn 0.055462 0.000001 -0.998461
vn 0.055462 0.000001 -0.998461
vn 0.055462 0.000001 -0.998461
vn -0.331035 0.402579 -0.853432
vn -0.260690 0.682655 -0.682659
vn 0.049341 0.706244 -0.706247
vn 0.048558 0.550723 -0.833275
vn -0.205401 0.893805 -0.398652
vn 0.049342 0.922754 -0.382217
vn -0.144669 0.989480 0.000331
vn 0.049343 0.998782 -0.000000
vn -0.205525 0.893833 0.398526
vn 0.049342 0.922755 0.382216
vn -0.260690 0.682656 0.682658
vn 0.049341 0.706245 0.706246
vn -0.331033 0.403427 0.853032
vn 0.047995 0.550844 0.833227
vn 0.055462 0.000001 0.998461
vn 0.055463 0.000001 0.998461
vn 0.055462 0.000001 0.998461
vn 0.055462 0.000001 0.998461
vn 0.055463 0.000001 0.998461
vn 0.055463 0.000001 0.998461
vn -0.331037 -0.402580 0.853431
vn -0.260691 -0.682657 0.682656
vn 0.049341 -0.706246 0.706245
vn 0.048558 -0.550725 0.833273
vn -0.260691 -0.891934 0.369452
vn 0.049341 -0.922754 0.382218
vn -0.260691 -0.965422 0.000002
vn 0.049341 -0.998782 0.000001
vn -0.260691 -0.891934 -0.369451
vn 0.049341 -0.922754 -0.382218
vn -0.947329 -0.226459 -0.226459
vn -0.947329 -0.295882 -0.122560
vn -1.000000 0.000000 0.000000
vn -0.947329 -0.122558 -0.295883
vn -0.947329 0.000000 -0.320261
vn -0.947330 0.122558 -0.295882
vn -0.947329 0.226459 -0.226459
vn -0.947330 0.295881 -0.122560
vn -0.947329 0.320262 0.000000
vn -0.947329 0.295882 0.122560
vn -0.947329 0.226460 0.226459
vn -0.947330 0.122558 0.295882
vn -0.947329 0.000000 0.320261
vn -0.947330 -0.122558 0.295882
vn -0.947329 -0.226460 0.226459
vn -0.947330 -0.295881 0.122561
vn -0.947329 -0.320262 0.000001
vn 0.096909 0.380883 0.919531
vn 0.247905 0.370739 0.895039
vn 0.247905 0.000001 0.968785
vn 0.096909 0.000000 0.995293
vn 0.096909 0.703780 0.703778
vn 0.247905 0.685034 0.685034
vn 0.096909 0.919531 0.380883
vn 0.247905 0.895040 0.370737
vn 0.096909 0.995293 -0.000000
vn 0.247904 0.968785 -0.000000
vn 0.096909 0.919531 -0.380883
vn 0.247905 0.895040 -0.370737
vn 0.096909 0.703779 -0.703778
vn 0.247905 0.685034 -0.685033
vn 0.096909 0.380882 -0.919531
vn 0.247905 0.370738 -0.895040
vn 0.096909 -0.000000 -0.995293
vn 0.247905 -0.000001 -0.968785
vn 0.096909 -0.380882 -0.919531
vn 0.247905 -0.370738 -0.895040
vn 0.096909 -0.703780 -0.703778
vn 0.247905 -0.685034 -0.685034
vn 0.096909 -0.919531 -0.380882
vn 0.247905 -0.895040 -0.370739
vn 0.096910 -0.995293 0.000000
vn 0.247905 -0.968784 0.000000
vn 0.096909 -0.919531 0.380882
vn 0.247905 -0.895039 0.370739
vn 0.096909 -0.703779 0.703778
vn 0.247904 -0.685035 0.685034
vn 0.096909 -0.380882 0.919531
vn 0.247904 -0.370738 0.895040
vn 0.076043 0.381576 0.921204
vn 0.076042 0.705061 0.705058
vn 0.076043 0.921205 0.381576
vn 0.076043 0.997105 -0.000000
vn 0.076043 0.921204 -0.381576
vn 0.076042 0.705060 -0.705059
vn 0.076043 0.381576 -0.921204
vn 0.076043 -0.000000 -0.997105
vn 0.076043 -0.381576 -0.921205
vn 0.076042 -0.705060 -0.705058
vn 0.076042 -0.921205 -0.381575
vn 0.076043 -0.997105 -0.000000
vn 0.076043 -0.921205 0.381575
vn 0.076042 -0.705060 0.705059
vn 0.076043 -0.381575 0.921205
vn 0.076043 0.000000 0.997105
vn 0.173505 0.909868 0.376878
vn 0.173505 0.696382 0.696382
vn 0.173505 0.984833 0.000000
vn 0.173505 0.909868 -0.376878
vn 0.173504 0.696382 -0.696382
vn 0.173504 0.376879 -0.909867
vn 0.173505 -0.000001 -0.984833
vn 0.173505 -0.376879 -0.909867
vn 0.173505 -0.696382 -0.696382
vn 0.173505 -0.909867 -0.376879
vn 0.173505 -0.984833 0.000000
vn 0.173505 -0.909867 0.376880
vn 0.173505 -0.696382 0.696382
vn 0.173505 -0.376879 0.909867
vn 0.173505 0.000000 0.984833
vn 0.173505 0.376880 0.909867
vn -0.606325 -0.734684 -0.304317
vn -0.606325 -0.562304 -0.562303
vn -0.606325 -0.304316 -0.734685
vn -0.422074 -0.000148 -0.906561
vn -0.606324 -0.000000 -0.795217
vn -0.606324 0.304317 -0.734685
vn -0.606324 0.562303 -0.562305
vn -0.613804 0.674379 -0.410436
vn -0.647614 0.761969 -0.000005
vn -0.647610 0.761972 -0.000011
vn -0.647606 0.761975 -0.000010
vn -0.647607 0.761975 -0.000003
vn -0.647617 0.761966 0.000001
vn -0.647609 0.761973 0.000003
vn -0.615323 0.672413 0.411387
vn -0.606324 0.562303 0.562305
vn -0.606324 0.304317 0.734685
vn -0.422075 0.000148 0.906561
vn -0.606324 -0.000000 0.795217
vn -0.606325 -0.304316 0.734685
vn -0.606325 -0.562304 0.562303
vn -0.606324 -0.734685 0.304317
vn -0.606325 -0.795217 0.000001
vn -0.818672 -0.530549 -0.219762
vn -0.818672 -0.406065 -0.406064
vn -0.818672 -0.219760 -0.530549
vn -0.818671 0.000000 -0.574262
vn -0.818672 0.219761 -0.530549
vn -0.818672 0.406063 -0.406065
vn -0.827080 0.508286 -0.239965
vn -0.647601 0.761980 -0.000008
vn -0.647600 0.761980 -0.000001
vn -0.647599 0.761981 0.000005
vn -0.827603 0.508504 0.237692
vn -0.818672 0.406064 0.406065
vn -0.818672 0.219761 0.530549
vn -0.818671 -0.000000 0.574262
vn -0.818671 -0.219760 0.530549
vn -0.818672 -0.406064 0.406064
vn -0.818672 -0.530548 0.219762
vn -0.818671 -0.574262 0.000000
vn 0.049342 0.922755 0.382216
vn 0.049341 0.706245 0.706246
vn 0.049344 0.998782 0.000000
vn 0.049343 0.922755 -0.382216
vn 0.049341 0.706245 -0.706246
vn 0.049340 0.382217 -0.922755
vn 0.049341 -0.000000 -0.998782
vn 0.049341 -0.382217 -0.922755
vn 0.049341 -0.706245 -0.706246
vn 0.049342 -0.922754 -0.382217
vn 0.049342 -0.998782 0.000000
vn 0.049342 -0.922754 0.382218
vn 0.049342 -0.706245 0.706246
vn 0.049342 -0.382217 0.922754
vn 0.049341 0.000000 0.998782
vn 0.049340 0.382217 0.922755
vn 0.053516 0.922555 0.382137
vn 0.053516 0.706095 0.706092
vn 0.053516 0.706095 0.706092
vn 0.053516 0.922555 0.382137
vn 0.053516 0.998567 -0.000000
vn 0.053516 0.998567 -0.000000
vn 0.053515 0.922555 -0.382137
vn 0.053515 0.922555 -0.382137
vn 0.053516 0.706095 -0.706093
vn 0.053516 0.706094 -0.706093
vn 0.053516 0.382136 -0.922555
vn 0.053516 0.382136 -0.922555
vn 0.053516 -0.000001 -0.998567
vn 0.053516 -0.000001 -0.998567
vn 0.053516 -0.382135 -0.922556
vn 0.053516 -0.382135 -0.922556
vn 0.053517 -0.706094 -0.706093
vn 0.053517 -0.706094 -0.706093
vn 0.053517 -0.922556 -0.382135
vn 0.053517 -0.922556 -0.382135
vn 0.053517 -0.998567 0.000000
vn 0.053517 -0.998567 0.000000
vn 0.053517 -0.922555 0.382136
vn 0.053517 -0.922555 0.382136
vn 0.053516 -0.706093 0.706093
vn 0.053516 -0.706094 0.706093
vn 0.053516 -0.382135 0.922556
vn 0.053516 -0.382136 0.922555
vn 0.053516 0.000000 0.998567
vn 0.053516 0.000000 0.998567
vn 0.053516 0.382137 0.922555
vn 0.053516 0.382137 0.922555
vn -1.000000 -0.000000 0.000000
vn -1.000000 -0.000000 0.000000
vn -1.000000 -0.000000 0.000000
vn -1.000000 -0.000000 0.000000
vn 1.000000 0.000000 0.000000
vn 1.000000 0.000000 0.000000
vn 1.000000 0.000000 0.000000
vn 1.000000 0.000000 0.000000
vn -1.000000 0.000000 0.000000
vn -1.000000 0.000000 0.000000
vn -1.000000 0.000000 0.000000
vn -1.000000 0.000000 0.000000
vn 1.000000 -0.000001 0.000000
vn 1.000000 -0.000001 0.000000
vn 1.000000 -0.000001 0.000000
vn 1.000000 -0.000001 0.000000
vn -1.000000 -0.000000 0.000000
vn -1.000000 -0.000000 0.000000
vn -1.000000 -0.000000 0.000000
vn -1.000000 -0.000000 0.000000
vn 1.000000 0.000001 0.000000
vn 1.000000 0.000001 0.000000
vn 1.000000 0.000001 0.000000
vn 1.000000 0.000001 0.000000
vn -1.000000 -0.000000 0.000000
vn -1.000000 -0.000000 0.000000
vn -1.000000 -0.000000 0.000000
vn -1.000000 -0.000000 0.000000
vn 1.000000 -0.000001 0.000000
vn 1.000000 -0.000001 0.000000
vn 1.000000 -0.000001 0.000000
vn 1.000000 -0.000001 0.000000
vn -1.000000 0.000000 0.000000
vn -1.000000 0.000000 0.000000
vn -1.000000 0.000000 0.000000
vn -1.000000 0.000000 0.000000
vn 1.000000 -0.000000 0.000000
vn 1.000000 -0.000000 0.000000
vn 1.000000 -0.000000 0.000000
vn 1.000000 -0.000000 0.000000
vn -1.000000 0.000000 0.000000
vn -1.000000 0.000000 0.000000
vn -1.000000 0.000000 0.000000
vn -1.000000 0.000000 0.000000
vn 1.000000 0.000000 0.000000
vn 1.000000 0.000000 0.000000
vn 1.000000 0.000000 0.000000
vn 1.000000 0.000000 0.000000
vn -1.000000 0.000000 0.000000
vn -1.000000 0.000000 0.000000
vn -1.000000 0.000000 0.000000
vn -1.000000 0.000000 0.000000
vn 1.000000 0.000000 0.000000
vn 1.000000 0.000000 0.000000
vn 1.000000 0.000000 0.000000
vn 1.000000 0.000000 0.000000
vn -1.000000 0.000000 0.000000
vn -1.000000 0.000000 0.000000
vn -1.000000 0.000000 0.000000
vn -1.000000 0.000000 0.000000
vn 1.000000 0.000000 0.000000
vn 1.000000 0.000000 0.000000
vn 1.000000 0.000000 0.000000
vn 1.000000 0.000000 0.000000
vn -1.000000 -0.000001 0.000000
vn -1.000000 -0.000001 0.000000
vn -1.000000 -0.000001 0.000000
vn -1.000000 -0.000001 0.000000
vn 1.000000 -0.000001 0.000000
vn 1.000000 -0.000001 0.000000
vn 1.000000 -0.000001 0.000000
vn 1.000000 -0.000001 0.000000
vn -1.000000 -0.000000 0.000000
vn -1.000000 -0.000000 0.000000
vn -1.000000 -0.000000 0.000000
vn -1.000000 -0.000000 0.000000
vn 1.000000 0.000001 0.000000
vn 1.000000 0.000001 0.000000
vn 1.000000 0.000001 0.000000
vn 1.000000 0.000001 0.000000
vn -1.000000 0.000000 0.000000
vn -1.000000 0.000000 0.000000
vn -1.000000 0.000000 0.000000
vn -1.000000 0.000000 0.000000
vn 1.000000 -0.000001 0.000000
vn 1.000000 -0.000001 0.000000
vn 1.000000 -0.000001 0.000000
vn 1.000000 -0.000001 0.000000
vn -1.000000 0.000000 0.000000
vn -1.000000 0.000000 0.000000
vn -1.000000 0.000000 0.000000
vn -1.000000 0.000000 0.000000
vn 1.000000 0.000000 0.000000
vn 1.000000 0.000000 0.000000
vn 1.000000 0.000000 0.000000
vn 1.000000 0.000000 0.000000
vn -1.000000 0.000000 0.000000
vn -1.000000 0.000000 0.000000
vn -1.000000 0.000000 0.000000
vn -1.000000 0.000000 0.000000
vn 1.000000 -0.000000 0.000000
vn 1.000000 -0.000000 0.000000
vn 1.000000 -0.000000 0.000000
vn 1.000000 -0.000000 0.000000
vn -1.000000 -0.000000 0.000000
vn -1.000000 -0.000000 0.000000
vn -1.000000 -0.000000 0.000000
vn -1.000000 -0.000000 0.000000
vn 1.000000 0.000000 0.000000
vn 1.000000 0.000000 0.000000
vn 1.000000 0.000000 0.000000
vn 1.000000 0.000000 0.000000
vn -1.000000 0.000000 0.000000
vn -1.000000 0.000000 0.000000
vn -1.000000 0.000000 0.000000
vn -1.000000 0.000000 0.000000
vn 1.000000 0.000000 0.000000
vn 1.000000 0.000000 0.000000
vn 1.000000 0.000000 0.000000
vn 1.000000 0.000000 0.000000
vn -1.000000 -0.000000 0.000000
vn -1.000000 -0.000000 0.000000
vn -1.000000 -0.000000 0.000000
vn -1.000000 -0.000000 0.000000
vn 1.000000 -0.000000 0.000000
vn 1.000000 -0.000000 0.000000
vn 1.000000 -0.000000 0.000000
vn 1.000000 -0.000000 0.000000
vn -1.000000 0.000001 0.000000
vn -1.000000 0.000001 0.000000
vn -1.000000 0.000001 0.000000
vn -1.000000 0.000001 0.000000
vn -1.000000 0.000001 0.000000
vn -1.000000 0.000001 0.000000
vn -1.000000 0.000001 0.000000
vn -1.000000 0.000001 0.000000
vn -1.000000 -0.000002 0.000000
vn -1.000000 -0.000002 0.000000
vn -1.000000 -0.000002 0.000000
vn -1.000000 -0.000002 0.000000
vn -1.000000 0.000000 0.000000
vn -1.000000 0.000000 0.000000
vn -1.000000 0.000000 0.000000
vn -1.000000 0.000000 0.000000
vn -1.000000 0.000000 0.000000
vn -1.000000 0.000000 0.000000
vn -1.000000 0.000000 0.000000
vn -1.000000 0.000000 0.000000
vn -1.000000 0.000000 0.000000
vn -1.000000 0.000000 0.000000
vn -1.000000 0.000000 0.000000
vn -1.000000 0.000000 0.000000
vn -1.000000 0.000000 0.000000
vn -1.000000 0.000000 0.000000
vn -1.000000 0.000000 0.000000
vn -1.000000 0.000000 0.000000
vn -1.000000 0.000002 0.000000
vn -1.000000 0.000002 0.000000
vn -1.000000 0.000002 0.000000
vn -1.000000 0.000002 0.000000
vn -1.000000 0.000000 0.000000
vn -1.000000 0.000000 0.000000
vn -1.000000 0.000000 0.000000
vn -1.000000 0.000000 0.000000
vn -1.000000 -0.000001 0.000000
vn -1.000000 -0.000001 0.000000
vn -1.000000 -0.000001 0.000000
vn -1.000000 -0.000001 0.000000
vn -1.000000 0.000000 0.000000
vn -1.000000 0.000000 0.000000
vn -1.000000 0.000000 0.000000
vn -1.000000 0.000000 0.000000
vn -1.000000 0.000000 0.000000
vn -1.000000 0.000000 0.000000
vn -1.000000 0.000000 0.000000
vn -1.000000 0.000000 0.000000
vn -1.000000 0.000000 0.000000
vn -1.000000 0.000000 0.000000
vn -1.000000 0.000000 0.000000
vn -1.000000 0.000000 0.000000
vn -1.000000 0.000000 0.000000
vn -1.000000 0.000000 0.000000
vn -1.000000 0.000000 0.000000
vn -1.000000 0.000000 0.000000
vn -1.000000 -0.000002 0.000000
vn -1.000000 -0.000002 0.000000
vn -1.000000 -0.000002 0.000000
vn -1.000000 -0.000002 0.000000
vn -1.000000 0.000001 0.000000
vn -1.000000 0.000001 0.000000
vn -1.000000 0.000001 0.000000
vn -1.000000 0.000001 0.000000
vn -0.145917 -0.913992 -0.378586
vn -0.145918 -0.699540 -0.699536
vn -0.116846 -0.702265 -0.702261
vn -0.116845 -0.917552 -0.380060
vn -0.145918 -0.378586 -0.913991
vn -0.116846 -0.380061 -0.917551
vn -0.145918 -0.000001 -0.989297
vn -0.116846 -0.000001 -0.993150
vn -0.145918 0.378587 -0.913991
vn -0.116846 0.380062 -0.917551
vn -0.145918 0.699537 -0.699539
vn -0.116846 0.702262 -0.702264
vn -0.145917 0.913992 -0.378586
vn -0.116845 0.917552 -0.380061
vn -0.145916 0.989297 0.000000
vn -0.116844 0.993150 0.000000
vn -0.145917 0.913992 0.378586
vn -0.116845 0.917552 0.380061
vn -0.145918 0.699538 0.699539
vn -0.116846 0.702263 0.702263
vn -0.145918 0.378588 0.913991
vn -0.116846 0.380063 0.917551
vn -0.145918 0.000000 0.989297
vn -0.116846 0.000000 0.993150
vn -0.145919 -0.378586 0.913992
vn -0.116846 -0.380061 0.917552
vn -0.145918 -0.699540 0.699537
vn -0.116846 -0.702265 0.702262
vn -0.145917 -0.913992 0.378586
vn -0.116845 -0.917552 0.380060
vn -0.145917 -0.989297 0.000000
vn -0.116845 -0.993150 0.000000
vn 0.000000 -0.707109 -0.707104
vn 0.000000 -0.923880 -0.382682
vn 0.000000 -0.382682 -0.923880
vn 0.000000 -0.000000 -1.000000
vn 0.000000 0.382683 -0.923880
vn 0.000000 0.707107 -0.707106
vn 0.000000 0.923880 -0.382681
vn 0.000000 1.000000 0.000000
vn 0.000000 0.923880 0.382681
vn 0.000000 0.707108 0.707106
vn 0.000000 0.382684 0.923879
vn 0.000000 0.000000 1.000000
vn 0.000000 -0.382682 0.923880
vn 0.000000 -0.707109 0.707105
vn 0.000000 -0.923880 0.382682
vn 0.000000 -1.000000 0.000000
vn 1.000000 0.000001 0.000000
vn 1.000000 0.000001 0.000000
vn 1.000000 0.000001 0.000000
vn 1.000000 0.000001 0.000000
vn 1.000000 0.000000 0.000000
vn 1.000000 0.000000 0.000000
vn 1.000000 0.000000 0.000000
vn 1.000000 0.000000 0.000000
vn 1.000000 0.000002 0.000000
vn 1.000000 0.000002 0.000000
vn 1.000000 0.000002 0.000000
vn 1.000000 0.000002 0.000000
vn 1.000000 -0.000002 0.000000
vn 1.000000 -0.000002 0.000000
vn 1.000000 -0.000002 0.000000
vn 1.000000 -0.000002 0.000000
vn 1.000000 -0.000002 0.000000
vn 1.000000 -0.000002 0.000000
vn 1.000000 -0.000002 0.000000
vn 1.000000 -0.000002 0.000000
vn 1.000000 0.000000 0.000000
vn 1.000000 0.000000 0.000000
vn 1.000000 0.000000 0.000000
vn 1.000000 0.000000 0.000000
vn 1.000000 -0.000002 0.000000
vn 1.000000 -0.000002 0.000000
vn 1.000000 -0.000002 0.000000
vn 1.000000 -0.000002 0.000000
vn 1.000000 0.000001 0.000000
vn 1.000000 0.000001 0.000000
vn 1.000000 0.000001 0.000000
vn 1.000000 0.000001 0.000000
vn 1.000000 -0.000001 0.000000
vn 1.000000 -0.000001 0.000000
vn 1.000000 -0.000001 0.000000
vn 1.000000 -0.000001 0.000000
vn 1.000000 0.000000 0.000000
vn 1.000000 0.000000 0.000000
vn 1.000000 0.000000 0.000000
vn 1.000000 0.000000 0.000000
vn 1.000000 -0.000002 0.000000
vn 1.000000 -0.000002 0.000000
vn 1.000000 -0.000002 0.000000
vn 1.000000 -0.000002 0.000000
vn 1.000000 0.000002 0.000000
vn 1.000000 0.000002 0.000000
vn 1.000000 0.000002 0.000000
vn 1.000000 0.000002 0.000000
vn 1.000000 0.000002 0.000000
vn 1.000000 0.000002 0.000000
vn 1.000000 0.000002 0.000000
vn 1.000000 0.000002 0.000000
vn 1.000000 0.000000 0.000000
vn 1.000000 0.000000 0.000000
vn 1.000000 0.000000 0.000000
vn 1.000000 0.000000 0.000000
vn 1.000000 -0.000001 0.000000
vn 1.000000 -0.000001 0.000000
vn 1.000000 -0.000001 0.000000
vn 1.000000 -0.000001 0.000000
vn 1.000000 -0.000000 0.000000
vn 1.000000 -0.000000 0.000000
vn 1.000000 -0.000000 0.000000
vn 1.000000 -0.000000 0.000000
vn 0.424495 0.836510 0.346490
vn 0.424494 0.640237 0.640235
vn 0.387716 0.651798 0.651795
vn 0.387717 0.851614 0.352745
vn 0.424495 0.346492 0.836509
vn 0.387716 0.352748 0.851613
vn 0.424495 0.000000 0.905430
vn 0.387717 -0.000000 0.921779
vn 0.424496 -0.346494 0.836508
vn 0.387717 -0.352750 0.851612
vn 0.424496 -0.640236 0.640235
vn 0.387717 -0.651796 0.651796
vn 0.424496 -0.836508 0.346494
vn 0.387718 -0.851611 0.352751
vn 0.424496 -0.905430 0.000000
vn 0.387717 -0.921778 -0.000000
vn 0.424496 -0.836508 -0.346494
vn 0.387717 -0.851612 -0.352750
vn 0.424496 -0.640236 -0.640235
vn 0.387718 -0.651796 -0.651795
vn 0.424496 -0.346494 -0.836508
vn 0.387717 -0.352750 -0.851612
vn 0.424495 0.000000 -0.905430
vn 0.387717 -0.000000 -0.921779
vn 0.424495 0.346492 -0.836509
vn 0.387716 0.352747 -0.851613
vn 0.424495 0.640238 -0.640234
vn 0.387716 0.651799 -0.651793
vn 0.424495 0.836510 -0.346490
vn 0.387717 0.851614 -0.352745
vn 0.424495 0.905430 -0.000003
vn 0.387717 0.921778 -0.000003
vn -0.083846 0.009914 -0.996429
vn -0.053336 -0.328165 -0.943114
vn 0.167976 0.000580 -0.985791
vn 0.079468 -0.473193 -0.877367
vn 0.141488 -0.353852 -0.924538
vn 0.168133 -0.009250 -0.985721
vn 0.036167 -0.534377 -0.844472
vn -0.050660 0.351134 -0.934954
vn 0.054801 0.534766 -0.843221
vn 0.078104 0.475295 -0.876353
vn 0.144009 0.329800 -0.933002
vn -0.083847 -0.009915 0.996429
vn -0.053335 0.328165 0.943114
vn 0.167976 -0.000579 0.985791
vn 0.079467 0.473190 0.877369
vn 0.141487 0.353852 0.924538
vn 0.168134 0.009250 0.985721
vn 0.036166 0.534375 0.844473
vn -0.050662 -0.351134 0.934954
vn 0.054802 -0.534767 0.843221
vn 0.078105 -0.475297 0.876352
vn 0.144010 -0.329800 0.933002
vn 0.049341 0.706245 0.706246
vn 0.049342 0.922755 0.382215
vn 0.049343 0.998782 -0.000001
vn 0.049342 0.922755 -0.382216
vn 0.049341 0.706245 -0.706246
vn 0.055462 0.000001 -0.998461
vn 0.055462 0.000001 -0.998461
vn 0.055462 0.000001 -0.998461
vn 0.049341 -0.706246 -0.706245
vn 0.049342 -0.922754 -0.382218
vn 0.049341 -0.998782 0.000001
vn 0.049341 -0.922754 0.382218
vn 0.049341 -0.706246 0.706245
vn 0.055462 0.000001 0.998461
vn 0.055462 0.000001 0.998461
vn 0.055462 0.000001 0.998461
vn -0.677883 -0.661389 -0.320999
vn -0.946047 0.033281 -0.322316
vn -0.946077 0.032417 -0.322316
vn -0.689755 -0.648966 -0.321061
vn -0.001455 -0.948287 -0.317412
vn -0.026131 -0.947879 -0.317557
vn -0.630197 0.707084 -0.320757
vn -0.643778 0.694708 -0.320828
vn 0.063212 0.946301 -0.317048
vn 0.038615 0.947574 -0.317193
vn 0.708536 0.632341 -0.313244
vn 0.697452 0.644511 -0.313316
vn 0.949653 -0.031299 -0.311736
vn 0.949626 -0.032113 -0.311736
vn 0.664821 -0.678028 -0.313513
vn 0.652085 -0.690248 -0.313596
vn -0.677883 0.661388 0.320998
vn -0.946047 -0.033282 0.322317
vn -0.946077 -0.032419 0.322317
vn -0.689756 0.648966 0.321060
vn -0.001457 0.948287 0.317410
vn -0.026133 0.947880 0.317555
vn -0.630195 -0.707084 0.320759
vn -0.643777 -0.694708 0.320830
vn 0.063214 -0.946300 0.317049
vn 0.038617 -0.947574 0.317194
vn 0.708537 -0.632339 0.313244
vn 0.697453 -0.644510 0.313317
vn 0.949653 0.031302 0.311736
vn 0.949626 0.032116 0.311736
vn 0.664819 0.678031 0.313512
vn 0.652083 0.690251 0.313595
vn -0.522465 0.827314 -0.206354
vn -0.510578 0.859766 0.010659
vn -0.561107 0.769190 -0.305786
vn -0.523405 0.822915 0.221039
vn -0.572773 0.754854 0.319572
vn -0.764773 0.629172 -0.138794
vn -0.839109 0.543956 -0.002835
vn -0.787481 0.616218 -0.012205
vn -0.769510 0.624221 0.134917
vn 0.268901 0.961981 0.047803
vn 0.115105 0.825963 -0.551848
vn 0.112700 0.823859 -0.555477
vn 0.268955 0.962023 0.046635
vn -0.315951 0.450191 -0.835167
vn -0.320259 0.446446 -0.835536
vn 0.061093 0.783615 0.618236
vn 0.059316 0.782080 0.620349
vn -0.390863 0.391648 0.832969
vn -0.395158 0.387916 0.832690
vn -0.776118 0.051000 -0.628522
vn -0.777950 0.049416 -0.626380
vn -0.990039 -0.132659 -0.047162
vn -0.989986 -0.132618 -0.048364
vn -0.828034 0.010574 0.560579
vn -0.830514 0.008404 0.556934
vn 1.000000 -0.000001 -0.000002
vn 1.000000 -0.000000 0.000000
vn 1.000000 -0.000001 -0.000002
vn 1.000000 -0.000001 0.000002
vn 1.000000 0.000002 0.000002
vn 1.000000 0.000000 0.000002
vn 1.000000 -0.000003 0.000002
vn 1.000000 0.000000 0.000002
vn 1.000000 -0.000002 0.000001
vn 1.000000 -0.000002 0.000000
vn 1.000000 -0.000003 -0.000001
vn 1.000000 -0.000000 -0.000002
vn 1.000000 0.000001 -0.000002
vn 1.000000 -0.000000 -0.000002
vn 1.000000 0.000002 -0.000001
vn 1.000000 0.000003 -0.000000
vn 1.000000 0.000003 0.000001
vn 0.239182 -0.371575 -0.897064
vn 0.239181 -0.686584 -0.686582
vn 0.239180 0.371573 0.897065
vn 0.239180 0.686588 0.686579
vn 0.239182 0.000000 0.970975
vn 0.239182 -0.371574 0.897065
vn 0.239181 -0.686583 0.686583
vn 0.239180 -0.897063 0.371579
vn 0.239181 -0.970975 -0.000000
vn 0.239179 -0.897064 -0.371578
vn 0.239182 -0.000000 -0.970975
vn 0.239180 0.371572 -0.897066
vn 0.239180 0.686590 -0.686577
vn 0.239183 0.897067 -0.371567
vn 0.239186 0.970974 -0.000005
vn 0.239184 0.897067 0.371567
vn 0.000000 -0.707106 -0.707108
vn 0.000000 -0.382682 -0.923880
vn 0.000000 -0.382682 -0.923880
vn 0.000000 -0.707106 -0.707108
vn 0.000000 0.707113 0.707100
vn 0.000000 0.382679 0.923882
vn 0.000000 0.382679 0.923882
vn 0.000000 0.707113 0.707100
vn 0.000000 -0.000000 1.000000
vn 0.000000 -0.000000 1.000000
vn 0.000000 -0.382681 0.923880
vn 0.000000 -0.382681 0.923880
vn 0.000000 -0.707106 0.707108
vn 0.000000 -0.707106 0.707108
vn 0.000000 -0.923880 0.382684
vn 0.000000 -0.923880 0.382684
vn 0.000000 -1.000000 0.000000
vn 0.000000 -1.000000 0.000000
vn 0.000000 -0.923880 -0.382683
vn 0.000000 -0.923880 -0.382683
vn 0.000000 -0.000001 -1.000000
vn 0.000000 -0.000001 -1.000000
vn 0.000000 0.382679 -0.923881
vn 0.000000 0.382679 -0.923881
vn 0.000000 0.707115 -0.707098
vn 0.000000 0.707115 -0.707098
vn 0.000000 0.923885 -0.382669
vn 0.000000 0.923885 -0.382669
vn 0.000000 1.000000 -0.000005
vn 0.000000 1.000000 -0.000005
vn 0.000000 0.923885 0.382669
vn 0.000000 0.923885 0.382669
vn 0.000000 1.000000 0.000000
vn 0.000000 1.000000 0.000000
vn 0.000000 1.000000 0.000000
vn 0.000000 1.000000 0.000000
vn 0.000000 0.000000 -1.000000
vn 0.000000 0.000000 -1.000000
vn 0.000000 0.000000 -1.000000
vn 0.000000 0.000000 -1.000000
vn 0.000000 0.000000 1.000000
vn 0.000000 0.000000 1.000000
vn 0.000000 0.000000 1.000000
vn 0.000000 0.000000 1.000000
vn 1.000000 0.000000 0.000000
vn 1.000000 0.000000 0.000000
vn 1.000000 0.000000 0.000000
vn 1.000000 0.000000 0.000000
vn 0.000000 1.000000 0.000000
vn 0.000000 1.000000 0.000000
vn 0.000000 1.000000 0.000000
vn 0.000000 1.000000 0.000000
vn 0.000000 1.000000 0.000000
vn 0.000000 1.000000 0.000000
vn 0.000000 1.000000 0.000000
vn 0.000000 1.000000 0.000000
vn -1.000000 0.000000 0.000000
vn -1.000000 0.000000 0.000000
vn -1.000000 0.000000 0.000000
vn -1.000000 0.000000 0.000000
vn 1.000000 0.000000 0.000000
vn 1.000000 0.000000 0.000000
vn 1.000000 0.000000 0.000000
vn 1.000000 0.000000 0.000000
vn 0.000000 0.000000 -1.000000
vn 0.000000 0.000000 -1.000000
vn 0.000000 0.000000 -1.000000
vn 0.000000 0.000000 -1.000000
vn 0.000000 0.000000 -1.000000
vn 0.000000 0.000000 -1.000000
vn 0.000000 0.000000 -1.000000
vn 0.000000 0.000000 -1.000000
vn -1.000000 0.000000 0.000000
vn -1.000000 0.000000 0.000000
vn -1.000000 0.000000 0.000000
vn -1.000000 0.000000 0.000000
vn 0.000000 0.000000 1.000000
vn 0.000000 0.000000 1.000000
vn 0.000000 0.000000 1.000000
vn 0.000000 0.000000 1.000000
vn -0.000000 0.000000 1.000000
vn -0.000000 0.000000 1.000000
vn -0.000000 0.000000 1.000000
vn -0.000000 0.000000 1.000000
vn 0.000000 1.000000 0.000000
vn 0.000000 1.000000 0.000000
vn 0.000000 1.000000 0.000000
vn 0.000000 1.000000 0.000000
vn 0.000000 0.992522 0.122063
vn 0.000000 0.998552 0.053792
vn 0.000000 0.998552 0.053792
vn 0.000000 0.992522 0.122063
vn 0.000000 0.000000 1.000000
vn 0.000000 0.000000 1.000000
vn 0.000000 0.000000 1.000000
vn 0.000000 0.000000 1.000000
vn 0.000000 0.000000 -1.000000
vn 0.000000 0.000000 -1.000000
vn 0.000000 0.000000 -1.000000
vn 0.000000 0.000000 -1.000000
vn 1.000000 0.000000 0.000000
vn 1.000000 0.000000 0.000000
vn 1.000000 0.000000 0.000000
vn 1.000000 0.000000 0.000000
vn 0.000000 1.000000 0.000000
vn 0.000000 1.000000 0.000000
vn 0.000000 1.000000 0.000000
vn 0.000000 1.000000 0.000000
vn 0.000000 -0.993731 -0.111800
vn 0.000000 -0.998788 -0.049221
vn 0.000000 -0.998788 -0.049221
vn 0.000000 -0.993731 -0.111800
vn 0.000000 1.000000 0.000000
vn 0.000000 1.000000 0.000000
vn 0.000000 1.000000 0.000000
vn 0.000000 1.000000 0.000000
vn -1.000000 0.000000 0.000000
vn -1.000000 0.000000 0.000000
vn -1.000000 0.000000 0.000000
vn -1.000000 0.000000 0.000000
vn 1.000000 0.000000 0.000000
vn 1.000000 0.000000 0.000000
vn 1.000000 0.000000 0.000000
vn 1.000000 0.000000 0.000000
vn 0.000000 0.000000 1.000000
vn 0.000000 0.000000 1.000000
vn 0.000000 0.000000 1.000000
vn 0.000000 0.000000 1.000000
vn 0.000000 0.000000 1.000000
vn 0.000000 0.000000 1.000000
vn 0.000000 0.000000 1.000000
vn 0.000000 0.000000 1.000000
vn 1.000000 0.000000 0.000000
vn 1.000000 -0.000002 0.000000
vn 1.000000 -0.000001 0.000000
vn 1.000000 0.000000 0.000000
vn -1.000000 0.000000 0.000000
vn -1.000000 0.000000 0.000000
vn -1.000000 0.000000 0.000000
vn -1.000000 0.000000 0.000000
vn -1.000000 0.000000 0.000000
vn -1.000000 0.000000 0.000000
vn -1.000000 0.000000 0.000000
vn -1.000000 0.000000 0.000000
vn 0.000000 0.000000 -1.000000
vn 0.000000 0.000000 -1.000000
vn 0.000000 0.000000 -1.000000
vn 0.000000 0.000000 -1.000000
vn -0.000000 0.000000 -1.000000
vn -0.000000 0.000000 -1.000000
vn -0.000000 0.000000 -1.000000
vn -0.000000 0.000000 -1.000000
vn 0.000000 -0.998788 0.049221
vn 0.000000 -0.993731 0.111800
vn 0.000000 -0.993731 0.111800
vn 0.000000 -0.998788 0.049221
vn -1.000000 0.000000 0.000000
vn -1.000000 0.000000 0.000000
vn -1.000000 0.000000 0.000000
vn -1.000000 0.000000 0.000000
vn 0.000000 0.998552 -0.053792
vn 0.000000 0.998552 -0.053792
vn 0.000000 0.992522 -0.122062
vn 0.000000 0.992522 -0.122062
vn 1.000000 -0.000001 0.000000
vn 1.000000 -0.000002 0.000000
vn 1.000000 0.000000 0.000000
vn 1.000000 0.000000 0.000000
vn 0.640350 0.768060 0.005972
vn 0.458212 0.537908 -0.707600
vn 0.531733 0.468825 -0.705310
vn 0.701399 0.711872 0.035761
vn 0.003640 -0.012253 -0.999918
vn 0.033023 -0.085635 -0.995779
vn -0.451592 -0.552988 -0.700192
vn -0.510047 -0.559119 -0.653635
vn -0.640972 -0.767537 0.006466
vn -0.752999 -0.656168 0.049353
vn -0.459779 -0.538217 0.706346
vn -0.602330 -0.407679 0.686292
vn -0.013607 0.001126 0.999907
vn -0.151460 0.047352 0.987329
vn 0.442558 0.542681 0.713891
vn 0.406095 0.515200 0.754756
vn 0.829698 -0.040747 -0.556724
vn 0.904635 0.363304 0.222813
vn 0.136142 -0.405974 -0.903687
vn -0.580030 -0.500723 -0.642528
vn -0.942704 -0.330021 -0.048933
vn -0.836493 -0.012066 0.547845
vn -0.330015 0.303241 0.893944
vn 0.371826 0.475258 0.797418
vn 0.864446 -0.286487 -0.413108
vn 0.969610 0.080008 0.231203
vn 0.288438 -0.490832 -0.822124
vn -0.468040 -0.424884 -0.774862
vn -0.957215 -0.101218 -0.271099
vn -0.881214 0.285672 0.376634
vn -0.293189 0.508545 0.809582
vn 0.493990 0.422550 0.759886
vn 0.821957 0.083201 -0.563440
vn 0.961092 0.260690 0.091337
vn 0.303631 -0.124489 -0.944622
vn -0.380652 -0.274844 -0.882930
vn -0.902164 -0.271846 -0.334963
vn -0.874892 -0.055788 0.481094
vn -0.168132 0.209458 0.963254
vn 0.601207 0.316922 0.733560
vn 0.597669 0.584036 -0.549267
vn 0.823297 0.554574 0.120956
vn 0.091887 0.328038 -0.940185
vn -0.482318 -0.108884 -0.869203
vn -0.797232 -0.530356 -0.288347
vn -0.571573 -0.656904 0.491713
vn 0.041116 -0.329934 0.943108
vn 0.616180 0.201623 0.761360
vn 0.465972 0.795535 -0.387291
vn 0.640439 0.690435 0.336358
vn -0.003333 0.447712 -0.894172
vn -0.488292 -0.184599 -0.852933
vn -0.655184 -0.711962 -0.252673
vn -0.411747 -0.759365 0.503814
vn 0.044375 -0.353633 0.934331
vn 0.460039 0.223413 0.859332
vn 0.503813 0.800175 -0.325410
vn 0.390203 0.825320 0.408154
vn 0.316218 0.274905 -0.907983
vn -0.103822 -0.479926 -0.871144
vn -0.440221 -0.871405 -0.216467
vn -0.479865 -0.700056 0.528821
vn -0.258070 -0.166111 0.951739
vn 0.083423 0.430572 0.898692
vn 0.576916 0.746213 -0.332165
vn 0.181095 0.940365 0.287955
vn 0.642638 0.077042 -0.762287
vn 0.289048 -0.656127 -0.697101
vn -0.250923 -0.951410 -0.178487
vn -0.609227 -0.660153 0.439365
vn -0.608015 -0.018350 0.793713
vn -0.291951 0.616749 0.731017
vn 0.524355 0.730955 -0.436756
vn 0.045811 0.994747 0.091541
vn 0.638989 0.046175 -0.767829
vn 0.311061 -0.647571 -0.695624
vn -0.260956 -0.928626 -0.263734
vn -0.727294 -0.633913 0.263054
vn -0.819032 0.040586 0.572310
vn -0.503251 0.703635 0.501633
vn -0.882393 -0.319759 -0.345163
vn -0.601467 0.195721 -0.774552
vn -0.530622 -0.520413 -0.669037
vn -0.354073 0.808372 -0.470284
vn -0.002314 0.607704 -0.794161
vn 0.091723 0.135398 -0.986537
vn -0.127105 -0.331913 -0.934708
vn -0.976418 0.152534 -0.152777
vn -0.757578 0.619850 -0.204601
s 1
g Cañon2
usemtl initialShadingGroup
f 2/587/1 3/2/2 278/3/3 279/4/4
s 2
f 286/5/5 287/551/6 288/7/7 289/8/8
f 287/551/6 290/550/9 291/549/10 288/7/7
s 1
f 5/11/11 6/583/12 274/13/13 275/14/14
f 6/583/12 7/582/15 273/16/16 274/13/13
f 7/582/15 8/581/17 272/18/18 273/16/16
f 8/581/17 9/580/19 271/20/20 272/18/18
f 9/580/19 10/579/21 270/22/22 271/20/20
f 10/579/21 11/23/23 269/24/24 270/22/22
s 4
f 295/25/25 296/542/26 297/27/27 298/28/28
f 296/542/26 299/539/29 300/538/30 297/27/27
s 1
f 13/31/31 14/575/32 283/33/33 284/34/34
f 14/575/32 15/574/35 282/36/36 283/33/33
f 15/574/35 16/571/37 281/38/38 282/36/36
f 16/572/37 1/573/39 280/40/40 281/556/38
f 322/41/41 321/42/42 323/43/43
f 324/44/44 322/41/41 323/43/43
f 325/45/45 324/44/44 323/43/43
f 326/46/46 325/45/45 323/43/43
f 327/47/47 326/46/46 323/43/43
f 328/48/48 327/47/47 323/43/43
f 329/49/49 328/48/48 323/43/43
f 330/50/50 329/49/49 323/43/43
f 331/51/51 330/50/50 323/43/43
f 332/52/52 331/51/51 323/43/43
f 333/53/53 332/52/52 323/43/43
f 334/54/54 333/53/53 323/43/43
f 335/55/55 334/54/54 323/43/43
f 336/56/56 335/55/55 323/43/43
f 337/57/57 336/56/56 323/43/43
f 321/42/42 337/57/57 323/43/43
s 7
f 49/58/58 50/59/59 80/60/60 79/61/61
f 50/59/59 49/58/58 51/62/62 52/63/63
f 52/63/63 51/62/62 53/64/64 54/65/65
f 54/65/65 53/64/64 55/66/66 56/67/67
f 56/67/67 55/66/66 57/68/68 58/69/69
f 58/69/69 57/68/68 59/70/70 60/71/71
f 60/71/71 59/70/70 61/72/72 62/73/73
f 62/73/73 61/72/72 63/74/74 64/75/75
f 64/75/75 63/74/74 65/76/76 66/77/77
f 66/77/77 65/76/76 67/78/78 68/79/79
f 68/79/79 67/78/78 69/80/80 70/81/81
f 70/81/81 69/80/80 71/82/82 72/496/83
f 72/83/83 71/499/82 73/84/84 74/85/85
f 74/85/85 73/84/84 75/86/86 76/87/87
f 76/87/87 75/86/86 77/88/88 78/89/89
f 78/89/89 77/88/88 79/61/61 80/60/60
f 51/62/62 49/58/58 27/505/90 26/506/91
f 53/64/64 51/62/62 26/506/91 25/507/92
f 55/66/66 53/64/64 25/507/92 24/508/93
f 57/68/68 55/66/66 24/508/93 23/509/94
f 59/70/70 57/68/68 23/509/94 22/510/95
f 61/72/72 59/70/70 22/510/95 21/511/96
f 63/74/74 61/72/72 21/511/96 20/512/97
f 65/76/76 63/74/74 20/512/97 19/513/98
f 67/78/78 65/76/76 19/513/98 18/514/99
f 69/80/80 67/78/78 18/514/99 17/500/100
f 71/82/82 69/80/80 17/500/100 32/497/101
f 73/84/84 71/499/82 32/498/101 31/501/102
f 75/86/86 73/84/84 31/501/102 30/502/103
f 77/88/88 75/86/86 30/502/103 29/503/104
f 79/61/61 77/88/88 29/503/104 28/504/105
f 49/58/58 79/61/61 28/504/105 27/505/90
f 34/106/106 33/107/107 52/63/63 54/65/65
f 35/108/108 34/106/106 54/65/65 56/67/67
f 36/109/109 35/108/108 56/67/67 58/69/69
f 37/110/110 36/109/109 58/69/69 60/71/71
f 38/111/111 37/110/110 60/71/71 62/73/73
f 39/112/112 38/111/111 62/73/73 64/75/75
f 40/113/113 39/112/112 64/75/75 66/77/77
f 41/114/114 40/113/113 66/77/77 68/79/79
f 42/115/115 41/114/114 68/79/79 70/81/81
f 43/487/116 42/115/115 70/81/81 72/496/83
f 44/117/117 43/116/116 72/83/83 74/85/85
f 45/118/118 44/117/117 74/85/85 76/87/87
f 46/119/119 45/118/118 76/87/87 78/89/89
f 47/120/120 46/119/119 78/89/89 80/60/60
f 48/121/121 47/120/120 80/60/60 50/59/59
f 33/107/107 48/121/121 50/59/59 52/63/63
s 1
f 2/1/1 1/39/39 81/122/122 82/123/123
f 3/586/2 2/1/1 82/123/123 83/124/124
f 4/585/125 3/586/2 83/124/124 84/126/126
f 5/584/11 4/585/125 84/126/126 85/127/127
f 6/12/12 5/584/11 85/127/127 86/128/128
f 7/15/15 6/12/12 86/128/128 87/129/129
s 8
f 313/130/130 312/525/131 314/522/132 315/133/133
f 316/134/134 313/130/130 315/133/133 317/135/135
s 1
f 10/21/21 9/19/19 88/136/136 89/137/137
f 11/578/23 10/21/21 89/137/137 90/138/138
f 12/577/139 11/578/23 90/138/138 91/140/140
f 13/576/31 12/577/139 91/140/140 92/141/141
f 14/32/32 13/576/31 92/141/141 93/142/142
f 15/35/35 14/32/32 93/142/142 94/143/143
f 16/37/37 15/35/35 94/143/143 95/144/144
f 1/39/39 16/37/37 95/144/144 81/122/122
f 82/123/123 81/122/122 96/145/145 97/146/146
f 83/124/124 82/123/123 97/146/146 98/147/147
f 84/126/126 83/124/124 98/147/147 99/148/148
f 85/127/127 84/126/126 99/148/148 100/149/149
f 86/128/128 85/127/127 100/149/149 101/150/150
f 87/129/129 86/128/128 101/150/150 102/151/151
s 8
f 315/133/133 314/522/132 318/519/152 319/518/153
f 317/135/135 315/133/133 319/518/153 320/516/154
s 1
f 89/137/137 88/136/136 104/155/155 105/156/156
f 90/138/138 89/137/137 105/156/156 106/157/157
f 91/140/140 90/138/138 106/157/157 107/158/158
f 92/141/141 91/140/140 107/158/158 108/159/159
f 93/142/142 92/141/141 108/159/159 109/160/160
f 94/143/143 93/142/142 109/160/160 110/161/161
f 95/144/144 94/143/143 110/161/161 111/162/162
f 81/122/122 95/144/144 111/162/162 96/145/145
s 7
f 113/495/163 112/479/164 33/107/107 34/106/106
f 114/494/165 113/495/163 34/106/106 35/108/108
f 115/493/166 114/494/165 35/108/108 36/109/109
f 116/492/167 115/493/166 36/109/109 37/110/110
f 117/491/168 116/492/167 37/110/110 38/111/111
f 118/490/169 117/491/168 38/111/111 39/112/112
f 119/489/170 118/490/169 39/112/112 40/113/113
f 120/488/171 119/489/170 40/113/113 41/114/114
f 121/486/172 120/488/171 41/114/114 42/115/115
f 122/485/173 121/486/172 42/115/115 43/487/116
f 123/483/174 122/484/173 43/116/116 44/117/117
f 124/482/175 123/483/174 44/117/117 45/118/118
f 125/481/176 124/482/175 45/118/118 46/119/119
f 126/480/177 125/481/176 46/119/119 47/120/120
f 127/478/178 126/480/177 47/120/120 48/121/121
f 112/479/164 127/478/178 48/121/121 33/107/107
s 9
f 145/179/179 144/445/180 146/181/181 147/475/182
f 148/183/183 145/179/179 147/475/182 149/473/184
f 150/185/185 148/183/183 149/473/184 151/471/186
f 152/187/187 150/185/185 151/471/186 153/469/188
f 154/189/189 152/187/187 153/469/188 155/467/190
f 156/191/191 154/189/189 155/467/190 157/465/192
f 158/193/193 156/191/191 157/465/192 159/463/194
f 160/195/195 158/193/193 159/463/194 161/461/196
f 162/197/197 160/195/195 161/461/196 163/459/198
f 164/456/199 162/197/197 163/459/198 165/454/200
f 166/201/201 164/199/199 165/455/200 167/452/202
f 168/203/203 166/201/201 167/452/202 169/450/204
f 170/205/205 168/203/203 169/450/204 171/448/206
f 172/207/207 170/205/205 171/448/206 173/446/208
f 174/209/209 172/207/207 173/446/208 175/442/210
f 144/445/180 174/209/209 175/442/210 146/181/181
s off
f 129/211/211 128/212/212 144/180/213 145/476/214
f 112/164/215 113/163/216 147/182/217 146/443/218
f 130/213/219 129/211/220 145/476/221 148/474/222
f 113/163/223 114/165/224 149/184/225 147/182/226
f 131/214/227 130/213/228 148/474/229 150/472/230
f 114/165/231 115/166/232 151/186/233 149/184/234
f 132/215/235 131/214/236 150/472/237 152/470/238
f 115/166/239 116/167/240 153/188/241 151/186/242
f 133/216/243 132/215/244 152/470/245 154/468/246
f 116/167/247 117/168/248 155/190/249 153/188/250
f 134/217/251 133/216/252 154/468/253 156/466/254
f 117/168/255 118/169/256 157/192/257 155/190/258
f 135/218/259 134/217/260 156/466/261 158/464/262
f 118/169/263 119/170/264 159/194/265 157/192/266
f 136/219/267 135/218/268 158/464/269 160/462/270
f 119/170/271 120/171/272 161/196/273 159/194/274
f 137/220/275 136/219/276 160/462/277 162/460/278
f 120/171/279 121/172/280 163/198/281 161/196/282
f 138/557/283 137/220/284 162/460/285 164/457/286
f 121/172/287 122/173/288 165/200/289 163/198/290
f 139/222/291 138/221/292 164/458/293 166/453/294
f 122/173/295 123/174/296 167/202/297 165/200/298
f 140/223/299 139/222/300 166/453/301 168/451/302
f 123/174/303 124/175/304 169/204/305 167/202/306
f 141/224/307 140/223/308 168/451/309 170/449/310
f 124/175/311 125/176/312 171/206/313 169/204/314
f 142/477/315 141/224/316 170/449/317 172/447/318
f 125/176/319 126/177/320 173/208/321 171/206/322
f 143/226/323 142/477/324 172/447/325 174/444/326
f 126/177/327 127/178/328 175/210/329 173/208/330
f 128/212/331 143/226/332 174/444/333 144/180/334
f 127/178/335 112/164/336 146/443/337 175/210/338
f 17/100/339 18/99/340 177/441/341 176/427/342
f 18/99/343 19/98/344 178/440/345 177/441/346
f 19/98/347 20/97/348 179/439/349 178/440/350
f 20/97/351 21/96/352 180/438/353 179/439/354
f 21/96/355 22/95/356 181/437/357 180/438/358
f 22/95/359 23/94/360 182/436/361 181/437/362
f 23/94/363 24/93/364 183/435/365 182/436/366
f 24/93/367 25/92/368 184/434/369 183/435/370
f 25/92/371 26/91/372 185/433/373 184/434/374
f 26/91/375 27/90/376 186/432/377 185/433/378
f 27/90/379 28/105/380 187/431/381 186/432/382
f 28/105/383 29/104/384 188/430/385 187/431/386
f 29/104/387 30/103/388 189/429/389 188/430/390
f 30/103/391 31/102/392 190/428/393 189/429/394
f 31/102/395 32/101/396 191/425/397 190/428/398
f 32/101/399 17/100/400 176/427/401 191/425/402
s 10
f 176/228/403 177/227/404 193/243/405 192/244/406
f 177/227/404 178/229/407 194/245/408 193/243/405
f 178/229/407 179/230/409 195/246/410 194/245/408
f 179/230/409 180/231/411 196/247/412 195/246/410
f 180/231/411 181/232/413 197/248/414 196/247/412
f 181/232/413 182/233/415 198/249/416 197/248/414
f 182/233/415 183/234/417 199/250/418 198/249/416
f 183/234/417 184/235/419 200/251/420 199/250/418
f 184/235/419 185/236/421 201/252/422 200/251/420
f 185/236/421 186/237/423 202/253/424 201/252/422
f 186/237/423 187/238/425 203/254/426 202/253/424
f 187/238/425 188/239/427 204/255/428 203/254/426
f 188/239/427 189/240/429 205/256/430 204/255/428
f 189/240/429 190/241/431 206/257/432 205/256/430
f 190/241/431 191/426/433 207/411/434 206/257/432
f 191/242/433 176/228/403 192/244/406 207/258/434
f 192/244/406 193/243/405 209/424/435 208/409/436
f 193/243/405 194/245/408 210/423/437 209/424/435
f 194/245/408 195/246/410 211/422/438 210/423/437
f 195/246/410 196/247/412 212/421/439 211/422/438
f 196/247/412 197/248/414 213/420/440 212/421/439
f 197/248/414 198/249/416 214/419/441 213/420/440
f 198/249/416 199/250/418 215/418/442 214/419/441
f 199/250/418 200/251/420 216/417/443 215/418/442
f 200/251/420 201/252/422 217/416/444 216/417/443
f 201/252/422 202/253/424 218/415/445 217/416/444
f 202/253/424 203/254/426 219/414/446 218/415/445
f 203/254/426 204/255/428 220/413/447 219/414/446
f 204/255/428 205/256/430 221/412/448 220/413/447
f 205/256/430 206/257/432 222/410/449 221/412/448
f 206/257/432 207/411/434 223/408/450 222/410/449
f 207/258/434 192/244/406 208/409/436 223/407/450
s off
f 208/260/451 209/259/452 225/406/453 224/393/454
f 209/259/455 210/261/456 226/405/457 225/406/458
f 210/261/459 211/262/460 227/404/461 226/405/462
f 211/262/463 212/263/464 228/403/465 227/404/466
f 212/263/467 213/264/468 229/402/469 228/403/470
f 213/264/471 214/265/472 230/401/473 229/402/474
f 214/265/475 215/266/476 231/390/477 230/401/478
f 215/266/479 216/267/480 232/400/481 231/390/482
f 216/267/483 217/268/484 233/399/485 232/400/486
f 217/268/487 218/269/488 234/398/489 233/399/490
f 218/269/491 219/270/492 235/397/493 234/398/494
f 219/270/495 220/271/496 236/396/497 235/397/498
f 220/271/499 221/272/500 237/395/501 236/396/502
f 221/272/503 222/273/504 238/394/505 237/395/506
f 222/273/507 223/274/508 239/392/509 238/394/510
f 223/274/511 208/260/512 224/393/513 239/392/514
s 11
f 224/276/515 225/275/516 241/291/517 240/292/518
f 225/275/516 226/277/519 242/293/520 241/291/517
f 226/277/519 227/278/521 243/294/522 242/293/520
f 227/278/521 228/279/523 244/295/524 243/294/522
f 228/279/523 229/280/525 245/296/526 244/295/524
f 229/280/525 230/281/527 246/297/528 245/296/526
f 230/281/527 231/391/529 247/389/530 246/297/528
f 231/282/529 232/283/531 248/299/532 247/298/530
f 232/283/531 233/284/533 249/300/534 248/299/532
f 233/284/533 234/285/535 250/301/536 249/300/534
f 234/285/535 235/286/537 251/302/538 250/301/536
f 235/286/537 236/287/539 252/303/540 251/302/538
f 236/287/539 237/288/541 253/304/542 252/303/540
f 237/288/541 238/289/543 254/305/544 253/304/542
f 238/289/543 239/290/545 255/306/546 254/305/544
f 239/290/545 224/276/515 240/292/518 255/306/546
s 1
f 3/2/2 4/125/125 257/569/547 256/570/548
f 134/217/549 135/218/550 259/558/551 258/567/552
f 278/3/3 3/2/2 256/570/548 277/553/553
f 4/125/125 5/11/11 260/568/554 257/569/547
f 5/11/11 275/14/14 276/559/555 260/568/554
f 133/216/556 134/217/549 258/567/552 261/560/557
f 11/23/23 12/139/139 263/565/558 262/566/559
f 142/225/560 143/226/561 265/562/562 264/563/563
f 269/24/24 11/23/23 262/566/559 268/561/564
f 12/139/139 13/31/31 266/564/565 263/565/558
f 13/31/31 284/34/34 285/540/566 266/564/565
f 141/224/567 142/225/560 264/563/563 267/555/568
f 143/226/561 269/24/24 268/561/564 265/562/562
f 270/22/22 269/24/24 143/226/561 128/212/569
f 271/20/20 270/22/22 128/212/569 129/211/570
f 272/18/18 271/20/20 129/211/570 130/213/571
f 273/16/16 272/18/18 130/213/571 131/214/572
f 274/13/13 273/16/16 131/214/572 132/215/573
f 275/14/14 274/13/13 132/215/573 133/216/556
f 276/559/555 275/14/14 133/216/556 261/560/557
s 2
f 288/7/7 291/549/10 292/548/574 293/547/575
f 289/8/8 288/7/7 293/547/575 294/546/576
s 1
f 135/218/550 278/3/3 277/553/553 259/558/551
f 279/4/4 278/3/3 135/218/550 136/219/577
f 280/40/40 279/4/4 136/219/577 137/220/578
f 281/556/38 280/40/40 137/220/578 138/557/579
f 282/36/36 281/38/38 138/221/579 139/222/580
f 283/33/33 282/36/36 139/222/580 140/223/581
f 284/34/34 283/33/33 140/223/581 141/224/567
f 285/540/566 284/34/34 141/224/567 267/555/568
s 4
f 297/27/27 300/538/30 301/536/582 302/535/583
f 298/28/28 297/27/27 302/535/583 303/534/584
s 14
f 256/308/585 257/307/586 287/6/587 286/552/588
f 277/311/589 256/308/585 286/552/588 289/544/590
f 257/307/586 260/312/591 290/9/592 287/6/587
f 260/312/591 276/313/593 291/10/594 290/9/592
f 276/313/593 261/314/595 292/323/596 291/10/594
f 261/314/595 258/310/597 293/324/598 292/323/596
f 258/310/597 259/309/599 294/325/600 293/324/598
f 259/309/599 277/554/589 289/545/590 294/325/600
s 15
f 262/316/601 263/315/602 296/26/603 295/543/604
f 268/319/605 262/316/601 295/543/604 298/533/606
f 263/315/602 266/320/607 299/29/608 296/26/603
f 266/320/607 285/541/609 300/537/610 299/29/608
f 285/321/609 267/322/611 301/326/612 300/30/610
f 267/322/611 264/318/613 302/327/614 301/326/612
f 264/318/613 265/317/615 303/328/616 302/327/614
f 265/317/615 268/319/605 298/533/606 303/328/616
s 1
f 8/17/17 7/15/15 304/532/617 305/531/618
f 7/15/15 87/129/129 306/529/619 304/532/617
f 9/19/19 8/17/17 305/531/618 307/530/620
f 88/136/136 9/19/19 307/530/620 308/526/621
f 87/129/129 102/151/151 309/528/622 306/529/619
f 102/151/151 103/335/623 310/520/624 309/528/622
f 103/335/623 104/155/155 311/527/625 310/520/624
f 104/155/155 88/136/136 308/526/621 311/527/625
s 16
f 305/330/626 304/329/627 312/131/628 313/524/629
f 304/329/627 306/331/630 314/132/631 312/131/628
f 307/332/632 305/330/626 313/524/629 316/523/633
f 308/333/634 307/332/632 316/523/633 317/515/635
f 306/331/630 309/334/636 318/152/637 314/132/631
f 309/334/636 310/521/638 319/517/639 318/152/637
f 310/336/638 311/337/640 320/154/641 319/153/639
f 311/337/640 308/333/634 317/515/635 320/154/641
s 1
f 97/146/146 96/145/145 321/42/42 322/41/41
f 98/147/147 97/146/146 322/41/41 324/44/44
f 99/148/148 98/147/147 324/44/44 325/45/45
f 100/149/149 99/148/148 325/45/45 326/46/46
f 101/150/150 100/149/149 326/46/46 327/47/47
f 102/151/151 101/150/150 327/47/47 328/48/48
f 103/335/623 102/151/151 328/48/48 329/49/49
f 104/155/155 103/335/623 329/49/49 330/50/50
f 105/156/156 104/155/155 330/50/50 331/51/51
f 106/157/157 105/156/156 331/51/51 332/52/52
f 107/158/158 106/157/157 332/52/52 333/53/53
f 108/159/159 107/158/158 333/53/53 334/54/54
f 109/160/160 108/159/159 334/54/54 335/55/55
f 110/161/161 109/160/160 335/55/55 336/56/56
f 111/162/162 110/161/161 336/56/56 337/57/57
f 96/145/145 111/162/162 337/57/57 321/42/42
s 17
f 354/378/642 355/339/643 356/340/644
f 357/341/645 358/388/646 355/339/643
f 355/339/643 358/388/646 359/387/647
f 355/339/643 359/387/647 360/386/648
f 355/339/643 360/386/648 361/385/649
f 355/339/643 361/385/649 362/383/650
f 355/339/643 362/383/650 363/382/651
f 355/339/643 363/382/651 364/379/652
f 355/339/643 364/379/652 356/340/644
f 365/377/653 355/339/643 354/378/642
f 366/376/654 355/339/643 365/377/653
f 367/375/655 355/339/643 366/376/654
f 368/374/656 355/339/643 367/375/655
f 369/373/657 355/339/643 368/374/656
f 370/371/658 355/339/643 369/373/657
f 357/341/645 355/339/643 370/371/658
s 11
f 249/300/534 250/301/536 338/355/659 339/356/660
f 241/291/517 242/293/520 341/357/661 340/358/662
f 242/293/520 243/294/522 342/359/663 341/357/661
f 243/294/522 244/295/524 343/360/664 342/359/663
f 244/295/524 245/296/526 344/361/665 343/360/664
f 245/296/526 246/297/528 345/362/666 344/361/665
f 246/297/528 247/389/530 346/384/667 345/362/666
f 247/298/530 248/299/532 347/364/668 346/363/667
f 248/299/532 249/300/534 339/356/660 347/364/668
f 250/301/536 251/302/538 348/365/669 338/355/659
f 251/302/538 252/303/540 349/366/670 348/365/669
f 252/303/540 253/304/542 350/367/671 349/366/670
f 253/304/542 254/305/544 351/368/672 350/367/671
f 254/305/544 255/306/546 352/369/673 351/368/672
f 255/306/546 240/292/518 353/370/674 352/369/673
f 240/292/518 241/291/517 340/358/662 353/370/674
s 19
f 339/356/675 338/355/676 354/338/677 356/380/678
f 340/358/679 341/357/680 358/342/681 357/372/682
f 341/357/680 342/359/683 359/343/684 358/342/681
f 342/359/683 343/360/685 360/344/686 359/343/684
f 343/360/685 344/361/687 361/345/688 360/344/686
f 344/361/687 345/362/689 362/346/690 361/345/688
f 345/362/689 346/384/691 363/381/692 362/346/690
f 346/363/691 347/364/693 364/348/694 363/347/692
f 347/364/693 339/356/675 356/380/678 364/348/694
f 338/355/676 348/365/695 365/349/696 354/338/677
f 348/365/695 349/366/697 366/350/698 365/349/696
f 349/366/697 350/367/699 367/351/700 366/350/698
f 350/367/699 351/368/701 368/352/702 367/351/700
f 351/368/701 352/369/703 369/353/704 368/352/702
f 352/369/703 353/370/705 370/354/706 369/353/704
f 353/370/705 340/358/679 357/372/682 370/354/706
s 1
f 1/573/39 2/587/1 279/4/4 280/40/40
s off
f 375/588/707 378/589/708 380/590/709 379/591/710
f 371/592/711 375/593/712 379/594/713 384/595/714
f 373/596/715 377/597/716 382/598/717 386/599/718
f 372/600/719 376/601/720 377/602/721 373/603/722
f 381/604/723 382/605/724 377/606/725 376/607/726
f 384/608/727 385/609/728 386/610/729 383/611/730
f 382/612/731 381/613/732 383/614/733 386/615/734
f 385/616/735 384/617/736 379/618/737 380/619/738
f 383/620/739 381/621/740 376/622/741 372/623/742
f 383/620/743 372/623/744 371/592/745 384/595/746
f 374/624/747 378/625/748 375/626/749 371/627/750
f 373/596/751 386/599/752 385/628/753 374/629/754
f 385/628/755 380/630/756 378/631/757 374/629/758
f 391/632/759 395/633/760 396/634/761 394/635/762
s 21
f 374/636/763 409/637/764 410/638/765 373/639/766
s off
f 387/640/767 400/641/768 395/642/769 391/643/770
f 389/644/771 402/645/772 398/646/773 393/647/774
f 388/648/775 389/649/776 393/650/777 392/651/778
f 397/652/779 392/653/780 393/654/781 398/655/782
s 22
f 372/656/783 407/657/784 408/658/785 371/659/786
s off
f 400/660/787 399/661/788 402/662/789 401/663/790
f 398/664/791 402/665/792 399/666/793 397/667/794
f 401/668/795 396/669/796 395/670/797 400/671/798
f 399/672/799 388/673/800 392/674/801 397/675/802
f 399/672/803 400/641/804 387/640/805 388/673/806
s 23
f 373/676/807 410/677/808 407/678/809 372/679/810
s off
f 390/680/811 387/681/812 391/682/813 394/683/814
s 24
f 371/684/815 408/685/816 409/686/817 374/687/818
s off
f 389/644/819 390/688/820 401/689/821 402/645/822
f 401/689/823 390/688/824 394/690/825 396/691/826
s 22
f 403/692/827 388/693/828 387/694/829 404/695/830
s 24
f 405/696/831 404/697/832 387/698/833 390/699/834
s 21
f 406/700/835 405/701/836 390/702/837 389/703/838
s 23
f 403/704/839 406/705/840 389/706/841 388/707/842
s 22
f 407/657/784 403/692/827 404/695/830 408/658/785
s 24
f 409/686/817 408/685/816 404/697/832 405/696/831
s 21
f 410/638/765 409/637/764 405/701/836 406/700/835
s 23
f 407/678/809 410/677/808 406/705/840 403/704/839
s 25
f 411/708/843 412/709/844 420/710/845 419/711/846
f 412/709/844 413/712/847 421/713/848 420/710/845
f 413/712/847 414/714/849 422/715/850 421/713/848
f 414/714/849 415/716/851 423/717/852 422/715/850
f 415/716/851 416/718/853 424/719/854 423/717/852
f 416/720/853 417/721/855 425/722/856 424/723/854
f 417/721/855 418/724/857 426/725/858 425/722/856
f 418/724/857 411/708/843 419/711/846 426/725/858
f 419/711/846 420/710/845 428/726/859 427/727/860
f 420/710/845 421/713/848 429/728/861 428/726/859
f 421/713/848 422/715/850 430/729/862 429/728/861
f 422/715/850 423/717/852 431/730/863 430/729/862
f 423/717/852 424/719/854 432/731/864 431/730/863
f 424/723/854 425/722/856 433/732/865 432/733/864
f 425/722/856 426/725/858 434/734/866 433/732/865
f 426/725/858 419/711/846 427/727/860 434/734/866
f 427/727/860 428/726/859 436/735/867 435/736/868
f 428/726/859 429/728/861 437/737/869 436/735/867
f 429/728/861 430/729/862 438/738/870 437/737/869
f 430/729/862 431/730/863 439/739/871 438/738/870
f 431/730/863 432/731/864 440/740/872 439/739/871
f 432/733/864 433/732/865 441/741/873 440/742/872
f 433/732/865 434/734/866 442/743/874 441/741/873
f 434/734/866 427/727/860 435/736/868 442/743/874
f 435/736/868 436/735/867 444/744/875 443/745/876
f 436/735/867 437/737/869 445/746/877 444/744/875
f 437/737/869 438/738/870 446/747/878 445/746/877
f 438/738/870 439/739/871 447/748/879 446/747/878
f 439/739/871 440/740/872 448/749/880 447/748/879
f 440/742/872 441/741/873 449/750/881 448/751/880
f 441/741/873 442/743/874 450/752/882 449/750/881
f 442/743/874 435/736/868 443/745/876 450/752/882
f 443/745/876 444/744/875 452/753/883 451/754/884
f 444/744/875 445/746/877 453/755/885 452/753/883
f 445/746/877 446/747/878 454/756/886 453/755/885
f 446/747/878 447/748/879 455/757/887 454/756/886
f 447/748/879 448/749/880 456/758/888 455/757/887
f 448/751/880 449/750/881 457/759/889 456/760/888
f 449/750/881 450/752/882 458/761/890 457/759/889
f 450/752/882 443/745/876 451/754/884 458/761/890
f 451/754/884 452/753/883 460/762/891 459/763/892
f 452/753/883 453/755/885 461/764/893 460/762/891
f 453/755/885 454/756/886 462/765/894 461/764/893
f 454/756/886 455/757/887 463/766/895 462/765/894
f 455/757/887 456/758/888 464/767/896 463/766/895
f 456/760/888 457/759/889 465/768/897 464/769/896
f 457/759/889 458/761/890 466/770/898 465/768/897
f 458/761/890 451/754/884 459/763/892 466/770/898
f 459/763/892 460/762/891 468/771/899 467/772/900
f 460/762/891 461/764/893 469/773/901 468/771/899
f 461/764/893 462/765/894 470/774/902 469/773/901
f 462/765/894 463/766/895 471/775/903 470/774/902
f 463/766/895 464/767/896 472/776/904 471/775/903
f 464/769/896 465/768/897 473/777/905 472/778/904
f 465/768/897 466/770/898 474/779/906 473/777/905
f 466/770/898 459/763/892 467/772/900 474/779/906
f 467/772/900 468/771/899 476/780/907 475/781/908
f 468/771/899 469/773/901 477/782/909 476/780/907
f 469/773/901 470/774/902 478/783/910 477/782/909
f 470/774/902 471/775/903 479/784/911 478/783/910
f 471/775/903 472/776/904 480/785/912 479/784/911
f 472/778/904 473/777/905 481/786/913 480/787/912
f 473/777/905 474/779/906 482/788/914 481/786/913
f 474/779/906 467/772/900 475/781/908 482/788/914
f 475/781/908 476/780/907 484/789/915 483/790/916
f 476/780/907 477/782/909 485/791/917 484/789/915
f 477/782/909 478/783/910 486/792/918 485/791/917
f 478/783/910 479/784/911 487/793/919 486/792/918
f 479/784/911 480/785/912 488/794/920 487/793/919
f 480/787/912 481/786/913 489/795/921 488/796/920
f 481/786/913 482/788/914 490/797/922 489/795/921
f 482/788/914 475/781/908 483/790/916 490/797/922
f 491/798/923 492/799/924 493/800/925
f 495/801/926 494/802/927 492/799/924
f 492/799/924 494/802/927 496/803/928
f 492/799/924 496/803/928 497/804/929
f 492/799/924 497/804/929 493/800/925
f 498/805/930 492/799/924 491/798/923
f 499/806/931 492/799/924 498/805/930
f 495/801/926 492/799/924 499/806/931
f 487/807/919 488/808/920 491/798/923 493/800/925
f 483/809/916 484/810/915 494/802/927 495/801/926
f 484/810/915 485/811/917 496/803/928 494/802/927
f 485/811/917 486/812/918 497/804/929 496/803/928
f 486/812/918 487/807/919 493/800/925 497/804/929
f 488/808/920 489/813/921 498/805/930 491/798/923
f 489/813/921 490/814/922 499/806/931 498/805/930
f 490/814/922 483/809/916 495/801/926 499/806/931
g default
v 3.289671 0.500963 -0.038225
v 3.272626 0.500963 -0.055269
v 3.249342 0.500963 -0.061508
v 3.226059 0.500963 -0.055269
v 3.209014 0.500963 -0.038225
v 3.202775 0.500963 -0.014941
v 3.209014 0.500963 0.008343
v 3.226059 0.500963 0.025388
v 3.249342 0.500963 0.031626
v 3.272626 0.500963 0.025388
v 3.289671 0.500963 0.008343
v 3.295910 0.500963 -0.014941
v 3.327251 0.518937 -0.059922
v 3.294323 0.518937 -0.092850
v 3.249342 0.518937 -0.104902
v 3.204362 0.518937 -0.092850
v 3.171434 0.518937 -0.059922
v 3.159381 0.518937 -0.014941
v 3.171434 0.518937 0.030040
v 3.204362 0.518937 0.062968
v 3.249342 0.518937 0.075020
v 3.294323 0.518937 0.062968
v 3.327251 0.518937 0.030040
v 3.339304 0.518937 -0.014941
v 3.359522 0.547530 -0.078553
v 3.312955 0.547530 -0.125121
v 3.249342 0.547530 -0.142165
v 3.185730 0.547530 -0.125121
v 3.139163 0.547530 -0.078553
v 3.122118 0.547530 -0.014941
v 3.139163 0.547530 0.048671
v 3.185730 0.547530 0.095239
v 3.249342 0.547530 0.112284
v 3.312955 0.547530 0.095239
v 3.359522 0.547530 0.048671
v 3.376567 0.547530 -0.014941
v 3.384284 0.584794 -0.092850
v 3.327251 0.584794 -0.149883
v 3.249342 0.584794 -0.170759
v 3.171433 0.584794 -0.149883
v 3.114400 0.584794 -0.092850
v 3.093525 0.584794 -0.014941
v 3.114400 0.584794 0.062968
v 3.171433 0.584794 0.120001
v 3.249342 0.584794 0.140877
v 3.327251 0.584794 0.120001
v 3.384284 0.584794 0.062968
v 3.405160 0.584794 -0.014941
v 3.399851 0.628187 -0.101837
v 3.336238 0.628187 -0.165449
v 3.249342 0.628187 -0.188733
v 3.162446 0.628187 -0.165449
v 3.098834 0.628187 -0.101837
v 3.075550 0.628187 -0.014941
v 3.098834 0.628187 0.071955
v 3.162446 0.628187 0.135567
v 3.249342 0.628187 0.158851
v 3.336238 0.628187 0.135567
v 3.399851 0.628187 0.071955
v 3.423134 0.628187 -0.014941
v 3.405160 0.674755 -0.104902
v 3.339304 0.674755 -0.170759
v 3.249342 0.674755 -0.194864
v 3.159381 0.674755 -0.170759
v 3.093525 0.674755 -0.104902
v 3.069420 0.674755 -0.014941
v 3.093525 0.674755 0.075020
v 3.159381 0.674755 0.140877
v 3.249342 0.674755 0.164982
v 3.339304 0.674755 0.140877
v 3.405160 0.674755 0.075020
v 3.429265 0.674755 -0.014941
v 3.399851 0.721322 -0.101837
v 3.336238 0.721322 -0.165449
v 3.249342 0.721322 -0.188733
v 3.162446 0.721322 -0.165449
v 3.098834 0.721322 -0.101837
v 3.075550 0.721322 -0.014941
v 3.098834 0.721322 0.071955
v 3.162446 0.721322 0.135567
v 3.249342 0.721322 0.158851
v 3.336238 0.721322 0.135567
v 3.399851 0.721322 0.071955
v 3.423134 0.721322 -0.014941
v 3.384284 0.764716 -0.092850
v 3.327251 0.764716 -0.149883
v 3.249342 0.764716 -0.170759
v 3.171433 0.764716 -0.149883
v 3.114400 0.764716 -0.092850
v 3.093525 0.764716 -0.014941
v 3.114400 0.764716 0.062968
v 3.171433 0.764716 0.120001
v 3.249342 0.764716 0.140877
v 3.327251 0.764716 0.120001
v 3.384284 0.764716 0.062968
v 3.405160 0.764716 -0.014941
v 3.359522 0.801979 -0.078553
v 3.312955 0.801979 -0.125121
v 3.249342 0.801979 -0.142165
v 3.185730 0.801979 -0.125121
v 3.139163 0.801979 -0.078553
v 3.122118 0.801979 -0.014941
v 3.139163 0.801979 0.048671
v 3.185730 0.801979 0.095239
v 3.249342 0.801979 0.112284
v 3.312955 0.801979 0.095239
v 3.359522 0.801979 0.048671
v 3.376567 0.801979 -0.014941
v 3.327251 0.830573 -0.059922
v 3.294323 0.830573 -0.092850
v 3.249342 0.830573 -0.104902
v 3.204362 0.830573 -0.092850
v 3.171434 0.830573 -0.059922
v 3.159381 0.830573 -0.014941
v 3.171434 0.830573 0.030040
v 3.204362 0.830573 0.062968
v 3.249342 0.830573 0.075020
v 3.294323 0.830573 0.062968
v 3.327251 0.830573 0.030040
v 3.339304 0.830573 -0.014941
v 3.289671 0.848547 -0.038225
v 3.272626 0.848547 -0.055269
v 3.249342 0.848547 -0.061508
v 3.226059 0.848547 -0.055269
v 3.209014 0.848547 -0.038225
v 3.202775 0.848547 -0.014941
v 3.209014 0.848547 0.008343
v 3.226059 0.848547 0.025388
v 3.249342 0.848547 0.031626
v 3.272626 0.848547 0.025388
v 3.289671 0.848547 0.008343
v 3.295910 0.848547 -0.014941
v 3.249342 0.494832 -0.014941
v 3.249342 0.854678 -0.014941
vt 0.447188 0.654686
vt 0.449254 0.657627
vt 0.439659 0.662592
vt 0.435075 0.658219
vt 0.452556 0.659753
vt 0.445383 0.665434
vt 0.456576 0.661145
vt 0.451701 0.667194
vt 0.460987 0.661925
vt 0.458333 0.668173
vt 0.465575 0.662187
vt 0.465124 0.668542
vt 0.470183 0.661969
vt 0.471967 0.668364
vt 0.474652 0.661247
vt 0.478758 0.667610
vt 0.478775 0.659929
vt 0.485360 0.666142
vt 0.482220 0.657868
vt 0.491541 0.663680
vt 0.484439 0.654914
vt 0.496870 0.659724
vt 0.484557 0.651067
vt 0.432771 0.651783
vt 0.432776 0.668966
vt 0.425705 0.664315
vt 0.440439 0.671796
vt 0.448389 0.673484
vt 0.456492 0.674413
vt 0.464683 0.674785
vt 0.472929 0.674683
vt 0.481200 0.674092
vt 0.489463 0.672897
vt 0.497668 0.670824
vt 0.505741 0.667295
vt 0.419998 0.656651
vt 0.427909 0.676273
vt 0.418766 0.672232
vt 0.437016 0.678632
vt 0.446103 0.680006
vt 0.455188 0.680760
vt 0.464290 0.681085
vt 0.473434 0.681068
vt 0.482650 0.680722
vt 0.491987 0.679985
vt 0.501544 0.678687
vt 0.511570 0.676417
vt 0.409609 0.665096
vt 0.424814 0.684194
vt 0.414230 0.681393
vt 0.434855 0.685787
vt 0.444643 0.686700
vt 0.454311 0.687208
vt 0.463938 0.687460
vt 0.473588 0.687534
vt 0.483327 0.687469
vt 0.493249 0.687278
vt 0.503539 0.686936
vt 0.514629 0.686339
vt 0.402377 0.676262
vt 0.423407 0.692466
vt 0.412146 0.691296
vt 0.433850 0.693120
vt 0.443918 0.693491
vt 0.453802 0.693717
vt 0.463609 0.693881
vt 0.473415 0.694047
vt 0.483299 0.694276
vt 0.493365 0.694654
vt 0.503806 0.695317
vt 0.515065 0.696500
vt 0.398889 0.689164
vt 0.423678 0.700845
vt 0.412588 0.701455
vt 0.433968 0.700495
vt 0.443891 0.700298
vt 0.453629 0.700230
vt 0.463279 0.700303
vt 0.472906 0.700556
vt 0.482572 0.701068
vt 0.492358 0.701988
vt 0.502396 0.703590
vt 0.512975 0.706403
vt 0.399537 0.702709
vt 0.425676 0.709092
vt 0.415651 0.711372
vt 0.435232 0.707787
vt 0.444568 0.707045
vt 0.453783 0.706695
vt 0.462926 0.706678
vt 0.472027 0.707004
vt 0.481110 0.707762
vt 0.490194 0.709142
vt 0.499297 0.711510
vt 0.508432 0.715562
vt 0.404499 0.715692
vt 0.429552 0.716953
vt 0.421482 0.720488
vt 0.437756 0.714874
vt 0.446018 0.713674
vt 0.454287 0.713081
vt 0.462532 0.712978
vt 0.470722 0.713351
vt 0.478821 0.714284
vt 0.486767 0.715978
vt 0.494425 0.718814
vt 0.501488 0.723474
vt 0.413713 0.726761
vt 0.435678 0.724093
vt 0.430351 0.728053
vt 0.441858 0.721627
vt 0.448458 0.720156
vt 0.455248 0.719400
vt 0.462089 0.719222
vt 0.468878 0.719592
vt 0.475507 0.720574
vt 0.481820 0.722338
vt 0.487539 0.725184
vt 0.492114 0.729563
vt 0.426774 0.734349
vt 0.444995 0.729901
vt 0.442777 0.732857
vt 0.448439 0.727839
vt 0.452561 0.726518
vt 0.457029 0.725796
vt 0.461635 0.725578
vt 0.466221 0.725841
vt 0.470629 0.726622
vt 0.474646 0.728016
vt 0.477943 0.730145
vt 0.480003 0.733086
vt 0.442660 0.736704
vt 0.465474 0.654610
vt 0.461730 0.733156
vt 0.480064 0.736705
vt 0.447120 0.651067
vt 0.494407 0.736002
vt 0.507181 0.731146
vt 0.517576 0.722711
vt 0.524819 0.711552
vt 0.528318 0.698650
vt 0.527681 0.685099
vt 0.522725 0.672109
vt 0.513514 0.661029
vt 0.500451 0.653430
vn 0.289758 -0.942366 -0.167293
vn 0.167291 -0.942366 -0.289758
vn 0.270243 -0.841352 -0.468077
vn 0.468077 -0.841352 -0.270244
vn -0.000000 -0.942366 -0.334585
vn -0.000000 -0.841352 -0.540487
vn -0.167294 -0.942365 -0.289760
vn -0.270245 -0.841351 -0.468077
vn -0.289759 -0.942365 -0.167294
vn -0.468077 -0.841351 -0.270245
vn -0.334586 -0.942365 0.000000
vn -0.540489 -0.841351 0.000000
vn -0.289759 -0.942365 0.167294
vn -0.468076 -0.841352 0.270244
vn -0.167293 -0.942365 0.289759
vn -0.270245 -0.841352 0.468076
vn -0.000000 -0.942366 0.334585
vn -0.000000 -0.841352 0.540487
vn 0.167291 -0.942366 0.289758
vn 0.270243 -0.841353 0.468076
vn 0.289758 -0.942366 0.167292
vn 0.468076 -0.841352 0.270244
vn 0.334584 -0.942366 0.000000
vn 0.540488 -0.841352 0.000000
vn 0.364806 -0.683861 -0.631863
vn 0.631862 -0.683862 -0.364806
vn 0.000000 -0.683863 -0.729611
vn -0.364805 -0.683863 -0.631861
vn -0.631861 -0.683863 -0.364806
vn -0.729610 -0.683863 0.000000
vn -0.631861 -0.683864 0.364805
vn -0.364806 -0.683862 0.631862
vn -0.000000 -0.683862 0.729611
vn 0.364806 -0.683862 0.631862
vn 0.631863 -0.683861 0.364806
vn 0.729611 -0.683862 0.000000
vn 0.438134 -0.481822 -0.758872
vn 0.758871 -0.481822 -0.438135
vn 0.000000 -0.481823 -0.876269
vn -0.438135 -0.481824 -0.758870
vn -0.758870 -0.481825 -0.438134
vn -0.876268 -0.481824 0.000000
vn -0.758871 -0.481823 0.438134
vn -0.438134 -0.481823 0.758871
vn -0.000000 -0.481822 0.876269
vn 0.438134 -0.481822 0.758872
vn 0.758872 -0.481821 0.438135
vn 0.876269 -0.481822 0.000000
vn 0.484272 -0.248838 -0.838785
vn 0.838785 -0.248837 -0.484272
vn 0.000000 -0.248836 -0.968546
vn -0.484273 -0.248835 -0.838785
vn -0.838785 -0.248835 -0.484273
vn -0.968546 -0.248836 0.000000
vn -0.838785 -0.248835 0.484273
vn -0.484273 -0.248835 0.838785
vn -0.000000 -0.248837 0.968545
vn 0.484272 -0.248838 0.838785
vn 0.838785 -0.248839 0.484272
vn 0.968545 -0.248837 -0.000000
vn 0.500000 0.000000 -0.866026
vn 0.866026 0.000000 -0.500000
vn -0.000000 0.000000 -1.000000
vn -0.500000 0.000000 -0.866026
vn -0.866025 -0.000000 -0.500000
vn -1.000000 -0.000000 0.000000
vn -0.866025 0.000000 0.500000
vn -0.500000 0.000000 0.866026
vn 0.000000 0.000000 1.000000
vn 0.500000 -0.000000 0.866026
vn 0.866026 -0.000000 0.500000
vn 1.000000 -0.000000 -0.000000
vn 0.484272 0.248837 -0.838785
vn 0.838785 0.248837 -0.484272
vn 0.000000 0.248837 -0.968545
vn -0.484273 0.248836 -0.838785
vn -0.838785 0.248835 -0.484273
vn -0.968545 0.248837 -0.000000
vn -0.838785 0.248836 0.484273
vn -0.484273 0.248835 0.838785
vn -0.000000 0.248837 0.968545
vn 0.484272 0.248838 0.838785
vn 0.838785 0.248839 0.484272
vn 0.968545 0.248837 0.000000
vn 0.438134 0.481821 -0.758872
vn 0.758872 0.481821 -0.438135
vn 0.000000 0.481823 -0.876269
vn -0.438134 0.481824 -0.758870
vn -0.758870 0.481825 -0.438134
vn -0.876267 0.481826 -0.000000
vn -0.758870 0.481825 0.438134
vn -0.438134 0.481824 0.758870
vn 0.000000 0.481823 0.876269
vn 0.438134 0.481822 0.758872
vn 0.758872 0.481821 0.438135
vn 0.876270 0.481821 0.000000
vn 0.364806 0.683861 -0.631863
vn 0.631863 0.683862 -0.364805
vn -0.000000 0.683862 -0.729611
vn -0.364805 0.683863 -0.631861
vn -0.631861 0.683863 -0.364806
vn -0.729609 0.683864 -0.000000
vn -0.631860 0.683864 0.364805
vn -0.364805 0.683863 0.631861
vn 0.000000 0.683862 0.729611
vn 0.364806 0.683861 0.631863
vn 0.631864 0.683860 0.364806
vn 0.729612 0.683862 0.000000
vn 0.270243 0.841352 -0.468076
vn 0.468077 0.841352 -0.270243
vn -0.000000 0.841353 -0.540487
vn -0.270245 0.841351 -0.468076
vn -0.468078 0.841351 -0.270245
vn -0.540489 0.841351 -0.000000
vn -0.468076 0.841352 0.270244
vn -0.270245 0.841352 0.468076
vn 0.000000 0.841352 0.540488
vn 0.270244 0.841352 0.468077
vn 0.468076 0.841352 0.270244
vn 0.540488 0.841352 0.000000
vn 0.167292 0.942366 -0.289758
vn 0.289759 0.942366 -0.167292
vn 0.000000 0.942367 -0.334582
vn -0.167293 0.942366 -0.289758
vn -0.289760 0.942366 -0.167292
vn -0.334585 0.942365 0.000001
vn -0.289760 0.942365 0.167293
vn -0.167293 0.942366 0.289758
vn -0.000000 0.942366 0.334583
vn 0.167291 0.942366 0.289758
vn 0.289758 0.942366 0.167292
vn 0.334585 0.942366 0.000001
vn -0.000000 -1.000000 -0.000000
vn -0.000000 1.000000 0.000000
s 1
g Bola1
usemtl initialShadingGroup
f 500/815/932 501/816/933 513/817/934 512/818/935
f 501/816/933 502/819/936 514/820/937 513/817/934
f 502/819/936 503/821/938 515/822/939 514/820/937
f 503/821/938 504/823/940 516/824/941 515/822/939
f 504/823/940 505/825/942 517/826/943 516/824/941
f 505/825/942 506/827/944 518/828/945 517/826/943
f 506/827/944 507/829/946 519/830/947 518/828/945
f 507/829/946 508/831/948 520/832/949 519/830/947
f 508/831/948 509/833/950 521/834/951 520/832/949
f 509/833/950 510/835/952 522/836/953 521/834/951
f 510/835/952 511/837/954 523/959/955 522/836/953
f 511/950/954 500/815/932 512/818/935 523/838/955
f 512/818/935 513/817/934 525/839/956 524/840/957
f 513/817/934 514/820/937 526/841/958 525/839/956
f 514/820/937 515/822/939 527/842/959 526/841/958
f 515/822/939 516/824/941 528/843/960 527/842/959
f 516/824/941 517/826/943 529/844/961 528/843/960
f 517/826/943 518/828/945 530/845/962 529/844/961
f 518/828/945 519/830/947 531/846/963 530/845/962
f 519/830/947 520/832/949 532/847/964 531/846/963
f 520/832/949 521/834/951 533/848/965 532/847/964
f 521/834/951 522/836/953 534/849/966 533/848/965
f 522/836/953 523/959/955 535/958/967 534/849/966
f 523/838/955 512/818/935 524/840/957 535/850/967
f 524/840/957 525/839/956 537/851/968 536/852/969
f 525/839/956 526/841/958 538/853/970 537/851/968
f 526/841/958 527/842/959 539/854/971 538/853/970
f 527/842/959 528/843/960 540/855/972 539/854/971
f 528/843/960 529/844/961 541/856/973 540/855/972
f 529/844/961 530/845/962 542/857/974 541/856/973
f 530/845/962 531/846/963 543/858/975 542/857/974
f 531/846/963 532/847/964 544/859/976 543/858/975
f 532/847/964 533/848/965 545/860/977 544/859/976
f 533/848/965 534/849/966 546/861/978 545/860/977
f 534/849/966 535/958/967 547/957/979 546/861/978
f 535/850/967 524/840/957 536/852/969 547/862/979
f 536/852/969 537/851/968 549/863/980 548/864/981
f 537/851/968 538/853/970 550/865/982 549/863/980
f 538/853/970 539/854/971 551/866/983 550/865/982
f 539/854/971 540/855/972 552/867/984 551/866/983
f 540/855/972 541/856/973 553/868/985 552/867/984
f 541/856/973 542/857/974 554/869/986 553/868/985
f 542/857/974 543/858/975 555/870/987 554/869/986
f 543/858/975 544/859/976 556/871/988 555/870/987
f 544/859/976 545/860/977 557/872/989 556/871/988
f 545/860/977 546/861/978 558/873/990 557/872/989
f 546/861/978 547/957/979 559/956/991 558/873/990
f 547/862/979 536/852/969 548/864/981 559/874/991
f 548/864/981 549/863/980 561/875/992 560/876/993
f 549/863/980 550/865/982 562/877/994 561/875/992
f 550/865/982 551/866/983 563/878/995 562/877/994
f 551/866/983 552/867/984 564/879/996 563/878/995
f 552/867/984 553/868/985 565/880/997 564/879/996
f 553/868/985 554/869/986 566/881/998 565/880/997
f 554/869/986 555/870/987 567/882/999 566/881/998
f 555/870/987 556/871/988 568/883/1000 567/882/999
f 556/871/988 557/872/989 569/884/1001 568/883/1000
f 557/872/989 558/873/990 570/885/1002 569/884/1001
f 558/873/990 559/956/991 571/955/1003 570/885/1002
f 559/874/991 548/864/981 560/876/993 571/886/1003
f 560/876/993 561/875/992 573/887/1004 572/888/1005
f 561/875/992 562/877/994 574/889/1006 573/887/1004
f 562/877/994 563/878/995 575/890/1007 574/889/1006
f 563/878/995 564/879/996 576/891/1008 575/890/1007
f 564/879/996 565/880/997 577/892/1009 576/891/1008
f 565/880/997 566/881/998 578/893/1010 577/892/1009
f 566/881/998 567/882/999 579/894/1011 578/893/1010
f 567/882/999 568/883/1000 580/895/1012 579/894/1011
f 568/883/1000 569/884/1001 581/896/1013 580/895/1012
f 569/884/1001 570/885/1002 582/897/1014 581/896/1013
f 570/885/1002 571/955/1003 583/954/1015 582/897/1014
f 571/886/1003 560/876/993 572/888/1005 583/898/1015
f 572/888/1005 573/887/1004 585/899/1016 584/900/1017
f 573/887/1004 574/889/1006 586/901/1018 585/899/1016
f 574/889/1006 575/890/1007 587/902/1019 586/901/1018
f 575/890/1007 576/891/1008 588/903/1020 587/902/1019
f 576/891/1008 577/892/1009 589/904/1021 588/903/1020
f 577/892/1009 578/893/1010 590/905/1022 589/904/1021
f 578/893/1010 579/894/1011 591/906/1023 590/905/1022
f 579/894/1011 580/895/1012 592/907/1024 591/906/1023
f 580/895/1012 581/896/1013 593/908/1025 592/907/1024
f 581/896/1013 582/897/1014 594/909/1026 593/908/1025
f 582/897/1014 583/954/1015 595/953/1027 594/909/1026
f 583/898/1015 572/888/1005 584/900/1017 595/910/1027
f 584/900/1017 585/899/1016 597/911/1028 596/912/1029
f 585/899/1016 586/901/1018 598/913/1030 597/911/1028
f 586/901/1018 587/902/1019 599/914/1031 598/913/1030
f 587/902/1019 588/903/1020 600/915/1032 599/914/1031
f 588/903/1020 589/904/1021 601/916/1033 600/915/1032
f 589/904/1021 590/905/1022 602/917/1034 601/916/1033
f 590/905/1022 591/906/1023 603/918/1035 602/917/1034
f 591/906/1023 592/907/1024 604/919/1036 603/918/1035
f 592/907/1024 593/908/1025 605/920/1037 604/919/1036
f 593/908/1025 594/909/1026 606/921/1038 605/920/1037
f 594/909/1026 595/953/1027 607/952/1039 606/921/1038
f 595/910/1027 584/900/1017 596/912/1029 607/922/1039
f 596/912/1029 597/911/1028 609/923/1040 608/924/1041
f 597/911/1028 598/913/1030 610/925/1042 609/923/1040
f 598/913/1030 599/914/1031 611/926/1043 610/925/1042
f 599/914/1031 600/915/1032 612/927/1044 611/926/1043
f 600/915/1032 601/916/1033 613/928/1045 612/927/1044
f 601/916/1033 602/917/1034 614/929/1046 613/928/1045
f 602/917/1034 603/918/1035 615/930/1047 614/929/1046
f 603/918/1035 604/919/1036 616/931/1048 615/930/1047
f 604/919/1036 605/920/1037 617/932/1049 616/931/1048
f 605/920/1037 606/921/1038 618/933/1050 617/932/1049
f 606/921/1038 607/952/1039 619/951/1051 618/933/1050
f 607/922/1039 596/912/1029 608/924/1041 619/934/1051
f 608/924/1041 609/923/1040 621/935/1052 620/936/1053
f 609/923/1040 610/925/1042 622/937/1054 621/935/1052
f 610/925/1042 611/926/1043 623/938/1055 622/937/1054
f 611/926/1043 612/927/1044 624/939/1056 623/938/1055
f 612/927/1044 613/928/1045 625/940/1057 624/939/1056
f 613/928/1045 614/929/1046 626/941/1058 625/940/1057
f 614/929/1046 615/930/1047 627/942/1059 626/941/1058
f 615/930/1047 616/931/1048 628/943/1060 627/942/1059
f 616/931/1048 617/932/1049 629/944/1061 628/943/1060
f 617/932/1049 618/933/1050 630/945/1062 629/944/1061
f 618/933/1050 619/951/1051 631/949/1063 630/945/1062
f 619/934/1051 608/924/1041 620/936/1053 631/946/1063
f 501/816/933 500/815/932 632/947/1064
f 502/819/936 501/816/933 632/947/1064
f 503/821/938 502/819/936 632/947/1064
f 504/823/940 503/821/938 632/947/1064
f 505/825/942 504/823/940 632/947/1064
f 506/827/944 505/825/942 632/947/1064
f 507/829/946 506/827/944 632/947/1064
f 508/831/948 507/829/946 632/947/1064
f 509/833/950 508/831/948 632/947/1064
f 510/835/952 509/833/950 632/947/1064
f 511/837/954 510/835/952 632/947/1064
f 500/815/932 511/950/954 632/947/1064
f 620/936/1053 621/935/1052 633/948/1065
f 621/935/1052 622/937/1054 633/948/1065
f 622/937/1054 623/938/1055 633/948/1065
f 623/938/1055 624/939/1056 633/948/1065
f 624/939/1056 625/940/1057 633/948/1065
f 625/940/1057 626/941/1058 633/948/1065
f 626/941/1058 627/942/1059 633/948/1065
f 627/942/1059 628/943/1060 633/948/1065
f 628/943/1060 629/944/1061 633/948/1065
f 629/944/1061 630/945/1062 633/948/1065
f 630/945/1062 631/949/1063 633/948/1065
f 631/946/1063 620/936/1053 633/948/1065
g default
v 1.058848 0.092349 -1.519261
v 0.994950 0.092349 -1.614891
v 0.899320 0.092349 -1.678789
v 0.786517 0.092349 -1.701227
v 0.673713 0.092349 -1.678789
v 0.578083 0.092349 -1.614891
v 0.514185 0.092349 -1.519261
v 0.491747 0.092349 -1.406458
v 0.514185 0.092349 -1.293654
v 0.578083 0.092349 -1.198024
v 0.673713 0.092349 -1.134126
v 0.786516 0.092349 -1.111688
v 0.899320 0.092349 -1.134126
v 0.994950 0.092349 -1.198024
v 1.058848 0.092349 -1.293654
v 1.081286 0.092349 -1.406458
v 1.058848 0.833830 -1.519261
v 0.994950 0.833830 -1.614891
v 0.899320 0.833830 -1.678789
v 0.786517 0.833830 -1.701227
v 0.673713 0.833830 -1.678789
v 0.578083 0.833830 -1.614891
v 0.514185 0.833830 -1.519261
v 0.491747 0.833830 -1.406458
v 0.514185 0.833830 -1.293654
v 0.578083 0.833830 -1.198024
v 0.673713 0.833830 -1.134126
v 0.786516 0.833830 -1.111688
v 0.899320 0.833830 -1.134126
v 0.994950 0.833830 -1.198024
v 1.058848 0.833830 -1.293654
v 1.081286 0.833830 -1.406458
v 1.010253 0.092349 -1.499132
v 0.957757 0.092349 -1.577698
v 0.879191 0.092349 -1.630194
v 0.786517 0.092349 -1.648628
v 0.693842 0.092349 -1.630194
v 0.615276 0.092349 -1.577698
v 0.562780 0.092349 -1.499132
v 0.544346 0.092349 -1.406458
v 0.562780 0.092349 -1.313783
v 0.615276 0.092349 -1.235217
v 0.693842 0.092349 -1.182721
v 0.786516 0.092349 -1.164287
v 0.879191 0.092349 -1.182721
v 0.957757 0.092349 -1.235217
v 1.010253 0.092349 -1.313783
v 1.028687 0.092349 -1.406458
v 1.010253 0.833830 -1.499132
v 0.957757 0.833830 -1.577698
v 0.879191 0.833830 -1.630194
v 0.786517 0.833830 -1.648628
v 0.693842 0.833830 -1.630194
v 0.615276 0.833830 -1.577698
v 0.562780 0.833830 -1.499132
v 0.544346 0.833830 -1.406458
v 0.562780 0.833830 -1.313783
v 0.615276 0.833830 -1.235217
v 0.693842 0.833830 -1.182721
v 0.786516 0.833830 -1.164287
v 0.879191 0.833830 -1.182721
v 0.957757 0.833830 -1.235217
v 1.010253 0.833830 -1.313783
v 1.028687 0.833830 -1.406458
v 1.010253 0.137145 -1.499132
v 0.957757 0.137145 -1.577698
v 0.786516 0.137145 -1.406458
v 0.879191 0.137145 -1.630194
v 0.786517 0.137145 -1.648628
v 0.693842 0.137145 -1.630194
v 0.615276 0.137145 -1.577698
v 0.562780 0.137145 -1.499132
v 0.544346 0.137145 -1.406458
v 0.562780 0.137145 -1.313783
v 0.615276 0.137145 -1.235217
v 0.693842 0.137145 -1.182721
v 0.786516 0.137145 -1.164287
v 0.879191 0.137145 -1.182721
v 0.957757 0.137145 -1.235217
v 1.010253 0.137145 -1.313783
v 1.028687 0.137145 -1.406458
v 1.010253 0.789034 -1.499132
v 0.957757 0.789034 -1.577698
v 0.786516 0.789034 -1.406458
v 0.879191 0.789034 -1.630194
v 0.786517 0.789034 -1.648628
v 0.693842 0.789034 -1.630194
v 0.615276 0.789034 -1.577698
v 0.562780 0.789034 -1.499132
v 0.544346 0.789034 -1.406458
v 0.562780 0.789034 -1.313783
v 0.615276 0.789034 -1.235217
v 0.693842 0.789034 -1.182721
v 0.786516 0.789034 -1.164287
v 0.879191 0.789034 -1.182721
v 0.957757 0.789034 -1.235217
v 1.010253 0.789034 -1.313783
v 1.028687 0.789034 -1.406458
v 1.025417 0.654178 -1.167557
v 1.033037 0.563098 -1.159937
v 0.915809 0.654178 -1.094318
v 0.919932 0.563098 -1.084363
v 0.786516 0.654178 -1.068600
v 0.786516 0.563098 -1.057825
v 0.657224 0.654178 -1.094318
v 0.653100 0.563098 -1.084363
v 0.547615 0.654178 -1.167557
v 0.539996 0.563098 -1.159937
v 0.474377 0.654178 -1.277165
v 0.464422 0.563098 -1.273042
v 0.448659 0.654178 -1.406458
v 0.437884 0.563098 -1.406458
v 0.474377 0.654178 -1.535750
v 0.464422 0.563098 -1.539874
v 0.547615 0.654178 -1.645359
v 0.539996 0.563098 -1.652978
v 0.657224 0.654178 -1.718597
v 0.653101 0.563098 -1.728552
v 0.786517 0.654178 -1.744314
v 0.786517 0.563098 -1.755090
v 0.915809 0.654178 -1.718597
v 0.919932 0.563098 -1.728552
v 1.025418 0.654178 -1.645359
v 1.033037 0.563098 -1.652978
v 1.098656 0.654178 -1.535750
v 1.108611 0.563098 -1.539873
v 1.124374 0.654178 -1.406458
v 1.135149 0.563098 -1.406458
v 1.098656 0.654178 -1.277165
v 1.108611 0.563098 -1.273042
v 1.033037 0.363081 -1.159937
v 1.025417 0.272001 -1.167557
v 0.915809 0.272001 -1.094318
v 0.919932 0.363081 -1.084363
v 0.786516 0.272001 -1.068600
v 0.786516 0.363081 -1.057825
v 0.657224 0.272001 -1.094318
v 0.653100 0.363081 -1.084363
v 0.547615 0.272001 -1.167557
v 0.539996 0.363081 -1.159937
v 0.474377 0.272001 -1.277165
v 0.464422 0.363081 -1.273042
v 0.448659 0.272001 -1.406458
v 0.437884 0.363081 -1.406458
v 0.474377 0.272001 -1.535750
v 0.464422 0.363081 -1.539874
v 0.547615 0.272001 -1.645359
v 0.539996 0.363081 -1.652978
v 0.657224 0.272001 -1.718597
v 0.653101 0.363081 -1.728552
v 0.786517 0.272001 -1.744314
v 0.786517 0.363081 -1.755090
v 0.915809 0.272001 -1.718597
v 0.919932 0.363081 -1.728552
v 1.025418 0.272001 -1.645359
v 1.033037 0.363081 -1.652978
v 1.098656 0.272001 -1.535750
v 1.108611 0.363081 -1.539873
v 1.124374 0.272001 -1.406458
v 1.135149 0.363081 -1.406458
v 1.098656 0.272001 -1.277165
v 1.108611 0.363081 -1.273042
v 1.025417 0.654178 -1.167557
v 0.915809 0.654178 -1.094318
v 0.786516 0.654178 -1.068600
v 0.657224 0.654178 -1.094318
v 0.547615 0.654178 -1.167557
v 0.474377 0.654178 -1.277165
v 0.448659 0.654178 -1.406458
v 0.474377 0.654178 -1.535750
v 0.547615 0.654178 -1.645359
v 0.657224 0.654178 -1.718597
v 0.786517 0.654178 -1.744314
v 0.915809 0.654178 -1.718597
v 1.025418 0.654178 -1.645358
v 1.098656 0.654178 -1.535750
v 1.124374 0.654178 -1.406457
v 1.098656 0.654178 -1.277165
v 1.025417 0.272001 -1.167557
v 0.915809 0.272001 -1.094318
v 0.786516 0.272001 -1.068600
v 0.657224 0.272001 -1.094318
v 0.547615 0.272001 -1.167557
v 0.474377 0.272001 -1.277165
v 0.448659 0.272001 -1.406458
v 0.474377 0.272001 -1.535750
v 0.547615 0.272001 -1.645359
v 0.657224 0.272001 -1.718597
v 0.786517 0.272001 -1.744314
v 0.915809 0.272001 -1.718597
v 1.025418 0.272001 -1.645358
v 1.098656 0.272001 -1.535750
v 1.124374 0.272001 -1.406457
v 1.098656 0.272001 -1.277165
v 1.108671 0.719648 -1.406457
v 1.084149 0.719648 -1.529741
v 1.014314 0.719648 -1.634255
v 0.909800 0.719648 -1.704090
v 0.786517 0.719648 -1.728612
v 0.663233 0.719648 -1.704090
v 0.558719 0.719648 -1.634256
v 0.488884 0.719648 -1.529741
v 0.464361 0.719648 -1.406458
v 0.488884 0.719648 -1.283174
v 0.558719 0.719648 -1.178660
v 0.663233 0.719648 -1.108825
v 0.786516 0.719648 -1.084303
v 0.909800 0.719648 -1.108825
v 1.014314 0.719648 -1.178660
v 1.084149 0.719648 -1.283174
v 1.098835 0.760662 -1.406457
v 1.075061 0.760662 -1.525976
v 1.007359 0.760662 -1.627300
v 0.906035 0.760662 -1.695002
v 0.786517 0.760662 -1.718776
v 0.666998 0.760662 -1.695002
v 0.565674 0.760662 -1.627300
v 0.497972 0.760662 -1.525977
v 0.474198 0.760662 -1.406458
v 0.497972 0.760662 -1.286939
v 0.565674 0.760662 -1.185615
v 0.666997 0.760662 -1.117913
v 0.786516 0.760662 -1.094139
v 0.906035 0.760662 -1.117913
v 1.007359 0.760662 -1.185615
v 1.075061 0.760662 -1.286938
v 1.128991 0.615147 -1.406457
v 1.102922 0.615147 -1.537517
v 1.028683 0.615147 -1.648624
v 0.917576 0.615147 -1.722863
v 0.786517 0.615147 -1.748932
v 0.655457 0.615147 -1.722863
v 0.544350 0.615147 -1.648624
v 0.470111 0.615147 -1.537517
v 0.444042 0.615147 -1.406458
v 0.470111 0.615147 -1.275398
v 0.544350 0.615147 -1.164291
v 0.655457 0.615147 -1.090052
v 0.786516 0.615147 -1.063983
v 0.917576 0.615147 -1.090052
v 1.028683 0.615147 -1.164291
v 1.102922 0.615147 -1.275398
v 1.099251 0.167255 -1.406457
v 1.075446 0.167255 -1.286779
v 1.007653 0.167255 -1.185321
v 0.906195 0.167255 -1.117528
v 0.786516 0.167255 -1.093723
v 0.666838 0.167255 -1.117528
v 0.565380 0.167255 -1.185321
v 0.497587 0.167255 -1.286779
v 0.473782 0.167255 -1.406458
v 0.497587 0.167255 -1.526136
v 0.565380 0.167255 -1.627595
v 0.666838 0.167255 -1.695387
v 0.786517 0.167255 -1.719193
v 0.906195 0.167255 -1.695387
v 1.007653 0.167255 -1.627594
v 1.075446 0.167255 -1.526136
v 1.110638 0.214733 -1.406457
v 1.085966 0.214733 -1.282421
v 1.015705 0.214733 -1.177269
v 0.910553 0.214733 -1.107008
v 0.786516 0.214733 -1.082335
v 0.662480 0.214733 -1.107008
v 0.557328 0.214733 -1.177269
v 0.487067 0.214733 -1.282422
v 0.462395 0.214733 -1.406458
v 0.487067 0.214733 -1.530494
v 0.557328 0.214733 -1.635647
v 0.662480 0.214733 -1.705907
v 0.786517 0.214733 -1.730579
v 0.910553 0.214733 -1.705907
v 1.015705 0.214733 -1.635646
v 1.085966 0.214733 -1.530493
v 1.129214 0.312920 -1.406457
v 1.103128 0.312920 -1.537602
v 1.028841 0.312920 -1.648782
v 0.917661 0.312920 -1.723069
v 0.786517 0.312920 -1.749155
v 0.655372 0.312920 -1.723069
v 0.544192 0.312920 -1.648782
v 0.469905 0.312920 -1.537602
v 0.443818 0.312920 -1.406458
v 0.469905 0.312920 -1.275313
v 0.544192 0.312920 -1.164134
v 0.655371 0.312920 -1.089846
v 0.786516 0.312920 -1.063760
v 0.917661 0.312920 -1.089846
v 1.028841 0.312920 -1.164133
v 1.103128 0.312920 -1.275313
v 1.033709 0.654178 -1.159265
v 1.037087 0.615147 -1.155887
v 1.113903 0.615147 -1.270850
v 1.109489 0.654178 -1.272678
v 0.920296 0.654178 -1.083485
v 0.922124 0.615147 -1.079071
v 0.786516 0.654178 -1.056875
v 0.786516 0.615147 -1.052097
v 0.652737 0.654178 -1.083485
v 0.650908 0.615147 -1.079071
v 0.539324 0.654178 -1.159265
v 0.535946 0.615147 -1.155887
v 0.463544 0.654178 -1.272678
v 0.459130 0.615147 -1.270850
v 0.436934 0.654178 -1.406458
v 0.432156 0.615147 -1.406458
v 0.463544 0.654178 -1.540237
v 0.459130 0.615147 -1.542066
v 0.539324 0.654178 -1.653650
v 0.535946 0.615147 -1.657029
v 0.652737 0.654178 -1.729430
v 0.650909 0.615147 -1.733844
v 0.786517 0.654178 -1.756040
v 0.786517 0.615147 -1.760818
v 0.920296 0.654178 -1.729430
v 0.922124 0.615147 -1.733844
v 1.033709 0.654178 -1.653650
v 1.037087 0.615147 -1.657028
v 1.109489 0.654178 -1.540237
v 1.113903 0.615147 -1.542065
v 1.136099 0.654178 -1.406457
v 1.140877 0.615147 -1.406457
v 1.119852 0.719648 -1.406457
v 1.094479 0.719648 -1.534019
v 1.085075 0.760662 -1.530124
v 1.109674 0.760662 -1.406457
v 1.022220 0.719648 -1.642161
v 1.015023 0.760662 -1.634964
v 0.914079 0.719648 -1.714420
v 0.910183 0.760662 -1.705016
v 0.786517 0.719648 -1.739793
v 0.786517 0.760662 -1.729615
v 0.658955 0.719648 -1.714420
v 0.662849 0.760662 -1.705016
v 0.550813 0.719648 -1.642162
v 0.558010 0.760662 -1.634964
v 0.478555 0.719648 -1.534020
v 0.487958 0.760662 -1.530125
v 0.453181 0.719648 -1.406458
v 0.463359 0.760662 -1.406458
v 0.478554 0.719648 -1.278896
v 0.487958 0.760662 -1.282791
v 0.550813 0.719648 -1.170754
v 0.558010 0.760662 -1.177951
v 0.658954 0.719648 -1.098496
v 0.662849 0.760662 -1.107899
v 0.786516 0.719648 -1.073122
v 0.786516 0.760662 -1.083300
v 0.914078 0.719648 -1.098496
v 0.910183 0.760662 -1.107899
v 1.022220 0.719648 -1.170754
v 1.015023 0.760662 -1.177951
v 1.094478 0.719648 -1.278895
v 1.085075 0.760662 -1.282790
v 1.110105 0.167255 -1.406457
v 1.085473 0.167255 -1.282625
v 1.121887 0.214733 -1.406457
v 1.096359 0.214733 -1.278116
v 1.015328 0.167255 -1.177646
v 1.023660 0.214733 -1.169314
v 0.910348 0.167255 -1.107501
v 0.914857 0.214733 -1.096615
v 0.786516 0.167255 -1.082869
v 0.786516 0.214733 -1.071087
v 0.662684 0.167255 -1.107501
v 0.658175 0.214733 -1.096615
v 0.557705 0.167255 -1.177646
v 0.549373 0.214733 -1.169314
v 0.487559 0.167255 -1.282626
v 0.476674 0.214733 -1.278117
v 0.462928 0.167255 -1.406458
v 0.451146 0.214733 -1.406458
v 0.487560 0.167255 -1.530290
v 0.476674 0.214733 -1.534798
v 0.557705 0.167255 -1.635269
v 0.549373 0.214733 -1.643601
v 0.662685 0.167255 -1.705415
v 0.658176 0.214733 -1.716300
v 0.786517 0.167255 -1.730046
v 0.786517 0.214733 -1.741828
v 0.910348 0.167255 -1.705414
v 0.914857 0.214733 -1.716300
v 1.015328 0.167255 -1.635269
v 1.023660 0.214733 -1.643600
v 1.085474 0.167255 -1.530290
v 1.096359 0.214733 -1.534798
v 1.114117 0.312920 -1.542154
v 1.109489 0.272001 -1.540237
v 1.141108 0.312920 -1.406457
v 1.136099 0.272001 -1.406457
v 1.037251 0.312920 -1.657192
v 1.033709 0.272001 -1.653650
v 0.922213 0.312920 -1.734058
v 0.920296 0.272001 -1.729430
v 0.786517 0.312920 -1.761049
v 0.786517 0.272001 -1.756040
v 0.650820 0.312920 -1.734058
v 0.652737 0.272001 -1.729430
v 0.535782 0.312920 -1.657192
v 0.539324 0.272001 -1.653650
v 0.458916 0.312920 -1.542154
v 0.463544 0.272001 -1.540237
v 0.431925 0.312920 -1.406458
v 0.436934 0.272001 -1.406458
v 0.458916 0.312920 -1.270761
v 0.463544 0.272001 -1.272678
v 0.535782 0.312920 -1.155723
v 0.539324 0.272001 -1.159265
v 0.650820 0.312920 -1.078857
v 0.652737 0.272001 -1.083485
v 0.786516 0.312920 -1.051866
v 0.786516 0.272001 -1.056875
v 0.922213 0.312920 -1.078857
v 0.920296 0.272001 -1.083485
v 1.037251 0.312920 -1.155723
v 1.033709 0.272001 -1.159265
v 1.114116 0.312920 -1.270761
v 1.109489 0.272001 -1.272678
vt 0.745905 0.221067
vt 0.790776 0.332726
vt 0.714859 0.241811
vt 0.735604 0.210765
vt 0.722144 0.205190
vt 0.707575 0.205190
vt 0.694115 0.210765
vt 0.683813 0.221067
vt 0.678237 0.234527
vt 0.678237 0.249096
vt 0.683813 0.262556
vt 0.694115 0.272858
vt 0.707575 0.278433
vt 0.722144 0.278433
vt 0.735604 0.272858
vt 0.745905 0.262556
vt 0.751481 0.249096
vt 0.686466 0.149645
vt 0.834483 0.322748
vt 0.665721 0.180691
vt 0.849052 0.322748
vt 0.863621 0.322748
vt 0.878190 0.322748
vt 0.892759 0.322748
vt 0.907328 0.322748
vt 0.688793 0.322748
vt 0.703362 0.322748
vt 0.717931 0.322748
vt 0.732500 0.322748
vt 0.747069 0.322748
vt 0.761638 0.322748
vt 0.776207 0.322748
vt 0.790776 0.322748
vt 0.805345 0.322748
vt 0.803917 0.023201
vt 0.784126 0.023201
vt 0.790776 0.325819
vt 0.776207 0.325819
vt 0.823711 0.023201
vt 0.761638 0.325819
vt 0.843454 0.023201
vt 0.747069 0.325819
vt 0.863117 0.023201
vt 0.732500 0.325819
vt 0.882707 0.023201
vt 0.717931 0.325819
vt 0.902190 0.023201
vt 0.703362 0.325819
vt 0.607261 0.023201
vt 0.688793 0.325819
vt 0.626589 0.023201
vt 0.907328 0.325819
vt 0.646072 0.023201
vt 0.892759 0.325819
vt 0.665662 0.023201
vt 0.878190 0.325819
vt 0.685325 0.023201
vt 0.863621 0.325819
vt 0.705068 0.023201
vt 0.849052 0.325819
vt 0.724862 0.023201
vt 0.834483 0.325819
vt 0.744653 0.023201
vt 0.819914 0.325819
vt 0.764390 0.023201
vt 0.805345 0.325819
vt 0.784126 0.140999
vt 0.803917 0.140999
vt 0.834483 0.315842
vt 0.819914 0.315842
vt 0.823712 0.140999
vt 0.849052 0.315842
vt 0.843454 0.140999
vt 0.863621 0.315842
vt 0.863117 0.140999
vt 0.878190 0.315842
vt 0.882707 0.140999
vt 0.892759 0.315842
vt 0.902190 0.140999
vt 0.907328 0.315842
vt 0.921518 0.140999
vt 0.688793 0.315842
vt 0.626589 0.140999
vt 0.703362 0.315842
vt 0.646072 0.140999
vt 0.717931 0.315842
vt 0.665662 0.140999
vt 0.732500 0.315842
vt 0.685325 0.140999
vt 0.747069 0.315842
vt 0.705068 0.140999
vt 0.761638 0.315842
vt 0.724862 0.140999
vt 0.776207 0.315842
vt 0.744653 0.140999
vt 0.790776 0.315842
vt 0.764390 0.140999
vt 0.805345 0.315842
vt 0.724862 0.112534
vt 0.724862 0.097974
vt 0.744653 0.097974
vt 0.744653 0.112534
vt 0.705068 0.112534
vt 0.705068 0.097974
vt 0.685325 0.112534
vt 0.685325 0.097974
vt 0.665662 0.112534
vt 0.665662 0.097974
vt 0.646072 0.112534
vt 0.646072 0.097974
vt 0.626589 0.112534
vt 0.626589 0.097974
vt 0.607261 0.112534
vt 0.921518 0.097974
vt 0.902190 0.112534
vt 0.902190 0.097974
vt 0.882707 0.112534
vt 0.882707 0.097974
vt 0.863117 0.112534
vt 0.863117 0.097974
vt 0.843454 0.112534
vt 0.843454 0.097974
vt 0.823711 0.112534
vt 0.823712 0.097974
vt 0.803917 0.112534
vt 0.803917 0.097974
vt 0.784126 0.112534
vt 0.784126 0.097974
vt 0.764390 0.112534
vt 0.764390 0.097974
vt 0.724862 0.066226
vt 0.724862 0.051666
vt 0.744653 0.051666
vt 0.744653 0.066226
vt 0.705068 0.066226
vt 0.705068 0.051666
vt 0.685325 0.066226
vt 0.685325 0.051666
vt 0.665662 0.066226
vt 0.665662 0.051666
vt 0.646072 0.066226
vt 0.646072 0.051666
vt 0.626589 0.066226
vt 0.626589 0.051666
vt 0.607261 0.066226
vt 0.921518 0.051666
vt 0.902190 0.066226
vt 0.902190 0.051666
vt 0.882707 0.066226
vt 0.882707 0.051666
vt 0.863117 0.066226
vt 0.863117 0.051666
vt 0.843454 0.066226
vt 0.843454 0.051666
vt 0.823711 0.066226
vt 0.823711 0.051666
vt 0.803917 0.066226
vt 0.803917 0.051666
vt 0.784126 0.066226
vt 0.784126 0.051666
vt 0.764390 0.066226
vt 0.764390 0.051666
vt 0.673006 0.144070
vt 0.819914 0.322748
vt 0.658437 0.144070
vt 0.644977 0.149645
vt 0.634675 0.159947
vt 0.629100 0.173407
vt 0.629100 0.187976
vt 0.634675 0.201436
vt 0.644977 0.211738
vt 0.658437 0.217313
vt 0.673006 0.217313
vt 0.686466 0.211738
vt 0.696768 0.201436
vt 0.702343 0.187976
vt 0.702343 0.173407
vt 0.696768 0.159947
vt 0.805345 0.332726
vt 0.751481 0.234527
vt 0.819914 0.332726
vt 0.834483 0.332726
vt 0.849052 0.332726
vt 0.863621 0.332726
vt 0.878190 0.332726
vt 0.892759 0.332726
vt 0.907328 0.332726
vt 0.688793 0.332726
vt 0.703362 0.332726
vt 0.717931 0.332726
vt 0.732500 0.332726
vt 0.747069 0.332726
vt 0.761638 0.332726
vt 0.776207 0.332726
vt 0.751824 0.167901
vt 0.762126 0.157599
vt 0.746249 0.181361
vt 0.746249 0.195930
vt 0.751824 0.209390
vt 0.762126 0.219692
vt 0.775586 0.225267
vt 0.790155 0.225267
vt 0.803615 0.219692
vt 0.813917 0.209390
vt 0.819492 0.195930
vt 0.819492 0.181361
vt 0.813917 0.167901
vt 0.803615 0.157599
vt 0.790155 0.152024
vt 0.775586 0.152024
vt 0.869858 0.152024
vt 0.856398 0.157599
vt 0.884427 0.152024
vt 0.897887 0.157599
vt 0.908188 0.167901
vt 0.913764 0.181361
vt 0.913764 0.195930
vt 0.908188 0.209390
vt 0.897887 0.219692
vt 0.884426 0.225267
vt 0.869857 0.225267
vt 0.856398 0.219692
vt 0.846096 0.209390
vt 0.840520 0.195930
vt 0.840520 0.181361
vt 0.846096 0.167901
vt 0.745081 0.163395
vt 0.757620 0.150856
vt 0.738295 0.179779
vt 0.738295 0.197512
vt 0.745081 0.213896
vt 0.757620 0.226435
vt 0.774004 0.233221
vt 0.791737 0.233221
vt 0.808121 0.226435
vt 0.820660 0.213896
vt 0.827446 0.197512
vt 0.827446 0.179779
vt 0.820660 0.163395
vt 0.808121 0.150856
vt 0.791737 0.144070
vt 0.774004 0.144070
vt 0.868275 0.144070
vt 0.851892 0.150856
vt 0.886009 0.144070
vt 0.902392 0.150856
vt 0.914931 0.163395
vt 0.921718 0.179779
vt 0.921718 0.197512
vt 0.914931 0.213896
vt 0.902392 0.226435
vt 0.886009 0.233221
vt 0.868275 0.233221
vt 0.851892 0.226435
vt 0.839352 0.213896
vt 0.832566 0.197512
vt 0.832566 0.179779
vt 0.839352 0.163395
vt 0.607261 0.097974
vt 0.921518 0.066226
vt 0.607261 0.140999
vt 0.921518 0.112534
vt 0.921518 0.023201
vt 0.607261 0.051666
vt 0.921897 0.315842
vt 0.921897 0.322748
vt 0.921897 0.325819
vt 0.921897 0.332726
vt 0.796324 0.304840
vt 0.796324 0.310947
vt 0.775320 0.310947
vt 0.775320 0.304840
vt 0.817316 0.304840
vt 0.817316 0.310947
vt 0.838290 0.304840
vt 0.838290 0.310947
vt 0.859241 0.304840
vt 0.859241 0.310947
vt 0.880162 0.304840
vt 0.880162 0.310947
vt 0.901041 0.304840
vt 0.901041 0.310947
vt 0.921760 0.304840
vt 0.921760 0.310947
vt 0.921759 0.292157
vt 0.921759 0.298264
vt 0.901042 0.298264
vt 0.901042 0.292157
vt 0.880164 0.298264
vt 0.880164 0.292157
vt 0.859241 0.298264
vt 0.859241 0.292157
vt 0.838290 0.298264
vt 0.838290 0.292157
vt 0.817315 0.298264
vt 0.817315 0.292157
vt 0.796323 0.298264
vt 0.796323 0.292157
vt 0.775319 0.298264
vt 0.775319 0.292157
vt 0.754310 0.298264
vt 0.754310 0.292157
vt 0.754310 0.310947
vt 0.754310 0.304840
vt 0.609445 0.337545
vt 0.629309 0.337545
vt 0.629309 0.344063
vt 0.609445 0.344063
vt 0.649149 0.337545
vt 0.649149 0.344063
vt 0.668944 0.337545
vt 0.668944 0.344063
vt 0.688669 0.337545
vt 0.688669 0.344063
vt 0.708302 0.337545
vt 0.708302 0.344063
vt 0.727820 0.337545
vt 0.727820 0.344063
vt 0.747189 0.337545
vt 0.747189 0.344063
vt 0.766168 0.337545
vt 0.766168 0.344063
vt 0.769233 0.337545
vt 0.788256 0.337545
vt 0.788256 0.344062
vt 0.769233 0.344062
vt 0.807622 0.337545
vt 0.807622 0.344062
vt 0.827134 0.337545
vt 0.827134 0.344062
vt 0.846762 0.337545
vt 0.846762 0.344062
vt 0.866483 0.337545
vt 0.866483 0.344062
vt 0.886274 0.337545
vt 0.886274 0.344062
vt 0.906111 0.337545
vt 0.906111 0.344062
vt 0.925971 0.337545
vt 0.925971 0.344062
vt 0.892169 0.251854
vt 0.912144 0.251854
vt 0.912144 0.259396
vt 0.892169 0.259396
vt 0.872220 0.251854
vt 0.872220 0.259396
vt 0.852320 0.251854
vt 0.852320 0.259396
vt 0.832492 0.251854
vt 0.832492 0.259396
vt 0.812761 0.251854
vt 0.812761 0.259396
vt 0.793151 0.251854
vt 0.793151 0.259396
vt 0.773702 0.251854
vt 0.773702 0.259396
vt 0.754674 0.251854
vt 0.754674 0.259396
vt 0.893079 0.237887
vt 0.912163 0.237887
vt 0.912163 0.245428
vt 0.893079 0.245428
vt 0.873634 0.237887
vt 0.873634 0.245428
vt 0.854032 0.237887
vt 0.854032 0.245428
vt 0.834307 0.237887
vt 0.834307 0.245428
vt 0.814485 0.237887
vt 0.814485 0.245428
vt 0.794589 0.237887
vt 0.794589 0.245428
vt 0.774644 0.237887
vt 0.774644 0.245428
vt 0.754674 0.237887
vt 0.754674 0.245428
vt 0.770595 0.265979
vt 0.770595 0.272384
vt 0.749578 0.272384
vt 0.749578 0.265979
vt 0.791606 0.265979
vt 0.791606 0.272384
vt 0.812605 0.265979
vt 0.812605 0.272384
vt 0.833585 0.265979
vt 0.833585 0.272384
vt 0.854542 0.265979
vt 0.854542 0.272384
vt 0.875470 0.265979
vt 0.875470 0.272384
vt 0.896353 0.265979
vt 0.896353 0.272384
vt 0.917072 0.265979
vt 0.917072 0.272384
vt 0.756100 0.279032
vt 0.756100 0.285437
vt 0.735383 0.285437
vt 0.735383 0.279032
vt 0.776983 0.279032
vt 0.776983 0.285437
vt 0.797912 0.279032
vt 0.797912 0.285437
vt 0.818869 0.279032
vt 0.818869 0.285437
vt 0.839851 0.279032
vt 0.839851 0.285437
vt 0.860849 0.279032
vt 0.860849 0.285437
vt 0.881860 0.285437
vt 0.881860 0.279032
vt 0.902877 0.279032
vt 0.902877 0.285437
vt 0.796324 0.312771
vt 0.775320 0.312771
vt 0.775320 0.303087
vt 0.796324 0.303087
vt 0.817316 0.303087
vt 0.817316 0.312771
vt 0.838290 0.303087
vt 0.838290 0.312771
vt 0.859241 0.303087
vt 0.859241 0.312771
vt 0.880162 0.303087
vt 0.880162 0.312771
vt 0.901041 0.303087
vt 0.901041 0.312771
vt 0.921760 0.303087
vt 0.921760 0.312771
vt 0.921759 0.300016
vt 0.901042 0.300016
vt 0.901042 0.290333
vt 0.921759 0.290333
vt 0.880164 0.300016
vt 0.880164 0.290333
vt 0.859241 0.300016
vt 0.859241 0.290333
vt 0.838290 0.300016
vt 0.838290 0.290333
vt 0.817315 0.300016
vt 0.817315 0.290333
vt 0.796323 0.300016
vt 0.796323 0.290333
vt 0.775319 0.300016
vt 0.775319 0.290333
vt 0.754310 0.300016
vt 0.754310 0.290333
vt 0.754310 0.312771
vt 0.754310 0.303087
vt 0.609445 0.335797
vt 0.629309 0.335797
vt 0.629309 0.345659
vt 0.609445 0.345659
vt 0.649149 0.335797
vt 0.649149 0.345659
vt 0.668944 0.335797
vt 0.668944 0.345659
vt 0.688669 0.335797
vt 0.688669 0.345659
vt 0.708302 0.335797
vt 0.708302 0.345659
vt 0.727820 0.335797
vt 0.727820 0.345659
vt 0.747189 0.335797
vt 0.747189 0.345659
vt 0.766168 0.335797
vt 0.766168 0.345659
vt 0.769233 0.335797
vt 0.788256 0.335797
vt 0.788256 0.345658
vt 0.769233 0.345658
vt 0.807622 0.335797
vt 0.807622 0.345658
vt 0.827134 0.335797
vt 0.827134 0.345658
vt 0.846762 0.335797
vt 0.846762 0.345658
vt 0.866483 0.335797
vt 0.866483 0.345658
vt 0.886274 0.335797
vt 0.886274 0.345658
vt 0.906111 0.335797
vt 0.906111 0.345658
vt 0.925971 0.335797
vt 0.925971 0.345658
vt 0.892169 0.250259
vt 0.912144 0.250259
vt 0.912144 0.261156
vt 0.892169 0.261156
vt 0.872220 0.250259
vt 0.872220 0.261156
vt 0.852320 0.250259
vt 0.852320 0.261156
vt 0.832492 0.250259
vt 0.832492 0.261156
vt 0.812761 0.250259
vt 0.812761 0.261156
vt 0.793151 0.250259
vt 0.793151 0.261156
vt 0.773702 0.250259
vt 0.773702 0.261156
vt 0.754674 0.250259
vt 0.754674 0.261156
vt 0.893079 0.236292
vt 0.912163 0.236292
vt 0.912163 0.247188
vt 0.893079 0.247188
vt 0.873634 0.236292
vt 0.873634 0.247188
vt 0.854032 0.236292
vt 0.854032 0.247188
vt 0.834307 0.236292
vt 0.834307 0.247188
vt 0.814485 0.236292
vt 0.814485 0.247188
vt 0.794589 0.236292
vt 0.794589 0.247188
vt 0.774644 0.236292
vt 0.774644 0.247188
vt 0.754674 0.236292
vt 0.754674 0.247188
vt 0.770595 0.274209
vt 0.749578 0.274209
vt 0.749578 0.264227
vt 0.770595 0.264227
vt 0.791606 0.274209
vt 0.791606 0.264227
vt 0.812605 0.274209
vt 0.812605 0.264227
vt 0.833585 0.274209
vt 0.833585 0.264227
vt 0.854542 0.274209
vt 0.854542 0.264227
vt 0.875470 0.274209
vt 0.875470 0.264227
vt 0.896353 0.274209
vt 0.896353 0.264227
vt 0.917072 0.274209
vt 0.917072 0.264227
vt 0.756100 0.287262
vt 0.735383 0.287262
vt 0.735383 0.277280
vt 0.756100 0.277280
vt 0.776983 0.287262
vt 0.776983 0.277280
vt 0.797912 0.287262
vt 0.797912 0.277280
vt 0.818869 0.287262
vt 0.818869 0.277280
vt 0.839851 0.287262
vt 0.839851 0.277280
vt 0.860849 0.287262
vt 0.860849 0.277280
vt 0.881860 0.287262
vt 0.881860 0.277280
vt 0.902877 0.287262
vt 0.902877 0.277280
vn 0.000000 -1.000000 0.000000
vn 0.000000 -1.000000 0.000000
vn 0.000000 -1.000000 -0.000000
vn 0.000000 -1.000000 0.000000
vn 0.000000 -1.000000 0.000000
vn 0.000000 -1.000000 0.000000
vn 0.000000 -1.000000 -0.000000
vn 0.000000 -1.000000 -0.000000
vn 0.000000 -1.000000 0.000000
vn 0.000000 -1.000000 0.000000
vn 0.000000 -1.000000 0.000000
vn 0.000000 -1.000000 -0.000000
vn 0.000000 -1.000000 -0.000000
vn 0.000000 -1.000000 0.000000
vn 0.000000 -1.000000 0.000000
vn 0.000000 -1.000000 0.000000
vn 0.000000 -1.000000 0.000000
vn 0.000000 1.000000 0.000000
vn 0.000000 1.000000 0.000000
vn 0.000000 1.000000 0.000000
vn 0.000000 1.000000 0.000000
vn 0.000000 1.000000 0.000000
vn 0.000000 1.000000 0.000000
vn 0.000000 1.000000 -0.000000
vn 0.000000 1.000000 -0.000000
vn 0.000000 1.000000 -0.000000
vn 0.000000 1.000000 -0.000001
vn 0.000000 1.000000 0.000000
vn 0.000000 1.000000 0.000000
vn 0.000000 1.000000 0.000000
vn 0.000000 1.000000 0.000000
vn 0.000000 1.000000 0.000000
vn 0.000000 1.000000 0.000000
vn 0.000000 1.000000 0.000000
vn 0.000000 -1.000000 0.000000
vn 0.000000 -1.000000 0.000000
vn 0.000000 -1.000000 0.000000
vn 0.000000 -1.000000 0.000000
vn 0.000000 -1.000000 -0.000000
vn 0.000000 -1.000000 -0.000000
vn 0.000000 -1.000000 -0.000000
vn 0.000000 -1.000000 -0.000000
vn 0.000000 -1.000000 0.000000
vn 0.000000 -1.000000 0.000000
vn 0.000000 -1.000000 0.000000
vn 0.000000 -1.000000 0.000000
vn 0.000000 -1.000000 -0.000000
vn 0.000000 -1.000000 -0.000000
vn 0.000000 -1.000000 -0.000000
vn 0.000000 -1.000000 -0.000000
vn 0.000000 -1.000000 -0.000000
vn 0.000000 -1.000000 -0.000000
vn 0.000000 -1.000000 -0.000000
vn 0.000000 -1.000000 -0.000000
vn 0.000000 -1.000000 0.000000
vn 0.000000 -1.000000 0.000000
vn 0.000000 -1.000000 0.000000
vn 0.000000 -1.000000 0.000000
vn 0.000000 -1.000000 -0.000000
vn 0.000000 -1.000000 -0.000000
vn 0.000000 -1.000000 -0.000000
vn 0.000000 -1.000000 -0.000000
vn 0.000000 -1.000000 0.000000
vn 0.000000 -1.000000 0.000000
vn 0.000000 -1.000000 0.000000
vn 0.000000 -1.000000 0.000000
vn 0.000000 -1.000000 0.000000
vn 0.000000 -1.000000 0.000000
vn 0.000000 -1.000000 0.000000
vn 0.000000 -1.000000 0.000000
vn 0.000000 -1.000000 0.000000
vn 0.000000 -1.000000 0.000000
vn 0.000000 -1.000000 0.000000
vn 0.000000 -1.000000 0.000000
vn 0.000000 -1.000000 0.000000
vn 0.000000 -1.000000 0.000000
vn 0.000000 -1.000000 0.000000
vn 0.000000 -1.000000 0.000000
vn 0.000000 -1.000000 0.000000
vn 0.000000 -1.000000 0.000000
vn 0.000000 -1.000000 0.000000
vn 0.000000 -1.000000 0.000000
vn 0.000000 -1.000000 0.000000
vn 0.000000 -1.000000 0.000000
vn 0.000000 -1.000000 0.000000
vn 0.000000 -1.000000 0.000000
vn 0.000000 -1.000000 0.000000
vn 0.000000 -1.000000 0.000000
vn 0.000000 -1.000000 0.000000
vn 0.000000 -1.000000 0.000000
vn 0.000000 -1.000000 -0.000000
vn 0.000000 -1.000000 -0.000000
vn 0.000000 -1.000000 -0.000000
vn 0.000000 -1.000000 -0.000000
vn 0.000000 -1.000000 0.000000
vn 0.000000 -1.000000 0.000000
vn 0.000000 -1.000000 0.000000
vn 0.000000 -1.000000 0.000000
vn 0.000000 1.000000 0.000001
vn 0.000000 1.000000 0.000001
vn 0.000000 1.000000 0.000001
vn 0.000000 1.000000 0.000001
vn 0.000000 1.000000 0.000001
vn 0.000000 1.000000 0.000001
vn 0.000000 1.000000 0.000001
vn 0.000000 1.000000 0.000001
vn 0.000000 1.000000 0.000001
vn 0.000000 1.000000 0.000001
vn 0.000000 1.000000 0.000001
vn 0.000000 1.000000 0.000001
vn 0.000000 1.000000 0.000000
vn 0.000000 1.000000 0.000000
vn 0.000000 1.000000 0.000000
vn 0.000000 1.000000 0.000000
vn 0.000000 1.000000 0.000001
vn 0.000000 1.000000 0.000001
vn 0.000000 1.000000 0.000001
vn 0.000000 1.000000 0.000001
vn 0.000000 1.000000 0.000000
vn 0.000000 1.000000 0.000000
vn 0.000000 1.000000 0.000000
vn 0.000000 1.000000 0.000000
vn 0.000000 1.000000 0.000000
vn 0.000000 1.000000 0.000000
vn 0.000000 1.000000 0.000000
vn 0.000000 1.000000 0.000000
vn 0.000000 1.000000 -0.000001
vn 0.000000 1.000000 -0.000001
vn 0.000000 1.000000 -0.000001
vn 0.000000 1.000000 -0.000001
vn 0.000000 1.000000 0.000001
vn 0.000000 1.000000 0.000001
vn 0.000000 1.000000 0.000001
vn 0.000000 1.000000 0.000001
vn 0.000000 1.000000 0.000000
vn 0.000000 1.000000 0.000000
vn 0.000000 1.000000 0.000000
vn 0.000000 1.000000 0.000000
vn 0.000000 1.000000 -0.000001
vn 0.000000 1.000000 -0.000001
vn 0.000000 1.000000 -0.000001
vn 0.000000 1.000000 -0.000001
vn 0.000000 1.000000 -0.000001
vn 0.000000 1.000000 -0.000001
vn 0.000000 1.000000 -0.000001
vn 0.000000 1.000000 -0.000001
vn 0.000000 1.000000 0.000001
vn 0.000000 1.000000 0.000001
vn 0.000000 1.000000 0.000001
vn 0.000000 1.000000 0.000001
vn 0.000000 1.000000 -0.000001
vn 0.000000 1.000000 -0.000001
vn 0.000000 1.000000 -0.000001
vn 0.000000 1.000000 -0.000001
vn 0.000000 1.000000 0.000001
vn 0.000000 1.000000 0.000001
vn 0.000000 1.000000 0.000001
vn 0.000000 1.000000 0.000001
vn 0.000000 1.000000 0.000001
vn 0.000000 1.000000 0.000001
vn 0.000000 1.000000 0.000001
vn 0.000000 1.000000 0.000001
vn -0.707107 0.000000 0.707106
vn -0.923880 0.000000 0.382683
vn -0.923880 0.000000 0.382683
vn -0.707107 0.000000 0.707106
vn -0.382684 0.000000 0.923879
vn -0.382684 0.000000 0.923879
vn 0.000000 0.000000 1.000000
vn 0.000000 0.000000 1.000000
vn 0.382683 0.000000 0.923880
vn 0.382683 0.000000 0.923880
vn 0.707106 0.000000 0.707107
vn 0.707106 0.000000 0.707107
vn 0.923880 0.000000 0.382684
vn 0.923880 0.000000 0.382684
vn 1.000000 0.000000 0.000001
vn 1.000000 0.000000 0.000001
vn 0.923880 0.000000 -0.382682
vn 0.923880 0.000000 -0.382682
vn 0.707107 0.000000 -0.707107
vn 0.707107 0.000000 -0.707107
vn 0.382683 0.000000 -0.923880
vn 0.382683 0.000000 -0.923880
vn -0.000000 0.000000 -1.000000
vn -0.000000 0.000000 -1.000000
vn -0.382683 0.000000 -0.923880
vn -0.382683 0.000000 -0.923880
vn -0.707107 0.000000 -0.707107
vn -0.707107 0.000000 -0.707107
vn -0.923880 0.000000 -0.382683
vn -0.923880 0.000000 -0.382683
vn -1.000000 0.000000 0.000000
vn -1.000000 0.000000 0.000000
vn -0.923880 0.000000 0.382683
vn -0.707108 0.000000 0.707106
vn -0.707108 0.000000 0.707106
vn -0.923880 0.000000 0.382683
vn -0.382684 0.000000 0.923880
vn -0.382684 0.000000 0.923880
vn 0.000000 0.000000 1.000000
vn 0.000000 0.000000 1.000000
vn 0.382683 0.000000 0.923880
vn 0.382683 0.000000 0.923880
vn 0.707107 0.000000 0.707107
vn 0.707107 0.000000 0.707107
vn 0.923879 0.000000 0.382684
vn 0.923879 0.000000 0.382684
vn 1.000000 0.000000 0.000001
vn 1.000000 0.000000 0.000001
vn 0.923880 0.000000 -0.382683
vn 0.923880 0.000000 -0.382683
vn 0.707106 0.000000 -0.707107
vn 0.707106 0.000000 -0.707107
vn 0.382682 0.000000 -0.923880
vn 0.382682 0.000000 -0.923880
vn 0.000000 0.000000 -1.000000
vn 0.000000 0.000000 -1.000000
vn -0.382682 0.000000 -0.923880
vn -0.382682 0.000000 -0.923880
vn -0.707106 0.000000 -0.707107
vn -0.707106 0.000000 -0.707107
vn -0.923880 0.000000 -0.382683
vn -0.923880 0.000000 -0.382683
vn -1.000000 0.000000 0.000000
vn -1.000000 0.000000 0.000000
vn 0.693972 0.191847 0.693972
vn 0.706643 0.036227 0.706642
vn 0.923273 0.036227 0.382432
vn 0.906718 0.191847 0.375575
vn 0.375575 0.191846 0.906718
vn 0.382432 0.036226 0.923273
vn -0.000000 0.191847 0.981425
vn -0.000000 0.036227 0.999344
vn -0.375576 0.191847 0.906718
vn -0.382433 0.036227 0.923273
vn -0.693972 0.191847 0.693972
vn -0.706643 0.036227 0.706642
vn -0.906719 0.191846 0.375575
vn -0.923273 0.036227 0.382432
vn -0.981425 0.191846 -0.000000
vn -0.999344 0.036227 -0.000000
vn -0.906718 0.191846 -0.375575
vn -0.923273 0.036227 -0.382432
vn -0.693972 0.191847 -0.693972
vn -0.706643 0.036226 -0.706643
vn -0.375574 0.191846 -0.906719
vn -0.382431 0.036226 -0.923274
vn 0.000000 0.191846 -0.981425
vn 0.000000 0.036226 -0.999344
vn 0.375575 0.191846 -0.906718
vn 0.382431 0.036227 -0.923274
vn 0.693973 0.191847 -0.693972
vn 0.706643 0.036227 -0.706642
vn 0.906718 0.191847 -0.375575
vn 0.923273 0.036227 -0.382432
vn 0.981425 0.191847 0.000001
vn 0.999344 0.036227 0.000001
vn 0.706643 -0.036227 0.706642
vn 0.693972 -0.191847 0.693972
vn 0.906718 -0.191847 0.375575
vn 0.923273 -0.036227 0.382432
vn 0.382432 -0.036227 0.923273
vn 0.375575 -0.191847 0.906718
vn 0.000000 -0.036227 0.999344
vn -0.000000 -0.191847 0.981425
vn -0.382432 -0.036227 0.923273
vn -0.375576 -0.191847 0.906718
vn -0.706643 -0.036227 0.706642
vn -0.693973 -0.191847 0.693972
vn -0.923273 -0.036227 0.382432
vn -0.906718 -0.191847 0.375575
vn -0.999344 -0.036227 -0.000000
vn -0.981425 -0.191846 -0.000001
vn -0.923273 -0.036227 -0.382432
vn -0.906718 -0.191847 -0.375575
vn -0.706643 -0.036226 -0.706643
vn -0.693972 -0.191847 -0.693972
vn -0.382431 -0.036226 -0.923274
vn -0.375573 -0.191847 -0.906719
vn 0.000000 -0.036226 -0.999344
vn 0.000001 -0.191846 -0.981425
vn 0.382431 -0.036227 -0.923274
vn 0.375575 -0.191847 -0.906718
vn 0.706643 -0.036227 -0.706642
vn 0.693972 -0.191847 -0.693972
vn 0.923273 -0.036227 -0.382432
vn 0.906718 -0.191847 -0.375575
vn 0.999344 -0.036227 0.000001
vn 0.981425 -0.191847 0.000001
vn 0.898401 -0.233225 -0.372130
vn 0.687607 -0.233226 -0.687607
vn 0.372130 -0.233225 -0.898401
vn 0.000001 -0.233224 -0.972423
vn -0.372129 -0.233226 -0.898402
vn -0.687607 -0.233226 -0.687607
vn -0.898402 -0.233225 -0.372130
vn -0.972423 -0.233224 -0.000001
vn -0.898402 -0.233225 0.372130
vn -0.687607 -0.233224 0.687607
vn -0.372131 -0.233225 0.898401
vn -0.000000 -0.233225 0.972423
vn 0.372130 -0.233225 0.898402
vn 0.687607 -0.233225 0.687607
vn 0.898401 -0.233225 0.372130
vn 0.972423 -0.233225 0.000001
vn 0.687607 0.233225 0.687607
vn 0.372130 0.233225 0.898401
vn -0.000000 0.233225 0.972423
vn -0.372131 0.233225 0.898401
vn -0.687607 0.233224 0.687607
vn -0.898402 0.233224 0.372130
vn -0.972423 0.233224 -0.000000
vn -0.898402 0.233225 -0.372130
vn -0.687607 0.233226 -0.687607
vn -0.372129 0.233226 -0.898402
vn 0.000000 0.233224 -0.972423
vn 0.372131 0.233225 -0.898401
vn 0.687607 0.233225 -0.687606
vn 0.898401 0.233225 -0.372130
vn 0.972423 0.233225 0.000000
vn 0.898402 0.233225 0.372130
vn 0.701869 0.121503 0.701867
vn 0.701868 0.121503 0.701868
vn 0.917035 0.121503 0.379848
vn 0.917034 0.121503 0.379849
vn 0.379848 0.121503 0.917035
vn 0.379848 0.121503 0.917035
vn -0.000000 0.121503 0.992591
vn -0.000000 0.121503 0.992591
vn -0.379848 0.121504 0.917035
vn -0.379849 0.121504 0.917034
vn -0.701868 0.121504 0.701867
vn -0.701867 0.121504 0.701868
vn -0.917035 0.121504 0.379848
vn -0.917035 0.121504 0.379848
vn -0.992591 0.121503 -0.000001
vn -0.992591 0.121503 -0.000001
vn -0.917035 0.121504 -0.379847
vn -0.917034 0.121504 -0.379848
vn -0.701868 0.121503 -0.701868
vn -0.701868 0.121503 -0.701868
vn -0.379847 0.121503 -0.917035
vn -0.379847 0.121503 -0.917035
vn 0.000000 0.121503 -0.992591
vn 0.000000 0.121503 -0.992591
vn 0.379848 0.121503 -0.917035
vn 0.379849 0.121503 -0.917034
vn 0.701869 0.121503 -0.701867
vn 0.701868 0.121503 -0.701868
vn 0.917035 0.121503 -0.379848
vn 0.917035 0.121503 -0.379848
vn 0.992591 0.121504 0.000001
vn 0.992591 0.121504 0.000001
vn 0.970560 0.240859 0.000001
vn 0.896681 0.240857 -0.371417
vn 0.896681 0.240857 -0.371417
vn 0.970560 0.240859 0.000001
vn 0.686291 0.240855 -0.686290
vn 0.686290 0.240855 -0.686290
vn 0.371418 0.240857 -0.896681
vn 0.371418 0.240857 -0.896681
vn -0.000000 0.240857 -0.970561
vn -0.000000 0.240857 -0.970561
vn -0.371416 0.240858 -0.896681
vn -0.371417 0.240858 -0.896681
vn -0.686289 0.240858 -0.686290
vn -0.686289 0.240858 -0.686290
vn -0.896681 0.240857 -0.371418
vn -0.896681 0.240857 -0.371417
vn -0.970561 0.240857 -0.000000
vn -0.970561 0.240857 -0.000000
vn -0.896681 0.240858 0.371417
vn -0.896681 0.240858 0.371417
vn -0.686290 0.240858 0.686290
vn -0.686290 0.240858 0.686289
vn -0.371418 0.240857 0.896681
vn -0.371418 0.240857 0.896681
vn 0.000000 0.240857 0.970560
vn 0.000000 0.240857 0.970561
vn 0.371418 0.240856 0.896681
vn 0.371418 0.240856 0.896681
vn 0.686290 0.240857 0.686290
vn 0.686289 0.240857 0.686291
vn 0.896680 0.240860 0.371418
vn 0.896680 0.240860 0.371418
vn 0.896681 -0.240859 0.371417
vn 0.970560 -0.240858 0.000001
vn 0.970560 -0.240858 0.000001
vn 0.896681 -0.240859 0.371418
vn 0.686290 -0.240859 0.686289
vn 0.686290 -0.240859 0.686290
vn 0.371417 -0.240857 0.896681
vn 0.371417 -0.240857 0.896681
vn -0.000000 -0.240856 0.970561
vn -0.000000 -0.240856 0.970561
vn -0.371418 -0.240858 0.896681
vn -0.371418 -0.240858 0.896681
vn -0.686290 -0.240859 0.686289
vn -0.686290 -0.240859 0.686289
vn -0.896681 -0.240858 0.371417
vn -0.896681 -0.240858 0.371417
vn -0.970561 -0.240857 -0.000001
vn -0.970561 -0.240857 -0.000000
vn -0.896681 -0.240858 -0.371418
vn -0.896681 -0.240858 -0.371417
vn -0.686290 -0.240859 -0.686289
vn -0.686290 -0.240859 -0.686290
vn -0.371417 -0.240857 -0.896681
vn -0.371417 -0.240857 -0.896681
vn 0.000001 -0.240857 -0.970561
vn 0.000001 -0.240857 -0.970561
vn 0.371418 -0.240858 -0.896680
vn 0.371418 -0.240858 -0.896681
vn 0.686289 -0.240858 -0.686291
vn 0.686289 -0.240858 -0.686291
vn 0.896681 -0.240858 -0.371417
vn 0.896681 -0.240858 -0.371417
vn 0.917035 -0.121503 -0.379848
vn 0.917035 -0.121503 -0.379848
vn 0.992591 -0.121504 0.000001
vn 0.992591 -0.121504 0.000001
vn 0.701868 -0.121503 -0.701867
vn 0.701868 -0.121503 -0.701868
vn 0.379847 -0.121502 -0.917035
vn 0.379848 -0.121502 -0.917035
vn 0.000001 -0.121503 -0.992591
vn 0.000001 -0.121503 -0.992591
vn -0.379846 -0.121505 -0.917035
vn -0.379845 -0.121505 -0.917035
vn -0.701868 -0.121506 -0.701867
vn -0.701868 -0.121506 -0.701868
vn -0.917035 -0.121505 -0.379847
vn -0.917034 -0.121505 -0.379849
vn -0.992591 -0.121505 -0.000001
vn -0.992591 -0.121505 -0.000001
vn -0.917035 -0.121505 0.379847
vn -0.917035 -0.121505 0.379848
vn -0.701869 -0.121505 0.701867
vn -0.701868 -0.121505 0.701867
vn -0.379848 -0.121505 0.917034
vn -0.379849 -0.121505 0.917034
vn 0.000000 -0.121505 0.992591
vn 0.000000 -0.121505 0.992591
vn 0.379848 -0.121505 0.917034
vn 0.379849 -0.121505 0.917034
vn 0.701868 -0.121505 0.701867
vn 0.701868 -0.121505 0.701868
vn 0.917035 -0.121505 0.379848
vn 0.917034 -0.121505 0.379849
vn 0.000000 -1.000000 0.000002
vn 0.000000 -1.000000 0.000002
vn 0.000000 -1.000000 0.000002
vn 0.000000 -1.000000 0.000002
vn 0.000000 1.000000 -0.000000
vn 0.000000 1.000000 -0.000000
vn 0.000000 1.000000 -0.000000
vn 0.000000 1.000000 -0.000000
vn 0.000000 1.000000 0.000004
vn 0.000000 1.000000 0.000004
vn 0.000000 1.000000 0.000004
vn 0.000000 1.000000 0.000004
vn 0.000000 -1.000000 -0.000002
vn 0.000000 -1.000000 -0.000002
vn 0.000000 -1.000000 -0.000002
vn 0.000000 -1.000000 -0.000002
vn 0.000000 1.000000 -0.000000
vn 0.000000 1.000000 -0.000000
vn 0.000000 1.000000 -0.000000
vn 0.000000 1.000000 -0.000000
vn 0.000000 -1.000000 0.000000
vn 0.000000 -1.000000 0.000000
vn 0.000000 -1.000000 0.000000
vn 0.000000 -1.000000 0.000000
vn 0.000000 1.000000 0.000000
vn 0.000000 1.000000 0.000000
vn 0.000000 1.000000 0.000000
vn 0.000000 1.000000 0.000000
vn 0.000000 -1.000000 0.000002
vn 0.000000 -1.000000 0.000002
vn 0.000000 -1.000000 0.000002
vn 0.000000 -1.000000 0.000002
vn 0.000000 1.000000 0.000000
vn 0.000000 1.000000 0.000000
vn 0.000000 1.000000 0.000000
vn 0.000000 1.000000 0.000000
vn 0.000000 -1.000000 0.000001
vn 0.000000 -1.000000 0.000001
vn 0.000000 -1.000000 0.000001
vn 0.000000 -1.000000 0.000001
vn 0.000000 1.000000 0.000001
vn 0.000000 1.000000 0.000001
vn 0.000000 1.000000 0.000001
vn 0.000000 1.000000 0.000001
vn 0.000000 -1.000000 0.000001
vn 0.000000 -1.000000 0.000001
vn 0.000000 -1.000000 0.000001
vn 0.000000 -1.000000 0.000001
vn 0.000000 1.000000 0.000000
vn 0.000000 1.000000 0.000000
vn 0.000000 1.000000 0.000000
vn 0.000000 1.000000 0.000000
vn 0.000000 -1.000000 0.000000
vn 0.000000 -1.000000 0.000000
vn 0.000000 -1.000000 0.000000
vn 0.000000 -1.000000 0.000000
vn 0.000000 1.000000 0.000000
vn 0.000000 1.000000 0.000000
vn 0.000000 1.000000 0.000000
vn 0.000000 1.000000 0.000000
vn 0.000000 -1.000000 0.000000
vn 0.000000 -1.000000 0.000000
vn 0.000000 -1.000000 0.000000
vn 0.000000 -1.000000 0.000000
vn 0.000000 1.000000 -0.000002
vn 0.000000 1.000000 -0.000002
vn 0.000000 1.000000 -0.000002
vn 0.000000 1.000000 -0.000002
vn 0.000000 -1.000000 0.000001
vn 0.000000 -1.000000 0.000001
vn 0.000000 -1.000000 0.000001
vn 0.000000 -1.000000 0.000001
vn 0.000000 1.000000 0.000002
vn 0.000000 1.000000 0.000002
vn 0.000000 1.000000 0.000002
vn 0.000000 1.000000 0.000002
vn 0.000000 -1.000000 0.000002
vn 0.000000 -1.000000 0.000002
vn 0.000000 -1.000000 0.000002
vn 0.000000 -1.000000 0.000002
vn 0.000000 1.000000 0.000000
vn 0.000000 1.000000 0.000000
vn 0.000000 1.000000 0.000000
vn 0.000000 1.000000 0.000000
vn 0.000000 -1.000000 0.000000
vn 0.000000 -1.000000 0.000000
vn 0.000000 -1.000000 0.000000
vn 0.000000 -1.000000 0.000000
vn 0.000000 1.000000 0.000000
vn 0.000000 1.000000 0.000000
vn 0.000000 1.000000 0.000000
vn 0.000000 1.000000 0.000000
vn 0.000000 -1.000000 0.000002
vn 0.000000 -1.000000 0.000002
vn 0.000000 -1.000000 0.000002
vn 0.000000 -1.000000 0.000002
vn 0.000000 1.000000 -0.000005
vn 0.000000 1.000000 -0.000005
vn 0.000000 1.000000 -0.000005
vn 0.000000 1.000000 -0.000005
vn 0.000000 -1.000000 -0.000002
vn 0.000000 -1.000000 -0.000002
vn 0.000000 -1.000000 -0.000002
vn 0.000000 -1.000000 -0.000002
vn 0.000000 1.000000 -0.000001
vn 0.000000 1.000000 -0.000001
vn 0.000000 1.000000 -0.000001
vn 0.000000 1.000000 -0.000001
vn 0.000000 -1.000000 -0.000001
vn 0.000000 -1.000000 -0.000001
vn 0.000000 -1.000000 -0.000001
vn 0.000000 -1.000000 -0.000001
vn 0.000000 1.000000 -0.000000
vn 0.000000 1.000000 -0.000000
vn 0.000000 1.000000 -0.000000
vn 0.000000 1.000000 -0.000000
vn 0.000000 -1.000000 0.000001
vn 0.000000 -1.000000 0.000001
vn 0.000000 -1.000000 0.000001
vn 0.000000 -1.000000 0.000001
vn 0.000000 -1.000000 0.000000
vn 0.000000 -1.000000 0.000000
vn 0.000000 -1.000000 0.000000
vn 0.000000 -1.000000 0.000000
vn 0.000000 1.000000 0.000000
vn 0.000000 1.000000 0.000000
vn 0.000000 1.000000 0.000000
vn 0.000000 1.000000 0.000000
vn 0.000000 -1.000000 0.000000
vn 0.000000 -1.000000 0.000000
vn 0.000000 -1.000000 0.000000
vn 0.000000 -1.000000 0.000000
vn 0.000000 1.000000 0.000002
vn 0.000000 1.000000 0.000002
vn 0.000000 1.000000 0.000002
vn 0.000000 1.000000 0.000002
vn 0.000000 -1.000000 -0.000001
vn 0.000000 -1.000000 -0.000001
vn 0.000000 -1.000000 -0.000001
vn 0.000000 -1.000000 -0.000001
vn 0.000000 1.000000 0.000000
vn 0.000000 1.000000 0.000000
vn 0.000000 1.000000 0.000000
vn 0.000000 1.000000 0.000000
vn 0.000000 -1.000000 -0.000001
vn 0.000000 -1.000000 -0.000001
vn 0.000000 -1.000000 -0.000001
vn 0.000000 -1.000000 -0.000001
vn 0.000000 1.000000 0.000005
vn 0.000000 1.000000 0.000005
vn 0.000000 1.000000 0.000005
vn 0.000000 1.000000 0.000005
vn 0.000000 -1.000000 0.000002
vn 0.000000 -1.000000 0.000002
vn 0.000000 -1.000000 0.000002
vn 0.000000 -1.000000 0.000002
vn 0.000000 1.000000 0.000000
vn 0.000000 1.000000 0.000000
vn 0.000000 1.000000 0.000000
vn 0.000000 1.000000 0.000000
vn 0.000000 -1.000000 0.000000
vn 0.000000 -1.000000 0.000000
vn 0.000000 -1.000000 0.000000
vn 0.000000 -1.000000 0.000000
vn 0.000000 1.000000 0.000001
vn 0.000000 1.000000 0.000001
vn 0.000000 1.000000 0.000001
vn 0.000000 1.000000 0.000001
vn 0.000000 -1.000000 0.000002
vn 0.000000 -1.000000 0.000002
vn 0.000000 -1.000000 0.000002
vn 0.000000 -1.000000 0.000002
vn 0.000000 1.000000 0.000005
vn 0.000000 1.000000 0.000005
vn 0.000000 1.000000 0.000005
vn 0.000000 1.000000 0.000005
vn 0.000000 -1.000000 0.000001
vn 0.000000 -1.000000 0.000001
vn 0.000000 -1.000000 0.000001
vn 0.000000 -1.000000 0.000001
vn 0.000000 1.000000 -0.000002
vn 0.000000 1.000000 -0.000002
vn 0.000000 1.000000 -0.000002
vn 0.000000 1.000000 -0.000002
vn 0.000000 -1.000000 -0.000000
vn 0.000000 -1.000000 -0.000000
vn 0.000000 -1.000000 -0.000000
vn 0.000000 -1.000000 -0.000000
vn 0.000000 1.000000 0.000000
vn 0.000000 1.000000 0.000000
vn 0.000000 1.000000 0.000000
vn 0.000000 1.000000 0.000000
vn 0.000000 -1.000000 -0.000001
vn 0.000000 -1.000000 -0.000001
vn 0.000000 -1.000000 -0.000001
vn 0.000000 -1.000000 -0.000001
vn 0.000000 1.000000 -0.000001
vn 0.000000 1.000000 -0.000001
vn 0.000000 1.000000 -0.000001
vn 0.000000 1.000000 -0.000001
vn 0.000000 -1.000000 0.000001
vn 0.000000 -1.000000 0.000001
vn 0.000000 -1.000000 0.000001
vn 0.000000 -1.000000 0.000001
vn 0.000000 1.000000 -0.000000
vn 0.000000 1.000000 -0.000000
vn 0.000000 1.000000 -0.000000
vn 0.000000 1.000000 -0.000000
vn 0.000000 -1.000000 0.000001
vn 0.000000 -1.000000 0.000001
vn 0.000000 -1.000000 0.000001
vn 0.000000 -1.000000 0.000001
vn 0.000000 1.000000 -0.000005
vn 0.000000 1.000000 -0.000005
vn 0.000000 1.000000 -0.000005
vn 0.000000 1.000000 -0.000005
vn 0.000000 -1.000000 0.000002
vn 0.000000 -1.000000 0.000002
vn 0.000000 -1.000000 0.000002
vn 0.000000 -1.000000 0.000002
vn 0.000000 1.000000 0.000006
vn 0.000000 1.000000 0.000006
vn 0.000000 1.000000 0.000006
vn 0.000000 1.000000 0.000006
vn 0.000000 -1.000000 0.000000
vn 0.000000 -1.000000 0.000000
vn 0.000000 -1.000000 0.000000
vn 0.000000 -1.000000 0.000000
vn 0.000000 1.000000 -0.000001
vn 0.000000 1.000000 -0.000001
vn 0.000000 1.000000 -0.000001
vn 0.000000 1.000000 -0.000001
vn 0.000000 -1.000000 -0.000002
vn 0.000000 -1.000000 -0.000002
vn 0.000000 -1.000000 -0.000002
vn 0.000000 -1.000000 -0.000002
vn 0.000000 1.000000 -0.000005
vn 0.000000 1.000000 -0.000005
vn 0.000000 1.000000 -0.000005
vn 0.000000 1.000000 -0.000005
vn 0.000000 -1.000000 -0.000001
vn 0.000000 -1.000000 -0.000001
vn 0.000000 -1.000000 -0.000001
vn 0.000000 -1.000000 -0.000001
vn 0.000000 1.000000 -0.000001
vn 0.000000 1.000000 -0.000001
vn 0.000000 1.000000 -0.000001
vn 0.000000 1.000000 -0.000001
vn 0.000000 -1.000000 0.000000
vn 0.000000 -1.000000 0.000000
vn 0.000000 -1.000000 0.000000
vn 0.000000 -1.000000 0.000000
vn 0.000000 1.000000 0.000000
vn 0.000000 1.000000 0.000000
vn 0.000000 1.000000 0.000000
vn 0.000000 1.000000 0.000000
vn 0.000000 -1.000000 -0.000000
vn 0.000000 -1.000000 -0.000000
vn 0.000000 -1.000000 -0.000000
vn 0.000000 -1.000000 -0.000000
vn 0.000000 1.000000 0.000000
vn 0.000000 1.000000 0.000000
vn 0.000000 1.000000 0.000000
vn 0.000000 1.000000 0.000000
vn 0.000000 -1.000000 0.000000
vn 0.000000 -1.000000 0.000000
vn 0.000000 -1.000000 0.000000
vn 0.000000 -1.000000 0.000000
vn 0.000000 1.000000 0.000000
vn 0.000000 1.000000 0.000000
vn 0.000000 1.000000 0.000000
vn 0.000000 1.000000 0.000000
vn 0.000000 -1.000000 -0.000001
vn 0.000000 -1.000000 -0.000001
vn 0.000000 -1.000000 -0.000001
vn 0.000000 -1.000000 -0.000001
vn -0.000000 1.000000 -0.000001
vn -0.000000 1.000000 -0.000001
vn -0.000000 1.000000 -0.000001
vn -0.000000 1.000000 -0.000001
vn 0.000000 -1.000000 0.000000
vn 0.000000 -1.000000 0.000000
vn 0.000000 -1.000000 0.000000
vn 0.000000 -1.000000 0.000000
vn 0.000000 1.000000 -0.000000
vn 0.000000 1.000000 -0.000000
vn 0.000000 1.000000 -0.000000
vn 0.000000 1.000000 -0.000000
vn 0.000000 -1.000000 -0.000001
vn 0.000000 -1.000000 -0.000001
vn 0.000000 -1.000000 -0.000001
vn 0.000000 -1.000000 -0.000001
vn 0.000000 1.000000 0.000000
vn 0.000000 1.000000 0.000000
vn 0.000000 1.000000 0.000000
vn 0.000000 1.000000 0.000000
vn 0.000000 -1.000000 0.000001
vn 0.000000 -1.000000 0.000001
vn 0.000000 -1.000000 0.000001
vn 0.000000 -1.000000 0.000001
vn 0.000000 1.000000 0.000001
vn 0.000000 1.000000 0.000001
vn 0.000000 1.000000 0.000001
vn 0.000000 1.000000 0.000001
vn 0.000000 -1.000000 0.000000
vn 0.000000 -1.000000 0.000000
vn 0.000000 -1.000000 0.000000
vn 0.000000 -1.000000 0.000000
vn -0.000000 1.000000 -0.000000
vn -0.000000 1.000000 -0.000000
vn -0.000000 1.000000 -0.000000
vn -0.000000 1.000000 -0.000000
vn 0.000000 -1.000000 0.000000
vn 0.000000 -1.000000 0.000000
vn 0.000000 -1.000000 0.000000
vn 0.000000 -1.000000 0.000000
vn 0.000000 1.000000 0.000000
vn 0.000000 1.000000 0.000000
vn 0.000000 1.000000 0.000000
vn 0.000000 1.000000 0.000000
vn 0.000000 -1.000000 0.000000
vn 0.000000 -1.000000 0.000000
vn 0.000000 -1.000000 0.000000
vn 0.000000 -1.000000 0.000000
vn -0.000000 1.000000 0.000000
vn -0.000000 1.000000 0.000000
vn -0.000000 1.000000 0.000000
vn -0.000000 1.000000 0.000000
vn 0.000000 -1.000000 0.000000
vn 0.000000 -1.000000 0.000000
vn 0.000000 -1.000000 0.000000
vn 0.000000 -1.000000 0.000000
vn 0.000000 1.000000 0.000000
vn 0.000000 1.000000 0.000000
vn 0.000000 1.000000 0.000000
vn 0.000000 1.000000 0.000000
vn 0.000000 -1.000000 -0.000001
vn 0.000000 -1.000000 -0.000001
vn 0.000000 -1.000000 -0.000001
vn 0.000000 -1.000000 -0.000001
vn 0.000000 1.000000 0.000001
vn 0.000000 1.000000 0.000001
vn 0.000000 1.000000 0.000001
vn 0.000000 1.000000 0.000001
vn 0.000000 -1.000000 0.000000
vn 0.000000 -1.000000 0.000000
vn 0.000000 -1.000000 0.000000
vn 0.000000 -1.000000 0.000000
vn 0.000000 1.000000 -0.000000
vn 0.000000 1.000000 -0.000000
vn 0.000000 1.000000 -0.000000
vn 0.000000 1.000000 -0.000000
vn 0.000000 -1.000000 0.000001
vn 0.000000 -1.000000 0.000001
vn 0.000000 -1.000000 0.000001
vn 0.000000 -1.000000 0.000001
vn -0.000000 1.000000 0.000000
vn -0.000000 1.000000 0.000000
vn -0.000000 1.000000 0.000000
vn -0.000000 1.000000 0.000000
vn 0.000000 -1.000000 -0.000000
vn 0.000000 -1.000000 -0.000000
vn 0.000000 -1.000000 -0.000000
vn 0.000000 -1.000000 -0.000000
vn 0.000000 1.000000 0.000001
vn 0.000000 1.000000 0.000001
vn 0.000000 1.000000 0.000001
vn 0.000000 1.000000 0.000001
vn 0.000000 -1.000000 -0.000000
vn 0.000000 -1.000000 -0.000000
vn 0.000000 -1.000000 -0.000000
vn 0.000000 -1.000000 -0.000000
vn 0.000000 1.000000 -0.000000
vn 0.000000 1.000000 -0.000000
vn 0.000000 1.000000 -0.000000
vn 0.000000 1.000000 -0.000000
vn 0.000000 -1.000000 -0.000000
vn 0.000000 -1.000000 -0.000000
vn 0.000000 -1.000000 -0.000000
vn 0.000000 -1.000000 -0.000000
vn -0.000000 1.000000 -0.000000
vn -0.000000 1.000000 -0.000000
vn -0.000000 1.000000 -0.000000
vn -0.000000 1.000000 -0.000000
vn -0.000000 1.000000 0.000000
vn -0.000000 1.000000 0.000000
vn -0.000000 1.000000 0.000000
vn -0.000000 1.000000 0.000000
vn 0.000000 -1.000000 0.000001
vn 0.000000 -1.000000 0.000001
vn 0.000000 -1.000000 0.000001
vn 0.000000 -1.000000 0.000001
vn 0.000000 1.000000 0.000000
vn 0.000000 1.000000 0.000000
vn 0.000000 1.000000 0.000000
vn 0.000000 1.000000 0.000000
vn -0.000000 -1.000000 -0.000001
vn -0.000000 -1.000000 -0.000001
vn -0.000000 -1.000000 -0.000001
vn -0.000000 -1.000000 -0.000001
vn 0.000000 1.000000 -0.000001
vn 0.000000 1.000000 -0.000001
vn 0.000000 1.000000 -0.000001
vn 0.000000 1.000000 -0.000001
vn 0.000000 -1.000000 0.000001
vn 0.000000 -1.000000 0.000001
vn 0.000000 -1.000000 0.000001
vn 0.000000 -1.000000 0.000001
vn -0.000000 1.000000 0.000000
vn -0.000000 1.000000 0.000000
vn -0.000000 1.000000 0.000000
vn -0.000000 1.000000 0.000000
vn 0.000000 -1.000000 -0.000000
vn 0.000000 -1.000000 -0.000000
vn 0.000000 -1.000000 -0.000000
vn 0.000000 -1.000000 -0.000000
vn 0.000000 1.000000 -0.000001
vn 0.000000 1.000000 -0.000001
vn 0.000000 1.000000 -0.000001
vn 0.000000 1.000000 -0.000001
vn -0.000000 -1.000000 0.000000
vn -0.000000 -1.000000 0.000000
vn -0.000000 -1.000000 0.000000
vn -0.000000 -1.000000 0.000000
vn -0.000000 1.000000 -0.000001
vn -0.000000 1.000000 -0.000001
vn -0.000000 1.000000 -0.000001
vn -0.000000 1.000000 -0.000001
vn 0.000000 -1.000000 -0.000001
vn 0.000000 -1.000000 -0.000001
vn 0.000000 -1.000000 -0.000001
vn 0.000000 -1.000000 -0.000001
vn 0.000000 1.000000 0.000000
vn 0.000000 1.000000 0.000000
vn 0.000000 1.000000 0.000000
vn 0.000000 1.000000 0.000000
vn 0.000000 -1.000000 0.000000
vn 0.000000 -1.000000 0.000000
vn 0.000000 -1.000000 0.000000
vn 0.000000 -1.000000 0.000000
vn -0.000000 1.000000 0.000000
vn -0.000000 1.000000 0.000000
vn -0.000000 1.000000 0.000000
vn -0.000000 1.000000 0.000000
vn 0.000000 -1.000000 -0.000000
vn 0.000000 -1.000000 -0.000000
vn 0.000000 -1.000000 -0.000000
vn 0.000000 -1.000000 -0.000000
vn 0.000000 1.000000 -0.000000
vn 0.000000 1.000000 -0.000000
vn 0.000000 1.000000 -0.000000
vn 0.000000 1.000000 -0.000000
vn 0.000000 -1.000000 0.000000
vn 0.000000 -1.000000 0.000000
vn 0.000000 -1.000000 0.000000
vn 0.000000 -1.000000 0.000000
vn -0.000000 1.000000 0.000001
vn -0.000000 1.000000 0.000001
vn -0.000000 1.000000 0.000001
vn -0.000000 1.000000 0.000001
vn 0.000000 -1.000000 0.000001
vn 0.000000 -1.000000 0.000001
vn 0.000000 -1.000000 0.000001
vn 0.000000 -1.000000 0.000001
vn 0.000000 1.000000 0.000001
vn 0.000000 1.000000 0.000001
vn 0.000000 1.000000 0.000001
vn 0.000000 1.000000 0.000001
vn 0.000000 -1.000000 0.000001
vn 0.000000 -1.000000 0.000001
vn 0.000000 -1.000000 0.000001
vn 0.000000 -1.000000 0.000001
vn 0.000000 1.000000 0.000000
vn 0.000000 1.000000 0.000000
vn 0.000000 1.000000 0.000000
vn 0.000000 1.000000 0.000000
vn 0.000000 -1.000000 0.000000
vn 0.000000 -1.000000 0.000000
vn 0.000000 -1.000000 0.000000
vn 0.000000 -1.000000 0.000000
vn 0.000000 1.000000 0.000001
vn 0.000000 1.000000 0.000001
vn 0.000000 1.000000 0.000001
vn 0.000000 1.000000 0.000001
vn -0.000000 -1.000000 0.000000
vn -0.000000 -1.000000 0.000000
vn -0.000000 -1.000000 0.000000
vn -0.000000 -1.000000 0.000000
vn -0.000000 1.000000 0.000001
vn -0.000000 1.000000 0.000001
vn -0.000000 1.000000 0.000001
vn -0.000000 1.000000 0.000001
vn 0.000000 -1.000000 0.000001
vn 0.000000 -1.000000 0.000001
vn 0.000000 -1.000000 0.000001
vn 0.000000 -1.000000 0.000001
vn 0.000000 1.000000 -0.000000
vn 0.000000 1.000000 -0.000000
vn 0.000000 1.000000 -0.000000
vn 0.000000 1.000000 -0.000000
vn 0.000000 -1.000000 -0.000001
vn 0.000000 -1.000000 -0.000001
vn 0.000000 -1.000000 -0.000001
vn 0.000000 -1.000000 -0.000001
vn 0.000000 1.000000 -0.000000
vn 0.000000 1.000000 -0.000000
vn 0.000000 1.000000 -0.000000
vn 0.000000 1.000000 -0.000000
vn 0.000000 -1.000000 0.000000
vn 0.000000 -1.000000 0.000000
vn 0.000000 -1.000000 0.000000
vn 0.000000 -1.000000 0.000000
s 1
g Cilindro
usemtl initialShadingGroup
f 699/960/1066 698/1139/1067 700/962/1068
f 701/963/1069 699/960/1066 700/962/1068
f 702/964/1070 701/963/1069 700/962/1068
f 703/965/1071 702/964/1070 700/962/1068
f 704/966/1072 703/965/1071 700/962/1068
f 705/967/1073 704/966/1072 700/962/1068
f 706/968/1074 705/967/1073 700/962/1068
f 707/969/1075 706/968/1074 700/962/1068
f 708/970/1076 707/969/1075 700/962/1068
f 709/971/1077 708/970/1076 700/962/1068
f 710/972/1078 709/971/1077 700/962/1068
f 711/973/1079 710/972/1078 700/962/1068
f 712/974/1080 711/973/1079 700/962/1068
f 713/975/1081 712/974/1080 700/962/1068
f 714/976/1082 713/975/1081 700/962/1068
f 698/1139/1067 714/976/1082 700/962/1068
s 2
f 715/977/1083 716/1137/1084 717/979/1085
f 716/1137/1084 718/1136/1086 717/979/1085
f 718/1136/1086 719/1135/1087 717/979/1085
f 719/1135/1087 720/1134/1088 717/979/1085
f 720/1134/1088 721/1133/1089 717/979/1085
f 721/1133/1089 722/1132/1090 717/979/1085
f 722/1132/1090 723/1131/1091 717/979/1085
f 723/1131/1091 724/1130/1092 717/979/1085
f 724/1130/1092 725/1129/1093 717/979/1085
f 725/1129/1093 726/1128/1094 717/979/1085
f 726/1128/1094 727/1127/1095 717/979/1085
f 727/1127/1095 728/1126/1096 717/979/1085
f 728/1126/1096 729/1125/1097 717/979/1085
f 729/1125/1097 730/1124/1098 717/979/1085
f 730/1124/1098 731/1122/1099 717/979/1085
f 731/1122/1099 715/977/1083 717/979/1085
s off
f 635/1217/1100 634/1203/1101 666/1171/1102 667/1185/1103
f 636/1216/1104 635/1217/1105 667/1185/1106 668/1184/1107
f 637/1215/1108 636/1216/1109 668/1184/1110 669/1183/1111
f 638/1214/1112 637/1215/1113 669/1183/1114 670/1182/1115
f 639/1213/1116 638/1214/1117 670/1182/1118 671/1181/1119
f 640/1212/1120 639/1213/1121 671/1181/1122 672/1180/1123
f 641/1211/1124 640/1212/1125 672/1180/1126 673/1179/1127
f 642/1210/1128 641/1211/1129 673/1179/1130 674/1178/1131
f 643/1209/1132 642/1210/1133 674/1178/1134 675/1177/1135
f 644/1208/1136 643/1209/1137 675/1177/1138 676/1176/1139
f 645/1207/1140 644/1208/1141 676/1176/1142 677/1175/1143
f 646/1206/1144 645/1207/1145 677/1175/1146 678/1174/1147
f 647/1205/1148 646/1206/1149 678/1174/1150 679/1173/1151
f 648/1204/1152 647/1205/1153 679/1173/1154 680/1172/1155
f 649/1202/1156 648/1204/1157 680/1172/1158 681/1170/1159
f 634/1203/1160 649/1202/1161 681/1170/1162 666/1171/1163
f 650/1187/1164 651/1201/1165 683/1169/1166 682/1155/1167
f 651/1201/1168 652/1200/1169 684/1168/1170 683/1169/1171
f 652/1200/1172 653/1199/1173 685/1167/1174 684/1168/1175
f 653/1199/1176 654/1198/1177 686/1166/1178 685/1167/1179
f 654/1198/1180 655/1197/1181 687/1165/1182 686/1166/1183
f 655/1197/1184 656/1196/1185 688/1164/1186 687/1165/1187
f 656/1196/1188 657/1195/1189 689/1163/1190 688/1164/1191
f 657/1195/1192 658/1194/1193 690/1162/1194 689/1163/1195
f 658/1194/1196 659/1193/1197 691/1161/1198 690/1162/1199
f 659/1193/1200 660/1192/1201 692/1160/1202 691/1161/1203
f 660/1192/1204 661/1191/1205 693/1159/1206 692/1160/1207
f 661/1191/1208 662/1190/1209 694/1158/1210 693/1159/1211
f 662/1190/1212 663/1189/1213 695/1157/1214 694/1158/1215
f 663/1189/1216 664/1188/1217 696/1156/1218 695/1157/1219
f 664/1188/1220 665/1186/1221 697/1154/1222 696/1156/1223
f 665/1186/1224 650/1187/1225 682/1155/1226 697/1154/1227
s 3
f 667/997/1228 666/996/1229 698/961/1230 699/1153/1231
f 668/999/1232 667/997/1228 699/1153/1231 701/1152/1233
f 669/1001/1234 668/999/1232 701/1152/1233 702/1151/1235
f 670/1003/1236 669/1001/1234 702/1151/1235 703/1150/1237
f 671/1005/1238 670/1003/1236 703/1150/1237 704/1149/1239
f 672/1007/1240 671/1005/1238 704/1149/1239 705/1148/1241
f 673/1009/1242 672/1007/1240 705/1148/1241 706/1147/1243
f 674/1011/1244 673/1226/1242 706/1227/1243 707/1146/1245
f 675/1013/1246 674/1011/1244 707/1146/1245 708/1145/1247
f 676/1015/1248 675/1013/1246 708/1145/1247 709/1144/1249
f 677/1017/1250 676/1015/1248 709/1144/1249 710/1143/1251
f 678/1019/1252 677/1017/1250 710/1143/1251 711/1142/1253
f 679/1021/1254 678/1019/1252 711/1142/1253 712/1141/1255
f 680/1023/1256 679/1021/1254 712/1141/1255 713/1140/1257
f 681/1025/1258 680/1023/1256 713/1140/1257 714/1138/1259
f 666/996/1229 681/1025/1258 714/1138/1259 698/961/1230
s 4
f 682/1029/1260 683/1028/1261 716/978/1262 715/1123/1263
f 683/1028/1261 684/1031/1264 718/980/1265 716/978/1262
f 684/1031/1264 685/1033/1266 719/981/1267 718/980/1265
f 685/1033/1266 686/1035/1268 720/982/1269 719/981/1267
f 686/1035/1268 687/1037/1270 721/983/1271 720/982/1269
f 687/1037/1270 688/1039/1272 722/984/1273 721/983/1271
f 688/1039/1272 689/1224/1274 723/1225/1275 722/984/1273
f 689/1041/1274 690/1043/1276 724/986/1277 723/985/1275
f 690/1043/1276 691/1045/1278 725/987/1279 724/986/1277
f 691/1045/1278 692/1047/1280 726/988/1281 725/987/1279
f 692/1047/1280 693/1049/1282 727/989/1283 726/988/1281
f 693/1049/1282 694/1051/1284 728/990/1285 727/989/1283
f 694/1051/1284 695/1053/1286 729/991/1287 728/990/1285
f 695/1053/1286 696/1055/1288 730/992/1289 729/991/1287
f 696/1055/1288 697/1057/1290 731/993/1291 730/992/1289
f 697/1057/1290 682/1029/1260 715/1123/1263 731/993/1291
s 5
f 732/1058/1292 733/1059/1293 763/1060/1294 762/1061/1295
f 733/1059/1293 732/1058/1292 734/1062/1296 735/1063/1297
f 735/1063/1297 734/1062/1296 736/1064/1298 737/1065/1299
f 737/1065/1299 736/1064/1298 738/1066/1300 739/1067/1301
f 739/1067/1301 738/1066/1300 740/1068/1302 741/1069/1303
f 741/1069/1303 740/1068/1302 742/1070/1304 743/1071/1305
f 743/1071/1305 742/1070/1304 744/1072/1306 745/1218/1307
f 745/1073/1307 744/1221/1306 746/1074/1308 747/1075/1309
f 747/1075/1309 746/1074/1308 748/1076/1310 749/1077/1311
f 749/1077/1311 748/1076/1310 750/1078/1312 751/1079/1313
f 751/1079/1313 750/1078/1312 752/1080/1314 753/1081/1315
f 753/1081/1315 752/1080/1314 754/1082/1316 755/1083/1317
f 755/1083/1317 754/1082/1316 756/1084/1318 757/1085/1319
f 757/1085/1319 756/1084/1318 758/1086/1320 759/1087/1321
f 759/1087/1321 758/1086/1320 760/1088/1322 761/1089/1323
f 761/1089/1323 760/1088/1322 762/1061/1295 763/1060/1294
f 764/1090/1324 765/1091/1325 794/1092/1326 795/1093/1327
f 765/1091/1325 764/1090/1324 767/1094/1328 766/1095/1329
f 766/1095/1329 767/1094/1328 769/1096/1330 768/1097/1331
f 768/1097/1331 769/1096/1330 771/1098/1332 770/1099/1333
f 770/1099/1333 771/1098/1332 773/1100/1334 772/1101/1335
f 772/1101/1335 773/1100/1334 775/1102/1336 774/1103/1337
f 774/1103/1337 775/1102/1336 777/1104/1338 776/1223/1339
f 776/1105/1339 777/1219/1338 779/1106/1340 778/1107/1341
f 778/1107/1341 779/1106/1340 781/1108/1342 780/1109/1343
f 780/1109/1343 781/1108/1342 783/1110/1344 782/1111/1345
f 782/1111/1345 783/1110/1344 785/1112/1346 784/1113/1347
f 784/1113/1347 785/1112/1346 787/1114/1348 786/1115/1349
f 786/1115/1349 787/1114/1348 789/1116/1350 788/1117/1351
f 788/1117/1351 789/1116/1350 791/1118/1352 790/1119/1353
f 790/1119/1353 791/1118/1352 793/1120/1354 792/1121/1355
f 792/1121/1355 793/1120/1354 795/1093/1327 794/1092/1326
f 634/995/1356 635/994/1357 788/1117/1351 790/1119/1353
f 635/994/1357 636/998/1358 786/1115/1349 788/1117/1351
f 636/998/1358 637/1000/1359 784/1113/1347 786/1115/1349
f 637/1000/1359 638/1002/1360 782/1111/1345 784/1113/1347
f 638/1002/1360 639/1004/1361 780/1109/1343 782/1111/1345
f 639/1004/1361 640/1006/1362 778/1107/1341 780/1109/1343
f 640/1006/1362 641/1222/1363 776/1105/1339 778/1107/1341
f 641/1008/1363 642/1010/1364 774/1103/1337 776/1223/1339
f 642/1010/1364 643/1012/1365 772/1101/1335 774/1103/1337
f 643/1012/1365 644/1014/1366 770/1099/1333 772/1101/1335
f 644/1014/1366 645/1016/1367 768/1097/1331 770/1099/1333
f 645/1016/1367 646/1018/1368 766/1095/1329 768/1097/1331
f 646/1018/1368 647/1020/1369 765/1091/1325 766/1095/1329
f 647/1020/1369 648/1022/1370 794/1092/1326 765/1091/1325
f 648/1022/1370 649/1024/1371 792/1121/1355 794/1092/1326
f 649/1024/1371 634/995/1356 790/1119/1353 792/1121/1355
f 734/1062/1296 732/1058/1292 663/1052/1372 662/1050/1373
f 736/1064/1298 734/1062/1296 662/1050/1373 661/1048/1374
f 738/1066/1300 736/1064/1298 661/1048/1374 660/1046/1375
f 740/1068/1302 738/1066/1300 660/1046/1375 659/1044/1376
f 742/1070/1304 740/1068/1302 659/1044/1376 658/1042/1377
f 744/1072/1306 742/1070/1304 658/1042/1377 657/1220/1378
f 746/1074/1308 744/1221/1306 657/1040/1378 656/1038/1379
f 748/1076/1310 746/1074/1308 656/1038/1379 655/1036/1380
f 750/1078/1312 748/1076/1310 655/1036/1380 654/1034/1381
f 752/1080/1314 750/1078/1312 654/1034/1381 653/1032/1382
f 754/1082/1316 752/1080/1314 653/1032/1382 652/1030/1383
f 756/1084/1318 754/1082/1316 652/1030/1383 651/1027/1384
f 758/1086/1320 756/1084/1318 651/1027/1384 650/1026/1385
f 760/1088/1322 758/1086/1320 650/1026/1385 665/1056/1386
f 762/1061/1295 760/1088/1322 665/1056/1386 664/1054/1387
f 732/1058/1292 762/1061/1295 664/1054/1387 663/1052/1372
f 767/1094/1328 764/1090/1324 733/1059/1293 735/1063/1297
f 769/1096/1330 767/1094/1328 735/1063/1297 737/1065/1299
f 771/1098/1332 769/1096/1330 737/1065/1299 739/1067/1301
f 773/1100/1334 771/1098/1332 739/1067/1301 741/1069/1303
f 775/1102/1336 773/1100/1334 741/1069/1303 743/1071/1305
f 777/1104/1338 775/1102/1336 743/1071/1305 745/1218/1307
f 779/1106/1340 777/1219/1338 745/1073/1307 747/1075/1309
f 781/1108/1342 779/1106/1340 747/1075/1309 749/1077/1311
f 783/1110/1344 781/1108/1342 749/1077/1311 751/1079/1313
f 785/1112/1346 783/1110/1344 751/1079/1313 753/1081/1315
f 787/1114/1348 785/1112/1346 753/1081/1315 755/1083/1317
f 789/1116/1350 787/1114/1348 755/1083/1317 757/1085/1319
f 791/1118/1352 789/1116/1350 757/1085/1319 759/1087/1321
f 793/1120/1354 791/1118/1352 759/1087/1321 761/1089/1323
f 795/1093/1327 793/1120/1354 761/1089/1323 763/1060/1294
f 764/1090/1324 795/1093/1327 763/1060/1294 733/1059/1293
s 7
f 924/1228/1388 925/1229/1389 926/1230/1390 927/1231/1391
f 925/1229/1389 924/1228/1388 928/1232/1392 929/1233/1393
f 929/1233/1393 928/1232/1392 930/1234/1394 931/1235/1395
f 931/1235/1395 930/1234/1394 932/1236/1396 933/1237/1397
f 933/1237/1397 932/1236/1396 934/1238/1398 935/1239/1399
f 935/1239/1399 934/1238/1398 936/1240/1400 937/1241/1401
f 937/1241/1401 936/1240/1400 938/1242/1402 939/1243/1403
f 939/1244/1403 938/1245/1402 940/1246/1404 941/1247/1405
f 941/1247/1405 940/1246/1404 942/1248/1406 943/1249/1407
f 943/1249/1407 942/1248/1406 944/1250/1408 945/1251/1409
f 945/1251/1409 944/1250/1408 946/1252/1410 947/1253/1411
f 947/1253/1411 946/1252/1410 948/1254/1412 949/1255/1413
f 949/1255/1413 948/1254/1412 950/1256/1414 951/1257/1415
f 951/1257/1415 950/1256/1414 952/1258/1416 953/1259/1417
f 953/1259/1417 952/1258/1416 954/1260/1418 955/1261/1419
f 926/1230/1390 955/1262/1419 954/1263/1418 927/1231/1391
s 8
f 956/1264/1420 957/1265/1421 958/1266/1422 959/1267/1423
f 957/1265/1421 960/1268/1424 961/1269/1425 958/1266/1422
f 960/1268/1424 962/1270/1426 963/1271/1427 961/1269/1425
f 962/1270/1426 964/1272/1428 965/1273/1429 963/1271/1427
f 964/1272/1428 966/1274/1430 967/1275/1431 965/1273/1429
f 966/1274/1430 968/1276/1432 969/1277/1433 967/1275/1431
f 968/1276/1432 970/1278/1434 971/1279/1435 969/1277/1433
f 970/1278/1434 972/1280/1436 973/1281/1437 971/1279/1435
f 972/1282/1436 974/1283/1438 975/1284/1439 973/1285/1437
f 974/1283/1438 976/1286/1440 977/1287/1441 975/1284/1439
f 976/1286/1440 978/1288/1442 979/1289/1443 977/1287/1441
f 978/1288/1442 980/1290/1444 981/1291/1445 979/1289/1443
f 980/1290/1444 982/1292/1446 983/1293/1447 981/1291/1445
f 982/1292/1446 984/1294/1448 985/1295/1449 983/1293/1447
f 984/1294/1448 986/1296/1450 987/1297/1451 985/1295/1449
f 986/1296/1450 956/1298/1420 959/1299/1423 987/1297/1451
s 9
f 989/1300/1452 988/1301/1453 990/1302/1454 991/1303/1455
f 992/1304/1456 989/1300/1452 991/1303/1455 993/1305/1457
f 994/1306/1458 992/1304/1456 993/1305/1457 995/1307/1459
f 996/1308/1460 994/1306/1458 995/1307/1459 997/1309/1461
f 998/1310/1462 996/1308/1460 997/1309/1461 999/1311/1463
f 1000/1312/1464 998/1310/1462 999/1311/1463 1001/1313/1465
f 1002/1314/1466 1000/1312/1464 1001/1313/1465 1003/1315/1467
f 1004/1316/1468 1002/1314/1466 1003/1315/1467 1005/1317/1469
f 1006/1318/1470 1004/1319/1468 1005/1320/1469 1007/1321/1471
f 1008/1322/1472 1006/1318/1470 1007/1321/1471 1009/1323/1473
f 1010/1324/1474 1008/1322/1472 1009/1323/1473 1011/1325/1475
f 1012/1326/1476 1010/1324/1474 1011/1325/1475 1013/1327/1477
f 1014/1328/1478 1012/1326/1476 1013/1327/1477 1015/1329/1479
f 1016/1330/1480 1014/1328/1478 1015/1329/1479 1017/1331/1481
f 1018/1332/1482 1016/1330/1480 1017/1331/1481 1019/1333/1483
f 988/1334/1453 1018/1332/1482 1019/1333/1483 990/1335/1454
s 10
f 1021/1336/1484 1020/1337/1485 1022/1338/1486 1023/1339/1487
f 1025/1340/1488 1024/1341/1489 1020/1337/1485 1021/1336/1484
f 1027/1342/1490 1026/1343/1491 1024/1341/1489 1025/1340/1488
f 1029/1344/1492 1028/1345/1493 1026/1343/1491 1027/1342/1490
f 1031/1346/1494 1030/1347/1495 1028/1345/1493 1029/1344/1492
f 1033/1348/1496 1032/1349/1497 1030/1347/1495 1031/1346/1494
f 1035/1350/1498 1034/1351/1499 1032/1349/1497 1033/1348/1496
f 1037/1352/1500 1036/1353/1501 1034/1351/1499 1035/1350/1498
f 1039/1354/1502 1038/1355/1503 1036/1356/1501 1037/1357/1500
f 1041/1358/1504 1040/1359/1505 1038/1355/1503 1039/1354/1502
f 1043/1360/1506 1042/1361/1507 1040/1359/1505 1041/1358/1504
f 1045/1362/1508 1044/1363/1509 1042/1361/1507 1043/1360/1506
f 1047/1364/1510 1046/1365/1511 1044/1363/1509 1045/1362/1508
f 1049/1366/1512 1048/1367/1513 1046/1365/1511 1047/1364/1510
f 1050/1368/1514 1048/1367/1513 1049/1366/1512 1051/1369/1515
f 1023/1370/1487 1022/1371/1486 1050/1368/1514 1051/1369/1515
s off
f 874/1372/1516 875/1373/1517 926/1230/1518 925/1229/1519
f 811/1374/1520 796/1375/1521 924/1228/1522 927/1231/1523
f 796/1375/1524 797/1376/1525 928/1232/1526 924/1228/1527
f 873/1377/1528 874/1372/1529 925/1229/1530 929/1233/1531
f 797/1376/1532 798/1378/1533 930/1234/1534 928/1232/1535
f 872/1379/1536 873/1377/1537 929/1233/1538 931/1235/1539
f 798/1378/1540 799/1380/1541 932/1236/1542 930/1234/1543
f 871/1381/1544 872/1379/1545 931/1235/1546 933/1237/1547
f 799/1380/1548 800/1382/1549 934/1238/1550 932/1236/1551
f 870/1383/1552 871/1381/1553 933/1237/1554 935/1239/1555
f 800/1382/1556 801/1384/1557 936/1240/1558 934/1238/1559
f 869/1385/1560 870/1383/1561 935/1239/1562 937/1241/1563
f 801/1384/1564 802/1386/1565 938/1242/1566 936/1240/1567
f 868/1387/1568 869/1385/1569 937/1241/1570 939/1243/1571
f 802/1388/1572 803/1389/1573 940/1246/1574 938/1245/1575
f 867/1390/1576 868/1391/1577 939/1244/1578 941/1247/1579
f 803/1389/1580 804/1392/1581 942/1248/1582 940/1246/1583
f 866/1393/1584 867/1390/1585 941/1247/1586 943/1249/1587
f 804/1392/1588 805/1394/1589 944/1250/1590 942/1248/1591
f 865/1395/1592 866/1393/1593 943/1249/1594 945/1251/1595
f 805/1394/1596 806/1396/1597 946/1252/1598 944/1250/1599
f 864/1397/1600 865/1395/1601 945/1251/1602 947/1253/1603
f 806/1396/1604 807/1398/1605 948/1254/1606 946/1252/1607
f 863/1399/1608 864/1397/1609 947/1253/1610 949/1255/1611
f 807/1398/1612 808/1400/1613 950/1256/1614 948/1254/1615
f 862/1401/1616 863/1399/1617 949/1255/1618 951/1257/1619
f 808/1400/1620 809/1402/1621 952/1258/1622 950/1256/1623
f 861/1403/1624 862/1401/1625 951/1257/1626 953/1259/1627
f 809/1402/1628 810/1404/1629 954/1260/1630 952/1258/1631
f 860/1405/1632 861/1403/1633 953/1259/1634 955/1261/1635
f 875/1373/1636 860/1406/1637 955/1262/1638 926/1230/1639
f 810/1407/1640 811/1374/1641 927/1231/1642 954/1263/1643
f 828/1408/1644 829/1409/1645 957/1265/1646 956/1264/1647
f 845/1410/1648 844/1411/1649 959/1267/1650 958/1266/1651
f 829/1409/1652 830/1412/1653 960/1268/1654 957/1265/1655
f 846/1413/1656 845/1410/1657 958/1266/1658 961/1269/1659
f 830/1412/1660 831/1414/1661 962/1270/1662 960/1268/1663
f 847/1415/1664 846/1413/1665 961/1269/1666 963/1271/1667
f 831/1414/1668 832/1416/1669 964/1272/1670 962/1270/1671
f 848/1417/1672 847/1415/1673 963/1271/1674 965/1273/1675
f 832/1416/1676 833/1418/1677 966/1274/1678 964/1272/1679
f 849/1419/1680 848/1417/1681 965/1273/1682 967/1275/1683
f 833/1418/1684 834/1420/1685 968/1276/1686 966/1274/1687
f 850/1421/1688 849/1419/1689 967/1275/1690 969/1277/1691
f 834/1420/1692 835/1422/1693 970/1278/1694 968/1276/1695
f 851/1423/1696 850/1421/1697 969/1277/1698 971/1279/1699
f 835/1422/1700 836/1424/1701 972/1280/1702 970/1278/1703
f 852/1425/1704 851/1423/1705 971/1279/1706 973/1281/1707
f 836/1426/1708 837/1427/1709 974/1283/1710 972/1282/1711
f 853/1428/1712 852/1429/1713 973/1285/1714 975/1284/1715
f 837/1427/1716 838/1430/1717 976/1286/1718 974/1283/1719
f 854/1431/1720 853/1428/1721 975/1284/1722 977/1287/1723
f 838/1430/1724 839/1432/1725 978/1288/1726 976/1286/1727
f 855/1433/1728 854/1431/1729 977/1287/1730 979/1289/1731
f 839/1432/1732 840/1434/1733 980/1290/1734 978/1288/1735
f 856/1435/1736 855/1433/1737 979/1289/1738 981/1291/1739
f 840/1434/1740 841/1436/1741 982/1292/1742 980/1290/1743
f 857/1437/1744 856/1435/1745 981/1291/1746 983/1293/1747
f 841/1436/1748 842/1438/1749 984/1294/1750 982/1292/1751
f 858/1439/1752 857/1437/1753 983/1293/1754 985/1295/1755
f 842/1438/1756 843/1440/1757 986/1296/1758 984/1294/1759
f 859/1441/1760 858/1439/1761 985/1295/1762 987/1297/1763
f 843/1440/1764 828/1442/1765 956/1298/1766 986/1296/1767
f 844/1443/1768 859/1441/1769 987/1297/1770 959/1299/1771
f 877/1444/1772 876/1445/1773 988/1301/1774 989/1300/1775
f 892/1446/1776 893/1447/1777 991/1303/1778 990/1302/1779
f 878/1448/1780 877/1444/1781 989/1300/1782 992/1304/1783
f 893/1447/1784 894/1449/1785 993/1305/1786 991/1303/1787
f 879/1450/1788 878/1448/1789 992/1304/1790 994/1306/1791
f 894/1449/1792 895/1451/1793 995/1307/1794 993/1305/1795
f 880/1452/1796 879/1450/1797 994/1306/1798 996/1308/1799
f 895/1451/1800 896/1453/1801 997/1309/1802 995/1307/1803
f 881/1454/1804 880/1452/1805 996/1308/1806 998/1310/1807
f 896/1453/1808 897/1455/1809 999/1311/1810 997/1309/1811
f 882/1456/1812 881/1454/1813 998/1310/1814 1000/1312/1815
f 897/1455/1816 898/1457/1817 1001/1313/1818 999/1311/1819
f 883/1458/1820 882/1456/1821 1000/1312/1822 1002/1314/1823
f 898/1457/1824 899/1459/1825 1003/1315/1826 1001/1313/1827
f 884/1460/1828 883/1458/1829 1002/1314/1830 1004/1316/1831
f 899/1459/1832 900/1461/1833 1005/1317/1834 1003/1315/1835
f 885/1462/1836 884/1463/1837 1004/1319/1838 1006/1318/1839
f 900/1464/1840 901/1465/1841 1007/1321/1842 1005/1320/1843
f 886/1466/1844 885/1462/1845 1006/1318/1846 1008/1322/1847
f 901/1465/1848 902/1467/1849 1009/1323/1850 1007/1321/1851
f 887/1468/1852 886/1466/1853 1008/1322/1854 1010/1324/1855
f 902/1467/1856 903/1469/1857 1011/1325/1858 1009/1323/1859
f 888/1470/1860 887/1468/1861 1010/1324/1862 1012/1326/1863
f 903/1469/1864 904/1471/1865 1013/1327/1866 1011/1325/1867
f 889/1472/1868 888/1470/1869 1012/1326/1870 1014/1328/1871
f 904/1471/1872 905/1473/1873 1015/1329/1874 1013/1327/1875
f 890/1474/1876 889/1472/1877 1014/1328/1878 1016/1330/1879
f 905/1473/1880 906/1475/1881 1017/1331/1882 1015/1329/1883
f 891/1476/1884 890/1474/1885 1016/1330/1886 1018/1332/1887
f 906/1475/1888 907/1477/1889 1019/1333/1890 1017/1331/1891
f 876/1478/1892 891/1476/1893 1018/1332/1894 988/1334/1895
f 907/1477/1896 892/1479/1897 990/1335/1898 1019/1333/1899
f 909/1480/1900 908/1481/1901 1022/1338/1902 1020/1337/1903
f 826/1482/1904 825/1483/1905 1021/1336/1906 1023/1339/1907
f 910/1484/1908 909/1480/1909 1020/1337/1910 1024/1341/1911
f 825/1483/1912 824/1485/1913 1025/1340/1914 1021/1336/1915
f 911/1486/1916 910/1484/1917 1024/1341/1918 1026/1343/1919
f 824/1485/1920 823/1487/1921 1027/1342/1922 1025/1340/1923
f 912/1488/1924 911/1486/1925 1026/1343/1926 1028/1345/1927
f 823/1487/1928 822/1489/1929 1029/1344/1930 1027/1342/1931
f 913/1490/1932 912/1488/1933 1028/1345/1934 1030/1347/1935
f 822/1489/1936 821/1491/1937 1031/1346/1938 1029/1344/1939
f 914/1492/1940 913/1490/1941 1030/1347/1942 1032/1349/1943
f 821/1491/1944 820/1493/1945 1033/1348/1946 1031/1346/1947
f 915/1494/1948 914/1492/1949 1032/1349/1950 1034/1351/1951
f 820/1493/1952 819/1495/1953 1035/1350/1954 1033/1348/1955
f 916/1496/1956 915/1494/1957 1034/1351/1958 1036/1353/1959
f 819/1495/1960 818/1497/1961 1037/1352/1962 1035/1350/1963
f 917/1498/1964 916/1499/1965 1036/1356/1966 1038/1355/1967
f 818/1500/1968 817/1501/1969 1039/1354/1970 1037/1357/1971
f 918/1502/1972 917/1498/1973 1038/1355/1974 1040/1359/1975
f 817/1501/1976 816/1503/1977 1041/1358/1978 1039/1354/1979
f 919/1504/1980 918/1502/1981 1040/1359/1982 1042/1361/1983
f 816/1503/1984 815/1505/1985 1043/1360/1986 1041/1358/1987
f 920/1506/1988 919/1504/1989 1042/1361/1990 1044/1363/1991
f 815/1505/1992 814/1507/1993 1045/1362/1994 1043/1360/1995
f 921/1508/1996 920/1506/1997 1044/1363/1998 1046/1365/1999
f 814/1507/2000 813/1509/2001 1047/1364/2002 1045/1362/2003
f 922/1510/2004 921/1508/2005 1046/1365/2006 1048/1367/2007
f 813/1509/2008 812/1511/2009 1049/1366/2010 1047/1364/2011
f 923/1512/2012 922/1510/2013 1048/1367/2014 1050/1368/2015
f 812/1511/2016 827/1513/2017 1051/1369/2018 1049/1366/2019
f 908/1514/2020 923/1512/2021 1050/1368/2022 1022/1371/2023
f 827/1513/2024 826/1515/2025 1023/1370/2026 1051/1369/2027
g default
v 0.489828 0.000000 2.944821
v 1.201655 0.000000 2.944821
v 0.489828 0.711826 2.944821
v 1.201655 0.711826 2.944821
v 0.489828 0.711826 2.232995
v 1.201655 0.711826 2.232995
v 0.489828 0.000000 2.232995
v 1.201655 0.000000 2.232995
v 1.101655 0.100000 2.944821
v 0.589828 0.611827 2.944821
v 0.589828 0.711826 2.844821
v 1.101655 0.711826 2.844821
v 1.101655 0.711826 2.332995
v 0.589828 0.711826 2.332995
v 1.101655 0.611827 2.232995
v 0.589828 0.100000 2.232995
v 0.589828 0.000000 2.332995
v 1.101655 0.000000 2.332995
v 1.101655 0.000000 2.844821
v 0.589828 0.000000 2.844821
v 1.201655 0.100000 2.844821
v 1.201655 0.611827 2.332995
v 0.489828 0.100000 2.332995
v 0.489828 0.611827 2.844821
v 1.201655 0.100000 2.456142
v 1.201655 0.223148 2.332995
v 1.201655 0.611827 2.721673
v 1.201655 0.488679 2.844821
v 0.589828 0.223148 2.944821
v 0.712976 0.100000 2.944821
v 1.101655 0.488679 2.944821
v 0.978507 0.611827 2.944821
v 0.589828 0.488679 2.232995
v 0.712976 0.611827 2.232995
v 1.101655 0.223148 2.232995
v 0.978507 0.100000 2.232995
v 0.489828 0.100000 2.721673
v 0.489828 0.223148 2.844821
v 0.489828 0.611827 2.456142
v 0.489828 0.488679 2.332995
v 0.589828 0.223148 2.894784
v 0.978507 0.611827 2.894784
v 0.589828 0.611827 2.894784
v 0.589828 0.661789 2.844821
v 1.101655 0.661789 2.844821
v 1.101655 0.661789 2.332995
v 0.589828 0.661789 2.332995
v 0.589828 0.488679 2.283032
v 0.978507 0.100000 2.283032
v 0.589828 0.100000 2.283032
v 0.589828 0.050038 2.844821
v 1.101655 0.050038 2.844821
v 0.589828 0.050038 2.332995
v 1.101655 0.050038 2.332995
v 1.151617 0.100000 2.456142
v 1.151617 0.100000 2.844821
v 1.151617 0.488679 2.844821
v 0.539865 0.100000 2.332995
v 0.539865 0.100000 2.721673
v 0.539865 0.488679 2.332995
v 1.151617 0.611827 2.721673
v 1.151617 0.223148 2.332995
v 1.151617 0.611827 2.332995
v 1.101655 0.488679 2.894784
v 0.712976 0.100000 2.894784
v 1.101655 0.100000 2.894784
v 1.101655 0.223148 2.283032
v 0.712976 0.611827 2.283032
v 1.101655 0.611827 2.283032
v 0.539865 0.611827 2.456142
v 0.539865 0.223148 2.844821
v 0.539865 0.611827 2.844821
vt 0.102350 0.675031
vt 0.355264 0.946517
vt 0.235297 0.946517
vt 0.266241 0.674768
vt 0.269680 0.965758
vt 0.335116 0.965758
vt 0.077518 0.946517
vt 0.307119 0.842907
vt 0.286880 0.927277
vt 0.166913 0.927277
vt 0.266241 0.677991
vt 0.377903 0.975378
vt 0.135586 0.975378
vt 0.201022 0.975378
vt 0.384699 0.609332
vt 0.127209 0.965758
vt 0.197484 0.965758
vt 0.315933 0.777765
vt 0.209728 0.917656
vt 0.280003 0.917656
vt 0.276202 0.949740
vt 0.077518 0.888795
vt 0.355264 0.940120
vt 0.284989 0.940120
vt 0.171879 0.703561
vt 0.346477 0.949740
vt 0.262885 0.700338
vt 0.269680 0.959361
vt 0.142954 0.940120
vt 0.168523 0.888795
vt 0.335116 0.959361
vt 0.171880 0.700338
vt 0.077518 0.940120
vt 0.264741 0.901639
vt 0.215049 0.901639
vt 0.168523 0.797790
vt 0.216605 0.920879
vt 0.166913 0.920879
vt 0.171879 0.609332
vt 0.201022 0.968981
vt 0.135586 0.968981
vt 0.077518 0.797790
vt 0.377903 0.968981
vt 0.312467 0.968981
vt 0.127209 0.959361
vt 0.209709 0.892018
vt 0.139434 0.892018
vt 0.197484 0.959361
vt 0.209728 0.911259
vt 0.282295 0.930500
vt 0.212020 0.930500
vt 0.280003 0.911259
vt 0.093563 0.769260
vt 0.209709 0.898416
vt 0.089743 0.898416
vt 0.307119 0.774542
vt 0.346477 0.956138
vt 0.226510 0.956138
vt 0.262803 0.895821
vt 0.335016 0.908036
vt 0.215049 0.908036
vt 0.315906 0.890449
vt 0.282295 0.936897
vt 0.162329 0.936897
vt 0.335016 0.901639
vt 0.286880 0.920879
vt 0.162329 0.930500
vt 0.160036 0.911259
vt 0.235297 0.940120
vt 0.226510 0.949740
vt 0.089743 0.892018
vt 0.077518 0.959361
vt 0.331987 0.936897
vt 0.365597 0.890449
vt 0.212020 0.936897
vt 0.365597 0.840757
vt 0.250100 0.687553
vt 0.331987 0.930500
vt 0.384708 0.908036
vt 0.312495 0.895821
vt 0.264741 0.908036
vt 0.312495 0.846129
vt 0.250100 0.810574
vt 0.384708 0.901639
vt 0.396169 0.956138
vt 0.356811 0.774542
vt 0.276202 0.956138
vt 0.356811 0.724850
vt 0.250100 0.716346
vt 0.396169 0.949740
vt 0.139434 0.898416
vt 0.259401 0.898416
vt 0.143255 0.769260
vt 0.143255 0.719568
vt 0.155738 0.876010
vt 0.259401 0.892018
vt 0.266241 0.777765
vt 0.160036 0.917656
vt 0.329695 0.917656
vt 0.315933 0.827456
vt 0.184664 0.622117
vt 0.329695 0.911259
vt 0.077518 0.965758
vt 0.247176 0.965758
vt 0.335007 0.609332
vt 0.384699 0.659024
vt 0.090302 0.810574
vt 0.247176 0.959361
vt 0.266241 0.743427
vt 0.312467 0.975378
vt 0.266459 0.975378
vt 0.443339 0.975378
vt 0.331677 0.743427
vt 0.331677 0.677991
vt 0.090302 0.716346
vt 0.443339 0.968981
vt 0.155738 0.781782
vt 0.266459 0.968981
vt 0.216605 0.927277
vt 0.336572 0.927277
vt 0.356811 0.842907
vt 0.356811 0.793215
vt 0.184664 0.876010
vt 0.336572 0.920879
vt 0.142954 0.946517
vt 0.400552 0.965758
vt 0.331677 0.674768
vt 0.331677 0.609332
vt 0.090302 0.687553
vt 0.400552 0.959361
vt 0.208390 0.946517
vt 0.266241 0.609332
vt 0.155738 0.622117
vt 0.208390 0.940120
vt 0.284989 0.946517
vt 0.404955 0.946517
vt 0.152041 0.675031
vt 0.152042 0.625339
vt 0.184664 0.781782
vt 0.404955 0.940120
vt 0.155738 0.716346
vt 0.200408 0.687553
vt 0.250100 0.637861
vt 0.234356 0.622117
vt 0.184664 0.671809
vt 0.250100 0.860266
vt 0.200408 0.810574
vt 0.184664 0.826319
vt 0.234356 0.876010
vt 0.250100 0.766037
vt 0.200408 0.716346
vt 0.184664 0.732090
vt 0.234356 0.781782
vt 0.106046 0.876010
vt 0.155738 0.826319
vt 0.139994 0.810574
vt 0.090302 0.860266
vt 0.090302 0.781782
vt 0.090302 0.622117
vt 0.155738 0.687553
vt 0.262885 0.888795
vt 0.168523 0.703561
vt 0.168523 0.794566
vt 0.262885 0.703561
vt 0.077518 0.703561
vt 0.171880 0.888795
vt 0.077518 0.794566
vt 0.262885 0.609332
vt 0.168523 0.700338
vt 0.262885 0.797790
vt 0.171879 0.797790
vt 0.077518 0.700338
vt 0.262885 0.794566
vt 0.168523 0.609332
vt 0.077518 0.609332
vt 0.171880 0.794566
vn 0.000000 0.000000 1.000000
vn 0.000000 0.000000 1.000000
vn 0.000000 0.000000 1.000000
vn 0.000000 1.000000 0.000000
vn 0.000000 1.000000 0.000000
vn 0.000000 1.000000 0.000000
vn 0.000000 1.000000 0.000000
vn 0.000000 0.000000 -1.000000
vn 0.000000 0.000000 -1.000000
vn 0.000000 0.000000 -1.000000
vn 0.000000 -1.000000 0.000000
vn 0.000000 -1.000000 0.000000
vn 0.000000 -1.000000 0.000000
vn 0.000000 -1.000000 0.000000
vn 1.000000 0.000000 0.000000
vn 1.000000 0.000000 0.000000
vn 1.000000 0.000000 0.000000
vn -1.000000 0.000000 0.000000
vn -1.000000 0.000000 0.000000
vn -1.000000 0.000000 0.000000
vn 0.000000 0.000000 1.000000
vn 0.000000 0.000000 1.000000
vn 0.000000 0.000000 1.000000
vn 0.000000 0.000000 1.000000
vn 0.000000 0.000000 1.000000
vn 0.000000 0.000000 1.000000
vn 0.000000 1.000000 -0.000000
vn 0.000000 1.000000 -0.000000
vn 0.000000 1.000000 -0.000000
vn 0.000000 1.000000 -0.000000
vn 0.000000 1.000000 0.000000
vn 0.000000 1.000000 0.000000
vn 0.000000 1.000000 0.000000
vn 0.000000 1.000000 0.000000
vn 0.000000 1.000000 0.000000
vn 0.000000 1.000000 0.000000
vn 0.000001 0.000000 -1.000000
vn 0.000001 0.000000 -1.000000
vn 0.000001 0.000000 -1.000000
vn 0.000001 0.000000 -1.000000
vn -0.000001 0.000000 -1.000000
vn -0.000001 0.000000 -1.000000
vn -0.000001 0.000000 -1.000000
vn -0.000001 0.000000 -1.000000
vn 0.000000 -1.000000 0.000000
vn 0.000000 -1.000000 0.000000
vn 0.000000 -1.000000 0.000000
vn 0.000000 -1.000000 0.000000
vn 0.000000 -1.000000 0.000000
vn 0.000000 -1.000000 0.000000
vn 0.000000 -1.000000 0.000000
vn 0.000000 -1.000000 0.000000
vn 1.000000 0.000000 0.000000
vn 1.000000 0.000001 0.000000
vn 1.000000 0.000000 0.000000
vn 1.000000 -0.000000 0.000000
vn 1.000000 -0.000001 0.000000
vn 1.000000 -0.000000 0.000000
vn -1.000000 0.000000 0.000000
vn -1.000000 0.000000 0.000000
vn -1.000000 0.000000 0.000000
vn -1.000000 0.000000 0.000000
vn -1.000000 0.000000 0.000000
vn -1.000000 0.000000 0.000000
vn 1.000000 0.000000 0.000000
vn 1.000000 0.000000 0.000000
vn 1.000000 0.000000 0.000000
vn 0.000000 0.000000 1.000000
vn 0.000000 0.000000 1.000000
vn 0.000000 0.000000 1.000000
vn 0.000000 0.000000 -1.000000
vn 0.000000 0.000000 -1.000000
vn 0.000000 0.000000 -1.000000
vn -1.000000 0.000000 0.000000
vn -1.000000 0.000000 0.000000
vn -1.000000 0.000000 0.000000
vn 0.000001 0.000000 -1.000000
vn 0.000001 0.000000 -1.000000
vn 0.000000 0.000000 -1.000000
vn 0.000000 0.000000 -1.000000
vn 0.000000 0.000000 -1.000000
vn 0.000000 0.000000 -1.000000
vn -0.000001 0.000000 -1.000000
vn 0.000001 0.000000 -1.000000
vn 0.000000 0.000000 -1.000000
vn 0.000000 0.000000 -1.000000
vn -1.000000 0.000000 0.000000
vn -1.000000 0.000000 0.000000
vn -1.000000 0.000000 0.000000
vn -1.000000 0.000000 0.000000
vn -1.000000 0.000000 0.000000
vn -1.000000 0.000000 0.000000
vn -1.000000 0.000000 0.000000
vn -1.000000 0.000000 0.000000
vn -1.000000 0.000000 0.000000
vn -1.000000 0.000000 0.000000
vn -1.000000 0.000000 0.000000
vn -1.000000 0.000000 0.000000
vn -0.000002 0.000000 1.000000
vn -0.000002 0.000000 1.000000
vn -0.000002 0.000000 1.000000
vn -0.000002 0.000000 1.000000
vn 0.000000 0.000000 1.000000
vn 0.000000 0.000000 1.000000
vn 0.000000 0.000000 1.000000
vn 0.000000 0.000000 1.000000
vn 0.000001 0.000000 1.000000
vn 0.000001 0.000000 1.000000
vn 0.000001 0.000000 1.000000
vn 0.000001 0.000000 1.000000
vn 0.000000 0.000000 1.000000
vn 0.000000 0.000000 1.000000
vn 0.000000 0.000000 1.000000
vn 0.000000 0.000000 1.000000
vn 1.000000 0.000001 0.000000
vn 1.000000 0.000000 0.000000
vn 1.000000 0.000000 0.000000
vn 1.000000 0.000001 0.000000
vn 1.000000 0.000000 0.000000
vn 1.000000 0.000000 0.000000
vn 1.000000 -0.000000 0.000000
vn 1.000000 -0.000000 0.000000
vn 1.000000 -0.000001 0.000000
vn 1.000000 -0.000001 0.000000
vn 1.000000 0.000000 0.000000
vn 1.000000 0.000000 0.000000
vn -0.707108 0.707106 0.000000
vn -0.707108 0.707106 0.000000
vn -0.707108 0.707106 0.000000
vn -0.707108 0.707106 0.000000
vn 0.000000 -1.000000 0.000000
vn 0.000000 -1.000000 0.000000
vn 0.000000 -1.000000 0.000000
vn 0.000000 -1.000000 0.000000
vn 1.000000 0.000000 0.000000
vn 1.000000 0.000000 0.000000
vn 1.000000 0.000000 0.000000
vn 1.000000 0.000000 0.000000
vn 0.000000 -0.000010 -1.000000
vn 0.000000 -0.000010 -1.000000
vn 0.000000 -0.000010 -1.000000
vn 0.000000 -0.000010 -1.000000
vn -1.000000 -0.000000 0.000000
vn -1.000000 -0.000000 0.000000
vn -1.000000 -0.000000 0.000000
vn -1.000000 -0.000000 0.000000
vn 0.000000 0.000000 1.000000
vn 0.000000 0.000000 1.000000
vn 0.000000 0.000000 1.000000
vn 0.000000 0.000000 1.000000
vn 1.000000 0.000001 0.000000
vn 1.000000 0.000001 0.000000
vn 1.000000 0.000001 0.000000
vn 1.000000 0.000001 0.000000
vn -0.707107 -0.707107 0.000000
vn -0.707107 -0.707107 0.000000
vn -0.707107 -0.707107 0.000000
vn -0.707107 -0.707107 0.000000
vn 0.000000 1.000000 0.000000
vn 0.000000 1.000000 0.000000
vn 0.000000 1.000000 0.000000
vn 0.000000 1.000000 0.000000
vn 1.000000 0.000000 0.000000
vn 1.000000 0.000000 0.000000
vn 1.000000 0.000000 0.000000
vn 1.000000 0.000000 0.000000
vn 0.000000 0.000000 -1.000000
vn 0.000000 0.000000 -1.000000
vn 0.000000 0.000000 -1.000000
vn 0.000000 0.000000 -1.000000
vn 1.000000 0.000000 0.000000
vn 1.000000 0.000000 0.000000
vn 1.000000 0.000000 0.000000
vn 1.000000 0.000000 0.000000
vn 0.000000 0.000000 1.000000
vn 0.000000 0.000000 1.000000
vn 0.000000 0.000000 1.000000
vn 0.000000 0.000000 1.000000
vn -1.000000 0.000000 0.000000
vn -1.000000 0.000000 0.000000
vn -1.000000 0.000000 0.000000
vn -1.000000 0.000000 0.000000
vn 0.000000 1.000000 0.000000
vn 0.000000 1.000000 0.000000
vn 0.000000 1.000000 0.000000
vn 0.000000 1.000000 0.000000
vn 0.000000 -0.707107 0.707107
vn 0.000000 -0.707107 0.707107
vn 0.000000 -0.707107 0.707107
vn 0.000000 -0.707107 0.707107
vn 0.000000 0.000000 -1.000000
vn 0.000000 0.000000 -1.000000
vn 0.000000 0.000000 -1.000000
vn 0.000000 0.000000 -1.000000
vn 0.000000 1.000000 0.000000
vn 0.000000 1.000000 0.000000
vn 0.000000 1.000000 0.000000
vn 0.000000 1.000000 0.000000
vn 0.000000 -0.707107 -0.707107
vn 0.000000 -0.707107 -0.707107
vn 0.000000 -0.707107 -0.707107
vn 0.000000 -0.707107 -0.707107
vn 0.000000 0.000000 1.000000
vn 0.000000 0.000000 1.000000
vn 0.000000 0.000000 1.000000
vn 0.000000 0.000000 1.000000
vn 0.000000 0.707106 -0.707107
vn 0.000000 0.707106 -0.707107
vn 0.000000 0.707106 -0.707107
vn 0.000000 0.707106 -0.707107
vn 0.000000 0.000000 1.000000
vn 0.000000 0.000000 1.000000
vn 0.000000 0.000000 1.000000
vn 0.000000 0.000000 1.000000
vn 0.000000 -1.000000 0.000000
vn 0.000000 -1.000000 0.000000
vn 0.000000 -1.000000 0.000000
vn 0.000000 -1.000000 0.000000
vn 0.707108 -0.707106 0.000000
vn 0.707108 -0.707106 0.000000
vn 0.707108 -0.707106 0.000000
vn 0.707108 -0.707106 0.000000
vn 0.000000 1.000000 0.000000
vn 0.000000 1.000000 0.000000
vn 0.000000 1.000000 0.000000
vn 0.000000 1.000000 0.000000
vn -1.000000 0.000000 0.000000
vn -1.000000 0.000000 0.000000
vn -1.000000 0.000000 0.000000
vn -1.000000 0.000000 0.000000
vn 0.707107 0.707107 0.000000
vn 0.707107 0.707107 0.000000
vn 0.707107 0.707107 0.000000
vn 0.707107 0.707107 0.000000
vn 0.000000 -1.000000 0.000000
vn 0.000000 -1.000000 0.000000
vn 0.000000 -1.000000 0.000000
vn 0.000000 -1.000000 0.000000
vn -1.000000 0.000000 0.000000
vn -1.000000 0.000000 0.000000
vn -1.000000 0.000000 0.000000
vn -1.000000 0.000000 0.000000
vn 0.000000 0.707106 0.707107
vn 0.000000 0.707106 0.707107
vn 0.000000 0.707106 0.707107
vn 0.000000 0.707106 0.707107
vn 0.000000 0.000000 -1.000000
vn 0.000000 0.000000 -1.000000
vn 0.000000 0.000000 -1.000000
vn 0.000000 0.000000 -1.000000
vn 0.000000 -1.000000 0.000000
vn 0.000000 -1.000000 0.000000
vn 0.000000 -1.000000 0.000000
vn 0.000000 -1.000000 0.000000
s off
g Caja1
usemtl initialShadingGroup
f 1092/1516/2028 1093/1653/2029 1094/1652/2030
f 1095/1519/2031 1096/1647/2032 1097/1643/2033 1098/1642/2034
f 1099/1523/2035 1100/1637/2036 1101/1636/2037
f 1103/1526/2038 1102/1629/2039 1104/1628/2040 1105/1624/2041
f 1107/1530/2042 1106/1621/2043 1108/1620/2044
f 1109/1533/2045 1110/1615/2046 1111/1612/2047
s 1
f 1082/1665/2048 1055/1688/2049 1083/1668/2050
f 1080/1667/2051 1052/1540/2052 1081/1666/2053
s 2
f 1054/1690/2054 1055/1689/2055 1063/1648/2056 1062/1674/2057
f 1055/1689/2058 1057/1684/2059 1064/1675/2060 1063/1648/2061
f 1057/1684/2059 1056/1687/2062 1065/1644/2063 1064/1675/2060
f 1056/1687/2062 1054/1690/2054 1062/1674/2057 1065/1644/2063
s 4
f 1086/1661/2064 1066/1598/2065 1057/1685/2066 1059/1676/2067
s 5
f 1084/1663/2068 1067/1638/2069 1058/1681/2070 1056/1686/2071
s 6
f 1058/1680/2072 1059/1677/2073 1069/1656/2074 1068/1630/2075
f 1053/1678/2076 1052/1682/2077 1071/1673/2078 1070/1632/2079
f 1052/1682/2077 1058/1680/2072 1068/1630/2075 1071/1673/2078
s 7
f 1076/1671/2080 1059/1551/2081 1077/1670/2082
f 1078/1669/2083 1055/1537/2084 1079/1672/2085
s 8
f 1088/1659/2086 1052/1683/2087 1089/1658/2088
f 1090/1657/2089 1056/1547/2090 1091/1660/2091
s off
f 1112/1568/2092 1113/1609/2093 1114/1608/2094
f 1115/1571/2095 1116/1603/2096 1117/1601/2097
f 1118/1574/2098 1119/1597/2099 1120/1595/2100
f 1121/1577/2101 1122/1591/2102 1123/1589/2103
s 7
f 1076/1671/2080 1077/1670/2082 1078/1669/2083 1079/1672/2085
s 1
f 1080/1667/2051 1081/1666/2053 1082/1665/2048 1083/1668/2050
s 9
f 1084/1663/2104 1085/1662/2105 1086/1661/2106 1087/1664/2107
s 8
f 1088/1659/2086 1089/1658/2088 1090/1657/2089 1091/1660/2091
s 4
f 1085/1662/2108 1056/1686/2109 1057/1685/2066 1066/1598/2065
s 9
f 1086/1661/2106 1059/1676/2110 1087/1664/2107
f 1084/1663/2104 1056/1686/2111 1085/1662/2105
s 5
f 1087/1664/2112 1059/1676/2113 1058/1681/2070 1067/1638/2069
s 10
f 1090/1657/2114 1075/1592/2115 1054/1542/2116 1056/1547/2117
s 11
f 1091/1660/2118 1056/1547/2119 1058/1554/2120 1074/1616/2121
f 1088/1659/2122 1074/1616/2121 1058/1554/2120 1052/1683/2123
s 10
f 1089/1658/2124 1052/1683/2125 1054/1542/2116 1075/1592/2115
s off
f 1080/1667/2126 1061/1654/2127 1054/1691/2128 1052/1540/2129
f 1081/1666/2130 1052/1540/2131 1053/1679/2132 1060/1604/2133
f 1082/1665/2134 1060/1604/2135 1053/1679/2136 1055/1688/2137
f 1083/1668/2138 1055/1688/2139 1054/1691/2140 1061/1654/2141
s 12
f 1078/1669/2142 1073/1610/2143 1057/1545/2144 1055/1537/2145
s 13
f 1079/1672/2146 1055/1537/2147 1053/1557/2148 1072/1622/2149
f 1076/1671/2150 1072/1622/2149 1053/1557/2148 1059/1551/2151
s 12
f 1077/1670/2152 1059/1551/2153 1057/1545/2144 1073/1610/2143
s 6
f 1070/1632/2079 1069/1656/2074 1059/1677/2073 1053/1678/2076
s off
f 1080/1539/2154 1083/1538/2155 1093/1517/2156 1092/1650/2157
f 1083/1538/2158 1061/1655/2159 1094/1651/2160 1093/1517/2161
f 1061/1584/2162 1080/1539/2163 1092/1650/2164 1094/1518/2165
f 1062/1544/2166 1063/1649/2167 1096/1646/2168 1095/1640/2169
f 1063/1543/2170 1064/1546/2171 1097/1521/2172 1096/1520/2173
f 1064/1546/2174 1065/1645/2175 1098/1641/2176 1097/1521/2177
f 1065/1548/2178 1062/1544/2179 1095/1640/2180 1098/1522/2181
f 1084/1552/2182 1087/1581/2183 1100/1524/2184 1099/1634/2185
f 1087/1581/2186 1067/1639/2187 1101/1635/2188 1100/1524/2189
f 1067/1553/2190 1084/1552/2191 1099/1634/2192 1101/1525/2193
f 1070/1559/2194 1071/1558/2195 1102/1527/2196 1103/1625/2197
f 1071/1558/2198 1068/1631/2199 1104/1627/2200 1102/1527/2201
f 1068/1556/2202 1069/1555/2203 1105/1529/2204 1104/1528/2205
f 1069/1555/2206 1070/1633/2207 1103/1626/2208 1105/1529/2209
f 1072/1587/2210 1076/1560/2211 1106/1531/2212 1107/1618/2213
f 1076/1560/2214 1079/1563/2215 1108/1532/2216 1106/1531/2217
f 1079/1563/2218 1072/1623/2219 1107/1619/2220 1108/1532/2221
f 1074/1583/2222 1088/1564/2223 1110/1534/2224 1109/1613/2225
f 1088/1564/2226 1091/1567/2227 1111/1535/2228 1110/1534/2229
f 1091/1567/2230 1074/1617/2231 1109/1614/2232 1111/1535/2233
f 1078/1562/2234 1077/1561/2235 1113/1569/2236 1112/1606/2237
f 1077/1561/2238 1073/1611/2239 1114/1607/2240 1113/1569/2241
f 1073/1586/2242 1078/1562/2243 1112/1606/2244 1114/1570/2245
f 1082/1536/2246 1081/1541/2247 1116/1572/2248 1115/1602/2249
f 1081/1541/2250 1060/1605/2251 1117/1600/2252 1116/1572/2253
f 1060/1585/2254 1082/1536/2255 1115/1602/2256 1117/1573/2257
f 1086/1549/2258 1085/1580/2259 1119/1575/2260 1118/1596/2261
f 1085/1580/2262 1066/1599/2263 1120/1594/2264 1119/1575/2265
f 1066/1550/2266 1086/1549/2267 1118/1596/2268 1120/1576/2269
f 1090/1566/2270 1089/1565/2271 1122/1578/2272 1121/1590/2273
f 1089/1565/2274 1075/1593/2275 1123/1588/2276 1122/1578/2277
f 1075/1582/2278 1090/1566/2279 1121/1590/2280 1123/1579/2281
g default
v 0.277450 -0.016802 -4.982410
v 0.233547 -0.016802 -5.026314
v 0.173574 -0.016802 -5.042384
v 0.113600 -0.016802 -5.026314
v 0.069697 -0.016802 -4.982410
v 0.053627 -0.016802 -4.922437
v 0.069697 -0.016802 -4.862464
v 0.113600 -0.016802 -4.818561
v 0.173574 -0.016802 -4.802491
v 0.233547 -0.016802 -4.818561
v 0.277450 -0.016802 -4.862464
v 0.293520 -0.016802 -4.922437
v 0.299710 0.027716 -4.995262
v 0.246398 0.027716 -5.048573
v 0.173574 0.027716 -5.068087
v 0.100749 0.027716 -5.048573
v 0.047438 0.027716 -4.995262
v 0.027924 0.027716 -4.922437
v 0.047438 0.027716 -4.849613
v 0.100749 0.027716 -4.796301
v 0.173574 0.027716 -4.776788
v 0.246398 0.027716 -4.796301
v 0.299710 0.027716 -4.849613
v 0.319223 0.027716 -4.922437
v 0.344228 0.027716 -5.020965
v 0.272101 0.027716 -5.093091
v 0.173574 0.027716 -5.119492
v 0.075046 0.027716 -5.093091
v 0.002919 0.027716 -5.020965
v -0.023481 0.027716 -4.922437
v 0.002919 0.027716 -4.823910
v 0.075046 0.027716 -4.751783
v 0.173574 0.027716 -4.725382
v 0.272101 0.027716 -4.751783
v 0.344228 0.027716 -4.823910
v 0.370629 0.027716 -4.922437
v 0.366487 -0.016802 -5.033816
v 0.284952 -0.016802 -5.115351
v 0.173574 -0.016802 -5.145195
v 0.062195 -0.016802 -5.115351
v -0.019340 -0.016802 -5.033816
v -0.049184 -0.016802 -4.922437
v -0.019340 -0.016802 -4.811059
v 0.062195 -0.016802 -4.729524
v 0.173574 -0.016802 -4.699679
v 0.284952 -0.016802 -4.729524
v 0.366487 -0.016802 -4.811059
v 0.396331 -0.016802 -4.922437
v 0.344228 -0.061321 -5.020965
v 0.272101 -0.061321 -5.093091
v 0.173574 -0.061321 -5.119492
v 0.075046 -0.061321 -5.093091
v 0.002919 -0.061321 -5.020965
v -0.023481 -0.061321 -4.922437
v 0.002919 -0.061321 -4.823910
v 0.075046 -0.061321 -4.751783
v 0.173574 -0.061321 -4.725382
v 0.272101 -0.061321 -4.751783
v 0.344228 -0.061321 -4.823910
v 0.370629 -0.061321 -4.922437
v 0.299710 -0.061321 -4.995262
v 0.246398 -0.061321 -5.048573
v 0.173574 -0.061321 -5.068087
v 0.100749 -0.061321 -5.048573
v 0.047438 -0.061321 -4.995262
v 0.027924 -0.061321 -4.922437
v 0.047438 -0.061321 -4.849613
v 0.100749 -0.061321 -4.796301
v 0.173574 -0.061321 -4.776788
v 0.246398 -0.061321 -4.796301
v 0.299710 -0.061321 -4.849613
v 0.319223 -0.061321 -4.922437
v 1.077959 -0.016802 -4.862463
v 1.121863 -0.016802 -4.818560
v 1.181836 -0.016802 -4.802490
v 1.241809 -0.016802 -4.818560
v 1.285712 -0.016802 -4.862463
v 1.301782 -0.016802 -4.922437
v 1.285712 -0.016802 -4.982410
v 1.241809 -0.016802 -5.026313
v 1.181836 -0.016802 -5.042383
v 1.121863 -0.016802 -5.026313
v 1.077959 -0.016802 -4.982410
v 1.061889 -0.016802 -4.922437
v 1.055700 0.027716 -4.849612
v 1.109011 0.027716 -4.796301
v 1.181836 0.027716 -4.776787
v 1.254660 0.027716 -4.796301
v 1.307972 0.027716 -4.849612
v 1.327485 0.027716 -4.922437
v 1.307972 0.027716 -4.995261
v 1.254660 0.027716 -5.048573
v 1.181836 0.027716 -5.068086
v 1.109011 0.027716 -5.048573
v 1.055700 0.027716 -4.995261
v 1.036187 0.027716 -4.922437
v 1.011181 0.027716 -4.823909
v 1.083308 0.027716 -4.751782
v 1.181836 0.027716 -4.725382
v 1.280363 0.027716 -4.751782
v 1.352490 0.027716 -4.823909
v 1.378891 0.027716 -4.922437
v 1.352490 0.027716 -5.020964
v 1.280363 0.027716 -5.093091
v 1.181836 0.027716 -5.119492
v 1.083308 0.027716 -5.093091
v 1.011181 0.027716 -5.020964
v 0.984781 0.027716 -4.922437
v 0.988922 -0.016802 -4.811058
v 1.070457 -0.016802 -4.729523
v 1.181836 -0.016802 -4.699679
v 1.293215 -0.016802 -4.729523
v 1.374750 -0.016802 -4.811058
v 1.404593 -0.016802 -4.922437
v 1.374750 -0.016802 -5.033815
v 1.293215 -0.016802 -5.115350
v 1.181836 -0.016802 -5.145195
v 1.070457 -0.016802 -5.115350
v 0.988922 -0.016802 -5.033815
v 0.959078 -0.016802 -4.922437
v 1.011181 -0.061321 -4.823909
v 1.083308 -0.061321 -4.751782
v 1.181836 -0.061321 -4.725382
v 1.280363 -0.061321 -4.751782
v 1.352490 -0.061321 -4.823909
v 1.378891 -0.061321 -4.922437
v 1.352490 -0.061321 -5.020964
v 1.280363 -0.061321 -5.093091
v 1.181836 -0.061321 -5.119492
v 1.083308 -0.061321 -5.093091
v 1.011181 -0.061321 -5.020964
v 0.984781 -0.061321 -4.922437
v 1.055700 -0.061321 -4.849612
v 1.109011 -0.061321 -4.796301
v 1.181836 -0.061321 -4.776787
v 1.254660 -0.061321 -4.796301
v 1.307972 -0.061321 -4.849612
v 1.327485 -0.061321 -4.922437
v 1.307972 -0.061321 -4.995261
v 1.254660 -0.061321 -5.048573
v 1.181836 -0.061321 -5.068086
v 1.109011 -0.061321 -5.048573
v 1.055700 -0.061321 -4.995261
v 1.036187 -0.061321 -4.922437
v 0.754108 -0.016802 -6.005049
v 0.811044 -0.016802 -6.061985
v 0.831884 -0.016802 -6.139761
v 0.811044 -0.016802 -6.217538
v 0.754108 -0.016802 -6.274474
v 0.676332 -0.016802 -6.295314
v 0.598556 -0.016802 -6.274474
v 0.541619 -0.016802 -6.217538
v 0.520779 -0.016802 -6.139761
v 0.541619 -0.016802 -6.061985
v 0.598556 -0.016802 -6.005049
v 0.676332 -0.016802 -5.984209
v 0.770774 0.040932 -5.976182
v 0.839911 0.040932 -6.045319
v 0.865217 0.040932 -6.139761
v 0.839911 0.040932 -6.234204
v 0.770774 0.040932 -6.303341
v 0.676332 0.040932 -6.328647
v 0.581889 0.040932 -6.303341
v 0.512753 0.040932 -6.234204
v 0.487446 0.040932 -6.139761
v 0.512753 0.040932 -6.045319
v 0.581889 0.040932 -5.976182
v 0.676332 0.040932 -5.950876
v 0.804107 0.040932 -5.918448
v 0.897645 0.040932 -6.011986
v 0.931882 0.040932 -6.139761
v 0.897645 0.040932 -6.267537
v 0.804107 0.040932 -6.361074
v 0.676332 0.040932 -6.395312
v 0.548556 0.040932 -6.361074
v 0.455019 0.040932 -6.267537
v 0.420781 0.040932 -6.139761
v 0.455019 0.040932 -6.011986
v 0.548556 0.040932 -5.918448
v 0.676332 0.040932 -5.884211
v 0.820773 -0.016802 -5.889581
v 0.926512 -0.016802 -5.995319
v 0.965215 -0.016802 -6.139761
v 0.926512 -0.016802 -6.284203
v 0.820773 -0.016802 -6.389942
v 0.676332 -0.016802 -6.428645
v 0.531890 -0.016802 -6.389942
v 0.426152 -0.016802 -6.284203
v 0.387448 -0.016802 -6.139761
v 0.426152 -0.016802 -5.995319
v 0.531890 -0.016802 -5.889581
v 0.676332 -0.016802 -5.850878
v 0.804107 -0.074536 -5.918448
v 0.897645 -0.074536 -6.011986
v 0.931882 -0.074536 -6.139761
v 0.897645 -0.074536 -6.267537
v 0.804107 -0.074536 -6.361074
v 0.676332 -0.074536 -6.395312
v 0.548556 -0.074536 -6.361074
v 0.455019 -0.074536 -6.267537
v 0.420781 -0.074536 -6.139761
v 0.455019 -0.074536 -6.011986
v 0.548556 -0.074536 -5.918448
v 0.676332 -0.074536 -5.884211
v 0.770774 -0.074536 -5.976182
v 0.839911 -0.074536 -6.045319
v 0.865217 -0.074536 -6.139761
v 0.839911 -0.074536 -6.234204
v 0.770774 -0.074536 -6.303341
v 0.676332 -0.074536 -6.328647
v 0.581889 -0.074536 -6.303341
v 0.512753 -0.074536 -6.234204
v 0.487446 -0.074536 -6.139761
v 0.512753 -0.074536 -6.045319
v 0.581889 -0.074536 -5.976182
v 0.676332 -0.074536 -5.950876
v 0.759839 0.066705 -5.477737
v 0.676332 0.101295 -5.477737
v 0.592825 0.066705 -5.477737
v 0.558235 -0.016802 -5.477737
v 0.592825 -0.100309 -5.477737
v 0.676332 -0.134899 -5.477737
v 0.759839 -0.100309 -5.477737
v 0.794429 -0.016802 -5.477737
v 0.759839 0.066705 -3.765213
v 0.676332 0.101295 -3.765213
v 0.592825 0.066705 -3.765213
v 0.558235 -0.016802 -3.765213
v 0.592825 -0.100309 -3.765213
v 0.676332 -0.134899 -3.765213
v 0.759839 -0.100309 -3.765213
v 0.794429 -0.016802 -3.765213
v 0.592825 -0.100309 -5.020216
v 0.558235 -0.016802 -5.020216
v 0.592825 0.066705 -5.020216
v 0.676332 0.101295 -5.020216
v 0.759839 0.066705 -5.020216
v 0.794429 -0.016802 -5.020216
v 0.759839 -0.100309 -5.020216
v 0.676332 -0.134899 -5.020216
v 0.592825 -0.100309 -4.824660
v 0.558235 -0.016802 -4.824660
v 0.592825 0.066705 -4.824660
v 0.676332 0.101295 -4.824660
v 0.759839 0.066705 -4.824660
v 0.794429 -0.016802 -4.824660
v 0.759839 -0.100309 -4.824660
v 0.676332 -0.134899 -4.824660
v 0.592825 0.066705 -4.922438
v 0.676332 0.101295 -4.922438
v 0.759839 0.066705 -4.922438
v 0.759839 -0.100309 -4.922438
v 0.676332 -0.134899 -4.922438
v 0.592825 -0.100309 -4.922438
v 0.558235 -0.071287 -4.982488
v 0.558235 -0.008711 -5.008474
v 0.558235 -0.101947 -4.921324
v 0.558235 0.049126 -4.984062
v 0.558235 0.068342 -4.923550
v 0.558235 -0.024894 -4.836400
v 0.558235 0.037683 -4.862386
v 0.558235 -0.082730 -4.860812
v 0.794429 0.028292 -4.992564
v 0.794429 -0.023877 -4.997660
v 0.794429 0.059178 -4.938175
v 0.794429 -0.073811 -4.971415
v 0.794429 -0.092783 -4.906700
v 0.794429 0.040207 -4.873459
v 0.794429 -0.009728 -4.847215
v 0.794429 -0.061896 -4.852311
v 0.379706 -0.071287 -4.982488
v 0.379706 -0.008711 -5.008474
v 0.379706 -0.101947 -4.921324
v 0.379706 -0.016802 -4.922437
v 0.379706 0.049126 -4.984062
v 0.379706 0.068342 -4.923550
v 0.379706 -0.024894 -4.836400
v 0.379706 0.037683 -4.862386
v 0.379706 -0.082730 -4.860812
v 0.972958 0.028292 -4.992563
v 0.972958 -0.023877 -4.997660
v 0.972958 0.059178 -4.938175
v 0.972958 -0.016802 -4.922437
v 0.972958 -0.073811 -4.971415
v 0.972958 -0.092783 -4.906699
v 0.972958 0.040207 -4.873459
v 0.972958 -0.009728 -4.847215
v 0.972958 -0.061896 -4.852311
v 0.797511 0.104377 -5.477737
v 0.676332 0.154571 -5.477737
v 0.555153 0.104377 -5.477737
v 0.504959 -0.016802 -5.477737
v 0.555153 -0.137981 -5.477737
v 0.676332 -0.188175 -5.477737
v 0.797511 -0.137981 -5.477737
v 0.847705 -0.016802 -5.477737
v 0.797511 0.104377 -5.880530
v 0.676332 0.154571 -5.880530
v 0.676332 -0.016802 -5.880530
v 0.555153 0.104377 -5.880530
v 0.504959 -0.016802 -5.880530
v 0.555153 -0.137981 -5.880530
v 0.676332 -0.188175 -5.880530
v 0.797511 -0.137981 -5.880530
v 0.847705 -0.016802 -5.880530
v 0.244046 0.101295 -2.827602
v 0.676332 0.137277 -2.589491
v 1.108618 0.101295 -2.827602
v 0.289174 0.101295 -3.256202
v 0.676332 0.137277 -3.224480
v 1.063491 0.101295 -3.256202
v 1.388570 0.101295 -3.112577
v 1.277308 0.101295 -3.280760
v 0.075356 0.101295 -3.280760
v -0.035906 0.101295 -3.112577
v 1.381194 0.101295 -3.419291
v 1.515648 0.101295 -3.336149
v -0.162984 0.101295 -3.336149
v -0.028530 0.101295 -3.419291
v 1.621263 0.101295 -3.661111
v 1.582366 0.101295 -3.804918
v -0.229702 0.101295 -3.804918
v -0.268599 0.101295 -3.661111
v 0.759839 0.066801 -3.444317
v 0.676332 0.099260 -3.451548
v 0.592825 0.066801 -3.444317
v 0.794429 -0.016706 -3.444317
v 1.109104 -0.016706 -3.309271
v 1.251524 -0.016706 -3.347595
v 1.363523 -0.016706 -3.488505
v 1.653904 -0.016706 -4.000055
v 1.712965 -0.016706 -3.720278
v 1.685349 -0.016706 -3.452305
v 1.456788 -0.016706 -3.042448
v 1.066497 -0.016706 -2.695131
v 0.676332 -0.016706 -2.465116
v 0.286168 -0.016706 -2.695131
v -0.104123 -0.016706 -3.042448
v -0.332685 -0.016706 -3.452305
v -0.360301 -0.016706 -3.720278
v -0.301240 -0.016706 -4.000055
v -0.010858 -0.016706 -3.488505
v 0.101140 -0.016706 -3.347595
v 0.243560 -0.016706 -3.309271
v 0.558235 -0.016706 -3.444317
v 0.244046 -0.134708 -2.827602
v 0.676332 -0.170689 -2.589491
v 1.108618 -0.134708 -2.827602
v 0.289174 -0.134708 -3.256202
v 0.676332 -0.170689 -3.224480
v 1.063491 -0.134708 -3.256202
v 1.388570 -0.134708 -3.112577
v 1.277308 -0.134708 -3.280760
v 0.075356 -0.134708 -3.280760
v -0.035906 -0.134708 -3.112577
v 1.381194 -0.134708 -3.419291
v 1.515648 -0.134708 -3.336149
v -0.162984 -0.134708 -3.336149
v -0.028530 -0.134708 -3.419291
v 1.621263 -0.134708 -3.661111
v 1.582366 -0.134708 -3.804918
v -0.229702 -0.134708 -3.804918
v -0.268599 -0.134708 -3.661111
v 0.759839 -0.100214 -3.444317
v 0.676332 -0.132673 -3.451548
v 0.592825 -0.100214 -3.444317
vt 0.562846 0.693536
vt 0.568640 0.696964
vt 0.633547 0.590550
vt 0.625194 0.595331
vt 0.556109 0.693462
vt 0.615572 0.595300
vt 0.550236 0.696763
vt 0.607251 0.590470
vt 0.546798 0.702552
vt 0.602454 0.582124
vt 0.546717 0.709280
vt 0.602478 0.572496
vt 0.550016 0.715147
vt 0.607320 0.564175
vt 0.555810 0.718575
vt 0.615673 0.559395
vt 0.562546 0.718648
vt 0.625294 0.559426
vt 0.568420 0.715348
vt 0.633616 0.564255
vt 0.571858 0.709559
vt 0.638413 0.572600
vt 0.571939 0.702831
vt 0.638389 0.582229
vt 0.637667 0.594697
vt 0.626688 0.600983
vt 0.614044 0.600943
vt 0.603109 0.594595
vt 0.596806 0.583626
vt 0.596837 0.570968
vt 0.603201 0.560028
vt 0.614178 0.553742
vt 0.626822 0.553782
vt 0.637757 0.560130
vt 0.644061 0.571098
vt 0.644031 0.583756
vt 0.580856 0.684534
vt 0.567208 0.676661
vt 0.551463 0.676661
vt 0.537821 0.684524
vt 0.529929 0.698160
vt 0.529918 0.713925
vt 0.537801 0.727578
vt 0.551448 0.735450
vt 0.567193 0.735450
vt 0.580834 0.727588
vt 0.588727 0.713952
vt 0.588738 0.698187
vt 0.576671 0.688830
vt 0.565732 0.682474
vt 0.553088 0.682435
vt 0.542113 0.688715
vt 0.535741 0.699643
vt 0.535691 0.712300
vt 0.541985 0.723281
vt 0.552924 0.729636
vt 0.565567 0.729675
vt 0.576542 0.723397
vt 0.582915 0.712469
vt 0.582965 0.699812
vt 0.572527 0.692952
vt 0.564204 0.688117
vt 0.554582 0.688087
vt 0.546231 0.692865
vt 0.541381 0.701178
vt 0.541341 0.710806
vt 0.546129 0.719159
vt 0.554452 0.723994
vt 0.564073 0.724023
vt 0.572424 0.719246
vt 0.577274 0.710933
vt 0.577314 0.701306
vt 0.649844 0.585230
vt 0.641962 0.598884
vt 0.649832 0.569465
vt 0.641938 0.555830
vt 0.628297 0.547968
vt 0.612553 0.547968
vt 0.598906 0.555841
vt 0.591023 0.569494
vt 0.591035 0.585259
vt 0.598927 0.598894
vt 0.612569 0.606757
vt 0.628315 0.606757
vt 0.632970 0.580866
vt 0.629540 0.586655
vt 0.633041 0.574136
vt 0.629733 0.568272
vt 0.623933 0.564845
vt 0.617197 0.564772
vt 0.611327 0.568070
vt 0.607897 0.573859
vt 0.607825 0.580589
vt 0.611134 0.586453
vt 0.616934 0.589880
vt 0.623670 0.589954
vt 0.607159 0.829806
vt 0.613614 0.831719
vt 0.613611 0.837308
vt 0.604362 0.834645
vt 0.602519 0.824922
vt 0.597682 0.827720
vt 0.600938 0.818373
vt 0.595351 0.818385
vt 0.602840 0.811915
vt 0.597997 0.809131
vt 0.607718 0.807278
vt 0.604922 0.802441
vt 0.614261 0.805706
vt 0.614264 0.800118
vt 0.620716 0.807619
vt 0.623513 0.802781
vt 0.625356 0.812504
vt 0.630193 0.809705
vt 0.626938 0.819052
vt 0.632524 0.819040
vt 0.625035 0.825511
vt 0.629879 0.828294
vt 0.620157 0.830148
vt 0.622955 0.834985
vt 0.613506 0.843152
vt 0.601349 0.839655
vt 0.592569 0.830555
vt 0.589507 0.818287
vt 0.592985 0.806124
vt 0.602087 0.797329
vt 0.614370 0.794273
vt 0.626527 0.797771
vt 0.635306 0.806870
vt 0.638369 0.819137
vt 0.634891 0.831300
vt 0.625789 0.840096
vt 0.613494 0.849150
vt 0.598338 0.844844
vt 0.587370 0.833547
vt 0.583508 0.818282
vt 0.587793 0.803121
vt 0.599096 0.792131
vt 0.614382 0.788275
vt 0.629537 0.792582
vt 0.640505 0.803878
vt 0.644367 0.819142
vt 0.640083 0.834303
vt 0.628781 0.845294
vt 0.547231 0.533426
vt 0.560878 0.541298
vt 0.556694 0.545595
vt 0.545755 0.539239
vt 0.531485 0.533426
vt 0.533110 0.539200
vt 0.517843 0.541289
vt 0.522136 0.545479
vt 0.509951 0.554925
vt 0.515763 0.556407
vt 0.509940 0.570690
vt 0.515713 0.569064
vt 0.517823 0.584343
vt 0.522008 0.580046
vt 0.531471 0.592215
vt 0.532946 0.586401
vt 0.547215 0.592215
vt 0.545590 0.586440
vt 0.560856 0.584352
vt 0.556564 0.580161
vt 0.568749 0.570717
vt 0.562937 0.569234
vt 0.568761 0.554952
vt 0.562988 0.556577
vt 0.552550 0.549716
vt 0.544227 0.544881
vt 0.534605 0.544852
vt 0.526253 0.549629
vt 0.521404 0.557943
vt 0.521364 0.567570
vt 0.526151 0.575924
vt 0.534474 0.580759
vt 0.544096 0.580788
vt 0.552447 0.576011
vt 0.557297 0.567698
vt 0.557337 0.558070
vt 0.548663 0.553729
vt 0.542868 0.550300
vt 0.536132 0.550227
vt 0.530258 0.553527
vt 0.526820 0.559316
vt 0.526739 0.566045
vt 0.530038 0.571911
vt 0.535833 0.575340
vt 0.542569 0.575413
vt 0.548442 0.572113
vt 0.551880 0.566324
vt 0.551962 0.559595
vt 0.616254 0.670384
vt 0.623865 0.666106
vt 0.629062 0.671157
vt 0.618229 0.677357
vt 0.607517 0.670289
vt 0.605752 0.677316
vt 0.599996 0.665844
vt 0.594960 0.671052
vt 0.595705 0.658239
vt 0.588739 0.660230
vt 0.595798 0.649511
vt 0.588771 0.647743
vt 0.600247 0.642004
vt 0.595050 0.636952
vt 0.607858 0.637726
vt 0.605883 0.630753
vt 0.616594 0.637821
vt 0.618360 0.630793
vt 0.624116 0.642266
vt 0.629151 0.637057
vt 0.628406 0.649870
vt 0.635372 0.647879
vt 0.628314 0.658598
vt 0.635341 0.660365
vt 0.634405 0.676535
vt 0.620168 0.684687
vt 0.603770 0.684635
vt 0.589589 0.676402
vt 0.581414 0.662177
vt 0.581455 0.645762
vt 0.589707 0.631574
vt 0.603944 0.623423
vt 0.620341 0.623475
vt 0.634522 0.631707
vt 0.642697 0.645931
vt 0.642658 0.662346
vt 0.639975 0.681965
vt 0.622276 0.692175
vt 0.601857 0.692175
vt 0.584166 0.681978
vt 0.573930 0.664295
vt 0.573915 0.643850
vt 0.584138 0.626144
vt 0.601836 0.615935
vt 0.622254 0.615934
vt 0.639945 0.626130
vt 0.650181 0.643812
vt 0.650197 0.664257
vt 0.627281 0.367783
vt 0.644980 0.377993
vt 0.639553 0.383565
vt 0.625367 0.375322
vt 0.606862 0.367783
vt 0.608969 0.375271
vt 0.589170 0.377981
vt 0.594737 0.383415
vt 0.578935 0.395665
vt 0.586473 0.397587
vt 0.578921 0.416110
vt 0.586408 0.414001
vt 0.589145 0.433815
vt 0.594571 0.428243
vt 0.606843 0.444024
vt 0.608756 0.436484
vt 0.627261 0.444023
vt 0.625154 0.436535
vt 0.644951 0.433828
vt 0.639385 0.428393
vt 0.655187 0.416145
vt 0.647650 0.414221
vt 0.655203 0.395699
vt 0.647715 0.397807
vt 0.634179 0.388910
vt 0.623386 0.382639
vt 0.610907 0.382601
vt 0.600077 0.388797
vt 0.593787 0.399578
vt 0.593736 0.412064
vt 0.599944 0.422897
vt 0.610738 0.429167
vt 0.623215 0.429205
vt 0.634046 0.423010
vt 0.640335 0.412229
vt 0.640387 0.399744
vt 0.629139 0.394114
vt 0.621624 0.389667
vt 0.612887 0.389572
vt 0.605271 0.393852
vt 0.600812 0.401360
vt 0.600707 0.410086
vt 0.604985 0.417693
vt 0.612500 0.422140
vt 0.621236 0.422234
vt 0.628852 0.417954
vt 0.633311 0.410447
vt 0.633417 0.401722
vt 0.751548 0.756172
vt 0.741062 0.756679
vt 0.738109 0.702968
vt 0.748754 0.702576
vt 0.730602 0.757260
vt 0.727433 0.703523
vt 0.720148 0.757940
vt 0.716801 0.704902
vt 0.773647 0.518289
vt 0.784233 0.518399
vt 0.783993 0.572178
vt 0.773400 0.571609
vt 0.794731 0.518475
vt 0.794614 0.572259
vt 0.805223 0.518477
vt 0.805248 0.572152
vt 0.815739 0.518416
vt 0.815904 0.571611
vt 0.762126 0.755680
vt 0.759361 0.702554
vt 0.547012 0.638147
vt 0.557823 0.648959
vt 0.539367 0.656604
vt 0.531722 0.638147
vt 0.520910 0.648959
vt 0.520910 0.664249
vt 0.531722 0.675060
vt 0.547012 0.675060
vt 0.557823 0.664249
vt 0.502390 0.627059
vt 0.508367 0.621895
vt 0.516343 0.621895
vt 0.511779 0.630710
vt 0.501913 0.634361
vt 0.507215 0.639525
vt 0.727026 0.691759
vt 0.737752 0.691387
vt 0.748505 0.690981
vt 0.573783 0.479707
vt 0.574924 0.485710
vt 0.569853 0.490948
vt 0.565601 0.482965
vt 0.569210 0.474982
vt 0.561349 0.474982
vt 0.805381 0.583753
vt 0.794626 0.583862
vt 0.783901 0.583908
vt 0.773388 0.596637
vt 0.783999 0.595683
vt 0.787501 0.720097
vt 0.776956 0.720134
vt 0.726812 0.680017
vt 0.716226 0.679836
vt 0.712965 0.556248
vt 0.723544 0.555706
vt 0.737402 0.679773
vt 0.733995 0.555386
vt 0.747998 0.679394
vt 0.744440 0.555148
vt 0.758601 0.678630
vt 0.754889 0.555095
vt 0.805236 0.595354
vt 0.815822 0.595558
vt 0.818866 0.719026
vt 0.808393 0.719533
vt 0.794628 0.595466
vt 0.797945 0.719854
vt 0.521168 0.634361
vt 0.515191 0.639525
vt 0.561992 0.490948
vt 0.557418 0.486223
vt 0.556278 0.480220
vt 0.521645 0.627059
vt 0.778784 0.576716
vt 0.772211 0.572784
vt 0.779749 0.584190
vt 0.717436 0.703464
vt 0.722874 0.699147
vt 0.722883 0.692169
vt 0.721733 0.684729
vt 0.715074 0.681046
vt 0.779570 0.591155
vt 0.774056 0.595234
vt 0.754622 0.698959
vt 0.760549 0.700085
vt 0.752965 0.692243
vt 0.815538 0.574225
vt 0.810306 0.577873
vt 0.809791 0.585136
vt 0.753228 0.684981
vt 0.758321 0.681235
vt 0.811211 0.591879
vt 0.817082 0.593128
vt 0.540509 0.602681
vt 0.548407 0.602681
vt 0.548407 0.623492
vt 0.540509 0.623492
vt 0.556382 0.602681
vt 0.556382 0.623492
vt 0.533190 0.602681
vt 0.533190 0.623492
vt 0.525789 0.602681
vt 0.525789 0.623492
vt 0.571102 0.602681
vt 0.579000 0.602681
vt 0.579000 0.623492
vt 0.571102 0.623492
vt 0.586976 0.602681
vt 0.586976 0.623492
vt 0.563783 0.602681
vt 0.563783 0.623492
vt 0.621359 0.739573
vt 0.627469 0.739573
vt 0.627469 0.760385
vt 0.621359 0.760385
vt 0.634760 0.739573
vt 0.634760 0.760385
vt 0.614783 0.739573
vt 0.614783 0.760385
vt 0.606921 0.739573
vt 0.606921 0.760385
vt 0.579083 0.739573
vt 0.586944 0.739573
vt 0.586944 0.760385
vt 0.579083 0.760385
vt 0.593520 0.739573
vt 0.593520 0.760385
vt 0.599630 0.739573
vt 0.599630 0.760385
vt 0.530288 0.777706
vt 0.522729 0.785046
vt 0.517027 0.782585
vt 0.527996 0.771934
vt 0.540823 0.777862
vt 0.543284 0.772160
vt 0.548163 0.785421
vt 0.553935 0.783129
vt 0.548008 0.795956
vt 0.553710 0.798417
vt 0.540449 0.803296
vt 0.542740 0.809068
vt 0.529913 0.803141
vt 0.527453 0.808843
vt 0.522573 0.795582
vt 0.516801 0.797873
vt 0.783675 0.363895
vt 0.798965 0.363895
vt 0.798965 0.410849
vt 0.783675 0.410849
vt 0.890703 0.363895
vt 0.905993 0.363895
vt 0.905993 0.410849
vt 0.890703 0.410849
vt 0.875414 0.363895
vt 0.875414 0.410849
vt 0.860124 0.363895
vt 0.860124 0.410849
vt 0.844834 0.363895
vt 0.844834 0.410848
vt 0.829545 0.363895
vt 0.829545 0.410849
vt 0.814255 0.363895
vt 0.814255 0.410848
vt 0.682973 0.439711
vt 0.730793 0.416930
vt 0.732554 0.490770
vt 0.684427 0.490446
vt 0.779648 0.437440
vt 0.780647 0.488238
vt 0.815803 0.462076
vt 0.808145 0.484774
vt 0.648047 0.466063
vt 0.656801 0.488342
vt 0.838373 0.479976
vt 0.827314 0.495140
vt 0.638173 0.499649
vt 0.626380 0.485055
vt 0.865458 0.507546
vt 0.868175 0.522957
vt 0.600696 0.513938
vt 0.598750 0.529465
vt 0.744748 0.516987
vt 0.733098 0.517722
vt 0.721435 0.517532
vt 0.755265 0.520430
vt 0.790187 0.501278
vt 0.806680 0.501357
vt 0.824407 0.511700
vt 0.882870 0.546984
vt 0.885079 0.508823
vt 0.866987 0.479925
vt 0.825038 0.446599
vt 0.776854 0.416053
vt 0.730210 0.393977
vt 0.684699 0.418244
vt 0.638051 0.451069
vt 0.597795 0.486428
vt 0.581163 0.516191
vt 0.585270 0.554195
vt 0.641900 0.516043
vt 0.659078 0.504828
vt 0.675519 0.503919
vt 0.711265 0.521298
vt 0.753211 0.838095
vt 0.751953 0.787355
vt 0.799994 0.784457
vt 0.802178 0.858288
vt 0.848155 0.784419
vt 0.849867 0.835200
vt 0.875799 0.786413
vt 0.884656 0.808671
vt 0.716928 0.813646
vt 0.724478 0.790932
vt 0.906241 0.789594
vt 0.894389 0.775040
vt 0.705274 0.780636
vt 0.694276 0.795838
vt 0.933710 0.745084
vt 0.931819 0.760619
vt 0.667086 0.768368
vt 0.664314 0.752966
vt 0.799096 0.757512
vt 0.810770 0.757623
vt 0.787461 0.758329
vt 0.821090 0.753626
vt 0.856987 0.770890
vt 0.873452 0.769931
vt 0.890604 0.758658
vt 0.947104 0.720307
vt 0.951344 0.758297
vt 0.934817 0.788119
vt 0.894704 0.823634
vt 0.848218 0.856706
vt 0.802820 0.881240
vt 0.756080 0.859438
vt 0.707746 0.829153
vt 0.665659 0.795994
vt 0.647461 0.767161
vt 0.649533 0.728991
vt 0.708120 0.764066
vt 0.725872 0.774347
vt 0.742338 0.774377
vt 0.777104 0.755118
vn -0.499999 -0.000000 0.866026
vn -0.866024 0.000000 0.500002
vn -0.324749 0.927030 0.187495
vn -0.187494 0.927029 0.324751
vn -0.000000 -0.000000 1.000000
vn 0.000000 0.927030 0.374988
vn 0.499999 0.000000 0.866026
vn 0.187494 0.927029 0.324751
vn 0.866024 0.000000 0.500002
vn 0.324749 0.927030 0.187494
vn 1.000000 0.000000 0.000000
vn 0.374990 0.927029 -0.000000
vn 0.866024 0.000000 -0.500002
vn 0.324750 0.927029 -0.187494
vn 0.499999 0.000000 -0.866026
vn 0.187494 0.927029 -0.324751
vn -0.000000 0.000000 -1.000000
vn 0.000000 0.927030 -0.374988
vn -0.499999 0.000000 -0.866026
vn -0.187494 0.927029 -0.324751
vn -0.866024 0.000000 -0.500002
vn -0.324750 0.927029 -0.187494
vn -1.000000 0.000000 -0.000000
vn -0.374990 0.927029 -0.000000
vn 0.527282 0.793283 -0.304427
vn 0.304425 0.793284 -0.527282
vn 0.000000 0.793283 -0.608853
vn -0.304425 0.793284 -0.527282
vn -0.527282 0.793283 -0.304427
vn -0.608853 0.793283 -0.000000
vn -0.527282 0.793283 0.304427
vn -0.304425 0.793284 0.527282
vn 0.000000 0.793283 0.608853
vn 0.304425 0.793284 0.527282
vn 0.527282 0.793283 0.304427
vn 0.608853 0.793283 0.000000
vn 0.866026 -0.000000 -0.500000
vn 0.499999 -0.000000 -0.866026
vn -0.000000 -0.000000 -1.000000
vn -0.499999 -0.000000 -0.866026
vn -0.866026 -0.000000 -0.500000
vn -1.000000 -0.000000 -0.000000
vn -0.866026 -0.000000 0.500000
vn -0.499999 -0.000000 0.866026
vn -0.000000 -0.000000 1.000000
vn 0.499999 -0.000000 0.866026
vn 0.866026 -0.000000 0.500000
vn 1.000000 -0.000000 0.000000
vn 0.527282 -0.793283 -0.304426
vn 0.304425 -0.793284 -0.527281
vn 0.000000 -0.793283 -0.608853
vn -0.304425 -0.793284 -0.527281
vn -0.527282 -0.793283 -0.304427
vn -0.608853 -0.793283 -0.000000
vn -0.527281 -0.793284 0.304427
vn -0.304425 -0.793284 0.527281
vn -0.000000 -0.793283 0.608853
vn 0.304425 -0.793284 0.527281
vn 0.527281 -0.793283 0.304427
vn 0.608853 -0.793283 0.000000
vn -0.324750 -0.927029 0.187495
vn -0.187494 -0.927029 0.324751
vn 0.000000 -0.927029 0.374988
vn 0.187494 -0.927029 0.324751
vn 0.324750 -0.927029 0.187495
vn 0.374990 -0.927029 -0.000000
vn 0.324749 -0.927030 -0.187495
vn 0.187494 -0.927029 -0.324751
vn 0.000000 -0.927030 -0.374988
vn -0.187494 -0.927029 -0.324751
vn -0.324749 -0.927030 -0.187495
vn -0.374990 -0.927029 0.000000
vn 0.500003 0.000000 -0.866023
vn 0.866025 0.000000 -0.500000
vn 0.324750 0.927029 -0.187494
vn 0.187496 0.927029 -0.324750
vn -0.000000 0.000000 -1.000000
vn -0.000000 0.927030 -0.374988
vn -0.500003 0.000000 -0.866023
vn -0.187496 0.927029 -0.324750
vn -0.866025 -0.000000 -0.500000
vn -0.324750 0.927029 -0.187494
vn -1.000000 0.000000 0.000000
vn -0.374988 0.927030 0.000000
vn -0.866025 0.000000 0.500000
vn -0.324750 0.927029 0.187494
vn -0.500004 -0.000000 0.866023
vn -0.187497 0.927029 0.324750
vn 0.000000 -0.000000 1.000000
vn 0.000000 0.927029 0.374989
vn 0.500004 0.000000 0.866023
vn 0.187497 0.927029 0.324751
vn 0.866025 0.000000 0.500000
vn 0.324750 0.927029 0.187494
vn 1.000000 -0.000000 0.000000
vn 0.374988 0.927030 0.000000
vn -0.527280 0.793284 0.304427
vn -0.304428 0.793284 0.527281
vn 0.000000 0.793283 0.608853
vn 0.304428 0.793283 0.527281
vn 0.527281 0.793284 0.304427
vn 0.608851 0.793284 0.000000
vn 0.527281 0.793284 -0.304427
vn 0.304428 0.793283 -0.527281
vn 0.000000 0.793283 -0.608853
vn -0.304428 0.793283 -0.527281
vn -0.527281 0.793284 -0.304427
vn -0.608852 0.793284 -0.000000
vn -0.866025 0.000000 0.500001
vn -0.500002 0.000000 0.866024
vn -0.000000 0.000000 1.000000
vn 0.500002 0.000000 0.866024
vn 0.866025 -0.000001 0.500001
vn 1.000000 -0.000001 -0.000000
vn 0.866025 -0.000000 -0.500000
vn 0.500002 0.000000 -0.866024
vn 0.000000 0.000000 -1.000000
vn -0.500002 0.000000 -0.866024
vn -0.866025 0.000000 -0.500000
vn -1.000000 0.000000 -0.000000
vn -0.527280 -0.793284 0.304427
vn -0.304428 -0.793284 0.527281
vn -0.000000 -0.793283 0.608853
vn 0.304428 -0.793284 0.527281
vn 0.527280 -0.793284 0.304427
vn 0.608851 -0.793285 -0.000000
vn 0.527281 -0.793284 -0.304427
vn 0.304428 -0.793283 -0.527281
vn 0.000000 -0.793283 -0.608853
vn -0.304428 -0.793284 -0.527281
vn -0.527281 -0.793284 -0.304427
vn -0.608852 -0.793284 -0.000000
vn 0.324751 -0.927029 -0.187494
vn 0.187497 -0.927029 -0.324751
vn 0.000000 -0.927029 -0.374989
vn -0.187497 -0.927029 -0.324750
vn -0.324750 -0.927029 -0.187494
vn -0.374988 -0.927030 0.000000
vn -0.324750 -0.927029 0.187494
vn -0.187497 -0.927029 0.324750
vn 0.000000 -0.927029 0.374988
vn 0.187497 -0.927029 0.324751
vn 0.324751 -0.927029 0.187494
vn 0.374988 -0.927030 -0.000000
vn -0.866025 0.000000 -0.500000
vn -0.500000 0.000000 -0.866025
vn -0.187495 0.927029 -0.324750
vn -0.324750 0.927029 -0.187495
vn -1.000000 -0.000000 0.000000
vn -0.374988 0.927029 -0.000000
vn -0.866024 -0.000000 0.500003
vn -0.324751 0.927029 0.187496
vn -0.499999 -0.000000 0.866026
vn -0.187494 0.927030 0.324750
vn -0.000000 0.000000 1.000000
vn 0.000000 0.927029 0.374989
vn 0.499998 0.000000 0.866027
vn 0.187493 0.927030 0.324750
vn 0.866024 0.000000 0.500003
vn 0.324751 0.927029 0.187496
vn 1.000000 0.000000 0.000000
vn 0.374989 0.927029 -0.000000
vn 0.866025 0.000000 -0.500000
vn 0.324750 0.927029 -0.187495
vn 0.499999 -0.000000 -0.866026
vn 0.187495 0.927029 -0.324750
vn -0.000000 0.000000 -1.000000
vn 0.000000 0.927029 -0.374989
vn 0.304426 0.793284 0.527280
vn 0.527282 0.793284 0.304426
vn 0.608852 0.793283 -0.000000
vn 0.527282 0.793283 -0.304426
vn 0.304428 0.793283 -0.527281
vn 0.000000 0.793284 -0.608852
vn -0.304427 0.793283 -0.527281
vn -0.527282 0.793283 -0.304427
vn -0.608853 0.793283 -0.000000
vn -0.527282 0.793284 0.304426
vn -0.304426 0.793284 0.527281
vn 0.000000 0.793285 0.608851
vn 0.499999 0.000000 0.866026
vn 0.866025 0.000000 0.500000
vn 1.000000 0.000000 0.000000
vn 0.866025 0.000000 -0.500000
vn 0.500000 0.000000 -0.866026
vn -0.000000 0.000000 -1.000000
vn -0.499999 0.000000 -0.866026
vn -0.866025 -0.000000 -0.500000
vn -1.000000 -0.000000 0.000000
vn -0.866025 -0.000000 0.500000
vn -0.499998 0.000000 0.866026
vn -0.000000 0.000000 1.000000
vn 0.304426 -0.793284 0.527280
vn 0.527282 -0.793284 0.304426
vn 0.608852 -0.793284 -0.000000
vn 0.527282 -0.793283 -0.304426
vn 0.304427 -0.793284 -0.527281
vn 0.000000 -0.793284 -0.608852
vn -0.304426 -0.793284 -0.527281
vn -0.527282 -0.793283 -0.304426
vn -0.608852 -0.793284 -0.000000
vn -0.527282 -0.793284 0.304426
vn -0.304426 -0.793284 0.527281
vn 0.000000 -0.793285 0.608851
vn -0.187494 -0.927029 -0.324750
vn -0.324750 -0.927029 -0.187495
vn -0.374989 -0.927029 -0.000000
vn -0.324751 -0.927029 0.187496
vn -0.187494 -0.927029 0.324750
vn 0.000000 -0.927029 0.374989
vn 0.187493 -0.927029 0.324750
vn 0.324751 -0.927029 0.187496
vn 0.374989 -0.927029 -0.000000
vn 0.324750 -0.927029 -0.187495
vn 0.187494 -0.927029 -0.324750
vn 0.000000 -0.927029 -0.374989
vn 0.707107 0.707107 -0.000000
vn 0.000000 1.000000 -0.000000
vn 0.000000 1.000000 -0.000000
vn 0.678825 0.734262 -0.007549
vn -0.707107 0.707107 -0.000000
vn -0.677199 0.735729 -0.010183
vn -1.000000 0.000000 0.000000
vn -0.999669 -0.005926 -0.025055
vn -0.707107 -0.707107 0.000000
vn -0.678973 -0.734107 -0.009034
vn 0.000000 -1.000000 0.000000
vn -0.000000 -1.000000 0.000000
vn 0.707107 -0.707107 0.000000
vn 0.682153 -0.731159 -0.008595
vn 1.000000 0.000000 0.000000
vn 0.999768 -0.001613 -0.021462
vn -0.000003 0.000000 -1.000000
vn -0.000006 0.000000 -1.000000
vn -0.000001 0.000000 -1.000000
vn 0.000003 0.000000 -1.000000
vn 0.000000 0.000000 -1.000000
vn 0.000000 0.000000 -1.000000
vn -0.000003 0.000000 -1.000000
vn -0.000003 0.000000 -1.000000
vn 0.000000 0.000000 -1.000000
vn -1.000000 0.000000 0.000000
vn -1.000000 0.000001 0.000000
vn -1.000000 0.000000 0.000000
vn -1.000000 0.000000 0.000000
vn -1.000000 -0.000000 0.000000
vn -1.000000 -0.000000 0.000000
vn -0.379930 0.924970 0.009138
vn 0.000000 1.000000 0.000000
vn 0.425242 0.905079 0.000978
vn 1.000000 0.000001 0.000000
vn 1.000000 0.000000 0.000000
vn 1.000000 0.000000 0.000000
vn 1.000000 0.000001 0.000000
vn 1.000000 0.000002 0.000000
vn 1.000000 0.000001 0.000000
vn 0.425242 -0.905079 -0.000978
vn 0.000000 -1.000000 0.000000
vn -0.379931 -0.924970 -0.009139
vn -0.999935 0.002633 0.011130
vn -0.693387 -0.720550 0.004726
vn -0.706739 -0.707475 0.000436
vn -1.000000 -0.000017 0.000000
vn -0.694171 0.719798 0.004199
vn -0.706757 0.707456 0.000338
vn 0.000000 1.000000 0.000000
vn -0.000000 1.000000 0.000703
vn 0.695601 0.718417 0.004002
vn 0.706757 0.707456 0.000338
vn 0.999954 0.000718 0.009549
vn 1.000000 -0.000017 0.000000
vn 0.694090 -0.719880 0.003512
vn 0.706739 -0.707475 0.000436
vn 0.000000 -1.000000 0.000000
vn -0.000000 -1.000000 0.000842
vn -1.000000 -0.000000 0.000000
vn -1.000000 -0.000000 0.000000
vn 1.000000 0.000000 0.000000
vn 1.000000 0.000000 0.000000
vn 1.000000 0.000001 0.000000
vn -1.000000 0.000000 0.000000
vn -0.147945 -0.723008 -0.674813
vn -0.188518 0.007233 -0.982043
vn -0.078657 -0.993584 -0.081262
vn -0.115404 0.780731 -0.614118
vn -0.078657 0.993584 0.081262
vn -0.147939 0.723006 0.674815
vn -0.188507 -0.007234 0.982045
vn -0.115400 -0.780730 0.614120
vn 0.200282 0.635910 -0.745322
vn 0.245550 -0.214585 -0.945335
vn 0.136007 0.986233 -0.094059
vn 0.191555 -0.821628 -0.536874
vn 0.136006 -0.986233 0.094058
vn 0.191551 0.821628 0.536876
vn 0.245538 0.214588 0.945338
vn 0.200276 -0.635910 0.745324
vn -0.000002 -0.682863 -0.730547
vn -0.000001 -0.013071 -0.999915
vn -0.000000 -0.995607 -0.093632
vn -0.000000 0.740595 -0.671952
vn -0.000000 0.995607 0.093633
vn 0.000000 0.682862 0.730548
vn 0.000000 0.013071 0.999915
vn 0.000001 -0.740593 0.671954
vn 0.000000 0.582274 -0.812993
vn 0.000000 -0.202823 -0.979216
vn 0.000000 0.995033 -0.099541
vn 0.000000 -0.797106 -0.603840
vn 0.000000 -0.995033 0.099543
vn 0.000000 0.797106 0.603840
vn 0.000000 0.202825 0.979215
vn 0.000000 -0.582274 0.812993
vn 0.000000 0.000000 1.000000
vn 0.000000 0.000000 1.000000
vn 0.000000 0.000000 1.000000
vn 0.000000 0.000000 1.000000
vn 0.000000 0.000000 1.000000
vn 0.000000 0.000000 1.000000
vn 0.000000 0.000000 1.000000
vn 0.000000 0.000000 1.000000
vn -0.000002 0.000000 1.000000
vn -0.000002 0.000000 1.000000
vn -0.000002 0.000000 1.000000
vn -0.000002 0.000000 1.000000
vn -0.000003 0.000000 1.000000
vn -0.000003 0.000000 1.000000
vn -0.000003 0.000000 1.000000
vn -0.000003 0.000000 1.000000
vn 0.000000 0.000000 1.000000
vn 0.000000 0.000000 1.000000
vn 0.000000 0.000000 1.000000
vn 0.000000 0.000000 1.000000
vn -0.000003 0.000000 1.000000
vn -0.000003 0.000000 1.000000
vn -0.000003 0.000000 1.000000
vn -0.000003 0.000000 1.000000
vn -0.000002 0.000000 1.000000
vn -0.000002 0.000000 1.000000
vn -0.000002 0.000000 1.000000
vn -0.000002 0.000000 1.000000
vn 0.000000 0.000000 1.000000
vn 0.000000 0.000000 1.000000
vn 0.000000 0.000000 1.000000
vn 0.000000 0.000000 1.000000
vn 0.000000 1.000000 0.000000
vn 0.707107 0.707106 0.000000
vn 0.707107 0.707106 0.000000
vn 0.000000 1.000000 0.000000
vn -0.707107 0.707107 0.000000
vn -0.707107 0.707107 0.000000
vn -1.000000 -0.000000 0.000000
vn -1.000000 -0.000000 0.000000
vn -0.707106 -0.707107 0.000000
vn -0.707106 -0.707107 0.000000
vn 0.000000 -1.000000 0.000000
vn 0.000000 -1.000000 0.000000
vn 0.707107 -0.707106 0.000000
vn 0.707107 -0.707106 0.000000
vn 1.000000 0.000000 0.000000
vn 1.000000 0.000000 0.000000
vn -0.073582 0.997284 -0.003122
vn 0.000000 0.999993 -0.003675
vn -0.000000 0.998797 -0.049033
vn -0.066811 0.997567 -0.019889
vn 0.073582 0.997284 -0.003122
vn 0.066811 0.997567 -0.019889
vn 0.000000 1.000000 0.000000
vn 0.000000 1.000000 0.000000
vn 0.000000 1.000000 -0.000000
vn 0.000000 1.000000 -0.000000
vn 0.000000 1.000000 0.000000
vn 0.000000 1.000000 0.000000
vn 0.000000 1.000000 0.000000
vn 0.000000 1.000000 0.000000
vn 0.000000 1.000000 0.000000
vn 0.000000 1.000000 0.000000
vn 0.000000 1.000000 -0.000000
vn 0.000000 1.000000 -0.000000
vn 0.125758 0.957597 -0.259216
vn 0.000000 0.965260 -0.261291
vn -0.125758 0.957597 -0.259216
vn 0.670545 0.649062 -0.359288
vn -0.000000 0.999995 0.003056
vn -0.670545 0.649062 -0.359288
vn 0.763386 0.000032 -0.645943
vn 0.153104 0.425190 -0.892061
vn 0.239202 0.414333 -0.878129
vn -0.471905 0.466704 -0.747993
vn -0.438244 0.466118 -0.768555
vn -0.810014 0.345129 -0.474092
vn -0.788928 0.368616 -0.491646
vn -0.830810 0.320240 -0.455193
vn -0.830810 0.320240 -0.455193
vn 0.728270 0.685154 -0.013653
vn 0.718193 0.675732 -0.166088
vn 0.718193 0.675732 -0.166087
vn 0.727074 0.684001 0.059211
vn 0.714129 0.664221 0.220976
vn 0.697109 0.633360 0.335998
vn 0.619519 0.596458 0.510328
vn 0.626543 0.598959 0.498690
vn 0.455270 0.586212 0.670138
vn 0.513109 0.580770 0.632000
vn 0.419354 0.588124 0.691558
vn 0.419354 0.588124 0.691558
vn -0.455270 0.586212 0.670138
vn -0.419354 0.588124 0.691558
vn -0.419354 0.588124 0.691558
vn -0.513109 0.580770 0.632001
vn -0.619519 0.596458 0.510328
vn -0.626543 0.598959 0.498690
vn -0.714129 0.664221 0.220976
vn -0.697109 0.633359 0.335998
vn -0.728270 0.685154 -0.013653
vn -0.727074 0.684001 0.059211
vn -0.718193 0.675732 -0.166087
vn -0.718193 0.675732 -0.166087
vn 0.810014 0.345129 -0.474092
vn 0.830810 0.320240 -0.455193
vn 0.830810 0.320240 -0.455193
vn 0.788927 0.368616 -0.491646
vn 0.471905 0.466704 -0.747993
vn 0.438244 0.466118 -0.768555
vn -0.153104 0.425191 -0.892061
vn -0.239202 0.414333 -0.878129
vn -0.763386 0.000032 -0.645942
vn -0.073582 -0.997284 -0.003122
vn -0.066811 -0.997567 -0.019889
vn 0.000000 -0.998797 -0.049033
vn 0.000000 -0.999993 -0.003675
vn 0.066811 -0.997567 -0.019889
vn 0.073582 -0.997284 -0.003122
vn 0.000000 -1.000000 0.000000
vn 0.000000 -1.000000 0.000000
vn 0.000000 -1.000000 0.000000
vn 0.000000 -1.000000 0.000000
vn 0.000000 -1.000000 0.000000
vn 0.000000 -1.000000 0.000000
vn 0.000000 -1.000000 0.000000
vn 0.000000 -1.000000 0.000000
vn 0.000000 -1.000000 -0.000000
vn 0.000000 -1.000000 -0.000000
vn 0.000000 -1.000000 -0.000000
vn 0.000000 -1.000000 -0.000000
vn 0.000000 -0.965260 -0.261291
vn 0.125758 -0.957597 -0.259216
vn -0.125758 -0.957597 -0.259216
vn 0.670667 -0.649090 -0.359011
vn -0.000000 -0.999993 0.003660
vn -0.670667 -0.649090 -0.359010
vn 0.153104 -0.425191 -0.892061
vn 0.239202 -0.414333 -0.878129
vn -0.471904 -0.466704 -0.747993
vn -0.438243 -0.466118 -0.768555
vn -0.810014 -0.345129 -0.474092
vn -0.788927 -0.368617 -0.491646
vn -0.830810 -0.320241 -0.455192
vn -0.830810 -0.320241 -0.455192
vn 0.728270 -0.685154 -0.013653
vn 0.727074 -0.684001 0.059211
vn 0.718193 -0.675732 -0.166088
vn 0.718193 -0.675732 -0.166088
vn 0.714129 -0.664221 0.220976
vn 0.697109 -0.633359 0.335998
vn 0.619519 -0.596458 0.510328
vn 0.626543 -0.598959 0.498690
vn 0.455270 -0.586212 0.670138
vn 0.513109 -0.580770 0.632001
vn 0.419354 -0.588124 0.691558
vn 0.419354 -0.588124 0.691558
vn -0.455270 -0.586212 0.670138
vn -0.513109 -0.580770 0.632000
vn -0.419354 -0.588124 0.691558
vn -0.419354 -0.588124 0.691558
vn -0.619519 -0.596458 0.510328
vn -0.626543 -0.598959 0.498690
vn -0.714129 -0.664221 0.220976
vn -0.697109 -0.633359 0.335998
vn -0.728270 -0.685154 -0.013653
vn -0.727074 -0.684001 0.059211
vn -0.718193 -0.675732 -0.166087
vn -0.718193 -0.675732 -0.166087
vn 0.810014 -0.345129 -0.474092
vn 0.788927 -0.368617 -0.491646
vn 0.830811 -0.320240 -0.455192
vn 0.830811 -0.320240 -0.455192
vn 0.471904 -0.466704 -0.747993
vn 0.438243 -0.466118 -0.768555
vn -0.153104 -0.425191 -0.892061
vn -0.239202 -0.414333 -0.878129
s 1
g Ancla1
usemtl initialShadingGroup
f 1125/1787/2282 1124/1777/2283 1136/1694/2284 1137/1695/2285
f 1126/1786/2286 1125/1787/2282 1137/1695/2285 1138/1697/2287
f 1127/1785/2288 1126/1786/2286 1138/1697/2287 1139/1699/2289
f 1128/1784/2290 1127/1785/2288 1139/1699/2289 1140/1701/2291
f 1129/1783/2292 1128/1784/2290 1140/1701/2291 1141/1703/2293
f 1130/1782/2294 1129/1783/2292 1141/1703/2293 1142/1705/2295
f 1131/1781/2296 1130/1782/2294 1142/1705/2295 1143/1707/2297
f 1132/1780/2298 1131/1781/2296 1143/1707/2297 1144/1709/2299
f 1133/1779/2300 1132/1780/2298 1144/1709/2299 1145/1711/2301
f 1134/1778/2302 1133/1779/2300 1145/1711/2301 1146/1713/2303
f 1135/1776/2304 1134/1778/2302 1146/1713/2303 1147/1715/2305
f 1124/1777/2283 1135/1776/2304 1147/1715/2305 1136/1694/2284
f 1137/1695/2285 1136/1694/2284 1148/1716/2306 1149/1717/2307
f 1138/1697/2287 1137/1695/2285 1149/1717/2307 1150/1718/2308
f 1139/1699/2289 1138/1697/2287 1150/1718/2308 1151/1719/2309
f 1140/1701/2291 1139/1699/2289 1151/1719/2309 1152/1720/2310
f 1141/1703/2293 1140/1701/2291 1152/1720/2310 1153/1721/2311
f 1142/1705/2295 1141/1703/2293 1153/1721/2311 1154/1722/2312
f 1143/1707/2297 1142/1705/2295 1154/1722/2312 1155/1723/2313
f 1144/1709/2299 1143/1707/2297 1155/1723/2313 1156/1724/2314
f 1145/1711/2301 1144/1709/2299 1156/1724/2314 1157/1725/2315
f 1146/1713/2303 1145/1711/2301 1157/1725/2315 1158/1726/2316
f 1147/1715/2305 1146/1713/2303 1158/1726/2316 1159/1727/2317
f 1136/1694/2284 1147/1715/2305 1159/1727/2317 1148/1716/2306
f 1149/1717/2307 1148/1716/2306 1160/1765/2318 1161/1775/2319
f 1150/1718/2308 1149/1717/2307 1161/1775/2319 1162/1774/2320
f 1151/1719/2309 1150/1718/2308 1162/1774/2320 1163/1773/2321
f 1152/1720/2310 1151/1719/2309 1163/1773/2321 1164/1772/2322
f 1153/1721/2311 1152/1720/2310 1164/1772/2322 1165/1771/2323
f 1154/1722/2312 1153/1721/2311 1165/1771/2323 1166/1770/2324
f 1155/1723/2313 1154/1722/2312 1166/1770/2324 1167/1769/2325
f 1156/1724/2314 1155/1723/2313 1167/1769/2325 1168/1768/2326
f 1157/1725/2315 1156/1724/2314 1168/1768/2326 1169/1767/2327
f 1158/1726/2316 1157/1725/2315 1169/1767/2327 1170/1766/2328
f 1159/1727/2317 1158/1726/2316 1170/1766/2328 1171/1764/2329
f 1148/1716/2306 1159/1727/2317 1171/1764/2329 1160/1765/2318
f 1161/1729/2319 1160/1728/2318 1172/1740/2330 1173/1741/2331
f 1162/1730/2320 1161/1729/2319 1173/1741/2331 1174/1742/2332
f 1163/1731/2321 1162/1730/2320 1174/1742/2332 1175/1743/2333
f 1164/1732/2322 1163/1731/2321 1175/1743/2333 1176/1744/2334
f 1165/1733/2323 1164/1732/2322 1176/1744/2334 1177/1745/2335
f 1166/1734/2324 1165/1733/2323 1177/1745/2335 1178/1746/2336
f 1167/1735/2325 1166/1734/2324 1178/1746/2336 1179/1747/2337
f 1168/1736/2326 1167/1735/2325 1179/1747/2337 1180/1748/2338
f 1169/1737/2327 1168/1736/2326 1180/1748/2338 1181/1749/2339
f 1170/1738/2328 1169/1737/2327 1181/1749/2339 1182/1750/2340
f 1171/1739/2329 1170/1738/2328 1182/1750/2340 1183/1751/2341
f 1160/1728/2318 1171/1739/2329 1183/1751/2341 1172/1740/2330
f 1173/1741/2331 1172/1740/2330 1184/1752/2342 1185/1753/2343
f 1174/1742/2332 1173/1741/2331 1185/1753/2343 1186/1754/2344
f 1175/1743/2333 1174/1742/2332 1186/1754/2344 1187/1755/2345
f 1176/1744/2334 1175/1743/2333 1187/1755/2345 1188/1756/2346
f 1177/1745/2335 1176/1744/2334 1188/1756/2346 1189/1757/2347
f 1178/1746/2336 1177/1745/2335 1189/1757/2347 1190/1758/2348
f 1179/1747/2337 1178/1746/2336 1190/1758/2348 1191/1759/2349
f 1180/1748/2338 1179/1747/2337 1191/1759/2349 1192/1760/2350
f 1181/1749/2339 1180/1748/2338 1192/1760/2350 1193/1761/2351
f 1182/1750/2340 1181/1749/2339 1193/1761/2351 1194/1762/2352
f 1183/1751/2341 1182/1750/2340 1194/1762/2352 1195/1763/2353
f 1172/1740/2330 1183/1751/2341 1195/1763/2353 1184/1752/2342
f 1185/1753/2343 1184/1752/2342 1124/1693/2283 1125/1692/2282
f 1186/1754/2344 1185/1753/2343 1125/1692/2282 1126/1696/2286
f 1187/1755/2345 1186/1754/2344 1126/1696/2286 1127/1698/2288
f 1188/1756/2346 1187/1755/2345 1127/1698/2288 1128/1700/2290
f 1189/1757/2347 1188/1756/2346 1128/1700/2290 1129/1702/2292
f 1190/1758/2348 1189/1757/2347 1129/1702/2292 1130/1704/2294
f 1191/1759/2349 1190/1758/2348 1130/1704/2294 1131/1706/2296
f 1192/1760/2350 1191/1759/2349 1131/1706/2296 1132/1708/2298
f 1193/1761/2351 1192/1760/2350 1132/1708/2298 1133/1710/2300
f 1194/1762/2352 1193/1761/2351 1133/1710/2300 1134/1712/2302
f 1195/1763/2353 1194/1762/2352 1134/1712/2302 1135/1714/2304
f 1184/1752/2342 1195/1763/2353 1135/1714/2304 1124/1693/2283
s 2
f 1197/1788/2354 1196/1789/2355 1208/1790/2356 1209/1791/2357
f 1198/1792/2358 1197/1788/2354 1209/1791/2357 1210/1793/2359
f 1199/1794/2360 1198/1792/2358 1210/1793/2359 1211/1795/2361
f 1200/1796/2362 1199/1794/2360 1211/1795/2361 1212/1797/2363
f 1201/1798/2364 1200/1796/2362 1212/1797/2363 1213/1799/2365
f 1202/1800/2366 1201/1798/2364 1213/1799/2365 1214/1801/2367
f 1203/1802/2368 1202/1800/2366 1214/1801/2367 1215/1803/2369
f 1204/1804/2370 1203/1802/2368 1215/1803/2369 1216/1805/2371
f 1205/1806/2372 1204/1804/2370 1216/1805/2371 1217/1807/2373
f 1206/1808/2374 1205/1806/2372 1217/1807/2373 1218/1809/2375
f 1207/1810/2376 1206/1808/2374 1218/1809/2375 1219/1811/2377
f 1196/1789/2355 1207/1810/2376 1219/1811/2377 1208/1790/2356
f 1209/1791/2357 1208/1790/2356 1220/1812/2378 1221/1813/2379
f 1210/1793/2359 1209/1791/2357 1221/1813/2379 1222/1814/2380
f 1211/1795/2361 1210/1793/2359 1222/1814/2380 1223/1815/2381
f 1212/1797/2363 1211/1795/2361 1223/1815/2381 1224/1816/2382
f 1213/1799/2365 1212/1797/2363 1224/1816/2382 1225/1817/2383
f 1214/1801/2367 1213/1799/2365 1225/1817/2383 1226/1818/2384
f 1215/1803/2369 1214/1801/2367 1226/1818/2384 1227/1819/2385
f 1216/1805/2371 1215/1803/2369 1227/1819/2385 1228/1820/2386
f 1217/1807/2373 1216/1805/2371 1228/1820/2386 1229/1821/2387
f 1218/1809/2375 1217/1807/2373 1229/1821/2387 1230/1822/2388
f 1219/1811/2377 1218/1809/2375 1230/1822/2388 1231/1823/2389
f 1208/1790/2356 1219/1811/2377 1231/1823/2389 1220/1812/2378
f 1221/1813/2379 1220/1812/2378 1232/1824/2390 1233/1825/2391
f 1222/1814/2380 1221/1813/2379 1233/1825/2391 1234/1826/2392
f 1223/1815/2381 1222/1814/2380 1234/1826/2392 1235/1827/2393
f 1224/1816/2382 1223/1815/2381 1235/1827/2393 1236/1828/2394
f 1225/1817/2383 1224/1816/2382 1236/1828/2394 1237/1829/2395
f 1226/1818/2384 1225/1817/2383 1237/1829/2395 1238/1830/2396
f 1227/1819/2385 1226/1818/2384 1238/1830/2396 1239/1831/2397
f 1228/1820/2386 1227/1819/2385 1239/1831/2397 1240/1832/2398
f 1229/1821/2387 1228/1820/2386 1240/1832/2398 1241/1833/2399
f 1230/1822/2388 1229/1821/2387 1241/1833/2399 1242/1834/2400
f 1231/1823/2389 1230/1822/2388 1242/1834/2400 1243/1835/2401
f 1220/1812/2378 1231/1823/2389 1243/1835/2401 1232/1824/2390
f 1233/1836/2391 1232/1837/2390 1244/1838/2402 1245/1839/2403
f 1234/1840/2392 1233/1836/2391 1245/1839/2403 1246/1841/2404
f 1235/1842/2393 1234/1840/2392 1246/1841/2404 1247/1843/2405
f 1236/1844/2394 1235/1842/2393 1247/1843/2405 1248/1845/2406
f 1237/1846/2395 1236/1844/2394 1248/1845/2406 1249/1847/2407
f 1238/1848/2396 1237/1846/2395 1249/1847/2407 1250/1849/2408
f 1239/1850/2397 1238/1848/2396 1250/1849/2408 1251/1851/2409
f 1240/1852/2398 1239/1850/2397 1251/1851/2409 1252/1853/2410
f 1241/1854/2399 1240/1852/2398 1252/1853/2410 1253/1855/2411
f 1242/1856/2400 1241/1854/2399 1253/1855/2411 1254/1857/2412
f 1243/1858/2401 1242/1856/2400 1254/1857/2412 1255/1859/2413
f 1232/1837/2390 1243/1858/2401 1255/1859/2413 1244/1838/2402
f 1245/1839/2403 1244/1838/2402 1256/1860/2414 1257/1861/2415
f 1246/1841/2404 1245/1839/2403 1257/1861/2415 1258/1862/2416
f 1247/1843/2405 1246/1841/2404 1258/1862/2416 1259/1863/2417
f 1248/1845/2406 1247/1843/2405 1259/1863/2417 1260/1864/2418
f 1249/1847/2407 1248/1845/2406 1260/1864/2418 1261/1865/2419
f 1250/1849/2408 1249/1847/2407 1261/1865/2419 1262/1866/2420
f 1251/1851/2409 1250/1849/2408 1262/1866/2420 1263/1867/2421
f 1252/1853/2410 1251/1851/2409 1263/1867/2421 1264/1868/2422
f 1253/1855/2411 1252/1853/2410 1264/1868/2422 1265/1869/2423
f 1254/1857/2412 1253/1855/2411 1265/1869/2423 1266/1870/2424
f 1255/1859/2413 1254/1857/2412 1266/1870/2424 1267/1871/2425
f 1244/1838/2402 1255/1859/2413 1267/1871/2425 1256/1860/2414
f 1257/1861/2415 1256/1860/2414 1196/1872/2355 1197/1873/2354
f 1258/1862/2416 1257/1861/2415 1197/1873/2354 1198/1874/2358
f 1259/1863/2417 1258/1862/2416 1198/1874/2358 1199/1875/2360
f 1260/1864/2418 1259/1863/2417 1199/1875/2360 1200/1876/2362
f 1261/1865/2419 1260/1864/2418 1200/1876/2362 1201/1877/2364
f 1262/1866/2420 1261/1865/2419 1201/1877/2364 1202/1878/2366
f 1263/1867/2421 1262/1866/2420 1202/1878/2366 1203/1879/2368
f 1264/1868/2422 1263/1867/2421 1203/1879/2368 1204/1880/2370
f 1265/1869/2423 1264/1868/2422 1204/1880/2370 1205/1881/2372
f 1266/1870/2424 1265/1869/2423 1205/1881/2372 1206/1882/2374
f 1267/1871/2425 1266/1870/2424 1206/1882/2374 1207/1883/2376
f 1256/1860/2414 1267/1871/2425 1207/1883/2376 1196/1872/2355
s 3
f 1269/1884/2426 1268/1885/2427 1280/1886/2428 1281/1887/2429
f 1270/1888/2430 1269/1884/2426 1281/1887/2429 1282/1889/2431
f 1271/1890/2432 1270/1888/2430 1282/1889/2431 1283/1891/2433
f 1272/1892/2434 1271/1890/2432 1283/1891/2433 1284/1893/2435
f 1273/1894/2436 1272/1892/2434 1284/1893/2435 1285/1895/2437
f 1274/1896/2438 1273/1894/2436 1285/1895/2437 1286/1897/2439
f 1275/1898/2440 1274/1896/2438 1286/1897/2439 1287/1899/2441
f 1276/1900/2442 1275/1898/2440 1287/1899/2441 1288/1901/2443
f 1277/1902/2444 1276/1900/2442 1288/1901/2443 1289/1903/2445
f 1278/1904/2446 1277/1902/2444 1289/1903/2445 1290/1905/2447
f 1279/1906/2448 1278/1904/2446 1290/1905/2447 1291/1907/2449
f 1268/1885/2427 1279/1906/2448 1291/1907/2449 1280/1886/2428
f 1281/1887/2429 1280/1886/2428 1292/1908/2450 1293/1909/2451
f 1282/1889/2431 1281/1887/2429 1293/1909/2451 1294/1910/2452
f 1283/1891/2433 1282/1889/2431 1294/1910/2452 1295/1911/2453
f 1284/1893/2435 1283/1891/2433 1295/1911/2453 1296/1912/2454
f 1285/1895/2437 1284/1893/2435 1296/1912/2454 1297/1913/2455
f 1286/1897/2439 1285/1895/2437 1297/1913/2455 1298/1914/2456
f 1287/1899/2441 1286/1897/2439 1298/1914/2456 1299/1915/2457
f 1288/1901/2443 1287/1899/2441 1299/1915/2457 1300/1916/2458
f 1289/1903/2445 1288/1901/2443 1300/1916/2458 1301/1917/2459
f 1290/1905/2447 1289/1903/2445 1301/1917/2459 1302/1918/2460
f 1291/1907/2449 1290/1905/2447 1302/1918/2460 1303/1919/2461
f 1280/1886/2428 1291/1907/2449 1303/1919/2461 1292/1908/2450
f 1293/1909/2451 1292/1908/2450 1304/1920/2462 1305/1921/2463
f 1294/1910/2452 1293/1909/2451 1305/1921/2463 1306/1922/2464
f 1295/1911/2453 1294/1910/2452 1306/1922/2464 1307/1923/2465
f 1296/1912/2454 1295/1911/2453 1307/1923/2465 1308/1924/2466
f 1297/1913/2455 1296/1912/2454 1308/1924/2466 1309/1925/2467
f 1298/1914/2456 1297/1913/2455 1309/1925/2467 1310/1926/2468
f 1299/1915/2457 1298/1914/2456 1310/1926/2468 1311/1927/2469
f 1300/1916/2458 1299/1915/2457 1311/1927/2469 1312/1928/2470
f 1301/1917/2459 1300/1916/2458 1312/1928/2470 1313/1929/2471
f 1302/1918/2460 1301/1917/2459 1313/1929/2471 1314/1930/2472
f 1303/1919/2461 1302/1918/2460 1314/1930/2472 1315/1931/2473
f 1292/1908/2450 1303/1919/2461 1315/1931/2473 1304/1920/2462
f 1305/1932/2463 1304/1933/2462 1316/1934/2474 1317/1935/2475
f 1306/1936/2464 1305/1932/2463 1317/1935/2475 1318/1937/2476
f 1307/1938/2465 1306/1936/2464 1318/1937/2476 1319/1939/2477
f 1308/1940/2466 1307/1938/2465 1319/1939/2477 1320/1941/2478
f 1309/1942/2467 1308/1940/2466 1320/1941/2478 1321/1943/2479
f 1310/1944/2468 1309/1942/2467 1321/1943/2479 1322/1945/2480
f 1311/1946/2469 1310/1944/2468 1322/1945/2480 1323/1947/2481
f 1312/1948/2470 1311/1946/2469 1323/1947/2481 1324/1949/2482
f 1313/1950/2471 1312/1948/2470 1324/1949/2482 1325/1951/2483
f 1314/1952/2472 1313/1950/2471 1325/1951/2483 1326/1953/2484
f 1315/1954/2473 1314/1952/2472 1326/1953/2484 1327/1955/2485
f 1304/1933/2462 1315/1954/2473 1327/1955/2485 1316/1934/2474
f 1317/1935/2475 1316/1934/2474 1328/1956/2486 1329/1957/2487
f 1318/1937/2476 1317/1935/2475 1329/1957/2487 1330/1958/2488
f 1319/1939/2477 1318/1937/2476 1330/1958/2488 1331/1959/2489
f 1320/1941/2478 1319/1939/2477 1331/1959/2489 1332/1960/2490
f 1321/1943/2479 1320/1941/2478 1332/1960/2490 1333/1961/2491
f 1322/1945/2480 1321/1943/2479 1333/1961/2491 1334/1962/2492
f 1323/1947/2481 1322/1945/2480 1334/1962/2492 1335/1963/2493
f 1324/1949/2482 1323/1947/2481 1335/1963/2493 1336/1964/2494
f 1325/1951/2483 1324/1949/2482 1336/1964/2494 1337/1965/2495
f 1326/1953/2484 1325/1951/2483 1337/1965/2495 1338/1966/2496
f 1327/1955/2485 1326/1953/2484 1338/1966/2496 1339/1967/2497
f 1316/1934/2474 1327/1955/2485 1339/1967/2497 1328/1956/2486
f 1329/1957/2487 1328/1956/2486 1268/1968/2427 1269/1969/2426
f 1330/1958/2488 1329/1957/2487 1269/1969/2426 1270/1970/2430
f 1331/1959/2489 1330/1958/2488 1270/1970/2430 1271/1971/2432
f 1332/1960/2490 1331/1959/2489 1271/1971/2432 1272/1972/2434
f 1333/1961/2491 1332/1960/2490 1272/1972/2434 1273/1973/2436
f 1334/1962/2492 1333/1961/2491 1273/1973/2436 1274/1974/2438
f 1335/1963/2493 1334/1962/2492 1274/1974/2438 1275/1975/2440
f 1336/1964/2494 1335/1963/2493 1275/1975/2440 1276/1976/2442
f 1337/1965/2495 1336/1964/2494 1276/1976/2442 1277/1977/2444
f 1338/1966/2496 1337/1965/2495 1277/1977/2444 1278/1978/2446
f 1339/1967/2497 1338/1966/2496 1278/1978/2446 1279/1979/2448
f 1328/1956/2486 1339/1967/2497 1279/1979/2448 1268/1968/2427
s 4
f 1340/1980/2498 1341/1981/2499 1359/1982/2500 1360/1983/2501
f 1341/1981/2499 1342/1984/2502 1358/1985/2503 1359/1982/2500
f 1342/1984/2502 1343/1986/2504 1357/1987/2505 1358/1985/2503
f 1343/1988/2504 1344/1989/2506 1356/1990/2507 1357/1991/2505
f 1344/1989/2506 1345/1992/2508 1363/1993/2509 1356/1990/2507
f 1345/1992/2508 1346/1994/2510 1362/1995/2511 1363/1993/2509
f 1346/1994/2510 1347/1996/2512 1361/1997/2513 1362/1995/2511
f 1347/1998/2512 1340/1980/2498 1360/1983/2501 1361/1999/2513
s 5
f 1421/2000/2514 1420/2001/2515 1422/2002/2516
f 1423/2003/2517 1421/2000/2514 1422/2002/2516
f 1424/2004/2518 1423/2003/2517 1422/2002/2516
f 1425/2005/2519 1424/2004/2518 1422/2002/2516
f 1426/2006/2520 1425/2005/2519 1422/2002/2516
f 1427/2007/2521 1426/2006/2520 1422/2002/2516
f 1428/2008/2522 1427/2007/2521 1422/2002/2516
f 1420/2001/2515 1428/2008/2522 1422/2002/2516
s 6
f 1395/2009/2523 1394/2010/2524 1396/2011/2525 1397/2012/2526
f 1398/2013/2527 1395/2009/2523 1397/2012/2526 1399/2014/2528
s 4
f 1359/1982/2500 1358/1985/2503 1372/2015/2529 1373/2016/2530
f 1360/1983/2501 1359/1982/2500 1373/2016/2530 1374/2017/2531
s 7
f 1404/2018/2532 1403/2019/2533 1405/2020/2534 1406/2021/2535
f 1407/2022/2536 1404/2018/2532 1406/2021/2535 1408/2023/2537
s 4
f 1363/1993/2509 1362/1995/2511 1375/2024/2538 1376/2025/2539
f 1356/1990/2507 1363/1993/2509 1376/2025/2539 1377/2026/2540
f 1365/2027/2541 1364/2028/2542 1352/2029/2543 1351/2030/2544
f 1366/2031/2545 1365/2032/2541 1351/2033/2544 1350/2034/2546
f 1367/2035/2547 1366/2031/2545 1350/2034/2546 1349/2036/2548
f 1368/2037/2549 1367/2035/2547 1349/2036/2548 1348/2038/2550
f 1369/2039/2551 1368/2037/2549 1348/2038/2550 1355/2040/2552
f 1370/2041/2553 1369/2042/2551 1355/2043/2552 1354/2044/2554
f 1371/2045/2555 1370/2041/2553 1354/2044/2554 1353/2046/2556
f 1364/2028/2542 1371/2045/2555 1353/2046/2556 1352/2029/2543
s 6
f 1399/2014/2528 1397/2012/2526 1400/2047/2557 1401/2048/2558
s 4
f 1373/2016/2530 1372/2015/2529 1366/2031/2545 1367/2035/2547
f 1374/2017/2531 1373/2016/2530 1367/2035/2547 1368/2037/2549
s 7
f 1406/2021/2535 1405/2020/2534 1409/2049/2559 1410/2050/2560
f 1408/2023/2537 1406/2021/2535 1410/2050/2560 1411/2051/2561
s 4
f 1376/2025/2539 1375/2024/2538 1370/2041/2553 1371/2045/2555
f 1377/2026/2540 1376/2025/2539 1371/2045/2555 1364/2028/2542
s 6
f 1397/2012/2526 1396/2011/2525 1402/2052/2562 1400/2047/2557
s 4
f 1357/1991/2505 1356/1990/2507 1378/2053/2563 1379/2054/2564
f 1356/1990/2507 1377/2026/2540 1380/2055/2565 1378/2053/2563
f 1358/1985/2503 1357/1987/2505 1379/2056/2564 1381/2057/2566
f 1372/2015/2529 1358/1985/2503 1381/2057/2566 1382/2058/2567
f 1365/2032/2541 1366/2031/2545 1384/2059/2568 1383/2060/2569
f 1366/2031/2545 1372/2015/2529 1382/2058/2567 1384/2059/2568
f 1377/2026/2540 1364/2028/2542 1385/2061/2570 1380/2055/2565
f 1364/2028/2542 1365/2027/2541 1383/2062/2569 1385/2061/2570
f 1361/1999/2513 1360/1983/2501 1386/2063/2571 1387/2064/2572
f 1360/1983/2501 1374/2017/2531 1388/2065/2573 1386/2063/2571
f 1362/1995/2511 1361/1997/2513 1387/2066/2572 1389/2067/2574
f 1375/2024/2538 1362/1995/2511 1389/2067/2574 1390/2068/2575
f 1374/2017/2531 1368/2037/2549 1391/2069/2576 1388/2065/2573
f 1368/2037/2549 1369/2039/2551 1392/2070/2577 1391/2069/2576
f 1369/2042/2551 1370/2041/2553 1393/2071/2578 1392/2072/2577
f 1370/2041/2553 1375/2024/2538 1390/2068/2575 1393/2071/2578
f 1379/2073/2564 1378/2074/2563 1394/2075/2579 1395/2076/2580
f 1378/2074/2563 1380/2077/2565 1396/2078/2581 1394/2075/2579
f 1381/2079/2566 1379/2073/2564 1395/2076/2580 1398/2080/2582
f 1382/2081/2567 1381/2079/2566 1398/2080/2582 1399/2082/2583
f 1383/2083/2569 1384/2084/2568 1401/2085/2584 1400/2086/2585
f 1384/2084/2568 1382/2087/2567 1399/2088/2583 1401/2085/2584
f 1380/2077/2565 1385/2089/2570 1402/2090/2586 1396/2078/2581
f 1385/2089/2570 1383/2083/2569 1400/2086/2585 1402/2090/2586
f 1387/2091/2572 1386/2092/2571 1403/2093/2587 1404/2094/2588
f 1386/2092/2571 1388/2095/2573 1405/2096/2589 1403/2093/2587
f 1389/2097/2574 1387/2091/2572 1404/2094/2588 1407/2098/2590
f 1390/2099/2575 1389/2097/2574 1407/2098/2590 1408/2100/2591
f 1388/2101/2573 1391/2102/2576 1409/2103/2592 1405/2104/2589
f 1391/2102/2576 1392/2105/2577 1410/2106/2593 1409/2103/2592
f 1392/2105/2577 1393/2107/2578 1411/2108/2594 1410/2106/2593
f 1393/2107/2578 1390/2099/2575 1408/2100/2591 1411/2108/2594
s off
f 1341/2109/2595 1340/2110/2596 1412/2111/2597 1413/2112/2598
f 1342/2113/2599 1341/2109/2600 1413/2112/2601 1414/2114/2602
f 1343/2115/2603 1342/2113/2604 1414/2114/2605 1415/2116/2606
f 1344/2117/2607 1343/2115/2608 1415/2116/2609 1416/2118/2610
f 1345/2119/2611 1344/2117/2612 1416/2118/2613 1417/2120/2614
f 1346/2121/2615 1345/2119/2616 1417/2120/2617 1418/2122/2618
f 1347/2123/2619 1346/2121/2620 1418/2122/2621 1419/2124/2622
f 1340/2110/2623 1347/2123/2624 1419/2124/2625 1412/2111/2626
s 9
f 1413/2125/2627 1412/2126/2628 1420/2127/2629 1421/2128/2630
f 1414/2129/2631 1413/2130/2627 1421/2131/2630 1423/2132/2632
f 1415/2133/2633 1414/2129/2631 1423/2132/2632 1424/2134/2634
f 1416/2135/2635 1415/2133/2633 1424/2134/2634 1425/2136/2636
f 1417/2137/2637 1416/2135/2635 1425/2136/2636 1426/2138/2638
f 1418/2139/2639 1417/2137/2637 1426/2138/2638 1427/2140/2640
f 1419/2141/2641 1418/2139/2639 1427/2140/2640 1428/2142/2642
f 1412/2126/2628 1419/2141/2641 1428/2142/2642 1420/2127/2629
s 10
f 1429/2143/2643 1430/2144/2644 1433/2145/2645 1432/2146/2646
f 1430/2144/2644 1431/2147/2647 1434/2148/2648 1433/2145/2645
f 1431/2147/2647 1435/2149/2649 1436/2150/2650 1434/2148/2648
f 1438/2151/2651 1429/2143/2643 1432/2146/2646 1437/2152/2652
f 1440/2153/2653 1439/2154/2654 1436/2150/2650 1435/2149/2649
f 1442/2155/2655 1441/2156/2656 1438/2151/2651 1437/2152/2652
f 1440/2153/2653 1443/2157/2657 1444/2158/2658 1439/2154/2654
f 1446/2159/2659 1441/2156/2656 1442/2155/2655 1445/2160/2660
f 1434/2148/2648 1447/2161/2661 1448/2162/2662 1433/2145/2645
f 1449/2163/2663 1432/2146/2646 1433/2145/2645 1448/2162/2662
s 4
f 1447/2161/2664 1348/2038/2550 1349/2036/2548 1448/2162/2665
f 1350/2034/2546 1449/2163/2666 1448/2162/2665 1349/2036/2548
f 1450/2164/2667 1355/2040/2552 1348/2038/2550 1447/2161/2664
f 1451/2165/2668 1450/2164/2667 1447/2161/2664 1434/2148/2669
f 1452/2166/2670 1451/2165/2668 1434/2148/2669 1436/2150/2671
f 1453/2167/2672 1452/2166/2670 1436/2150/2671 1439/2154/2673
f 1454/2168/2674 1453/2167/2672 1439/2154/2673 1444/2158/2675
s 11
f 1455/2169/2676 1454/2168/2677 1444/2158/2678 1443/2157/2679
f 1456/2170/2680 1455/2169/2676 1443/2157/2679 1440/2153/2681
f 1457/2171/2682 1456/2170/2680 1440/2153/2681 1435/2149/2683
f 1458/2172/2684 1457/2171/2682 1435/2149/2683 1431/2147/2685
f 1459/2173/2686 1458/2172/2684 1431/2147/2685 1430/2144/2687
s 12
f 1460/2174/2688 1459/2173/2689 1430/2144/2690 1429/2143/2691
f 1461/2175/2692 1460/2174/2688 1429/2143/2691 1438/2151/2693
f 1462/2176/2694 1461/2175/2692 1438/2151/2693 1441/2156/2695
f 1463/2177/2696 1462/2176/2694 1441/2156/2695 1446/2159/2697
f 1464/2178/2698 1463/2177/2696 1446/2159/2697 1445/2160/2699
s 4
f 1465/2179/2700 1464/2178/2701 1445/2160/2702 1442/2155/2703
f 1466/2180/2704 1465/2179/2700 1442/2155/2703 1437/2152/2705
f 1467/2181/2706 1466/2180/2704 1437/2152/2705 1432/2146/2707
f 1468/2182/2708 1467/2181/2706 1432/2146/2707 1449/2163/2666
f 1351/2033/2544 1468/2182/2708 1449/2163/2666 1350/2034/2546
s 14
f 1469/2183/2709 1472/2184/2710 1473/2185/2711 1470/2186/2712
f 1470/2186/2712 1473/2185/2711 1474/2187/2713 1471/2188/2714
f 1471/2188/2714 1474/2187/2713 1476/2189/2715 1475/2190/2716
f 1478/2191/2717 1477/2192/2718 1472/2184/2710 1469/2183/2709
f 1480/2193/2719 1475/2190/2716 1476/2189/2715 1479/2194/2720
f 1482/2195/2721 1477/2192/2718 1478/2191/2717 1481/2196/2722
f 1480/2193/2719 1479/2194/2720 1484/2197/2723 1483/2198/2724
f 1486/2199/2725 1485/2200/2726 1482/2195/2721 1481/2196/2722
f 1474/2187/2713 1473/2185/2711 1488/2201/2727 1487/2202/2728
f 1489/2203/2729 1488/2201/2727 1473/2185/2711 1472/2184/2710
s 4
f 1487/2202/2730 1488/2201/2731 1353/2046/2556 1354/2044/2554
f 1352/2029/2543 1353/2046/2556 1488/2201/2731 1489/2203/2732
f 1450/2204/2667 1487/2202/2730 1354/2044/2554 1355/2043/2552
f 1451/2205/2733 1474/2187/2734 1487/2202/2730 1450/2204/2667
f 1452/2206/2735 1476/2189/2736 1474/2187/2734 1451/2205/2733
f 1453/2207/2737 1479/2194/2738 1476/2189/2736 1452/2206/2735
f 1454/2208/2739 1484/2197/2740 1479/2194/2738 1453/2207/2737
s 15
f 1455/2209/2741 1483/2198/2742 1484/2197/2743 1454/2208/2744
f 1456/2210/2745 1480/2193/2746 1483/2198/2742 1455/2209/2741
f 1457/2211/2747 1475/2190/2748 1480/2193/2746 1456/2210/2745
f 1458/2212/2749 1471/2188/2750 1475/2190/2748 1457/2211/2747
f 1459/2213/2751 1470/2186/2752 1471/2188/2750 1458/2212/2749
s 16
f 1460/2214/2753 1469/2183/2754 1470/2186/2755 1459/2213/2756
f 1461/2215/2757 1478/2191/2758 1469/2183/2754 1460/2214/2753
f 1462/2216/2759 1481/2196/2760 1478/2191/2758 1461/2215/2757
f 1463/2217/2761 1486/2199/2762 1481/2196/2760 1462/2216/2759
f 1464/2218/2763 1485/2200/2764 1486/2199/2762 1463/2217/2761
s 4
f 1465/2219/2765 1482/2195/2766 1485/2200/2767 1464/2218/2768
f 1466/2220/2769 1477/2192/2770 1482/2195/2766 1465/2219/2765
f 1467/2221/2771 1472/2184/2772 1477/2192/2770 1466/2220/2769
f 1468/2222/2708 1489/2203/2732 1472/2184/2772 1467/2221/2771
f 1351/2030/2544 1352/2029/2543 1489/2203/2732 1468/2222/2708
g default
v 0.562787 0.005610 1.733202
v 0.789877 0.005610 1.733202
v 0.562787 0.005610 1.517050
v 0.789877 0.005610 1.517050
v 0.607739 0.334969 1.690415
v 0.744925 0.334969 1.690415
v 0.744925 0.334969 1.559837
v 0.607739 0.334969 1.559837
v 0.645669 0.354239 1.654312
v 0.706995 0.354239 1.654312
v 0.706995 0.354239 1.595940
v 0.645669 0.354239 1.595940
v 0.645669 0.415708 1.654312
v 0.706995 0.415708 1.654312
v 0.706995 0.415708 1.595940
v 0.645669 0.415708 1.595940
v 0.635813 0.415708 1.663694
v 0.716851 0.415708 1.663694
v 0.716851 0.415708 1.586558
v 0.635813 0.415708 1.586558
v 0.635813 0.448129 1.663694
v 0.716851 0.448129 1.663694
v 0.716851 0.448129 1.586558
v 0.635813 0.448129 1.586558
v 0.676332 0.448129 1.679256
v 0.676332 0.448129 1.570996
v 0.676332 0.415708 1.570996
v 0.676332 0.415708 1.584163
v 0.676332 0.354239 1.584163
v 0.676332 0.334969 1.533492
v 0.676332 0.005610 1.473440
v 0.676332 0.005610 1.776812
v 0.676332 0.334969 1.716760
v 0.676332 0.354239 1.666089
v 0.676332 0.415708 1.666089
v 0.676332 0.415708 1.679256
v 0.676332 0.448129 1.625126
v 0.619463 0.448129 1.625126
v 0.619463 0.415708 1.625126
v 0.633296 0.415708 1.625126
v 0.633296 0.354239 1.625126
v 0.580061 0.334969 1.625126
v 0.516970 0.005610 1.625126
v 0.676332 0.005610 1.625126
v 0.835694 0.005610 1.625126
v 0.772604 0.334969 1.625126
v 0.719368 0.354239 1.625126
v 0.719368 0.415708 1.625126
v 0.733202 0.415708 1.625126
v 0.733202 0.448129 1.625126
v 0.562787 0.280812 1.733202
v 0.576733 0.311949 1.719928
v 0.676332 0.280994 1.776812
v 0.676332 0.312133 1.757850
v 0.576733 0.311949 1.530324
v 0.562787 0.280812 1.517050
v 0.676332 0.312133 1.492402
v 0.676332 0.280994 1.473440
v 0.536458 0.311904 1.625126
v 0.516970 0.280902 1.625126
v 0.789877 0.280812 1.733202
v 0.775932 0.311949 1.719928
v 0.835694 0.280902 1.625126
v 0.816206 0.311904 1.625126
v 0.789877 0.280812 1.517050
v 0.775932 0.311949 1.530324
v 0.737364 0.331950 1.625126
v 0.740938 0.327309 1.639268
v 0.749566 0.316103 1.645126
v 0.758193 0.304898 1.639268
v 0.761767 0.300256 1.625126
v 0.758193 0.304898 1.610984
v 0.749566 0.316103 1.605126
v 0.740938 0.327309 1.610984
v 0.761794 0.349026 1.625126
v 0.764817 0.344008 1.639268
v 0.772114 0.331894 1.645126
v 0.779412 0.319780 1.639268
v 0.782435 0.314762 1.625126
v 0.779412 0.319780 1.610984
v 0.772114 0.331894 1.605126
v 0.764817 0.344008 1.610984
v 0.793735 0.360948 1.625126
v 0.794527 0.355143 1.639268
v 0.796438 0.341131 1.645126
v 0.798349 0.327119 1.639268
v 0.799140 0.321314 1.625126
v 0.798349 0.327119 1.610984
v 0.796438 0.341131 1.605126
v 0.794527 0.355143 1.610984
v 0.829576 0.358376 1.625126
v 0.827763 0.352805 1.639268
v 0.823386 0.339358 1.645126
v 0.819009 0.325910 1.639268
v 0.817196 0.320339 1.625126
v 0.819009 0.325910 1.610984
v 0.823386 0.339358 1.605126
v 0.827763 0.352805 1.610984
v 0.859585 0.341774 1.625126
v 0.855913 0.337210 1.639268
v 0.847050 0.326190 1.645126
v 0.838187 0.315169 1.639268
v 0.834516 0.310605 1.625126
v 0.838187 0.315169 1.610984
v 0.847050 0.326190 1.605126
v 0.855913 0.337210 1.610984
v 0.882874 0.313920 1.625126
v 0.877720 0.311136 1.639268
v 0.865277 0.304415 1.645126
v 0.852835 0.297693 1.639268
v 0.847681 0.294909 1.625126
v 0.852835 0.297693 1.610984
v 0.865277 0.304415 1.605126
v 0.877720 0.311136 1.610984
v 0.894059 0.283362 1.625126
v 0.888349 0.282054 1.639268
v 0.874564 0.278895 1.645126
v 0.860779 0.275736 1.639268
v 0.855070 0.274428 1.625126
v 0.860779 0.275736 1.610984
v 0.874564 0.278895 1.605126
v 0.888349 0.282054 1.610984
v 0.896517 0.250677 1.625126
v 0.890688 0.251265 1.639268
v 0.876618 0.252686 1.645126
v 0.862547 0.254106 1.639268
v 0.856719 0.254695 1.625126
v 0.862547 0.254106 1.610984
v 0.876618 0.252686 1.605126
v 0.890688 0.251265 1.610984
v 0.885357 0.216527 1.625126
v 0.880467 0.219752 1.639268
v 0.868661 0.227537 1.645126
v 0.856854 0.235323 1.639268
v 0.851964 0.238547 1.625126
v 0.856854 0.235323 1.610984
v 0.868661 0.227537 1.605126
v 0.880467 0.219752 1.610984
v 0.858254 0.192283 1.625126
v 0.855315 0.197350 1.639268
v 0.848218 0.209583 1.645126
v 0.841121 0.221815 1.639268
v 0.838182 0.226882 1.625126
v 0.841121 0.221815 1.610984
v 0.848218 0.209583 1.605126
v 0.855315 0.197350 1.610984
v 0.830129 0.179544 1.625126
v 0.828139 0.185053 1.639268
v 0.823335 0.198355 1.645126
v 0.818531 0.211656 1.639268
v 0.816541 0.217165 1.625126
v 0.818531 0.211656 1.610984
v 0.823335 0.198355 1.605126
v 0.828139 0.185053 1.610984
v 0.711059 0.448129 1.605077
v 0.696382 0.448129 1.590400
v 0.676332 0.448129 1.585027
v 0.656283 0.448129 1.590400
v 0.641606 0.448129 1.605077
v 0.636234 0.448129 1.625126
v 0.641606 0.448129 1.645175
v 0.656283 0.448129 1.659853
v 0.676332 0.448129 1.665225
v 0.696382 0.448129 1.659853
v 0.711059 0.448129 1.645175
v 0.716431 0.448129 1.625126
v 0.676332 0.496513 1.625126
v 0.720064 0.491642 1.599878
v 0.715891 0.496513 1.602287
v 0.701581 0.491642 1.581394
v 0.699172 0.496513 1.585567
v 0.676332 0.491642 1.574629
v 0.676332 0.496513 1.579447
v 0.651084 0.491642 1.581394
v 0.653493 0.496513 1.585567
v 0.632601 0.491642 1.599878
v 0.636773 0.496513 1.602287
v 0.625835 0.491642 1.625126
v 0.630653 0.496513 1.625126
v 0.632601 0.491642 1.650375
v 0.636773 0.496513 1.647966
v 0.651084 0.491642 1.668858
v 0.653493 0.496513 1.664685
v 0.676332 0.491642 1.675623
v 0.676332 0.496513 1.670805
v 0.701581 0.491642 1.668858
v 0.699172 0.496513 1.664685
v 0.720064 0.491642 1.650375
v 0.715891 0.496513 1.647966
v 0.726829 0.491642 1.625126
v 0.722011 0.496513 1.625126
vt 0.413825 0.910555
vt 0.496011 0.981641
vt 0.406175 0.894445
vt 0.577588 0.981641
vt 0.627650 0.890563
vt 0.577972 0.894385
vt 0.703850 0.890563
vt 0.665074 0.890563
vt 0.458289 0.796688
vt 0.458514 0.819756
vt 0.563840 0.942144
vt 0.553368 0.942144
vt 0.445800 0.838807
vt 0.424893 0.845888
vt 0.584418 0.942144
vt 0.574312 0.942144
vt 0.391272 0.819756
vt 0.391497 0.796688
vt 0.408016 0.803639
vt 0.407862 0.814823
vt 0.405430 0.778834
vt 0.414554 0.795510
vt 0.488095 0.914297
vt 0.477624 0.914297
vt 0.496221 0.897187
vt 0.495875 0.907287
vt 0.615468 0.961740
vt 0.604996 0.961740
vt 0.625574 0.961740
vt 0.496011 0.971305
vt 0.482173 0.971305
vt 0.523203 0.971305
vt 0.509849 0.971305
vt 0.466946 0.895259
vt 0.477226 0.885996
vt 0.466488 0.908606
vt 0.389250 0.887945
vt 0.389708 0.901292
vt 0.564233 0.981641
vt 0.412362 0.878336
vt 0.536558 0.971305
vt 0.398525 0.878336
vt 0.489203 0.889915
vt 0.594524 0.942144
vt 0.403986 0.838807
vt 0.780050 0.890563
vt 0.742627 0.890563
vt 0.895026 0.890563
vt 0.856250 0.890563
vt 0.817473 0.890563
vt 0.665074 0.978298
vt 0.472633 0.791285
vt 0.453392 0.765258
vt 0.932450 0.978327
vt 0.703850 0.978356
vt 0.472785 0.824086
vt 0.742627 0.978298
vt 0.454810 0.851430
vt 0.377152 0.791286
vt 0.895026 0.978298
vt 0.377000 0.824086
vt 0.856250 0.978356
vt 0.394976 0.851430
vt 0.817473 0.978298
vt 0.780050 0.978327
vt 0.424893 0.861738
vt 0.444356 0.778834
vt 0.396393 0.765257
vt 0.461404 0.756699
vt 0.530545 0.912600
vt 0.932450 0.890563
vt 0.523203 0.981641
vt 0.536558 0.981641
vt 0.500338 0.895606
vt 0.491064 0.885996
vt 0.584418 0.961740
vt 0.594524 0.961740
vt 0.424893 0.827276
vt 0.414423 0.824026
vt 0.625399 0.876169
vt 0.624117 0.913570
vt 0.556534 0.939527
vt 0.625574 0.942144
vt 0.543262 0.942144
vt 0.435231 0.795510
vt 0.470605 0.907025
vt 0.543262 0.961740
vt 0.615468 0.942144
vt 0.470951 0.896925
vt 0.423100 0.900945
vt 0.468819 0.981641
vt 0.577588 0.971305
vt 0.468819 0.971305
vt 0.564233 0.971305
vt 0.422642 0.887599
vt 0.489600 0.918215
vt 0.499880 0.908952
vt 0.563840 0.961740
vt 0.574312 0.961740
vt 0.441924 0.814823
vt 0.435362 0.824026
vt 0.595310 0.939527
vt 0.560634 0.849242
vt 0.599410 0.849242
vt 0.604996 0.942144
vt 0.478731 0.889915
vt 0.550396 0.971305
vt 0.550396 0.981641
vt 0.399988 0.910555
vt 0.509849 0.981641
vt 0.482173 0.981641
vt 0.475763 0.918215
vt 0.553368 0.961740
vt 0.441770 0.803639
vt 0.531826 0.875199
vt 0.424893 0.873340
vt 0.388120 0.861025
vt 0.461665 0.861025
vt 0.365573 0.827586
vt 0.366127 0.787422
vt 0.388381 0.756699
vt 0.627650 0.978327
vt 0.484212 0.827586
vt 0.483658 0.787422
vt 0.457962 0.948516
vt 0.457962 0.943269
vt 0.466698 0.943269
vt 0.466698 0.948516
vt 0.457962 0.938198
vt 0.466698 0.938198
vt 0.457962 0.933267
vt 0.466698 0.933267
vt 0.457962 0.928396
vt 0.466699 0.928396
vt 0.457962 0.968689
vt 0.457962 0.963840
vt 0.466699 0.963840
vt 0.466699 0.968689
vt 0.457962 0.958938
vt 0.466698 0.958938
vt 0.457962 0.953842
vt 0.466699 0.953842
vt 0.474600 0.943269
vt 0.474600 0.948516
vt 0.474600 0.938198
vt 0.474600 0.933267
vt 0.474600 0.928396
vt 0.474600 0.963840
vt 0.474600 0.968689
vt 0.474600 0.958938
vt 0.474600 0.953842
vt 0.482691 0.943269
vt 0.482691 0.948516
vt 0.482691 0.938198
vt 0.482691 0.933267
vt 0.482691 0.928396
vt 0.482691 0.963840
vt 0.482691 0.968689
vt 0.482691 0.958938
vt 0.482691 0.953842
vt 0.490935 0.943269
vt 0.490935 0.948516
vt 0.490935 0.938198
vt 0.490935 0.933267
vt 0.490935 0.928396
vt 0.490935 0.963840
vt 0.490935 0.968689
vt 0.490935 0.958938
vt 0.490935 0.953842
vt 0.499605 0.943269
vt 0.499605 0.948516
vt 0.499605 0.938198
vt 0.499605 0.933267
vt 0.499605 0.928396
vt 0.499605 0.963840
vt 0.499605 0.968689
vt 0.499605 0.958938
vt 0.499605 0.953842
vt 0.508152 0.943269
vt 0.508152 0.948516
vt 0.508152 0.938198
vt 0.508152 0.933267
vt 0.508152 0.928396
vt 0.508152 0.963840
vt 0.508152 0.968689
vt 0.508152 0.958938
vt 0.508152 0.953842
vt 0.516276 0.943269
vt 0.516276 0.948516
vt 0.516276 0.938198
vt 0.516276 0.933267
vt 0.516276 0.928396
vt 0.516276 0.963840
vt 0.516276 0.968689
vt 0.516276 0.958938
vt 0.516276 0.953842
vt 0.523997 0.943269
vt 0.523997 0.948516
vt 0.523997 0.938198
vt 0.523997 0.933267
vt 0.523997 0.928396
vt 0.523997 0.963840
vt 0.523997 0.968689
vt 0.523997 0.958938
vt 0.523997 0.953842
vt 0.532178 0.943269
vt 0.532178 0.948516
vt 0.532178 0.938198
vt 0.532178 0.933267
vt 0.532178 0.928396
vt 0.532178 0.963840
vt 0.532178 0.968689
vt 0.532178 0.958938
vt 0.532178 0.953842
vt 0.540779 0.943269
vt 0.540779 0.948516
vt 0.540779 0.938198
vt 0.540779 0.933267
vt 0.540779 0.928396
vt 0.540779 0.963840
vt 0.540779 0.968689
vt 0.540779 0.958938
vt 0.540779 0.953842
vt 0.379065 0.929146
vt 0.379065 0.931348
vt 0.371544 0.931348
vt 0.371544 0.929146
vt 0.386590 0.929146
vt 0.386590 0.931348
vt 0.394116 0.929146
vt 0.394116 0.931348
vt 0.401639 0.929146
vt 0.401639 0.931348
vt 0.409152 0.929146
vt 0.409152 0.931348
vt 0.416648 0.929146
vt 0.416648 0.931348
vt 0.424092 0.929146
vt 0.424092 0.931348
vt 0.431535 0.929146
vt 0.431535 0.931348
vt 0.341730 0.931348
vt 0.341730 0.929146
vt 0.349110 0.929146
vt 0.349110 0.931348
vt 0.356545 0.929146
vt 0.356545 0.931348
vt 0.364034 0.929146
vt 0.364034 0.931348
vt 0.379065 0.914850
vt 0.386590 0.914850
vt 0.394116 0.914850
vt 0.401639 0.914850
vt 0.409152 0.914850
vt 0.416648 0.914850
vt 0.424092 0.914850
vt 0.431535 0.914850
vt 0.341730 0.914850
vt 0.349110 0.914850
vt 0.356545 0.914850
vt 0.364034 0.914850
vt 0.371544 0.914850
vt 0.506891 0.851868
vt 0.510660 0.858396
vt 0.496594 0.862165
vt 0.510660 0.865934
vt 0.506891 0.872463
vt 0.500363 0.876232
vt 0.492825 0.876232
vt 0.486296 0.872463
vt 0.482527 0.865934
vt 0.482527 0.858396
vt 0.486296 0.851868
vt 0.492824 0.848099
vt 0.500363 0.848099
vn 0.000000 1.000000 -0.000000
vn 0.000000 1.000000 -0.000000
vn 0.000000 1.000000 0.000000
vn 0.000000 1.000000 0.000000
vn 0.000000 -1.000000 0.000000
vn 0.000000 -1.000000 0.000000
vn 0.000000 -1.000000 0.000000
vn 0.000000 -1.000000 0.000000
vn -0.300637 0.899498 0.317049
vn -0.000000 0.894603 0.446863
vn 0.000000 0.708558 0.705653
vn -0.474439 0.723314 0.501721
vn 0.300637 0.899498 0.317049
vn 0.430755 0.902469 0.000000
vn 0.684012 0.729471 0.000000
vn 0.474440 0.723314 0.501721
vn -0.000000 0.894602 -0.446863
vn -0.300637 0.899498 -0.317049
vn -0.474439 0.723315 -0.501720
vn -0.000000 0.708558 -0.705652
vn -0.430755 0.902469 0.000000
vn -0.684012 0.729471 0.000000
vn 0.000000 0.000000 1.000000
vn -0.689447 0.000000 0.724336
vn 1.000000 0.000000 -0.000000
vn 0.689447 0.000000 0.724336
vn -0.689447 0.000000 -0.724336
vn 0.000000 0.000000 -1.000000
vn -1.000000 0.000000 -0.000000
vn 0.000000 -1.000000 0.000000
vn 0.000000 -1.000000 0.000000
vn 0.000000 -1.000000 0.000000
vn 0.000000 -1.000000 0.000001
vn 0.000000 -1.000000 0.000000
vn 0.000000 -1.000000 0.000000
vn 0.000000 -1.000000 0.000000
vn 0.000000 -1.000000 0.000000
vn 0.000000 -1.000000 0.000000
vn 0.000000 -1.000000 0.000000
vn 0.000000 -1.000000 0.000000
vn 0.000000 -1.000000 0.000000
vn 0.000000 -1.000000 0.000000
vn 0.000000 -1.000000 0.000000
vn -0.689446 0.000000 0.724337
vn 0.000000 0.000000 1.000000
vn 0.000000 0.000000 1.000000
vn -0.689446 0.000000 0.724337
vn 0.689446 0.000000 0.724337
vn 1.000000 0.000000 -0.000000
vn 1.000000 0.000000 -0.000000
vn 0.689446 0.000000 0.724337
vn 0.000000 0.000000 -1.000000
vn -0.689448 0.000000 -0.724335
vn -0.689448 0.000000 -0.724335
vn 0.000000 0.000000 -1.000000
vn -1.000000 0.000000 -0.000000
vn -1.000000 0.000000 -0.000000
vn 0.000000 1.000000 0.000000
vn 0.000000 1.000000 0.000000
vn 0.689448 0.000000 -0.724335
vn 0.689448 0.000000 -0.724335
vn 0.000000 -1.000000 0.000000
vn 0.000000 -1.000000 0.000000
vn 0.474440 0.723314 -0.501720
vn 0.689447 0.000000 -0.724336
vn 0.300637 0.899498 -0.317049
vn 0.000000 -1.000000 0.000000
vn 0.000000 -1.000000 0.000000
vn 0.000000 1.000000 0.000000
vn 0.000000 1.000000 0.000000
vn 0.000000 -1.000000 0.000000
vn 0.000000 -1.000000 0.000000
vn 0.000000 -1.000000 0.000000
vn 0.000000 1.000000 0.000000
vn -0.688771 0.052153 0.723101
vn -0.493925 0.697496 0.519170
vn -0.710869 0.703324 -0.000000
vn -0.998602 0.052853 0.000000
vn 0.000000 0.051600 0.998668
vn -0.000000 0.690451 0.723379
vn 0.688771 0.052153 0.723101
vn 0.493925 0.697496 0.519170
vn -0.493925 0.697496 -0.519170
vn -0.688771 0.052153 -0.723101
vn -0.000000 0.690451 -0.723379
vn 0.000000 0.051600 -0.998668
vn 0.493925 0.697497 -0.519169
vn 0.688771 0.052153 -0.723101
vn 0.998602 0.052853 0.000000
vn 0.710869 0.703324 -0.000000
vn -0.689422 0.000000 0.724360
vn 0.000000 0.000000 1.000000
vn 0.000000 0.000000 -1.000000
vn -0.689421 0.000000 -0.724360
vn 0.689422 0.000000 0.724360
vn 1.000000 0.000000 -0.000000
vn -1.000000 0.000000 0.000000
vn 0.689421 0.000000 -0.724360
vn -0.572991 0.819561 -0.000001
vn -0.412052 0.589213 0.695011
vn -0.339125 0.653315 0.676885
vn -0.460786 0.887512 0.000000
vn -0.013164 0.019046 0.999732
vn -0.023399 0.053024 0.998319
vn 0.399581 -0.569707 0.718170
vn 0.328020 -0.593343 0.735083
vn 0.574355 -0.818606 -0.000000
vn 0.486228 -0.873832 -0.000001
vn 0.399579 -0.569709 -0.718171
vn 0.328019 -0.593342 -0.735084
vn -0.013166 0.019045 -0.999732
vn -0.023398 0.053023 -0.998319
vn -0.412052 0.589213 -0.695012
vn -0.339123 0.653316 -0.676885
vn -0.104027 0.744765 0.659169
vn -0.137105 0.990557 0.000001
vn -0.013273 0.096315 0.995263
vn 0.099611 -0.644068 0.758455
vn 0.156707 -0.987645 -0.000001
vn 0.099611 -0.644067 -0.758456
vn -0.013270 0.096314 -0.995263
vn -0.104024 0.744765 -0.659169
vn 0.210320 0.720345 0.660960
vn 0.281372 0.959599 0.000002
vn 0.024960 0.092253 0.995423
vn -0.186819 -0.623696 0.759014
vn -0.286875 -0.957968 -0.000000
vn -0.186820 -0.623696 -0.759014
vn 0.024960 0.092254 -0.995423
vn 0.210320 0.720345 -0.660960
vn 0.478148 0.573198 0.665446
vn 0.640077 0.768310 0.000001
vn 0.053925 0.063717 0.996510
vn -0.423717 -0.507850 0.750035
vn -0.641071 -0.767481 -0.000001
vn -0.423720 -0.507849 -0.750034
vn 0.053922 0.063717 -0.996510
vn 0.478145 0.573199 -0.665447
vn 0.640398 0.376735 0.669298
vn 0.862214 0.506545 0.000001
vn 0.065095 0.040520 0.997056
vn -0.576694 -0.330630 0.747066
vn -0.867994 -0.496574 -0.000001
vn -0.576695 -0.330630 -0.747066
vn 0.065096 0.040520 -0.997056
vn 0.640398 0.376736 -0.669299
vn 0.721628 0.156260 0.674415
vn 0.977338 0.211686 0.000000
vn 0.063689 0.012958 0.997886
vn -0.656701 -0.146262 0.739832
vn -0.975941 -0.218036 -0.000001
vn -0.656700 -0.146262 -0.739832
vn 0.063692 0.012959 -0.997886
vn 0.721629 0.156260 -0.674415
vn 0.743796 -0.094323 0.661718
vn 0.991979 -0.126401 0.000000
vn 0.089095 -0.013724 0.995929
vn -0.654795 0.063960 0.753095
vn -0.995777 0.091801 -0.000001
vn -0.654792 0.063961 -0.753098
vn 0.089094 -0.013724 -0.995929
vn 0.743795 -0.094323 -0.661719
vn 0.632950 -0.415213 0.653432
vn 0.836107 -0.548567 0.000001
vn 0.095371 -0.061891 0.993516
vn -0.529847 0.351406 0.771866
vn -0.832930 0.553379 -0.000001
vn -0.529841 0.351407 -0.771869
vn 0.095375 -0.061890 -0.993516
vn 0.632951 -0.415213 -0.653431
vn 0.410170 -0.618103 0.670604
vn 0.552935 -0.833224 0.000000
vn 0.041917 -0.056019 0.997549
vn -0.353221 0.571231 0.740899
vn -0.522326 0.852746 -0.000000
vn -0.353218 0.571231 -0.740899
vn 0.041922 -0.056019 -0.997549
vn 0.410174 -0.618102 -0.670602
vn 0.299623 -0.662166 0.686849
vn 0.412419 -0.910994 -0.000000
vn 0.015871 -0.034600 0.999275
vn -0.282521 0.628186 0.724958
vn -0.409889 0.912135 0.000000
vn -0.282519 0.628187 -0.724958
vn 0.015871 -0.034600 -0.999275
vn 0.299625 -0.662165 -0.686849
vn 0.860050 -0.117277 -0.496549
vn 0.195585 0.974164 -0.112919
vn 0.225841 0.974164 -0.000000
vn 0.993099 -0.117279 -0.000000
vn 0.496548 -0.117277 -0.860050
vn 0.112921 0.974164 -0.195584
vn 0.000000 -0.117276 -0.993099
vn -0.000000 0.974164 -0.225842
vn -0.496547 -0.117277 -0.860050
vn -0.112921 0.974164 -0.195585
vn -0.860049 -0.117278 -0.496549
vn -0.195585 0.974164 -0.112920
vn -0.993099 -0.117279 0.000000
vn -0.225841 0.974164 0.000000
vn -0.860050 -0.117279 0.496548
vn -0.195585 0.974164 0.112918
vn -0.496548 -0.117277 0.860050
vn -0.112920 0.974164 0.195585
vn 0.000000 -0.117275 0.993100
vn 0.000000 0.974164 0.225840
vn 0.496548 -0.117277 0.860050
vn 0.112920 0.974164 0.195585
vn 0.860050 -0.117280 0.496548
vn 0.195585 0.974164 0.112919
vn 0.842310 -0.232422 -0.486307
vn 0.486306 -0.232421 -0.842310
vn 0.000000 -0.232420 -0.972616
vn -0.486306 -0.232422 -0.842310
vn -0.842310 -0.232423 -0.486307
vn -0.972615 -0.232424 -0.000000
vn -0.842311 -0.232424 0.486304
vn -0.486306 -0.232422 0.842310
vn 0.000000 -0.232419 0.972616
vn 0.486306 -0.232422 0.842311
vn 0.842311 -0.232424 0.486304
vn 0.972615 -0.232423 -0.000000
vn 0.000000 1.000000 -0.000000
s 1
g Ron1
usemtl initialShadingGroup
f 1510/2223/2773 1514/2331/2774 1526/2225/2775 1527/2312/2776
s 2
f 1532/2292/2777 1533/2228/2778 1521/2324/2779 1490/2304/2780
s 3
f 1494/2231/2781 1522/2232/2782 1523/2322/2783 1498/2336/2784
f 1495/2235/2785 1535/2236/2786 1536/2300/2787 1499/2323/2788
f 1519/2239/2789 1497/2240/2790 1501/2241/2791 1518/2242/2792
f 1531/2289/2793 1494/2231/2781 1498/2336/2784 1530/2307/2794
f 1498/2234/2784 1523/2233/2783 1524/2320/2795 1502/2335/2796
f 1499/2238/2788 1536/2237/2787 1537/2298/2797 1503/2321/2798
f 1518/2327/2792 1501/2310/2791 1505/2249/2799 1517/2250/2800
f 1530/2306/2794 1498/2234/2784 1502/2335/2796 1529/2309/2801
s 6
f 1502/2246/2802 1524/2245/2803 1525/2318/2804 1506/2334/2805
f 1503/2248/2806 1537/2247/2807 1538/2296/2808 1507/2319/2809
f 1517/2328/2810 1505/2311/2811 1509/2256/2812 1516/2257/2813
f 1529/2308/2814 1502/2246/2802 1506/2334/2805 1528/2258/2815
s 9
f 1506/2253/2816 1525/2252/2817 1514/2224/2818 1510/2333/2819
f 1507/2255/2820 1538/2254/2821 1539/2294/2822 1511/2332/2823
f 1516/2329/2824 1509/2316/2825 1513/2261/2826 1515/2330/2827
f 1528/2315/2828 1506/2253/2816 1510/2333/2819 1527/2313/2829
s 1
f 1514/2331/2774 1511/2260/2830 1539/2259/2831 1526/2225/2775
s 9
f 1508/2263/2832 1516/2329/2824 1515/2330/2827 1512/2295/2833
s 6
f 1504/2265/2834 1517/2328/2810 1516/2257/2813 1508/2297/2835
s 3
f 1500/2266/2836 1518/2327/2792 1517/2250/2800 1504/2299/2837
f 1496/2267/2838 1519/2239/2789 1518/2242/2792 1500/2301/2836
s 2
f 1521/2324/2779 1533/2228/2778 1534/2302/2839 1491/2303/2840
s 3
f 1523/2322/2783 1522/2232/2782 1495/2235/2785 1499/2323/2788
f 1524/2320/2795 1523/2233/2783 1499/2238/2788 1503/2321/2798
s 6
f 1525/2318/2804 1524/2245/2803 1503/2248/2806 1507/2319/2809
s 9
f 1514/2224/2818 1525/2252/2817 1507/2255/2820 1511/2332/2823
s 1
f 1527/2312/2776 1526/2225/2775 1515/2262/2841 1513/2317/2842
s 9
f 1509/2316/2825 1528/2314/2828 1527/2226/2829 1513/2261/2826
s 6
f 1505/2311/2811 1529/2308/2814 1528/2258/2815 1509/2256/2812
s 3
f 1501/2310/2791 1530/2305/2794 1529/2251/2801 1505/2249/2799
f 1497/2240/2790 1531/2243/2793 1530/2244/2794 1501/2241/2791
s 2
f 1492/2337/2843 1520/2325/2844 1533/2228/2778 1532/2292/2777
f 1534/2302/2839 1533/2228/2778 1520/2325/2844 1493/2326/2845
s 3
f 1536/2300/2787 1535/2236/2786 1496/2267/2838 1500/2301/2836
f 1537/2298/2797 1536/2237/2787 1500/2266/2836 1504/2299/2837
s 6
f 1538/2296/2808 1537/2247/2807 1504/2265/2834 1508/2297/2835
s 9
f 1539/2294/2822 1538/2254/2821 1508/2263/2832 1512/2295/2833
s 1
f 1526/2225/2775 1539/2259/2831 1512/2264/2846 1515/2262/2841
s 3
f 1540/2346/2847 1541/2274/2848 1548/2275/2849 1549/2291/2850
f 1541/2274/2848 1540/2346/2847 1542/2345/2851 1543/2278/2852
f 1543/2278/2852 1542/2345/2851 1550/2340/2853 1551/2280/2854
f 1544/2281/2855 1545/2342/2856 1549/2343/2850 1548/2290/2849
f 1545/2342/2856 1544/2281/2855 1546/2283/2857 1547/2341/2858
f 1547/2341/2858 1546/2283/2857 1555/2285/2859 1554/2339/2860
f 1551/2280/2854 1550/2340/2853 1552/2338/2861 1553/2288/2862
f 1553/2288/2862 1552/2338/2861 1554/2339/2860 1555/2285/2859
f 1490/2230/2863 1521/2229/2864 1542/2277/2851 1540/2273/2847
f 1545/2282/2856 1547/2284/2858 1520/2271/2865 1492/2270/2866
f 1491/2269/2867 1534/2268/2868 1552/2287/2861 1550/2279/2853
f 1532/2227/2869 1490/2230/2863 1540/2273/2847 1549/2344/2850
f 1541/2274/2848 1543/2278/2852 1522/2232/2782 1494/2231/2781
f 1551/2280/2854 1553/2288/2862 1535/2236/2786 1495/2235/2785
f 1546/2283/2857 1544/2281/2855 1497/2240/2790 1519/2239/2789
f 1548/2275/2849 1541/2274/2848 1494/2231/2781 1531/2289/2793
f 1555/2285/2859 1546/2283/2857 1519/2239/2789 1496/2267/2838
f 1520/2271/2865 1547/2284/2858 1554/2286/2860 1493/2272/2870
f 1542/2277/2851 1521/2229/2864 1491/2269/2867 1550/2279/2853
f 1522/2232/2782 1543/2278/2852 1551/2280/2854 1495/2235/2785
f 1544/2281/2855 1548/2290/2849 1531/2243/2793 1497/2240/2790
f 1492/2270/2866 1532/2293/2869 1549/2276/2850 1545/2282/2856
f 1552/2287/2861 1534/2268/2868 1493/2272/2870 1554/2286/2860
f 1535/2236/2786 1553/2288/2862 1555/2285/2859 1496/2267/2838
s 13
f 1556/2347/2871 1557/2348/2872 1565/2349/2873 1564/2350/2874
f 1557/2348/2872 1558/2351/2875 1566/2352/2876 1565/2349/2873
f 1558/2351/2875 1559/2353/2877 1567/2354/2878 1566/2352/2876
f 1559/2353/2877 1560/2355/2879 1568/2356/2880 1567/2354/2878
f 1560/2357/2879 1561/2358/2881 1569/2359/2882 1568/2360/2880
f 1561/2358/2881 1562/2361/2883 1570/2362/2884 1569/2359/2882
f 1562/2361/2883 1563/2363/2885 1571/2364/2886 1570/2362/2884
f 1563/2363/2885 1556/2347/2871 1564/2350/2874 1571/2364/2886
f 1564/2350/2874 1565/2349/2873 1573/2365/2887 1572/2366/2888
f 1565/2349/2873 1566/2352/2876 1574/2367/2889 1573/2365/2887
f 1566/2352/2876 1567/2354/2878 1575/2368/2890 1574/2367/2889
f 1567/2354/2878 1568/2356/2880 1576/2369/2891 1575/2368/2890
f 1568/2360/2880 1569/2359/2882 1577/2370/2892 1576/2371/2891
f 1569/2359/2882 1570/2362/2884 1578/2372/2893 1577/2370/2892
f 1570/2362/2884 1571/2364/2886 1579/2373/2894 1578/2372/2893
f 1571/2364/2886 1564/2350/2874 1572/2366/2888 1579/2373/2894
f 1572/2366/2888 1573/2365/2887 1581/2374/2895 1580/2375/2896
f 1573/2365/2887 1574/2367/2889 1582/2376/2897 1581/2374/2895
f 1574/2367/2889 1575/2368/2890 1583/2377/2898 1582/2376/2897
f 1575/2368/2890 1576/2369/2891 1584/2378/2899 1583/2377/2898
f 1576/2371/2891 1577/2370/2892 1585/2379/2900 1584/2380/2899
f 1577/2370/2892 1578/2372/2893 1586/2381/2901 1585/2379/2900
f 1578/2372/2893 1579/2373/2894 1587/2382/2902 1586/2381/2901
f 1579/2373/2894 1572/2366/2888 1580/2375/2896 1587/2382/2902
f 1580/2375/2896 1581/2374/2895 1589/2383/2903 1588/2384/2904
f 1581/2374/2895 1582/2376/2897 1590/2385/2905 1589/2383/2903
f 1582/2376/2897 1583/2377/2898 1591/2386/2906 1590/2385/2905
f 1583/2377/2898 1584/2378/2899 1592/2387/2907 1591/2386/2906
f 1584/2380/2899 1585/2379/2900 1593/2388/2908 1592/2389/2907
f 1585/2379/2900 1586/2381/2901 1594/2390/2909 1593/2388/2908
f 1586/2381/2901 1587/2382/2902 1595/2391/2910 1594/2390/2909
f 1587/2382/2902 1580/2375/2896 1588/2384/2904 1595/2391/2910
f 1588/2384/2904 1589/2383/2903 1597/2392/2911 1596/2393/2912
f 1589/2383/2903 1590/2385/2905 1598/2394/2913 1597/2392/2911
f 1590/2385/2905 1591/2386/2906 1599/2395/2914 1598/2394/2913
f 1591/2386/2906 1592/2387/2907 1600/2396/2915 1599/2395/2914
f 1592/2389/2907 1593/2388/2908 1601/2397/2916 1600/2398/2915
f 1593/2388/2908 1594/2390/2909 1602/2399/2917 1601/2397/2916
f 1594/2390/2909 1595/2391/2910 1603/2400/2918 1602/2399/2917
f 1595/2391/2910 1588/2384/2904 1596/2393/2912 1603/2400/2918
f 1596/2393/2912 1597/2392/2911 1605/2401/2919 1604/2402/2920
f 1597/2392/2911 1598/2394/2913 1606/2403/2921 1605/2401/2919
f 1598/2394/2913 1599/2395/2914 1607/2404/2922 1606/2403/2921
f 1599/2395/2914 1600/2396/2915 1608/2405/2923 1607/2404/2922
f 1600/2398/2915 1601/2397/2916 1609/2406/2924 1608/2407/2923
f 1601/2397/2916 1602/2399/2917 1610/2408/2925 1609/2406/2924
f 1602/2399/2917 1603/2400/2918 1611/2409/2926 1610/2408/2925
f 1603/2400/2918 1596/2393/2912 1604/2402/2920 1611/2409/2926
f 1604/2402/2920 1605/2401/2919 1613/2410/2927 1612/2411/2928
f 1605/2401/2919 1606/2403/2921 1614/2412/2929 1613/2410/2927
f 1606/2403/2921 1607/2404/2922 1615/2413/2930 1614/2412/2929
f 1607/2404/2922 1608/2405/2923 1616/2414/2931 1615/2413/2930
f 1608/2407/2923 1609/2406/2924 1617/2415/2932 1616/2416/2931
f 1609/2406/2924 1610/2408/2925 1618/2417/2933 1617/2415/2932
f 1610/2408/2925 1611/2409/2926 1619/2418/2934 1618/2417/2933
f 1611/2409/2926 1604/2402/2920 1612/2411/2928 1619/2418/2934
f 1612/2411/2928 1613/2410/2927 1621/2419/2935 1620/2420/2936
f 1613/2410/2927 1614/2412/2929 1622/2421/2937 1621/2419/2935
f 1614/2412/2929 1615/2413/2930 1623/2422/2938 1622/2421/2937
f 1615/2413/2930 1616/2414/2931 1624/2423/2939 1623/2422/2938
f 1616/2416/2931 1617/2415/2932 1625/2424/2940 1624/2425/2939
f 1617/2415/2932 1618/2417/2933 1626/2426/2941 1625/2424/2940
f 1618/2417/2933 1619/2418/2934 1627/2427/2942 1626/2426/2941
f 1619/2418/2934 1612/2411/2928 1620/2420/2936 1627/2427/2942
f 1620/2420/2936 1621/2419/2935 1629/2428/2943 1628/2429/2944
f 1621/2419/2935 1622/2421/2937 1630/2430/2945 1629/2428/2943
f 1622/2421/2937 1623/2422/2938 1631/2431/2946 1630/2430/2945
f 1623/2422/2938 1624/2423/2939 1632/2432/2947 1631/2431/2946
f 1624/2425/2939 1625/2424/2940 1633/2433/2948 1632/2434/2947
f 1625/2424/2940 1626/2426/2941 1634/2435/2949 1633/2433/2948
f 1626/2426/2941 1627/2427/2942 1635/2436/2950 1634/2435/2949
f 1627/2427/2942 1620/2420/2936 1628/2429/2944 1635/2436/2950
f 1628/2429/2944 1629/2428/2943 1637/2437/2951 1636/2438/2952
f 1629/2428/2943 1630/2430/2945 1638/2439/2953 1637/2437/2951
f 1630/2430/2945 1631/2431/2946 1639/2440/2954 1638/2439/2953
f 1631/2431/2946 1632/2432/2947 1640/2441/2955 1639/2440/2954
f 1632/2434/2947 1633/2433/2948 1641/2442/2956 1640/2443/2955
f 1633/2433/2948 1634/2435/2949 1642/2444/2957 1641/2442/2956
f 1634/2435/2949 1635/2436/2950 1643/2445/2958 1642/2444/2957
f 1635/2436/2950 1628/2429/2944 1636/2438/2952 1643/2445/2958
s 14
f 1657/2446/2959 1658/2447/2960 1680/2448/2961 1679/2449/2962
f 1658/2447/2960 1657/2446/2959 1659/2450/2963 1660/2451/2964
f 1660/2451/2964 1659/2450/2963 1661/2452/2965 1662/2453/2966
f 1662/2453/2966 1661/2452/2965 1663/2454/2967 1664/2455/2968
f 1664/2455/2968 1663/2454/2967 1665/2456/2969 1666/2457/2970
f 1666/2457/2970 1665/2456/2969 1667/2458/2971 1668/2459/2972
f 1668/2459/2972 1667/2458/2971 1669/2460/2973 1670/2461/2974
f 1670/2461/2974 1669/2460/2973 1671/2462/2975 1672/2463/2976
f 1672/2464/2976 1671/2465/2975 1673/2466/2977 1674/2467/2978
f 1674/2467/2978 1673/2466/2977 1675/2468/2979 1676/2469/2980
f 1676/2469/2980 1675/2468/2979 1677/2470/2981 1678/2471/2982
f 1678/2471/2982 1677/2470/2981 1679/2449/2962 1680/2448/2961
f 1644/2472/2983 1645/2473/2984 1659/2450/2963 1657/2446/2959
f 1645/2473/2984 1646/2474/2985 1661/2452/2965 1659/2450/2963
f 1646/2474/2985 1647/2475/2986 1663/2454/2967 1661/2452/2965
f 1647/2475/2986 1648/2476/2987 1665/2456/2969 1663/2454/2967
f 1648/2476/2987 1649/2477/2988 1667/2458/2971 1665/2456/2969
f 1649/2477/2988 1650/2478/2989 1669/2460/2973 1667/2458/2971
f 1650/2478/2989 1651/2479/2990 1671/2462/2975 1669/2460/2973
f 1651/2480/2990 1652/2481/2991 1673/2466/2977 1671/2465/2975
f 1652/2481/2991 1653/2482/2992 1675/2468/2979 1673/2466/2977
f 1653/2482/2992 1654/2483/2993 1677/2470/2981 1675/2468/2979
f 1654/2483/2993 1655/2484/2994 1679/2449/2962 1677/2470/2981
f 1655/2484/2994 1644/2472/2983 1657/2446/2959 1679/2449/2962
f 1658/2485/2960 1660/2486/2964 1656/2487/2995
f 1660/2486/2964 1662/2488/2966 1656/2487/2995
f 1662/2488/2966 1664/2489/2968 1656/2487/2995
f 1664/2489/2968 1666/2490/2970 1656/2487/2995
f 1666/2490/2970 1668/2491/2972 1656/2487/2995
f 1668/2491/2972 1670/2492/2974 1656/2487/2995
f 1670/2492/2974 1672/2493/2976 1656/2487/2995
f 1672/2493/2976 1674/2494/2978 1656/2487/2995
f 1674/2494/2978 1676/2495/2980 1656/2487/2995
f 1676/2495/2980 1678/2496/2982 1656/2487/2995
f 1678/2496/2982 1680/2497/2961 1656/2487/2995
f 1680/2497/2961 1658/2485/2960 1656/2487/2995
g default
v 1.061408 0.244416 0.715282
v 0.992391 0.141124 0.715282
v 0.889100 0.072107 0.715282
v 0.767259 0.047872 0.715282
v 0.645419 0.072107 0.715282
v 0.542128 0.141124 0.715282
v 0.473111 0.244415 0.715282
v 0.448875 0.366256 0.715282
v 0.473111 0.488096 0.715282
v 0.542128 0.591387 0.715282
v 0.645419 0.660404 0.715282
v 0.767259 0.684640 0.715282
v 0.889099 0.660404 0.715282
v 0.992391 0.591387 0.715282
v 1.061408 0.488096 0.715282
v 1.085643 0.366256 0.715282
v 1.061408 0.244416 0.755927
v 0.992391 0.141124 0.755927
v 0.889100 0.072107 0.755927
v 0.767259 0.047872 0.755927
v 0.645419 0.072107 0.755927
v 0.542128 0.141124 0.755927
v 0.473111 0.244415 0.755927
v 0.448875 0.366256 0.755927
v 0.473111 0.488096 0.755927
v 0.542128 0.591387 0.755927
v 0.645419 0.660404 0.755927
v 0.767259 0.684640 0.755927
v 0.889099 0.660404 0.755927
v 0.992391 0.591387 0.755927
v 1.061408 0.488096 0.755927
v 1.085643 0.366256 0.755927
v 0.767259 0.366256 0.715282
v 0.998630 0.270419 0.755927
v 0.944343 0.189172 0.755927
v 0.863096 0.134885 0.755927
v 0.767259 0.115821 0.755927
v 0.671422 0.134884 0.755927
v 0.590175 0.189172 0.755927
v 0.535888 0.270419 0.755927
v 0.516825 0.366256 0.755927
v 0.535888 0.462093 0.755927
v 0.590175 0.543340 0.755927
v 0.671422 0.597627 0.755927
v 0.767259 0.616690 0.755927
v 0.863096 0.597627 0.755927
v 0.944343 0.543340 0.755927
v 0.998630 0.462093 0.755927
v 1.017694 0.366256 0.755927
v 0.998630 0.270419 0.739275
v 0.944343 0.189172 0.739275
v 0.767259 0.366256 0.739275
v 0.863096 0.134885 0.739275
v 0.767259 0.115821 0.739275
v 0.671422 0.134885 0.739275
v 0.590175 0.189172 0.739275
v 0.535888 0.270419 0.739275
v 0.516825 0.366256 0.739275
v 0.535888 0.462093 0.739275
v 0.590175 0.543340 0.739275
v 0.671422 0.597627 0.739275
v 0.767259 0.616690 0.739275
v 0.863096 0.597627 0.739275
v 0.944343 0.543340 0.739275
v 0.998630 0.462093 0.739275
v 1.017694 0.366256 0.739275
vt 0.412308 0.556991
vt 0.486300 0.781419
vt 0.486300 0.800692
vt 0.425936 0.543363
vt 0.493675 0.818497
vt 0.443741 0.535988
vt 0.507302 0.832125
vt 0.463013 0.535988
vt 0.525108 0.839500
vt 0.480819 0.543363
vt 0.544380 0.839500
vt 0.494446 0.556991
vt 0.562185 0.832125
vt 0.501821 0.574796
vt 0.575813 0.818497
vt 0.501821 0.594068
vt 0.583188 0.800692
vt 0.494446 0.611873
vt 0.583188 0.781420
vt 0.480819 0.625501
vt 0.575813 0.763614
vt 0.463013 0.632876
vt 0.562185 0.749987
vt 0.443741 0.632876
vt 0.544380 0.742611
vt 0.425936 0.625501
vt 0.525108 0.742611
vt 0.412308 0.611873
vt 0.507302 0.749987
vt 0.404933 0.594068
vt 0.493675 0.763614
vt 0.404933 0.574796
vt 0.453377 0.584432
vt 0.316284 0.557992
vt 0.529828 0.395342
vt 0.491723 0.402922
vt 0.497524 0.416927
vt 0.508243 0.427646
vt 0.522248 0.433448
vt 0.537407 0.433448
vt 0.551413 0.427646
vt 0.562132 0.416927
vt 0.567933 0.402922
vt 0.567933 0.387763
vt 0.562132 0.373758
vt 0.551413 0.363039
vt 0.537407 0.357237
vt 0.522248 0.357237
vt 0.508243 0.363038
vt 0.497524 0.373758
vt 0.316284 0.555408
vt 0.301125 0.555408
vt 0.285966 0.555408
vt 0.270807 0.555408
vt 0.290284 0.553674
vt 0.305443 0.553674
vt 0.320602 0.553674
vt 0.335761 0.553674
vt 0.350920 0.553674
vt 0.366079 0.553674
vt 0.381239 0.553674
vt 0.396398 0.553674
vt 0.376921 0.555408
vt 0.361762 0.555408
vt 0.346603 0.555408
vt 0.331443 0.555408
vt 0.331443 0.557992
vt 0.491723 0.387763
vt 0.346603 0.557992
vt 0.361762 0.557992
vt 0.376921 0.557992
vt 0.396398 0.551091
vt 0.392080 0.557992
vt 0.381239 0.551091
vt 0.556329 0.758752
vt 0.392080 0.555408
vt 0.366079 0.551091
vt 0.350920 0.551091
vt 0.335761 0.551091
vt 0.320602 0.551091
vt 0.305443 0.551091
vt 0.290284 0.551091
vt 0.270807 0.557992
vt 0.275124 0.551091
vt 0.285966 0.557992
vt 0.513159 0.823360
vt 0.275124 0.553674
vt 0.301125 0.557992
vt 0.502440 0.769471
vt 0.496639 0.783476
vt 0.513159 0.758752
vt 0.527164 0.752950
vt 0.542323 0.752950
vt 0.567048 0.769471
vt 0.572849 0.783476
vt 0.572849 0.798635
vt 0.567048 0.812641
vt 0.556329 0.823360
vt 0.542323 0.829161
vt 0.527164 0.829161
vt 0.502440 0.812640
vt 0.496639 0.798635
vt 0.259595 0.543557
vt 0.231634 0.557902
vt 0.231634 0.551597
vt 0.259595 0.549862
vt 0.077456 0.557902
vt 0.105417 0.543557
vt 0.105417 0.549862
vt 0.077456 0.551597
vt 0.182506 0.549862
vt 0.163234 0.549862
vt 0.201778 0.549862
vt 0.221051 0.549862
vt 0.240323 0.549862
vt 0.212361 0.551597
vt 0.193089 0.551597
vt 0.173817 0.551597
vt 0.154545 0.551597
vt 0.135272 0.551597
vt 0.116000 0.551597
vt 0.096728 0.551597
vt 0.124689 0.549862
vt 0.143962 0.549862
vt 0.182506 0.543557
vt 0.163234 0.543557
vt 0.201778 0.543557
vt 0.221051 0.543557
vt 0.240323 0.543557
vt 0.212361 0.557902
vt 0.193089 0.557902
vt 0.173817 0.557902
vt 0.154545 0.557902
vt 0.135272 0.557902
vt 0.116000 0.557902
vt 0.096728 0.557902
vt 0.124689 0.543557
vt 0.143962 0.543557
vn 0.923880 -0.382683 0.000000
vn 0.923880 -0.382682 0.000000
vn 0.707107 -0.707106 0.000000
vn 0.707107 -0.707106 0.000000
vn 0.382684 -0.923879 0.000000
vn 0.382684 -0.923879 0.000000
vn 0.000001 -1.000000 0.000001
vn 0.000001 -1.000000 0.000001
vn -0.382683 -0.923880 0.000001
vn -0.382683 -0.923880 0.000001
vn -0.707106 -0.707108 0.000001
vn -0.707106 -0.707108 0.000001
vn -0.923879 -0.382684 0.000000
vn -0.923879 -0.382684 0.000000
vn -1.000000 -0.000000 0.000000
vn -1.000000 0.000000 0.000000
vn -0.923880 0.382683 0.000000
vn -0.923880 0.382683 0.000000
vn -0.707107 0.707107 0.000000
vn -0.707107 0.707107 0.000000
vn -0.382684 0.923879 0.000000
vn -0.382684 0.923879 0.000000
vn -0.000001 1.000000 0.000000
vn -0.000001 1.000000 0.000000
vn 0.382683 0.923880 0.000000
vn 0.382683 0.923880 0.000000
vn 0.707107 0.707107 0.000000
vn 0.707107 0.707107 0.000000
vn 0.923880 0.382683 0.000000
vn 0.923880 0.382683 0.000000
vn 1.000000 -0.000000 0.000000
vn 1.000000 0.000000 0.000000
vn 0.000000 0.000000 -1.000000
vn -0.000000 -0.000000 -1.000000
vn -0.000000 0.000000 -1.000000
vn 0.000000 0.000000 -1.000000
vn -0.000000 -0.000000 -1.000000
vn -0.000000 -0.000000 -1.000000
vn 0.000000 -0.000000 -1.000000
vn 0.000000 0.000000 -1.000000
vn 0.000000 0.000000 -1.000000
vn -0.000000 0.000000 -1.000000
vn -0.000000 0.000000 -1.000000
vn 0.000000 0.000000 -1.000000
vn 0.000000 0.000000 -1.000000
vn 0.000000 0.000000 -1.000000
vn 0.000000 0.000000 -1.000000
vn 0.000000 0.000000 -1.000000
vn 0.000000 0.000000 -1.000000
vn 0.000000 0.000000 1.000000
vn -0.000000 0.000000 1.000000
vn -0.000000 0.000000 1.000000
vn -0.000001 0.000000 1.000000
vn 0.000000 0.000000 1.000000
vn 0.000001 0.000000 1.000000
vn -0.000000 0.000000 1.000000
vn -0.000000 0.000000 1.000000
vn 0.000000 0.000000 1.000000
vn 0.000000 0.000000 1.000000
vn 0.000000 0.000000 1.000000
vn -0.000000 0.000000 1.000000
vn 0.000000 0.000000 1.000000
vn -0.000000 0.000000 1.000000
vn -0.000000 0.000000 1.000000
vn -0.000000 0.000000 1.000000
vn 0.000000 0.000000 1.000000
vn 0.000000 0.000000 1.000000
vn 0.000000 0.000000 1.000000
vn 0.000000 0.000000 1.000000
vn 0.000000 0.000000 1.000000
vn -0.000001 0.000001 1.000000
vn -0.000001 0.000001 1.000000
vn -0.000001 0.000001 1.000000
vn -0.000001 0.000001 1.000000
vn -0.000001 0.000001 1.000000
vn -0.000001 0.000001 1.000000
vn -0.000001 0.000001 1.000000
vn -0.000001 0.000001 1.000000
vn -0.000000 0.000000 1.000000
vn -0.000000 0.000000 1.000000
vn -0.000000 0.000000 1.000000
vn -0.000000 0.000000 1.000000
vn 0.000000 0.000000 1.000000
vn 0.000000 0.000000 1.000000
vn 0.000000 0.000000 1.000000
vn 0.000000 0.000000 1.000000
vn 0.000001 0.000000 1.000000
vn 0.000001 0.000000 1.000000
vn 0.000001 0.000000 1.000000
vn 0.000001 0.000000 1.000000
vn -0.000001 0.000000 1.000000
vn -0.000001 0.000000 1.000000
vn -0.000001 0.000000 1.000000
vn -0.000001 0.000000 1.000000
vn 0.000000 0.000000 1.000000
vn 0.000000 0.000000 1.000000
vn 0.000000 0.000000 1.000000
vn 0.000000 0.000000 1.000000
vn 0.000000 0.000000 1.000000
vn 0.000000 0.000000 1.000000
vn 0.000000 0.000000 1.000000
vn 0.000000 0.000000 1.000000
vn 0.000000 0.000000 1.000000
vn 0.000000 0.000000 1.000000
vn 0.000000 0.000000 1.000000
vn 0.000000 0.000000 1.000000
vn 0.000000 0.000000 1.000000
vn 0.000000 0.000000 1.000000
vn 0.000000 0.000000 1.000000
vn 0.000000 0.000000 1.000000
vn 0.000000 0.000000 1.000000
vn 0.000000 0.000000 1.000000
vn 0.000000 0.000000 1.000000
vn 0.000000 0.000000 1.000000
vn 0.000001 0.000000 1.000000
vn 0.000001 0.000000 1.000000
vn 0.000001 0.000000 1.000000
vn 0.000001 0.000000 1.000000
vn 0.000000 0.000000 1.000000
vn 0.000000 0.000000 1.000000
vn 0.000000 0.000000 1.000000
vn 0.000000 0.000000 1.000000
vn 0.000000 0.000000 1.000000
vn 0.000000 0.000000 1.000000
vn 0.000000 0.000000 1.000000
vn 0.000000 0.000000 1.000000
vn 0.000000 0.000000 1.000000
vn 0.000000 0.000000 1.000000
vn 0.000000 0.000000 1.000000
vn 0.000000 0.000000 1.000000
vn -0.923880 0.382683 0.000000
vn -0.923880 0.382683 0.000000
vn -0.707107 0.707107 -0.000000
vn -0.707107 0.707107 -0.000000
vn -0.382683 0.923880 -0.000001
vn -0.382683 0.923880 -0.000001
vn -0.000001 1.000000 -0.000001
vn -0.000001 1.000000 -0.000001
vn 0.382683 0.923880 0.000000
vn 0.382683 0.923880 0.000000
vn 0.707106 0.707108 0.000001
vn 0.707106 0.707108 0.000001
vn 0.923879 0.382684 0.000000
vn 0.923879 0.382684 0.000000
vn 1.000000 0.000000 0.000000
vn 1.000000 0.000000 0.000000
vn 0.923880 -0.382683 0.000000
vn 0.923880 -0.382683 0.000000
vn 0.707107 -0.707106 0.000000
vn 0.707107 -0.707106 0.000000
vn 0.382683 -0.923880 0.000000
vn 0.382683 -0.923880 0.000000
vn 0.000000 -1.000000 0.000000
vn 0.000000 -1.000000 0.000000
vn -0.382682 -0.923880 0.000000
vn -0.382682 -0.923880 0.000000
vn -0.707106 -0.707107 0.000000
vn -0.707106 -0.707107 0.000000
vn -0.923880 -0.382683 0.000000
vn -0.923880 -0.382683 0.000000
vn -1.000000 0.000000 0.000000
vn -1.000000 0.000000 0.000000
s 1
g Rueda
usemtl initialShadingGroup
f 1681/2623/2996 1697/2609/2997 1698/2621/2998 1682/2635/2999
f 1682/2635/2999 1698/2621/2998 1699/2620/3000 1683/2634/3001
f 1683/2634/3001 1699/2620/3000 1700/2606/3002 1684/2605/3003
f 1684/2604/3003 1700/2607/3002 1701/2619/3004 1685/2633/3005
f 1685/2633/3005 1701/2619/3004 1702/2618/3006 1686/2632/3007
f 1686/2632/3007 1702/2618/3006 1703/2617/3008 1687/2631/3009
f 1687/2631/3009 1703/2617/3008 1704/2616/3010 1688/2630/3011
f 1688/2630/3011 1704/2616/3010 1705/2615/3012 1689/2629/3013
f 1689/2629/3013 1705/2615/3012 1706/2614/3014 1690/2628/3015
f 1690/2628/3015 1706/2614/3014 1707/2613/3016 1691/2627/3017
f 1691/2627/3017 1707/2613/3016 1708/2602/3018 1692/2601/3019
f 1692/2600/3019 1708/2603/3018 1709/2612/3020 1693/2626/3021
f 1693/2626/3021 1709/2612/3020 1710/2611/3022 1694/2625/3023
f 1694/2625/3023 1710/2611/3022 1711/2610/3024 1695/2624/3025
f 1695/2624/3025 1711/2610/3024 1712/2608/3026 1696/2622/3027
f 1696/2622/3027 1712/2608/3026 1697/2609/2997 1681/2623/2996
s 2
f 1682/2501/3028 1713/2530/3029 1681/2498/3030
f 1683/2503/3031 1713/2530/3029 1682/2501/3028
f 1684/2505/3032 1713/2530/3029 1683/2503/3031
f 1685/2507/3033 1713/2530/3029 1684/2505/3032
f 1686/2509/3034 1713/2530/3029 1685/2507/3033
f 1687/2511/3035 1713/2530/3029 1686/2509/3034
f 1688/2513/3036 1713/2530/3029 1687/2511/3035
f 1689/2515/3037 1713/2530/3029 1688/2513/3036
f 1690/2517/3038 1713/2530/3029 1689/2515/3037
f 1691/2519/3039 1713/2530/3029 1690/2517/3038
f 1692/2521/3040 1713/2530/3029 1691/2519/3039
f 1693/2523/3041 1713/2530/3029 1692/2521/3040
f 1694/2525/3042 1713/2530/3029 1693/2523/3041
f 1695/2527/3043 1713/2530/3029 1694/2525/3042
f 1696/2529/3044 1713/2530/3029 1695/2527/3043
f 1681/2498/3030 1713/2530/3029 1696/2529/3044
s 3
f 1730/2565/3045 1732/2532/3046 1731/2533/3047
f 1731/2533/3047 1732/2532/3046 1733/2534/3048
f 1733/2534/3048 1732/2532/3046 1734/2535/3049
f 1734/2535/3049 1732/2532/3046 1735/2536/3050
f 1735/2536/3050 1732/2532/3046 1736/2537/3051
f 1736/2537/3051 1732/2532/3046 1737/2538/3052
f 1737/2538/3052 1732/2532/3046 1738/2539/3053
f 1738/2539/3053 1732/2532/3046 1739/2540/3054
f 1739/2540/3054 1732/2532/3046 1740/2541/3055
f 1740/2541/3055 1732/2532/3046 1741/2542/3056
f 1741/2542/3056 1732/2532/3046 1742/2543/3057
f 1742/2543/3057 1732/2532/3046 1743/2544/3058
f 1743/2544/3058 1732/2532/3046 1744/2545/3059
f 1744/2545/3059 1732/2532/3046 1745/2546/3060
f 1745/2546/3060 1732/2532/3046 1746/2547/3061
f 1746/2547/3061 1732/2532/3046 1730/2565/3045
s off
f 1697/2499/3062 1714/2587/3063 1715/2599/3064 1698/2500/3065
f 1698/2500/3066 1715/2599/3067 1716/2598/3068 1699/2502/3069
f 1699/2502/3070 1716/2598/3071 1717/2583/3072 1700/2504/3073
f 1700/2504/3074 1717/2583/3075 1718/2597/3076 1701/2506/3077
f 1701/2506/3078 1718/2597/3079 1719/2596/3080 1702/2508/3081
f 1702/2508/3082 1719/2596/3083 1720/2595/3084 1703/2510/3085
f 1703/2510/3086 1720/2595/3087 1721/2594/3088 1704/2512/3089
f 1704/2512/3090 1721/2594/3091 1722/2593/3092 1705/2514/3093
f 1705/2514/3094 1722/2593/3095 1723/2592/3096 1706/2516/3097
f 1706/2516/3098 1723/2592/3099 1724/2591/3100 1707/2518/3101
f 1707/2518/3102 1724/2591/3103 1725/2572/3104 1708/2520/3105
f 1708/2520/3106 1725/2572/3107 1726/2590/3108 1709/2522/3109
f 1709/2522/3110 1726/2590/3111 1727/2589/3112 1710/2524/3113
f 1710/2524/3114 1727/2589/3115 1728/2588/3116 1711/2526/3117
f 1711/2526/3118 1728/2588/3119 1729/2586/3120 1712/2528/3121
f 1712/2528/3122 1729/2586/3123 1714/2587/3124 1697/2499/3125
s 4
f 1714/2548/3126 1730/2531/3127 1731/2585/3128 1715/2549/3129
f 1715/2549/3129 1731/2585/3128 1733/2582/3130 1716/2550/3131
f 1716/2550/3131 1733/2582/3130 1734/2580/3132 1717/2551/3133
f 1717/2584/3133 1734/2581/3132 1735/2579/3134 1718/2552/3135
f 1718/2552/3135 1735/2579/3134 1736/2578/3136 1719/2553/3137
f 1719/2553/3137 1736/2578/3136 1737/2577/3138 1720/2554/3139
f 1720/2554/3139 1737/2577/3138 1738/2576/3140 1721/2555/3141
f 1721/2555/3141 1738/2576/3140 1739/2575/3142 1722/2556/3143
f 1722/2556/3143 1739/2575/3142 1740/2574/3144 1723/2557/3145
f 1723/2557/3145 1740/2574/3144 1741/2571/3146 1724/2558/3147
f 1724/2558/3147 1741/2571/3146 1742/2569/3148 1725/2559/3149
f 1725/2573/3149 1742/2570/3148 1743/2568/3150 1726/2560/3151
f 1726/2560/3151 1743/2568/3150 1744/2567/3152 1727/2561/3153
f 1727/2561/3153 1744/2567/3152 1745/2566/3154 1728/2562/3155
f 1728/2562/3155 1745/2566/3154 1746/2564/3156 1729/2563/3157
f 1729/2563/3157 1746/2564/3156 1730/2531/3127 1714/2548/3126
