# This file uses centimeters as units for non-parametric coordinates.

mtllib IslaDelTesoroBO3.mtl
g default
v -24.192612 2.543544 35.561792
v -27.171295 2.543544 33.846832
v -24.192612 2.708001 35.561792
v -27.171295 2.708001 33.846832
v -24.699814 2.543544 29.554172
v -24.699814 2.708001 29.554172
v -21.721130 2.543544 31.269133
v -21.721130 2.708001 31.269133
vt 1.000000 1.000000
vt 0.000000 1.000000
vt 0.000000 0.611131
vt 1.000000 0.611131
vt 3.000000 1.000000
vt 3.000000 0.611131
vt 0.000000 -2.000000
vt 1.000000 -2.000000
vt 0.000000 1.000000
vt 0.000000 0.611131
vt 1.000000 1.000000
vt 0.000000 1.000000
vt 0.000000 0.611131
vt 1.000000 0.611131
vt 3.000000 1.000000
vt 0.000000 1.000000
vt 0.000000 0.611131
vt 3.000000 0.611131
vt 1.000000 1.000000
vt 0.000000 1.000000
vt 1.000000 1.000000
vt 0.000000 1.000000
vt 0.000000 -2.000000
vt 1.000000 -2.000000
vn -0.498956 0.000000 0.866627
vn -0.498956 0.000000 0.866627
vn -0.498956 0.000000 0.866627
vn -0.498956 0.000000 0.866627
vn -0.866627 0.000000 -0.498957
vn -0.866627 0.000000 -0.498957
vn -0.866627 0.000000 -0.498957
vn -0.866627 0.000000 -0.498957
vn 0.498957 0.000000 -0.866627
vn 0.498957 0.000000 -0.866627
vn 0.498957 0.000000 -0.866627
vn 0.498957 0.000000 -0.866627
vn 0.866627 0.000000 0.498957
vn 0.866627 0.000000 0.498957
vn 0.866627 0.000000 0.498957
vn 0.866627 0.000000 0.498957
vn 0.000000 1.000000 0.000000
vn 0.000000 1.000000 0.000000
vn 0.000000 1.000000 0.000000
vn 0.000000 1.000000 0.000000
vn 0.000000 -1.000000 0.000000
vn 0.000000 -1.000000 0.000000
vn 0.000000 -1.000000 0.000000
vn 0.000000 -1.000000 0.000000
s off
g Cube_27_ group3
usemtl initialShadingGroup
f 3/1/1 4/2/2 2/3/3 1/4/4
f 4/5/5 6/9/6 5/10/7 2/6/8
f 6/11/9 8/12/10 7/13/11 5/14/12
f 8/15/13 3/16/14 1/17/15 7/18/16
f 8/7/17 6/8/18 4/19/19 3/20/20
f 1/21/21 2/22/22 5/23/23 7/24/24
g default
v 17.048943 3.248545 16.704782
v 16.508148 3.248545 17.545923
v 17.048943 3.413002 16.704782
v 16.508148 3.413002 17.545923
v 12.341743 3.248545 14.867052
v 12.341743 3.413002 14.867052
v 12.882545 3.248545 14.025923
v 12.882545 3.413002 14.025923
vt 1.000000 1.000000
vt 0.000000 1.000000
vt 0.000000 0.611131
vt 1.000000 0.611131
vt 3.000000 1.000000
vt 3.000000 0.611131
vt 0.000000 -2.000000
vt 1.000000 -2.000000
vt 0.000000 1.000000
vt 0.000000 0.611131
vt 1.000000 1.000000
vt 0.000000 1.000000
vt 0.000000 0.611131
vt 1.000000 0.611131
vt 3.000000 1.000000
vt 0.000000 1.000000
vt 0.000000 0.611131
vt 3.000000 0.611131
vt 1.000000 1.000000
vt 0.000000 1.000000
vt 1.000000 1.000000
vt 0.000000 1.000000
vt 0.000000 -2.000000
vt 1.000000 -2.000000
vn 0.841150 0.000000 0.540801
vn 0.841150 0.000000 0.540801
vn 0.841150 0.000000 0.540801
vn 0.841150 0.000000 0.540801
vn -0.540824 0.000000 0.841136
vn -0.540824 0.000000 0.841136
vn -0.540824 0.000000 0.841136
vn -0.540824 0.000000 0.841136
vn -0.841136 0.000000 -0.540824
vn -0.841136 0.000000 -0.540824
vn -0.841136 0.000000 -0.540824
vn -0.841136 0.000000 -0.540824
vn 0.540824 0.000000 -0.841136
vn 0.540824 0.000000 -0.841136
vn 0.540824 0.000000 -0.841136
vn 0.540824 0.000000 -0.841136
vn 0.000000 1.000000 0.000000
vn 0.000000 1.000000 0.000000
vn 0.000000 1.000000 0.000000
vn 0.000000 1.000000 0.000000
vn 0.000000 -1.000000 0.000000
vn 0.000000 -1.000000 0.000000
vn 0.000000 -1.000000 0.000000
vn 0.000000 -1.000000 0.000000
s off
g group3 Cube_7_
usemtl initialShadingGroup
f 11/25/25 12/26/26 10/27/27 9/28/28
f 12/29/29 14/33/30 13/34/31 10/30/32
f 14/35/33 16/36/34 15/37/35 13/38/36
f 16/39/37 11/40/38 9/41/39 15/42/40
f 16/31/41 14/32/42 12/43/43 11/44/44
f 9/45/45 10/46/46 13/47/47 15/48/48
g default
v 23.419548 10.468490 12.878103
v 23.481850 10.512810 13.506521
v 23.373749 10.626330 12.871500
v 23.436043 10.670650 13.499922
v 18.748749 9.165620 14.070711
v 18.703049 9.323458 14.064112
v 18.686447 9.121301 13.442293
v 18.640747 9.279139 13.435690
vt 1.000000 1.000000
vt 0.000000 1.000000
vt 0.000000 0.611131
vt 1.000000 0.611131
vt 3.000000 1.000000
vt 3.000000 0.611131
vt 0.000000 -2.000000
vt 1.000000 -2.000000
vt 0.000000 1.000000
vt 0.000000 0.611131
vt 1.000000 1.000000
vt 0.000000 1.000000
vt 0.000000 0.611131
vt 1.000000 0.611131
vt 3.000000 1.000000
vt 0.000000 1.000000
vt 0.000000 0.611131
vt 3.000000 0.611131
vt 1.000000 1.000000
vt 0.000000 1.000000
vt 1.000000 1.000000
vt 0.000000 1.000000
vt 0.000000 -2.000000
vt 1.000000 -2.000000
vn 0.955413 0.272408 -0.113932
vn 0.955413 0.272408 -0.113932
vn 0.955413 0.272408 -0.113932
vn 0.955413 0.272408 -0.113932
vn 0.098403 0.070009 0.992681
vn 0.098403 0.070009 0.992681
vn 0.098403 0.070009 0.992681
vn 0.098403 0.070009 0.992681
vn -0.955539 -0.271978 0.113902
vn -0.955539 -0.271978 0.113902
vn -0.955539 -0.271978 0.113902
vn -0.955539 -0.271978 0.113902
vn -0.098403 -0.070009 -0.992681
vn -0.098403 -0.070009 -0.992681
vn -0.098403 -0.070009 -0.992681
vn -0.098403 -0.070009 -0.992681
vn -0.277962 0.959753 -0.040133
vn -0.277962 0.959753 -0.040133
vn -0.277962 0.959753 -0.040133
vn -0.277962 0.959753 -0.040133
vn 0.277962 -0.959753 0.040133
vn 0.277962 -0.959753 0.040133
vn 0.277962 -0.959753 0.040133
vn 0.277962 -0.959753 0.040133
s off
g group3 Cube_23_
usemtl initialShadingGroup
f 19/49/49 20/50/50 18/51/51 17/52/52
f 20/53/53 22/57/54 21/58/55 18/54/56
f 22/59/57 24/60/58 23/61/59 21/62/60
f 24/63/61 19/64/62 17/65/63 23/66/64
f 24/55/65 22/56/66 20/67/67 19/68/68
f 17/69/69 18/70/70 21/71/71 23/72/72
g default
v 31.316139 6.303947 9.913462
v 31.201653 6.303947 10.199922
v 31.316139 6.384096 9.913462
v 31.201653 6.384096 10.199922
v 30.142540 6.303947 9.776380
v 30.142540 6.384096 9.776380
v 30.257042 6.303947 9.489923
v 30.257042 6.384096 9.489923
vt 1.000000 1.000000
vt 0.000000 1.000000
vt 0.000000 0.611131
vt 1.000000 0.611131
vt 3.000000 1.000000
vt 3.000000 0.611131
vt 0.000000 -2.000000
vt 1.000000 -2.000000
vt 0.000000 1.000000
vt 0.000000 0.611131
vt 1.000000 1.000000
vt 0.000000 1.000000
vt 0.000000 0.611131
vt 1.000000 0.611131
vt 3.000000 1.000000
vt 0.000000 1.000000
vt 0.000000 0.611131
vt 3.000000 0.611131
vt 1.000000 1.000000
vt 0.000000 1.000000
vt 1.000000 1.000000
vt 0.000000 1.000000
vt 0.000000 -2.000000
vt 1.000000 -2.000000
vn 0.928585 0.000000 0.371120
vn 0.928585 0.000000 0.371120
vn 0.928585 0.000000 0.371120
vn 0.928585 0.000000 0.371120
vn -0.371315 0.000000 0.928507
vn -0.371315 0.000000 0.928507
vn -0.371315 0.000000 0.928507
vn -0.371315 0.000000 0.928507
vn -0.928507 0.000000 -0.371315
vn -0.928507 0.000000 -0.371315
vn -0.928507 0.000000 -0.371315
vn -0.928507 0.000000 -0.371315
vn 0.371315 0.000000 -0.928507
vn 0.371315 0.000000 -0.928507
vn 0.371315 0.000000 -0.928507
vn 0.371315 0.000000 -0.928507
vn 0.000000 1.000000 0.000000
vn 0.000000 1.000000 0.000000
vn 0.000000 1.000000 0.000000
vn 0.000000 1.000000 0.000000
vn 0.000000 -1.000000 0.000000
vn 0.000000 -1.000000 0.000000
vn 0.000000 -1.000000 0.000000
vn 0.000000 -1.000000 0.000000
s off
g group3 Cube_13_
usemtl initialShadingGroup
f 27/73/73 28/74/74 26/75/75 25/76/76
f 28/77/77 30/81/78 29/82/79 26/78/80
f 30/83/81 32/84/82 31/85/83 29/86/84
f 32/87/85 27/88/86 25/89/87 31/90/88
f 32/79/89 30/80/90 28/91/91 27/92/92
f 25/93/93 26/94/94 29/95/95 31/96/96
g default
v 3.775650 4.883139 7.801660
v 3.775650 4.883139 8.110182
v 3.775650 4.963287 7.801660
v 3.775650 4.963287 8.110182
v 2.635048 4.883139 8.110182
v 2.635048 4.963287 8.110182
v 2.635048 4.883139 7.801660
v 2.635048 4.963287 7.801660
vt 1.000000 1.000000
vt 0.000000 1.000000
vt 0.000000 0.611131
vt 1.000000 0.611131
vt 3.000000 1.000000
vt 3.000000 0.611131
vt 0.000000 -2.000000
vt 1.000000 -2.000000
vt 0.000000 1.000000
vt 0.000000 0.611131
vt 1.000000 1.000000
vt 0.000000 1.000000
vt 0.000000 0.611131
vt 1.000000 0.611131
vt 3.000000 1.000000
vt 0.000000 1.000000
vt 0.000000 0.611131
vt 3.000000 0.611131
vt 1.000000 1.000000
vt 0.000000 1.000000
vt 1.000000 1.000000
vt 0.000000 1.000000
vt 0.000000 -2.000000
vt 1.000000 -2.000000
vn 1.000000 0.000000 0.000000
vn 1.000000 0.000000 0.000000
vn 1.000000 0.000000 0.000000
vn 1.000000 0.000000 0.000000
vn 0.000001 0.000000 1.000000
vn 0.000001 0.000000 1.000000
vn 0.000001 0.000000 1.000000
vn 0.000001 0.000000 1.000000
vn -1.000000 0.000000 0.000001
vn -1.000000 0.000000 0.000001
vn -1.000000 0.000000 0.000001
vn -1.000000 0.000000 0.000001
vn -0.000001 0.000000 -1.000000
vn -0.000001 0.000000 -1.000000
vn -0.000001 0.000000 -1.000000
vn -0.000001 0.000000 -1.000000
vn 0.000000 1.000000 0.000000
vn 0.000000 1.000000 0.000000
vn 0.000000 1.000000 0.000000
vn 0.000000 1.000000 0.000000
vn 0.000000 -1.000000 0.000000
vn 0.000000 -1.000000 0.000000
vn 0.000000 -1.000000 0.000000
vn 0.000000 -1.000000 0.000000
s off
g group3 Cube_3_1
usemtl initialShadingGroup
f 35/97/97 36/98/98 34/99/99 33/100/100
f 36/101/101 38/105/102 37/106/103 34/102/104
f 38/107/105 40/108/106 39/109/107 37/110/108
f 40/111/109 35/112/110 33/113/111 39/114/112
f 40/103/113 38/104/114 36/115/115 35/116/116
f 33/117/117 34/118/118 37/119/119 39/120/120
g default
v 24.882545 12.298540 2.711450
v 24.313049 12.298540 6.101053
v 24.882545 12.463000 2.711450
v 24.313049 12.463000 6.101053
v 19.428246 12.298540 5.280394
v 19.428246 12.463000 5.280394
v 19.997650 12.298540 1.890791
v 19.997650 12.463000 1.890791
vt 1.000000 1.000000
vt 0.000000 1.000000
vt 0.000000 0.611131
vt 1.000000 0.611131
vt 3.000000 1.000000
vt 3.000000 0.611131
vt 0.000000 -2.000000
vt 1.000000 -2.000000
vt 0.000000 1.000000
vt 0.000000 0.611131
vt 1.000000 1.000000
vt 0.000000 1.000000
vt 0.000000 0.611131
vt 1.000000 0.611131
vt 3.000000 1.000000
vt 0.000000 1.000000
vt 0.000000 0.611131
vt 3.000000 0.611131
vt 1.000000 1.000000
vt 0.000000 1.000000
vt 1.000000 1.000000
vt 0.000000 1.000000
vt 0.000000 -2.000000
vt 1.000000 -2.000000
vn 0.986178 0.000000 0.165691
vn 0.986178 0.000000 0.165691
vn 0.986178 0.000000 0.165691
vn 0.986178 0.000000 0.165691
vn -0.165679 0.000000 0.986180
vn -0.165679 0.000000 0.986180
vn -0.165679 0.000000 0.986180
vn -0.165679 0.000000 0.986180
vn -0.986180 0.000000 -0.165679
vn -0.986180 0.000000 -0.165679
vn -0.986180 0.000000 -0.165679
vn -0.986180 0.000000 -0.165679
vn 0.165679 0.000000 -0.986180
vn 0.165679 0.000000 -0.986180
vn 0.165679 0.000000 -0.986180
vn 0.165679 0.000000 -0.986180
vn 0.000000 1.000000 0.000000
vn 0.000000 1.000000 0.000000
vn 0.000000 1.000000 0.000000
vn 0.000000 1.000000 0.000000
vn 0.000000 -1.000000 0.000000
vn 0.000000 -1.000000 0.000000
vn 0.000000 -1.000000 0.000000
vn 0.000000 -1.000000 0.000000
s off
g group3 Cube_26_
usemtl initialShadingGroup
f 43/121/121 44/122/122 42/123/123 41/124/124
f 44/125/125 46/129/126 45/130/127 42/126/128
f 46/131/129 48/132/130 47/133/131 45/134/132
f 48/135/133 43/136/134 41/137/135 47/138/136
f 48/127/137 46/128/138 44/139/139 43/140/140
f 41/141/141 42/142/142 45/143/143 47/144/144
g default
v 30.529442 7.176948 5.027193
v 30.634148 7.176948 5.317381
v 30.529442 7.257096 5.027193
v 30.634148 7.257096 5.317381
v 29.561241 7.176948 5.704653
v 29.561241 7.257096 5.704653
v 29.456551 7.176948 5.414461
v 29.456551 7.257096 5.414461
vt 1.000000 1.000000
vt 0.000000 1.000000
vt 0.000000 0.611131
vt 1.000000 0.611131
vt 3.000000 1.000000
vt 3.000000 0.611131
vt 0.000000 -2.000000
vt 1.000000 -2.000000
vt 0.000000 1.000000
vt 0.000000 0.611131
vt 1.000000 1.000000
vt 0.000000 1.000000
vt 0.000000 0.611131
vt 1.000000 0.611131
vt 3.000000 1.000000
vt 0.000000 1.000000
vt 0.000000 0.611131
vt 3.000000 0.611131
vt 1.000000 1.000000
vt 0.000000 1.000000
vt 1.000000 1.000000
vt 0.000000 1.000000
vt 0.000000 -2.000000
vt 1.000000 -2.000000
vn 0.940641 0.000000 -0.339404
vn 0.940641 0.000000 -0.339404
vn 0.940641 0.000000 -0.339404
vn 0.940641 0.000000 -0.339404
vn 0.339517 0.000000 0.940600
vn 0.339517 0.000000 0.940600
vn 0.339517 0.000000 0.940600
vn 0.339517 0.000000 0.940600
vn -0.940600 0.000000 0.339518
vn -0.940600 0.000000 0.339518
vn -0.940600 0.000000 0.339518
vn -0.940600 0.000000 0.339518
vn -0.339517 0.000000 -0.940600
vn -0.339517 0.000000 -0.940600
vn -0.339517 0.000000 -0.940600
vn -0.339517 0.000000 -0.940600
vn 0.000000 1.000000 0.000000
vn 0.000000 1.000000 0.000000
vn 0.000000 1.000000 0.000000
vn 0.000000 1.000000 0.000000
vn 0.000000 -1.000000 0.000000
vn 0.000000 -1.000000 0.000000
vn 0.000000 -1.000000 0.000000
vn 0.000000 -1.000000 0.000000
s off
g group3 Cube_16_
usemtl initialShadingGroup
f 51/145/145 52/146/146 50/147/147 49/148/148
f 52/149/149 54/153/150 53/154/151 50/150/152
f 54/155/153 56/156/154 55/157/155 53/158/156
f 56/159/157 51/160/158 49/161/159 55/162/160
f 56/151/161 54/152/162 52/163/163 51/164/164
f 49/165/165 50/166/166 53/167/167 55/168/168
g default
v -34.445641 0.883437 29.955921
v -34.008743 2.377212 29.955921
v -33.980141 0.883437 30.762182
v -33.761703 2.377212 30.383812
v -33.049164 0.883437 30.762182
v -33.267616 2.377212 30.383812
v -32.583664 0.883437 29.955921
v -33.020576 2.377212 29.955921
v -33.049164 0.883437 29.149662
v -33.267616 2.377212 29.528032
v -33.980141 0.883437 29.149662
v -33.761703 2.377212 29.528032
v -33.514656 0.883437 29.955921
v -33.514656 3.536563 29.955921
vt -1.500000 0.000000
vt 0.000000 0.000000
vt -0.750000 1.299038
vt 0.750000 1.299038
vt 1.500000 -0.000000
vt 0.750000 -1.299038
vt -0.750000 -1.299038
vt 0.398037 -0.153553
vt 0.000000 1.327605
vt -0.398027 -0.153553
vt 0.398030 -0.056206
vt -0.398033 -0.056203
vt -0.750000 -1.851923
vt 0.750000 -1.851923
vt -0.750000 -1.851923
vt 0.750000 -1.851923
vt 0.398037 -0.153553
vt -0.398027 -0.153553
vt 0.398037 -0.153553
vt -0.398027 -0.153553
vt 0.398037 -0.153553
vt -0.398027 -0.153553
vt 0.398037 -0.153553
vt -0.398027 -0.153553
vt 0.398037 -0.153553
vt -0.398027 -0.153553
vt 0.398030 -0.056206
vt -0.398033 -0.056203
vt -0.750000 -1.851923
vt -0.750000 -1.851923
vt 0.750000 -1.851923
vt 0.398030 -0.056206
vt 0.398030 -0.056206
vt -0.398033 -0.056203
vt -0.750000 -1.851923
vt -0.750000 -1.851923
vt 0.750000 -1.851923
vt 0.398030 -0.056206
vt 0.398030 -0.056206
vt -0.398033 -0.056203
vt -0.750000 -1.851923
vt -0.750000 -1.851923
vt 0.750000 -1.851923
vt 0.398030 -0.056206
vt 0.398030 -0.056206
vt -0.398033 -0.056203
vt 0.398030 -0.056206
vt 0.398030 -0.056206
vt -0.398033 -0.056203
vt -0.750000 -1.851923
vt -0.750000 -1.851923
vt 0.750000 -1.851923
vt 0.398030 -0.056206
vn 0.000000 -1.000000 0.000000
vn 0.000000 -1.000000 0.000000
vn 0.000000 -1.000000 0.000000
vn 0.000000 -1.000000 0.000000
vn 0.000000 -1.000000 0.000000
vn 0.000000 -1.000000 0.000000
vn 0.000000 -1.000000 0.000000
vn 0.000000 -1.000000 0.000000
vn 0.000000 -1.000000 0.000000
vn 0.000000 -1.000000 0.000000
vn 0.000000 -1.000000 0.000000
vn 0.000000 -1.000000 0.000000
vn 0.000000 -1.000000 0.000000
vn 0.000000 -1.000000 0.000000
vn 0.000000 -1.000000 0.000000
vn 0.000000 -1.000000 0.000000
vn 0.000000 -1.000000 0.000000
vn 0.000000 -1.000000 0.000000
vn -0.693039 0.599668 0.400118
vn -0.693039 0.599668 0.400118
vn -0.693039 0.599668 0.400118
vn 0.000000 0.599667 0.800250
vn 0.000000 0.599667 0.800250
vn 0.000000 0.599667 0.800250
vn 0.693039 0.599668 0.400118
vn 0.693039 0.599668 0.400118
vn 0.693039 0.599668 0.400118
vn 0.693039 0.599668 -0.400118
vn 0.693039 0.599668 -0.400118
vn 0.693039 0.599668 -0.400118
vn 0.000000 0.599667 -0.800250
vn 0.000000 0.599667 -0.800250
vn 0.000000 0.599667 -0.800250
vn -0.693039 0.599668 -0.400118
vn -0.693039 0.599668 -0.400118
vn -0.693039 0.599668 -0.400118
vn -0.429914 0.510591 0.744628
vn -0.859823 0.510592 0.000002
vn -0.859823 0.510592 0.000002
vn -0.859823 0.510592 0.000002
vn -0.429914 0.510591 0.744628
vn -0.429914 0.510591 0.744628
vn 0.429912 0.510590 0.744630
vn -0.429914 0.510591 0.744628
vn -0.429914 0.510591 0.744628
vn -0.429914 0.510591 0.744628
vn 0.429912 0.510590 0.744630
vn 0.429912 0.510590 0.744630
vn 0.859823 0.510592 -0.000002
vn 0.429912 0.510590 0.744630
vn 0.429912 0.510590 0.744630
vn 0.429912 0.510590 0.744630
vn 0.859823 0.510592 -0.000002
vn 0.859823 0.510592 -0.000002
vn 0.429914 0.510591 -0.744628
vn 0.859823 0.510592 -0.000002
vn 0.859823 0.510592 -0.000002
vn 0.859823 0.510592 -0.000002
vn 0.429914 0.510591 -0.744628
vn 0.429914 0.510591 -0.744628
vn -0.429912 0.510590 -0.744630
vn 0.429914 0.510591 -0.744628
vn 0.429914 0.510591 -0.744628
vn 0.429914 0.510591 -0.744628
vn -0.429912 0.510590 -0.744630
vn -0.429912 0.510590 -0.744630
vn -0.859823 0.510592 0.000002
vn -0.429912 0.510590 -0.744630
vn -0.429912 0.510590 -0.744630
vn -0.429912 0.510590 -0.744630
vn -0.859823 0.510592 0.000002
vn -0.859823 0.510592 0.000002
s off
g group3 Cylinder_4_
usemtl initialShadingGroup
f 57/169/169 69/170/170 59/171/171
f 59/171/172 69/170/173 61/172/174
f 61/172/175 69/170/176 63/173/177
f 63/173/178 69/170/179 65/174/180
f 65/174/181 69/170/182 67/175/183
f 67/175/184 69/170/185 57/169/186
f 60/176/187 70/177/188 58/178/189
f 62/185/190 70/177/191 60/186/192
f 64/187/193 70/177/194 62/188/195
f 66/189/196 70/177/197 64/190/198
f 68/191/199 70/177/200 66/192/201
f 58/193/202 70/177/203 68/194/204
f 60/179/205 58/180/206 57/181/207
f 57/181/208 59/182/209 60/179/210
f 62/195/211 60/196/212 59/197/213
f 59/198/214 61/199/215 62/200/216
f 64/201/217 62/202/218 61/203/219
f 61/204/220 63/205/221 64/206/222
f 66/207/223 64/208/224 63/209/225
f 63/210/226 65/211/227 66/212/228
f 68/213/229 66/214/230 65/183/231
f 65/183/232 67/184/233 68/215/234
f 58/216/235 68/217/236 67/218/237
f 67/219/238 57/220/239 58/221/240
g default
v -32.423203 0.926556 31.575922
v -31.874817 3.846900 31.575922
v -31.838921 0.926556 32.587912
v -31.564743 3.846900 32.113001
v -30.670387 0.926556 32.587912
v -30.944565 3.846900 32.113001
v -30.086105 0.926556 31.575922
v -30.634491 3.846900 31.575922
v -30.670387 0.926556 30.563932
v -30.944565 3.846900 31.038851
v -31.838921 0.926556 30.563932
v -31.564743 3.846900 31.038851
v -31.254654 0.926556 31.575922
v -31.254654 6.113444 31.575922
vt -1.500000 0.000000
vt 0.000000 0.000000
vt -0.750000 1.299038
vt 0.750000 1.299038
vt 1.500000 -0.000000
vt 0.750000 -1.299038
vt -0.750000 -1.299038
vt 0.398037 -0.153553
vt 0.000000 1.327605
vt -0.398027 -0.153553
vt 0.398030 -0.056206
vt -0.398033 -0.056203
vt -0.750000 -1.851923
vt 0.750000 -1.851923
vt -0.750000 -1.851923
vt 0.750000 -1.851923
vt 0.398037 -0.153553
vt -0.398027 -0.153553
vt 0.398037 -0.153553
vt -0.398027 -0.153553
vt 0.398037 -0.153553
vt -0.398027 -0.153553
vt 0.398037 -0.153553
vt -0.398027 -0.153553
vt 0.398037 -0.153553
vt -0.398027 -0.153553
vt 0.398030 -0.056206
vt -0.398033 -0.056203
vt -0.750000 -1.851923
vt -0.750000 -1.851923
vt 0.750000 -1.851923
vt 0.398030 -0.056206
vt 0.398030 -0.056206
vt -0.398033 -0.056203
vt -0.750000 -1.851923
vt -0.750000 -1.851923
vt 0.750000 -1.851923
vt 0.398030 -0.056206
vt 0.398030 -0.056206
vt -0.398033 -0.056203
vt -0.750000 -1.851923
vt -0.750000 -1.851923
vt 0.750000 -1.851923
vt 0.398030 -0.056206
vt 0.398030 -0.056206
vt -0.398033 -0.056203
vt 0.398030 -0.056206
vt 0.398030 -0.056206
vt -0.398033 -0.056203
vt -0.750000 -1.851923
vt -0.750000 -1.851923
vt 0.750000 -1.851923
vt 0.398030 -0.056206
vn 0.000000 -1.000000 -0.000000
vn 0.000000 -1.000000 -0.000000
vn 0.000000 -1.000000 -0.000000
vn 0.000000 -1.000000 0.000000
vn 0.000000 -1.000000 0.000000
vn 0.000000 -1.000000 0.000000
vn 0.000000 -1.000000 0.000000
vn 0.000000 -1.000000 0.000000
vn 0.000000 -1.000000 0.000000
vn 0.000000 -1.000000 0.000000
vn 0.000000 -1.000000 0.000000
vn 0.000000 -1.000000 0.000000
vn 0.000000 -1.000000 0.000000
vn 0.000000 -1.000000 0.000000
vn 0.000000 -1.000000 0.000000
vn 0.000000 -1.000000 0.000000
vn 0.000000 -1.000000 0.000000
vn 0.000000 -1.000000 0.000000
vn -0.563464 0.759396 0.325309
vn -0.563464 0.759396 0.325309
vn -0.563464 0.759396 0.325309
vn 0.000000 0.759395 0.650630
vn 0.000000 0.759395 0.650630
vn 0.000000 0.759395 0.650630
vn 0.563464 0.759396 0.325309
vn 0.563464 0.759396 0.325309
vn 0.563464 0.759396 0.325309
vn 0.563464 0.759396 -0.325309
vn 0.563464 0.759396 -0.325309
vn 0.563464 0.759396 -0.325309
vn 0.000000 0.759395 -0.650630
vn 0.000000 0.759395 -0.650630
vn 0.000000 0.759395 -0.650630
vn -0.563464 0.759396 -0.325309
vn -0.563464 0.759396 -0.325309
vn -0.563464 0.759396 -0.325309
vn -0.367062 0.679018 0.635767
vn -0.734121 0.679018 0.000002
vn -0.734121 0.679018 0.000002
vn -0.734121 0.679018 0.000002
vn -0.367062 0.679018 0.635767
vn -0.367062 0.679018 0.635767
vn 0.367062 0.679017 0.635769
vn -0.367062 0.679018 0.635767
vn -0.367062 0.679018 0.635767
vn -0.367062 0.679018 0.635767
vn 0.367062 0.679017 0.635769
vn 0.367062 0.679017 0.635769
vn 0.734121 0.679018 -0.000002
vn 0.367062 0.679017 0.635769
vn 0.367062 0.679017 0.635769
vn 0.367062 0.679017 0.635769
vn 0.734121 0.679018 -0.000002
vn 0.734121 0.679018 -0.000002
vn 0.367062 0.679018 -0.635767
vn 0.734121 0.679018 -0.000002
vn 0.734121 0.679018 -0.000002
vn 0.734121 0.679018 -0.000002
vn 0.367062 0.679018 -0.635767
vn 0.367062 0.679018 -0.635767
vn -0.367062 0.679017 -0.635769
vn 0.367062 0.679018 -0.635767
vn 0.367062 0.679018 -0.635767
vn 0.367062 0.679018 -0.635767
vn -0.367062 0.679017 -0.635769
vn -0.367062 0.679017 -0.635769
vn -0.734121 0.679018 0.000002
vn -0.367062 0.679017 -0.635769
vn -0.367062 0.679017 -0.635769
vn -0.367062 0.679017 -0.635769
vn -0.734121 0.679018 0.000002
vn -0.734121 0.679018 0.000002
s off
g group3 Cylinder_6_
usemtl initialShadingGroup
f 71/222/241 83/223/242 73/224/243
f 73/224/244 83/223/245 75/225/246
f 75/225/247 83/223/248 77/226/249
f 77/226/250 83/223/251 79/227/252
f 79/227/253 83/223/254 81/228/255
f 81/228/256 83/223/257 71/222/258
f 74/229/259 84/230/260 72/231/261
f 76/238/262 84/230/263 74/239/264
f 78/240/265 84/230/266 76/241/267
f 80/242/268 84/230/269 78/243/270
f 82/244/271 84/230/272 80/245/273
f 72/246/274 84/230/275 82/247/276
f 74/232/277 72/233/278 71/234/279
f 71/234/280 73/235/281 74/232/282
f 76/248/283 74/249/284 73/250/285
f 73/251/286 75/252/287 76/253/288
f 78/254/289 76/255/290 75/256/291
f 75/257/292 77/258/293 78/259/294
f 80/260/295 78/261/296 77/262/297
f 77/263/298 79/264/299 80/265/300
f 82/266/301 80/267/302 79/236/303
f 79/236/304 81/237/305 82/268/306
f 72/269/307 82/270/308 81/271/309
f 81/272/310 71/273/311 72/274/312
g default
v 24.502449 12.087770 4.173052
v 25.107544 12.163580 4.003221
v 24.492744 12.247750 4.209913
v 25.097847 12.323560 4.040083
v 26.533150 11.180830 8.644010
v 26.523445 11.340810 8.680872
v 25.928047 11.105020 8.813841
v 25.918343 11.265000 8.850702
vt 1.000000 1.000000
vt 0.000000 1.000000
vt 0.000000 0.611131
vt 1.000000 0.611131
vt 3.000000 1.000000
vt 3.000000 0.611131
vt 0.000000 -2.000000
vt 1.000000 -2.000000
vt 0.000000 1.000000
vt 0.000000 0.611131
vt 1.000000 1.000000
vt 0.000000 1.000000
vt 0.000000 0.611131
vt 1.000000 0.611131
vt 3.000000 1.000000
vt 0.000000 1.000000
vt 0.000000 0.611131
vt 3.000000 0.611131
vt 1.000000 1.000000
vt 0.000000 1.000000
vt 1.000000 1.000000
vt 0.000000 1.000000
vt 0.000000 -2.000000
vt 1.000000 -2.000000
vn -0.287822 0.198420 -0.936904
vn -0.287822 0.198420 -0.936904
vn -0.287822 0.198420 -0.936903
vn -0.287822 0.198420 -0.936903
vn 0.955868 0.119762 -0.268278
vn 0.955868 0.119762 -0.268278
vn 0.955868 0.119762 -0.268278
vn 0.955868 0.119762 -0.268278
vn 0.287816 -0.198403 0.936909
vn 0.287816 -0.198403 0.936909
vn 0.287816 -0.198403 0.936909
vn 0.287816 -0.198403 0.936909
vn -0.955868 -0.119762 0.268278
vn -0.955868 -0.119762 0.268278
vn -0.955868 -0.119762 0.268278
vn -0.955868 -0.119762 0.268278
vn -0.058979 0.972776 0.224117
vn -0.058979 0.972776 0.224117
vn -0.058979 0.972776 0.224117
vn -0.058979 0.972776 0.224117
vn 0.058979 -0.972776 -0.224117
vn 0.058979 -0.972776 -0.224117
vn 0.058979 -0.972776 -0.224117
vn 0.058979 -0.972776 -0.224117
s off
g group3 Cube_25_
usemtl initialShadingGroup
f 87/275/313 88/276/314 86/277/315 85/278/316
f 88/279/317 90/283/318 89/284/319 86/280/320
f 90/285/321 92/286/322 91/287/323 89/288/324
f 92/289/325 87/290/326 85/291/327 91/292/328
f 92/281/329 90/282/330 88/293/331 87/294/332
f 85/295/333 86/296/334 89/297/335 91/298/336
g default
v 23.239845 1.067733 22.315740
v 18.490845 1.067733 22.315740
v 23.239845 1.712265 22.315740
v 18.490845 1.712265 22.315740
v 18.490845 1.067733 20.020220
v 18.490845 1.712265 20.020220
v 23.239845 1.067733 20.020220
v 23.239845 1.712265 20.020220
vt 1.442299 1.000000
vt 0.000000 1.000000
vt 0.000000 0.144860
vt 1.442299 0.144860
vt 0.872994 1.000000
vt 0.872994 0.144860
vt 0.000000 0.127007
vt 1.442299 0.127007
vt 0.000000 1.000000
vt 0.000000 0.144860
vt 1.442299 1.000000
vt 0.000000 1.000000
vt 0.000000 0.144860
vt 1.442299 0.144860
vt 0.872994 1.000000
vt 0.000000 1.000000
vt 0.000000 0.144860
vt 0.872994 0.144860
vt 1.442299 1.000000
vt 0.000000 1.000000
vt 1.442299 1.000000
vt 0.000000 1.000000
vt 0.000000 0.127007
vt 1.442299 0.127007
vn 0.000000 0.000000 1.000000
vn 0.000000 0.000000 1.000000
vn 0.000000 0.000000 1.000000
vn 0.000000 0.000000 1.000000
vn -1.000000 0.000000 0.000000
vn -1.000000 0.000000 0.000000
vn -1.000000 0.000000 0.000000
vn -1.000000 0.000000 0.000000
vn 0.000000 0.000000 -1.000000
vn 0.000000 0.000000 -1.000000
vn 0.000000 0.000000 -1.000000
vn 0.000000 0.000000 -1.000000
vn 1.000000 0.000000 0.000000
vn 1.000000 0.000000 0.000000
vn 1.000000 0.000000 0.000000
vn 1.000000 0.000000 0.000000
vn 0.000000 1.000000 0.000000
vn 0.000000 1.000000 0.000000
vn 0.000000 1.000000 0.000000
vn 0.000000 1.000000 0.000000
vn 0.000000 -1.000000 0.000000
vn 0.000000 -1.000000 0.000000
vn 0.000000 -1.000000 0.000000
vn 0.000000 -1.000000 0.000000
s off
g group3 Cube_36_
usemtl initialShadingGroup
f 95/299/337 96/300/338 94/301/339 93/302/340
f 96/303/341 98/307/342 97/308/343 94/304/344
f 98/309/345 100/310/346 99/311/347 97/312/348
f 100/313/349 95/314/350 93/315/351 99/316/352
f 100/305/353 98/306/354 96/317/355 95/318/356
f 93/319/357 94/320/358 97/321/359 99/322/360
g default
v -15.805855 2.543544 16.181040
v -17.339455 2.543544 13.105051
v -15.805855 2.708001 16.181040
v -17.339455 2.708001 13.105051
v -12.906563 2.543544 10.894930
v -12.906563 2.708001 10.894930
v -11.372963 2.543544 13.970922
v -11.372963 2.708001 13.970922
vt 1.000000 1.000000
vt 0.000000 1.000000
vt 0.000000 0.611131
vt 1.000000 0.611131
vt 3.000000 1.000000
vt 3.000000 0.611131
vt 0.000000 -2.000000
vt 1.000000 -2.000000
vt 0.000000 1.000000
vt 0.000000 0.611131
vt 1.000000 1.000000
vt 0.000000 1.000000
vt 0.000000 0.611131
vt 1.000000 0.611131
vt 3.000000 1.000000
vt 0.000000 1.000000
vt 0.000000 0.611131
vt 3.000000 0.611131
vt 1.000000 1.000000
vt 0.000000 1.000000
vt 1.000000 1.000000
vt 0.000000 1.000000
vt 0.000000 -2.000000
vt 1.000000 -2.000000
vn -0.894938 0.000000 0.446191
vn -0.894938 0.000000 0.446191
vn -0.894938 0.000000 0.446191
vn -0.894938 0.000000 0.446191
vn -0.446191 0.000000 -0.894938
vn -0.446191 0.000000 -0.894938
vn -0.446191 0.000000 -0.894938
vn -0.446191 0.000000 -0.894938
vn 0.894938 0.000000 -0.446192
vn 0.894938 0.000000 -0.446192
vn 0.894938 0.000000 -0.446192
vn 0.894938 0.000000 -0.446192
vn 0.446191 0.000000 0.894938
vn 0.446191 0.000000 0.894938
vn 0.446191 0.000000 0.894938
vn 0.446191 0.000000 0.894938
vn 0.000000 1.000000 0.000000
vn 0.000000 1.000000 0.000000
vn 0.000000 1.000000 0.000000
vn 0.000000 1.000000 0.000000
vn 0.000000 -1.000000 0.000000
vn 0.000000 -1.000000 0.000000
vn 0.000000 -1.000000 0.000000
vn 0.000000 -1.000000 0.000000
s off
g group3 Cube_32_
usemtl initialShadingGroup
f 103/323/361 104/324/362 102/325/363 101/326/364
f 104/327/365 106/331/366 105/332/367 102/328/368
f 106/333/369 108/334/370 107/335/371 105/336/372
f 108/337/373 103/338/374 101/339/375 107/340/376
f 108/329/377 106/330/378 104/341/379 103/342/380
f 101/343/381 102/344/382 105/345/383 107/346/384
g default
v -31.754654 1.030000 34.155922
v -31.050720 2.719073 34.155922
v -31.004654 1.030000 35.454962
v -30.652695 2.719073 34.845343
v -29.504654 1.030000 35.454962
v -29.856613 2.719073 34.845343
v -28.754654 1.030000 34.155922
v -29.458580 2.719073 34.155922
v -29.504654 1.030000 32.856882
v -29.856613 2.719073 33.466511
v -31.004654 1.030000 32.856882
v -30.652695 2.719073 33.466511
v -30.254654 1.030000 34.155922
v -30.254654 4.030000 34.155922
vt -1.500000 0.000000
vt 0.000000 0.000000
vt -0.750000 1.299038
vt 0.750000 1.299038
vt 1.500000 -0.000000
vt 0.750000 -1.299038
vt -0.750000 -1.299038
vt 0.398037 -0.153553
vt 0.000000 1.327605
vt -0.398027 -0.153553
vt 0.398030 -0.056206
vt -0.398033 -0.056203
vt -0.750000 -1.851923
vt 0.750000 -1.851923
vt -0.750000 -1.851923
vt 0.750000 -1.851923
vt 0.398037 -0.153553
vt -0.398027 -0.153553
vt 0.398037 -0.153553
vt -0.398027 -0.153553
vt 0.398037 -0.153553
vt -0.398027 -0.153553
vt 0.398037 -0.153553
vt -0.398027 -0.153553
vt 0.398037 -0.153553
vt -0.398027 -0.153553
vt 0.398030 -0.056206
vt -0.398033 -0.056203
vt -0.750000 -1.851923
vt -0.750000 -1.851923
vt 0.750000 -1.851923
vt 0.398030 -0.056206
vt 0.398030 -0.056206
vt -0.398033 -0.056203
vt -0.750000 -1.851923
vt -0.750000 -1.851923
vt 0.750000 -1.851923
vt 0.398030 -0.056206
vt 0.398030 -0.056206
vt -0.398033 -0.056203
vt -0.750000 -1.851923
vt -0.750000 -1.851923
vt 0.750000 -1.851923
vt 0.398030 -0.056206
vt 0.398030 -0.056206
vt -0.398033 -0.056203
vt 0.398030 -0.056206
vt 0.398030 -0.056206
vt -0.398033 -0.056203
vt -0.750000 -1.851923
vt -0.750000 -1.851923
vt 0.750000 -1.851923
vt 0.398030 -0.056206
vn 0.000000 -1.000000 0.000000
vn 0.000000 -1.000000 0.000000
vn 0.000000 -1.000000 0.000000
vn 0.000000 -1.000000 0.000000
vn 0.000000 -1.000000 0.000000
vn 0.000000 -1.000000 0.000000
vn 0.000000 -1.000000 0.000000
vn 0.000000 -1.000000 0.000000
vn 0.000000 -1.000000 0.000000
vn 0.000000 -1.000000 0.000000
vn 0.000000 -1.000000 0.000000
vn 0.000000 -1.000000 0.000000
vn 0.000000 -1.000000 0.000000
vn 0.000000 -1.000000 0.000000
vn 0.000000 -1.000000 0.000000
vn 0.000000 -1.000000 0.000000
vn 0.000000 -1.000000 0.000000
vn 0.000000 -1.000000 0.000000
vn -0.766497 0.465459 0.442528
vn -0.766497 0.465459 0.442528
vn -0.766497 0.465459 0.442528
vn 0.000000 0.465457 0.885070
vn 0.000000 0.465457 0.885070
vn 0.000000 0.465457 0.885070
vn 0.766497 0.465459 0.442528
vn 0.766497 0.465459 0.442528
vn 0.766497 0.465459 0.442528
vn 0.766497 0.465459 -0.442528
vn 0.766497 0.465459 -0.442528
vn 0.766497 0.465459 -0.442528
vn 0.000000 0.465457 -0.885070
vn 0.000000 0.465457 -0.885070
vn 0.000000 0.465457 -0.885070
vn -0.766497 0.465459 -0.442528
vn -0.766497 0.465459 -0.442528
vn -0.766497 0.465459 -0.442528
vn -0.461526 0.384685 0.799382
vn -0.923048 0.384686 0.000002
vn -0.923048 0.384686 0.000002
vn -0.923048 0.384686 0.000002
vn -0.461526 0.384685 0.799382
vn -0.461526 0.384685 0.799382
vn 0.461524 0.384685 0.799383
vn -0.461526 0.384685 0.799382
vn -0.461526 0.384685 0.799382
vn -0.461526 0.384685 0.799382
vn 0.461524 0.384685 0.799383
vn 0.461524 0.384685 0.799383
vn 0.923048 0.384686 -0.000002
vn 0.461524 0.384685 0.799383
vn 0.461524 0.384685 0.799383
vn 0.461524 0.384685 0.799383
vn 0.923048 0.384686 -0.000002
vn 0.923048 0.384686 -0.000002
vn 0.461526 0.384685 -0.799382
vn 0.923048 0.384686 -0.000002
vn 0.923048 0.384686 -0.000002
vn 0.923048 0.384686 -0.000002
vn 0.461526 0.384685 -0.799382
vn 0.461526 0.384685 -0.799382
vn -0.461524 0.384685 -0.799383
vn 0.461526 0.384685 -0.799382
vn 0.461526 0.384685 -0.799382
vn 0.461526 0.384685 -0.799382
vn -0.461524 0.384685 -0.799383
vn -0.461524 0.384685 -0.799383
vn -0.923048 0.384686 0.000002
vn -0.461524 0.384685 -0.799383
vn -0.461524 0.384685 -0.799383
vn -0.461524 0.384685 -0.799383
vn -0.923048 0.384686 0.000002
vn -0.923048 0.384686 0.000002
s off
g group3 Cylinder_5_
usemtl initialShadingGroup
f 109/347/385 121/348/386 111/349/387
f 111/349/388 121/348/389 113/350/390
f 113/350/391 121/348/392 115/351/393
f 115/351/394 121/348/395 117/352/396
f 117/352/397 121/348/398 119/353/399
f 119/353/400 121/348/401 109/347/402
f 112/354/403 122/355/404 110/356/405
f 114/363/406 122/355/407 112/364/408
f 116/365/409 122/355/410 114/366/411
f 118/367/412 122/355/413 116/368/414
f 120/369/415 122/355/416 118/370/417
f 110/371/418 122/355/419 120/372/420
f 112/357/421 110/358/422 109/359/423
f 109/359/424 111/360/425 112/357/426
f 114/373/427 112/374/428 111/375/429
f 111/376/430 113/377/431 114/378/432
f 116/379/433 114/380/434 113/381/435
f 113/382/436 115/383/437 116/384/438
f 118/385/439 116/386/440 115/387/441
f 115/388/442 117/389/443 118/390/444
f 120/391/445 118/392/446 117/361/447
f 117/361/448 119/362/449 120/393/450
f 110/394/451 120/395/452 119/396/453
f 119/397/454 109/398/455 110/399/456
g default
v 21.613747 12.138540 14.984632
v 20.613747 12.138540 14.984632
v 21.613747 12.303000 14.984632
v 20.613747 12.303000 14.984632
v 20.613747 12.138540 10.031332
v 20.613747 12.303000 10.031332
v 21.613747 12.138540 10.031332
v 21.613747 12.303000 10.031332
vt 1.000000 1.000000
vt 0.000000 1.000000
vt 0.000000 0.611131
vt 1.000000 0.611131
vt 3.000000 1.000000
vt 3.000000 0.611131
vt 0.000000 -2.000000
vt 1.000000 -2.000000
vt 0.000000 1.000000
vt 0.000000 0.611131
vt 1.000000 1.000000
vt 0.000000 1.000000
vt 0.000000 0.611131
vt 1.000000 0.611131
vt 3.000000 1.000000
vt 0.000000 1.000000
vt 0.000000 0.611131
vt 3.000000 0.611131
vt 1.000000 1.000000
vt 0.000000 1.000000
vt 1.000000 1.000000
vt 0.000000 1.000000
vt 0.000000 -2.000000
vt 1.000000 -2.000000
vn 0.000000 0.000000 1.000000
vn 0.000000 0.000000 1.000000
vn 0.000000 0.000000 1.000000
vn 0.000000 0.000000 1.000000
vn -1.000000 0.000000 0.000000
vn -1.000000 0.000000 0.000000
vn -1.000000 0.000000 0.000000
vn -1.000000 0.000000 0.000000
vn 0.000000 0.000000 -1.000000
vn 0.000000 0.000000 -1.000000
vn 0.000000 0.000000 -1.000000
vn 0.000000 0.000000 -1.000000
vn 1.000000 0.000000 0.000000
vn 1.000000 0.000000 0.000000
vn 1.000000 0.000000 0.000000
vn 1.000000 0.000000 0.000000
vn 0.000000 1.000000 0.000000
vn 0.000000 1.000000 0.000000
vn 0.000000 1.000000 0.000000
vn 0.000000 1.000000 0.000000
vn 0.000000 -1.000000 0.000000
vn 0.000000 -1.000000 0.000000
vn 0.000000 -1.000000 0.000000
vn 0.000000 -1.000000 0.000000
s off
g group3 Cube_35_
usemtl initialShadingGroup
f 125/400/457 126/401/458 124/402/459 123/403/460
f 126/404/461 128/408/462 127/409/463 124/405/464
f 128/410/465 130/411/466 129/412/467 127/413/468
f 130/414/469 125/415/470 123/416/471 129/417/472
f 130/406/473 128/407/474 126/418/475 125/419/476
f 123/420/477 124/421/478 127/422/479 129/423/480
g default
v 18.808647 9.122544 13.745932
v 16.612846 9.122544 16.390242
v 18.808647 9.287002 13.745932
v 16.612846 9.287002 16.390242
v 12.802048 9.122544 13.225912
v 12.802048 9.287002 13.225912
v 14.997849 9.122544 10.581602
v 14.997849 9.287002 10.581602
vt 1.000000 1.000000
vt 0.000000 1.000000
vt 0.000000 0.611131
vt 1.000000 0.611131
vt 3.000000 1.000000
vt 3.000000 0.611131
vt 0.000000 -2.000000
vt 1.000000 -2.000000
vt 0.000000 1.000000
vt 0.000000 0.611131
vt 1.000000 1.000000
vt 0.000000 1.000000
vt 0.000000 0.611131
vt 1.000000 0.611131
vt 3.000000 1.000000
vt 0.000000 1.000000
vt 0.000000 0.611131
vt 3.000000 0.611131
vt 1.000000 1.000000
vt 0.000000 1.000000
vt 1.000000 1.000000
vt 0.000000 1.000000
vt 0.000000 -2.000000
vt 1.000000 -2.000000
vn 0.769336 0.000000 0.638845
vn 0.769336 0.000000 0.638845
vn 0.769336 0.000000 0.638845
vn 0.769336 0.000000 0.638845
vn -0.638833 0.000000 0.769345
vn -0.638833 0.000000 0.769345
vn -0.638833 0.000000 0.769345
vn -0.638833 0.000000 0.769345
vn -0.769345 0.000000 -0.638833
vn -0.769345 0.000000 -0.638833
vn -0.769345 0.000000 -0.638833
vn -0.769345 0.000000 -0.638833
vn 0.638833 0.000000 -0.769345
vn 0.638833 0.000000 -0.769345
vn 0.638833 0.000000 -0.769345
vn 0.638833 0.000000 -0.769345
vn 0.000000 1.000000 0.000000
vn 0.000000 1.000000 0.000000
vn 0.000000 1.000000 0.000000
vn 0.000000 1.000000 0.000000
vn 0.000000 -1.000000 0.000000
vn 0.000000 -1.000000 0.000000
vn 0.000000 -1.000000 0.000000
vn 0.000000 -1.000000 0.000000
s off
g group3 Cube_22_
usemtl initialShadingGroup
f 133/424/481 134/425/482 132/426/483 131/427/484
f 134/428/485 136/432/486 135/433/487 132/429/488
f 136/434/489 138/435/490 137/436/491 135/437/492
f 138/438/493 133/439/494 131/440/495 137/441/496
f 138/430/497 136/431/498 134/442/499 133/443/500
f 131/444/501 132/445/502 135/446/503 137/447/504
g default
v -10.201691 0.995225 13.927980
v -9.992630 1.710011 13.927980
v -9.978950 0.995225 14.313791
v -9.874420 1.710011 14.132730
v -9.533463 0.995225 14.313791
v -9.637993 1.710011 14.132730
v -9.310722 0.995225 13.927980
v -9.519783 1.710011 13.927980
v -9.533463 0.995225 13.542181
v -9.637993 1.710011 13.723230
v -9.978950 0.995225 13.542181
v -9.874420 1.710011 13.723230
v -9.756210 0.995225 13.927980
v -9.756210 2.264773 13.927980
vt -1.500000 0.000000
vt 0.000000 0.000000
vt -0.750000 1.299038
vt 0.750000 1.299038
vt 1.500000 -0.000000
vt 0.750000 -1.299038
vt -0.750000 -1.299038
vt 0.398037 -0.153553
vt 0.000000 1.327605
vt -0.398027 -0.153553
vt 0.398030 -0.056206
vt -0.398033 -0.056203
vt -0.750000 -1.851923
vt 0.750000 -1.851923
vt -0.750000 -1.851923
vt 0.750000 -1.851923
vt 0.398037 -0.153553
vt -0.398027 -0.153553
vt 0.398037 -0.153553
vt -0.398027 -0.153553
vt 0.398037 -0.153553
vt -0.398027 -0.153553
vt 0.398037 -0.153553
vt -0.398027 -0.153553
vt 0.398037 -0.153553
vt -0.398027 -0.153553
vt 0.398030 -0.056206
vt -0.398033 -0.056203
vt -0.750000 -1.851923
vt -0.750000 -1.851923
vt 0.750000 -1.851923
vt 0.398030 -0.056206
vt 0.398030 -0.056206
vt -0.398033 -0.056203
vt -0.750000 -1.851923
vt -0.750000 -1.851923
vt 0.750000 -1.851923
vt 0.398030 -0.056206
vt 0.398030 -0.056206
vt -0.398033 -0.056203
vt -0.750000 -1.851923
vt -0.750000 -1.851923
vt 0.750000 -1.851923
vt 0.398030 -0.056206
vt 0.398030 -0.056206
vt -0.398033 -0.056203
vt 0.398030 -0.056206
vt 0.398030 -0.056206
vt -0.398033 -0.056203
vt -0.750000 -1.851923
vt -0.750000 -1.851923
vt 0.750000 -1.851923
vt 0.398030 -0.056206
vn 0.000000 -1.000000 0.000000
vn 0.000000 -1.000000 0.000000
vn 0.000000 -1.000000 0.000000
vn 0.000000 -1.000000 0.000000
vn 0.000000 -1.000000 0.000000
vn 0.000000 -1.000000 0.000000
vn 0.000000 -1.000000 0.000000
vn 0.000000 -1.000000 0.000000
vn 0.000000 -1.000000 0.000000
vn 0.000000 -1.000000 0.000000
vn 0.000000 -1.000000 0.000000
vn 0.000000 -1.000000 0.000000
vn 0.000000 -1.000000 0.000000
vn 0.000000 -1.000000 0.000000
vn 0.000000 -1.000000 0.000000
vn 0.000000 -1.000000 0.000000
vn 0.000000 -1.000000 0.000000
vn 0.000000 -1.000000 0.000000
vn -0.693039 0.599668 0.400118
vn -0.693039 0.599668 0.400118
vn -0.693039 0.599668 0.400118
vn 0.000000 0.599667 0.800250
vn 0.000000 0.599667 0.800250
vn 0.000000 0.599667 0.800250
vn 0.693039 0.599668 0.400118
vn 0.693039 0.599668 0.400118
vn 0.693039 0.599668 0.400118
vn 0.693039 0.599668 -0.400118
vn 0.693039 0.599668 -0.400118
vn 0.693039 0.599668 -0.400118
vn 0.000000 0.599667 -0.800250
vn 0.000000 0.599667 -0.800250
vn 0.000000 0.599667 -0.800250
vn -0.693039 0.599668 -0.400118
vn -0.693039 0.599668 -0.400118
vn -0.693039 0.599668 -0.400118
vn -0.429914 0.510591 0.744628
vn -0.859824 0.510592 0.000002
vn -0.859824 0.510592 0.000002
vn -0.859824 0.510592 0.000002
vn -0.429914 0.510591 0.744628
vn -0.429914 0.510591 0.744628
vn 0.429913 0.510590 0.744629
vn -0.429914 0.510591 0.744628
vn -0.429914 0.510591 0.744628
vn -0.429914 0.510591 0.744628
vn 0.429913 0.510590 0.744629
vn 0.429913 0.510590 0.744629
vn 0.859824 0.510592 -0.000002
vn 0.429913 0.510590 0.744629
vn 0.429913 0.510590 0.744629
vn 0.429913 0.510590 0.744629
vn 0.859824 0.510592 -0.000002
vn 0.859824 0.510592 -0.000002
vn 0.429914 0.510591 -0.744628
vn 0.859824 0.510592 -0.000002
vn 0.859824 0.510592 -0.000002
vn 0.859824 0.510592 -0.000002
vn 0.429914 0.510591 -0.744628
vn 0.429914 0.510591 -0.744628
vn -0.429912 0.510590 -0.744630
vn 0.429914 0.510591 -0.744628
vn 0.429914 0.510591 -0.744628
vn 0.429914 0.510591 -0.744628
vn -0.429912 0.510590 -0.744630
vn -0.429912 0.510590 -0.744630
vn -0.859824 0.510592 0.000002
vn -0.429912 0.510590 -0.744630
vn -0.429912 0.510590 -0.744630
vn -0.429912 0.510590 -0.744630
vn -0.859824 0.510592 0.000002
vn -0.859824 0.510592 0.000002
s off
g group3 Cylinder_31_
usemtl initialShadingGroup
f 139/448/505 151/449/506 141/450/507
f 141/450/508 151/449/509 143/451/510
f 143/451/511 151/449/512 145/452/513
f 145/452/514 151/449/515 147/453/516
f 147/453/517 151/449/518 149/454/519
f 149/454/520 151/449/521 139/448/522
f 142/455/523 152/456/524 140/457/525
f 144/464/526 152/456/527 142/465/528
f 146/466/529 152/456/530 144/467/531
f 148/468/532 152/456/533 146/469/534
f 150/470/535 152/456/536 148/471/537
f 140/472/538 152/456/539 150/473/540
f 142/458/541 140/459/542 139/460/543
f 139/460/544 141/461/545 142/458/546
f 144/474/547 142/475/548 141/476/549
f 141/477/550 143/478/551 144/479/552
f 146/480/553 144/481/554 143/482/555
f 143/483/556 145/484/557 146/485/558
f 148/486/559 146/487/560 145/488/561
f 145/489/562 147/490/563 148/491/564
f 150/492/565 148/493/566 147/462/567
f 147/462/568 149/463/569 150/494/570
f 140/495/571 150/496/572 149/497/573
f 149/498/574 139/499/575 140/500/576
g default
v 11.101349 3.128545 11.213171
v 10.167450 3.128545 11.570551
v 11.101349 3.293002 11.213171
v 10.167450 3.293002 11.570551
v 9.095245 3.128545 8.768682
v 9.095245 3.293002 8.768682
v 10.029243 3.128545 8.411291
v 10.029243 3.293002 8.411291
vt 1.000000 1.000000
vt 0.000000 1.000000
vt 0.000000 0.611131
vt 1.000000 0.611131
vt 3.000000 1.000000
vt 3.000000 0.611131
vt 0.000000 -2.000000
vt 1.000000 -2.000000
vt 0.000000 1.000000
vt 0.000000 0.611131
vt 1.000000 1.000000
vt 0.000000 1.000000
vt 0.000000 0.611131
vt 1.000000 0.611131
vt 3.000000 1.000000
vt 0.000000 1.000000
vt 0.000000 0.611131
vt 3.000000 0.611131
vt 1.000000 1.000000
vt 0.000000 1.000000
vt 1.000000 1.000000
vt 0.000000 1.000000
vt 0.000000 -2.000000
vt 1.000000 -2.000000
vn 0.357400 0.000000 0.933952
vn 0.357400 0.000000 0.933952
vn 0.357400 0.000000 0.933952
vn 0.357400 0.000000 0.933952
vn -0.933958 0.000000 0.357384
vn -0.933958 0.000000 0.357384
vn -0.933958 0.000000 0.357384
vn -0.933958 0.000000 0.357384
vn -0.357384 0.000000 -0.933958
vn -0.357384 0.000000 -0.933958
vn -0.357384 0.000000 -0.933958
vn -0.357384 0.000000 -0.933958
vn 0.933958 0.000000 -0.357384
vn 0.933958 0.000000 -0.357384
vn 0.933958 0.000000 -0.357384
vn 0.933958 0.000000 -0.357384
vn 0.000000 1.000000 0.000000
vn 0.000000 1.000000 0.000000
vn 0.000000 1.000000 0.000000
vn 0.000000 1.000000 0.000000
vn 0.000000 -1.000000 0.000000
vn 0.000000 -1.000000 0.000000
vn 0.000000 -1.000000 0.000000
vn 0.000000 -1.000000 0.000000
s off
g group3 Cube_4_
usemtl initialShadingGroup
f 155/501/577 156/502/578 154/503/579 153/504/580
f 156/505/581 158/509/582 157/510/583 154/506/584
f 158/511/585 160/512/586 159/513/587 157/514/588
f 160/515/589 155/516/590 153/517/591 159/518/592
f 160/507/593 158/508/594 156/519/595 155/520/596
f 153/521/597 154/522/598 157/523/599 159/524/600
g default
v 6.285347 4.906367 12.552572
v 5.285347 4.906367 12.552572
v 6.285347 5.070824 12.552572
v 5.285347 5.070824 12.552572
v 5.285347 4.906367 7.599272
v 5.285347 5.070824 7.599272
v 6.285347 4.906367 7.599272
v 6.285347 5.070824 7.599272
vt 1.000000 1.000000
vt 0.000000 1.000000
vt 0.000000 0.611131
vt 1.000000 0.611131
vt 3.000000 1.000000
vt 3.000000 0.611131
vt 0.000000 -2.000000
vt 1.000000 -2.000000
vt 0.000000 1.000000
vt 0.000000 0.611131
vt 1.000000 1.000000
vt 0.000000 1.000000
vt 0.000000 0.611131
vt 1.000000 0.611131
vt 3.000000 1.000000
vt 0.000000 1.000000
vt 0.000000 0.611131
vt 3.000000 0.611131
vt 1.000000 1.000000
vt 0.000000 1.000000
vt 1.000000 1.000000
vt 0.000000 1.000000
vt 0.000000 -2.000000
vt 1.000000 -2.000000
vn 0.000000 0.000000 1.000000
vn 0.000000 0.000000 1.000000
vn 0.000000 0.000000 1.000000
vn 0.000000 0.000000 1.000000
vn -1.000000 0.000000 0.000000
vn -1.000000 0.000000 0.000000
vn -1.000000 0.000000 0.000000
vn -1.000000 0.000000 0.000000
vn 0.000000 0.000000 -1.000000
vn 0.000000 0.000000 -1.000000
vn 0.000000 0.000000 -1.000000
vn 0.000000 0.000000 -1.000000
vn 1.000000 0.000000 0.000000
vn 1.000000 0.000000 0.000000
vn 1.000000 0.000000 0.000000
vn 1.000000 0.000000 0.000000
vn 0.000000 1.000000 0.000000
vn 0.000000 1.000000 0.000000
vn 0.000000 1.000000 0.000000
vn 0.000000 1.000000 0.000000
vn 0.000000 -1.000000 0.000000
vn 0.000000 -1.000000 0.000000
vn 0.000000 -1.000000 0.000000
vn 0.000000 -1.000000 0.000000
s off
g group3 Cube_1_1
usemtl initialShadingGroup
f 163/525/601 164/526/602 162/527/603 161/528/604
f 164/529/605 166/533/606 165/534/607 162/530/608
f 166/535/609 168/536/610 167/537/611 165/538/612
f 168/539/613 163/540/614 161/541/615 167/542/616
f 168/531/617 166/532/618 164/543/619 163/544/620
f 161/545/621 162/546/622 165/547/623 167/548/624
g default
v 7.659645 4.906367 10.583902
v 6.659645 4.906367 10.583902
v 7.659645 5.070824 10.583902
v 6.659645 5.070824 10.583902
v 6.659645 4.906367 7.583902
v 6.659645 5.070824 7.583902
v 7.659645 4.906367 7.583902
v 7.659645 5.070824 7.583902
vt 1.000000 1.000000
vt 0.000000 1.000000
vt 0.000000 0.611131
vt 1.000000 0.611131
vt 3.000000 1.000000
vt 3.000000 0.611131
vt 0.000000 -2.000000
vt 1.000000 -2.000000
vt 0.000000 1.000000
vt 0.000000 0.611131
vt 1.000000 1.000000
vt 0.000000 1.000000
vt 0.000000 0.611131
vt 1.000000 0.611131
vt 3.000000 1.000000
vt 0.000000 1.000000
vt 0.000000 0.611131
vt 3.000000 0.611131
vt 1.000000 1.000000
vt 0.000000 1.000000
vt 1.000000 1.000000
vt 0.000000 1.000000
vt 0.000000 -2.000000
vt 1.000000 -2.000000
vn 0.000000 0.000000 1.000000
vn 0.000000 0.000000 1.000000
vn 0.000000 0.000000 1.000000
vn 0.000000 0.000000 1.000000
vn -1.000000 0.000000 0.000000
vn -1.000000 0.000000 0.000000
vn -1.000000 0.000000 0.000000
vn -1.000000 0.000000 0.000000
vn 0.000000 0.000000 -1.000000
vn 0.000000 0.000000 -1.000000
vn 0.000000 0.000000 -1.000000
vn 0.000000 0.000000 -1.000000
vn 1.000000 0.000000 0.000000
vn 1.000000 0.000000 0.000000
vn 1.000000 0.000000 0.000000
vn 1.000000 0.000000 0.000000
vn 0.000000 1.000000 0.000000
vn 0.000000 1.000000 0.000000
vn 0.000000 1.000000 0.000000
vn 0.000000 1.000000 0.000000
vn 0.000000 -1.000000 0.000000
vn 0.000000 -1.000000 0.000000
vn 0.000000 -1.000000 0.000000
vn 0.000000 -1.000000 0.000000
s off
g group3 Cube1
usemtl initialShadingGroup
f 171/549/625 172/550/626 170/551/627 169/552/628
f 172/553/629 174/557/630 173/558/631 170/554/632
f 174/559/633 176/560/634 175/561/635 173/562/636
f 176/563/637 171/564/638 169/565/639 175/566/640
f 176/555/641 174/556/642 172/567/643 171/568/644
f 169/569/645 170/570/646 173/571/647 175/572/648
g default
v 12.946144 3.064218 14.371771
v 12.187248 3.081442 15.022680
v 12.952347 3.228531 14.374662
v 12.193443 3.245756 15.025583
v 10.237045 3.195292 12.745832
v 10.243248 3.359606 12.748732
v 10.996048 3.178068 12.094923
v 11.002243 3.342382 12.097822
vt 1.000000 1.000000
vt 0.000000 1.000000
vt 0.000000 0.611131
vt 1.000000 0.611131
vt 3.000000 1.000000
vt 3.000000 0.611131
vt 0.000000 -2.000000
vt 1.000000 -2.000000
vt 0.000000 1.000000
vt 0.000000 0.611131
vt 1.000000 1.000000
vt 0.000000 1.000000
vt 0.000000 0.611131
vt 1.000000 0.611131
vt 3.000000 1.000000
vt 0.000000 1.000000
vt 0.000000 0.611131
vt 3.000000 0.611131
vt 1.000000 1.000000
vt 0.000000 1.000000
vt 1.000000 1.000000
vt 0.000000 1.000000
vt 0.000000 -2.000000
vt 1.000000 -2.000000
vn 0.650074 -0.037941 0.758923
vn 0.650074 -0.037941 0.758923
vn 0.650074 -0.037941 0.758923
vn 0.650074 -0.037941 0.758923
vn -0.758959 0.017224 0.650910
vn -0.758959 0.017224 0.650910
vn -0.758959 0.017224 0.650910
vn -0.758959 0.017224 0.650910
vn -0.650042 0.037950 -0.758950
vn -0.650042 0.037950 -0.758950
vn -0.650042 0.037950 -0.758950
vn -0.650042 0.037950 -0.758950
vn 0.758959 -0.017224 -0.650910
vn 0.758959 -0.017224 -0.650910
vn 0.758959 -0.017224 -0.650910
vn 0.758959 -0.017224 -0.650910
vn 0.037774 0.999131 0.017606
vn 0.037774 0.999131 0.017606
vn 0.037774 0.999131 0.017606
vn 0.037774 0.999131 0.017606
vn -0.037774 -0.999131 -0.017606
vn -0.037774 -0.999131 -0.017606
vn -0.037774 -0.999131 -0.017606
vn -0.037774 -0.999131 -0.017606
s off
g group3 Cube_6_
usemtl initialShadingGroup
f 179/573/649 180/574/650 178/575/651 177/576/652
f 180/577/653 182/581/654 181/582/655 178/578/656
f 182/583/657 184/584/658 183/585/659 181/586/660
f 184/587/661 179/588/662 177/589/663 183/590/664
f 184/579/665 182/580/666 180/591/667 179/592/668
f 177/593/669 178/594/670 181/595/671 183/596/672
g default
v 4.701843 4.906367 12.552572
v 4.068848 4.906367 12.552572
v 4.701843 5.070824 12.552572
v 4.068848 5.070824 12.552572
v 4.068848 4.906367 7.599272
v 4.068848 5.070824 7.599272
v 4.701843 4.906367 7.599272
v 4.701843 5.070824 7.599272
vt 1.000000 1.000000
vt 0.000000 1.000000
vt 0.000000 0.611131
vt 1.000000 0.611131
vt 3.000000 1.000000
vt 3.000000 0.611131
vt 0.000000 -2.000000
vt 1.000000 -2.000000
vt 0.000000 1.000000
vt 0.000000 0.611131
vt 1.000000 1.000000
vt 0.000000 1.000000
vt 0.000000 0.611131
vt 1.000000 0.611131
vt 3.000000 1.000000
vt 0.000000 1.000000
vt 0.000000 0.611131
vt 3.000000 0.611131
vt 1.000000 1.000000
vt 0.000000 1.000000
vt 1.000000 1.000000
vt 0.000000 1.000000
vt 0.000000 -2.000000
vt 1.000000 -2.000000
vn 0.000000 0.000000 1.000000
vn 0.000000 0.000000 1.000000
vn 0.000000 0.000000 1.000000
vn 0.000000 0.000000 1.000000
vn -1.000000 0.000000 0.000000
vn -1.000000 0.000000 0.000000
vn -1.000000 0.000000 0.000000
vn -1.000000 0.000000 0.000000
vn 0.000000 0.000000 -1.000000
vn 0.000000 0.000000 -1.000000
vn 0.000000 0.000000 -1.000000
vn 0.000000 0.000000 -1.000000
vn 1.000000 0.000000 0.000000
vn 1.000000 0.000000 0.000000
vn 1.000000 0.000000 0.000000
vn 1.000000 0.000000 0.000000
vn 0.000000 1.000000 0.000000
vn 0.000000 1.000000 0.000000
vn 0.000000 1.000000 0.000000
vn 0.000000 1.000000 0.000000
vn 0.000000 -1.000000 0.000000
vn 0.000000 -1.000000 0.000000
vn 0.000000 -1.000000 0.000000
vn 0.000000 -1.000000 0.000000
s off
g group3 Cube_2_1
usemtl initialShadingGroup
f 187/597/673 188/598/674 186/599/675 185/600/676
f 188/601/677 190/605/678 189/606/679 186/602/680
f 190/607/681 192/608/682 191/609/683 189/610/684
f 192/611/685 187/612/686 185/613/687 191/614/688
f 192/603/689 190/604/690 188/615/691 187/616/692
f 185/617/693 186/618/694 189/619/695 191/620/696
g default
v 31.161140 5.954947 11.276201
v 30.959847 5.954947 11.509981
v 31.161140 6.035096 11.276201
v 30.959847 6.035096 11.509981
v 30.095543 5.954947 10.765642
v 30.095543 6.035096 10.765642
v 30.296852 5.954947 10.531862
v 30.296852 6.035096 10.531862
vt 1.000000 1.000000
vt 0.000000 1.000000
vt 0.000000 0.611131
vt 1.000000 0.611131
vt 3.000000 1.000000
vt 3.000000 0.611131
vt 0.000000 -2.000000
vt 1.000000 -2.000000
vt 0.000000 1.000000
vt 0.000000 0.611131
vt 1.000000 1.000000
vt 0.000000 1.000000
vt 0.000000 0.611131
vt 1.000000 0.611131
vt 3.000000 1.000000
vt 0.000000 1.000000
vt 0.000000 0.611131
vt 3.000000 0.611131
vt 1.000000 1.000000
vt 0.000000 1.000000
vt 1.000000 1.000000
vt 0.000000 1.000000
vt 0.000000 -2.000000
vt 1.000000 -2.000000
vn 0.757796 0.000000 0.652492
vn 0.757796 0.000000 0.652492
vn 0.757796 0.000000 0.652492
vn 0.757796 0.000000 0.652492
vn -0.652551 0.000000 0.757745
vn -0.652551 0.000000 0.757745
vn -0.652551 0.000000 0.757745
vn -0.652551 0.000000 0.757745
vn -0.757745 0.000000 -0.652551
vn -0.757745 0.000000 -0.652551
vn -0.757745 0.000000 -0.652551
vn -0.757745 0.000000 -0.652551
vn 0.652551 0.000000 -0.757745
vn 0.652551 0.000000 -0.757745
vn 0.652551 0.000000 -0.757745
vn 0.652551 0.000000 -0.757745
vn 0.000000 1.000000 0.000000
vn 0.000000 1.000000 0.000000
vn 0.000000 1.000000 0.000000
vn 0.000000 1.000000 0.000000
vn 0.000000 -1.000000 0.000000
vn 0.000000 -1.000000 0.000000
vn 0.000000 -1.000000 0.000000
vn 0.000000 -1.000000 0.000000
s off
g group3 Cube_12_
usemtl initialShadingGroup
f 195/621/697 196/622/698 194/623/699 193/624/700
f 196/625/701 198/629/702 197/630/703 194/626/704
f 198/631/705 200/632/706 199/633/707 197/634/708
f 200/635/709 195/636/710 193/637/711 199/638/712
f 200/627/713 198/628/714 196/639/715 195/640/716
f 193/641/717 194/642/718 197/643/719 199/644/720
g default
v -8.105850 0.954497 9.996282
v -7.666084 0.898396 10.892641
v -8.052185 1.109054 9.979631
v -7.612411 1.052953 10.875982
v -11.810593 2.568049 13.030523
v -11.756920 2.722606 13.013861
v -12.250351 2.624149 12.134161
v -12.196693 2.778706 12.117502
vt 1.000000 1.000000
vt 0.000000 1.000000
vt 0.000000 0.611131
vt 1.000000 0.611131
vt 3.000000 1.000000
vt 3.000000 0.611131
vt 0.000000 -2.000000
vt 1.000000 -2.000000
vt 0.000000 1.000000
vt 0.000000 0.611131
vt 1.000000 1.000000
vt 0.000000 1.000000
vt 0.000000 0.611131
vt 1.000000 0.611131
vt 3.000000 1.000000
vt 0.000000 1.000000
vt 0.000000 0.611131
vt 3.000000 0.611131
vt 1.000000 1.000000
vt 0.000000 1.000000
vt 1.000000 1.000000
vt 0.000000 1.000000
vt 0.000000 -2.000000
vt 1.000000 -2.000000
vn 0.836730 -0.337036 -0.431613
vn 0.836730 -0.337036 -0.431613
vn 0.836730 -0.337036 -0.431613
vn 0.836730 -0.337036 -0.431613
vn 0.439771 -0.056100 0.896356
vn 0.439771 -0.056100 0.896356
vn 0.439771 -0.056100 0.896356
vn 0.439771 -0.056100 0.896356
vn -0.836716 0.337079 0.431607
vn -0.836716 0.337079 0.431607
vn -0.836716 0.337079 0.431607
vn -0.836716 0.337079 0.431607
vn -0.439771 0.056100 -0.896356
vn -0.439771 0.056100 -0.896356
vn -0.439771 0.056100 -0.896356
vn -0.439771 0.056100 -0.896356
vn 0.326356 0.939804 -0.101297
vn 0.326356 0.939804 -0.101297
vn 0.326356 0.939804 -0.101297
vn 0.326356 0.939804 -0.101297
vn -0.326356 -0.939804 0.101297
vn -0.326356 -0.939804 0.101297
vn -0.326356 -0.939804 0.101297
vn -0.326356 -0.939804 0.101297
s off
g group3 Cube_34_
usemtl initialShadingGroup
f 203/645/721 204/646/722 202/647/723 201/648/724
f 204/649/725 206/653/726 205/654/727 202/650/728
f 206/655/729 208/656/730 207/657/731 205/658/732
f 208/659/733 203/660/734 201/661/735 207/662/736
f 208/651/737 206/652/738 204/663/739 203/664/740
f 201/665/741 202/666/742 205/667/743 207/668/744
g default
v 14.620346 8.974851 11.189920
v 13.999649 9.034765 11.298921
v 14.633850 9.138246 11.177061
v 14.013145 9.198160 11.286062
v 13.115646 8.724970 6.435003
v 13.129143 8.888365 6.422132
v 13.736343 8.665055 6.326002
v 13.749847 8.828450 6.313143
vt 1.000000 1.000000
vt 0.000000 1.000000
vt 0.000000 0.611131
vt 1.000000 0.611131
vt 3.000000 1.000000
vt 3.000000 0.611131
vt 0.000000 -2.000000
vt 1.000000 -2.000000
vt 0.000000 1.000000
vt 0.000000 0.611131
vt 1.000000 1.000000
vt 0.000000 1.000000
vt 0.000000 0.611131
vt 1.000000 0.611131
vt 3.000000 1.000000
vt 0.000000 1.000000
vt 0.000000 0.611131
vt 3.000000 0.611131
vt 1.000000 1.000000
vt 0.000000 1.000000
vt 1.000000 1.000000
vt 0.000000 1.000000
vt 0.000000 -2.000000
vt 1.000000 -2.000000
vn 0.178480 0.062533 0.981955
vn 0.178480 0.062533 0.981955
vn 0.178480 0.062533 0.981955
vn 0.178480 0.062533 0.981955
vn -0.980509 0.094644 0.172176
vn -0.980509 0.094644 0.172176
vn -0.980509 0.094644 0.172176
vn -0.980509 0.094644 0.172176
vn -0.178467 -0.062543 -0.981956
vn -0.178467 -0.062543 -0.981956
vn -0.178467 -0.062543 -0.981956
vn -0.178467 -0.062543 -0.981956
vn 0.980509 -0.094644 -0.172176
vn 0.980509 -0.094644 -0.172176
vn 0.980509 -0.094644 -0.172176
vn 0.980509 -0.094644 -0.172176
vn 0.082168 0.993545 -0.078215
vn 0.082168 0.993545 -0.078215
vn 0.082168 0.993545 -0.078215
vn 0.082168 0.993545 -0.078215
vn -0.082168 -0.993545 0.078215
vn -0.082168 -0.993545 0.078215
vn -0.082168 -0.993545 0.078215
vn -0.082168 -0.993545 0.078215
s off
g group3 Cube_21_
usemtl initialShadingGroup
f 211/669/745 212/670/746 210/671/747 209/672/748
f 212/673/749 214/677/750 213/678/751 210/674/752
f 214/679/753 216/680/754 215/681/755 213/682/756
f 216/683/757 211/684/758 209/685/759 215/686/760
f 216/675/761 214/676/762 212/687/763 211/688/764
f 209/689/765 210/690/766 213/691/767 215/692/768
g default
v -14.319160 2.309413 20.368120
v -14.938583 2.309413 20.498762
v -14.316017 2.473162 20.383032
v -14.935440 2.473162 20.513681
v -15.956390 2.768383 15.672941
v -15.953255 2.932132 15.687853
v -15.336975 2.768383 15.542303
v -15.333832 2.932132 15.557211
vt 1.000000 1.000000
vt 0.000000 1.000000
vt 0.000000 0.611131
vt 1.000000 0.611131
vt 3.000000 1.000000
vt 3.000000 0.611131
vt 0.000000 -2.000000
vt 1.000000 -2.000000
vt 0.000000 1.000000
vt 0.000000 0.611131
vt 1.000000 1.000000
vt 0.000000 1.000000
vt 0.000000 0.611131
vt 1.000000 0.611131
vt 3.000000 1.000000
vt 0.000000 1.000000
vt 0.000000 0.611131
vt 3.000000 0.611131
vt 1.000000 1.000000
vt 0.000000 1.000000
vt 1.000000 1.000000
vt 0.000000 1.000000
vt 0.000000 -2.000000
vt 1.000000 -2.000000
vn 0.205484 -0.092688 0.974261
vn 0.205484 -0.092688 0.974261
vn 0.205484 -0.092688 0.974261
vn 0.205484 -0.092688 0.974261
vn -0.978474 0.000000 0.206370
vn -0.978474 0.000000 0.206370
vn -0.978474 0.000000 0.206370
vn -0.978474 0.000000 0.206370
vn -0.205483 0.092659 -0.974265
vn -0.205483 0.092659 -0.974265
vn -0.205483 0.092659 -0.974265
vn -0.205483 0.092659 -0.974265
vn 0.978474 -0.000000 -0.206370
vn 0.978474 -0.000000 -0.206370
vn 0.978474 -0.000000 -0.206370
vn 0.978474 -0.000000 -0.206370
vn 0.019122 0.995698 0.090665
vn 0.019122 0.995698 0.090665
vn 0.019122 0.995698 0.090665
vn 0.019122 0.995698 0.090665
vn -0.019122 -0.995698 -0.090665
vn -0.019122 -0.995698 -0.090665
vn -0.019122 -0.995698 -0.090665
vn -0.019122 -0.995698 -0.090665
s off
g group3 Cube_33_
usemtl initialShadingGroup
f 219/693/769 220/694/770 218/695/771 217/696/772
f 220/697/773 222/701/774 221/702/775 218/698/776
f 222/703/777 224/704/778 223/705/779 221/706/780
f 224/707/781 219/708/782 217/709/783 223/710/784
f 224/699/785 222/700/786 220/711/787 219/712/788
f 217/713/789 218/714/790 221/715/791 223/716/792
g default
v 31.170052 6.486948 8.382303
v 31.180550 6.486948 8.690641
v 31.170052 6.567096 8.382303
v 31.180550 6.567096 8.690641
v 30.040550 6.486948 8.729540
v 30.040550 6.567096 8.729540
v 30.030052 6.486948 8.421202
v 30.030052 6.567096 8.421202
vt 1.000000 1.000000
vt 0.000000 1.000000
vt 0.000000 0.611131
vt 1.000000 0.611131
vt 3.000000 1.000000
vt 3.000000 0.611131
vt 0.000000 -2.000000
vt 1.000000 -2.000000
vt 0.000000 1.000000
vt 0.000000 0.611131
vt 1.000000 1.000000
vt 0.000000 1.000000
vt 0.000000 0.611131
vt 1.000000 0.611131
vt 3.000000 1.000000
vt 0.000000 1.000000
vt 0.000000 0.611131
vt 3.000000 0.611131
vt 1.000000 1.000000
vt 0.000000 1.000000
vt 1.000000 1.000000
vt 0.000000 1.000000
vt 0.000000 -2.000000
vt 1.000000 -2.000000
vn 0.999421 0.000000 -0.034027
vn 0.999421 0.000000 -0.034027
vn 0.999421 0.000000 -0.034027
vn 0.999421 0.000000 -0.034027
vn 0.034104 0.000000 0.999418
vn 0.034104 0.000000 0.999418
vn 0.034104 0.000000 0.999418
vn 0.034104 0.000000 0.999418
vn -0.999418 0.000000 0.034104
vn -0.999418 0.000000 0.034104
vn -0.999418 0.000000 0.034104
vn -0.999418 0.000000 0.034104
vn -0.034104 0.000000 -0.999418
vn -0.034104 0.000000 -0.999418
vn -0.034104 0.000000 -0.999418
vn -0.034104 0.000000 -0.999418
vn 0.000000 1.000000 0.000000
vn 0.000000 1.000000 0.000000
vn 0.000000 1.000000 0.000000
vn 0.000000 1.000000 0.000000
vn 0.000000 -1.000000 0.000000
vn 0.000000 -1.000000 0.000000
vn 0.000000 -1.000000 0.000000
vn 0.000000 -1.000000 0.000000
s off
g group3 Cube_14_
usemtl initialShadingGroup
f 227/717/793 228/718/794 226/719/795 225/720/796
f 228/721/797 230/725/798 229/726/799 226/722/800
f 230/727/801 232/728/802 231/729/803 229/730/804
f 232/731/805 227/732/806 225/733/807 231/734/808
f 232/723/809 230/724/810 228/735/811 227/736/812
f 225/737/813 226/738/814 229/739/815 231/740/816
g default
v 21.672646 4.604964 16.481131
v 21.675644 4.700569 17.106913
v 21.627350 4.761258 16.457472
v 21.630348 4.856863 17.083250
v 16.914650 3.353117 17.335550
v 16.869347 3.509411 17.311891
v 16.911644 3.257513 16.709772
v 16.866348 3.413806 16.686113
vt 1.000000 1.000000
vt 0.000000 1.000000
vt 0.000000 0.611131
vt 1.000000 0.611131
vt 3.000000 1.000000
vt 3.000000 0.611131
vt 0.000000 -2.000000
vt 1.000000 -2.000000
vt 0.000000 1.000000
vt 0.000000 0.611131
vt 1.000000 1.000000
vt 0.000000 1.000000
vt 0.000000 0.611131
vt 1.000000 0.611131
vt 3.000000 1.000000
vt 0.000000 1.000000
vt 0.000000 0.611131
vt 3.000000 0.611131
vt 1.000000 1.000000
vt 0.000000 1.000000
vt 1.000000 1.000000
vt 0.000000 1.000000
vt 0.000000 -2.000000
vt 1.000000 -2.000000
vn 0.961330 0.271511 -0.046104
vn 0.961330 0.271511 -0.046104
vn 0.961330 0.271511 -0.046104
vn 0.961330 0.271511 -0.046104
vn 0.004729 0.151022 0.988519
vn 0.004729 0.151022 0.988519
vn 0.004729 0.151022 0.988519
vn 0.004729 0.151022 0.988519
vn -0.961181 -0.272031 0.046158
vn -0.961181 -0.272031 0.046158
vn -0.961181 -0.272031 0.046158
vn -0.961181 -0.272031 0.046158
vn -0.004729 -0.151022 -0.988519
vn -0.004729 -0.151022 -0.988519
vn -0.004729 -0.151022 -0.988519
vn -0.004729 -0.151022 -0.988519
vn -0.275879 0.950364 -0.143873
vn -0.275879 0.950364 -0.143873
vn -0.275879 0.950364 -0.143873
vn -0.275879 0.950364 -0.143873
vn 0.275879 -0.950364 0.143873
vn 0.275879 -0.950364 0.143873
vn 0.275879 -0.950364 0.143873
vn 0.275879 -0.950364 0.143873
s off
g group3 Cube_8_
usemtl initialShadingGroup
f 235/741/817 236/742/818 234/743/819 233/744/820
f 236/745/821 238/749/822 237/750/823 234/746/824
f 238/751/825 240/752/826 239/753/827 237/754/828
f 240/755/829 235/756/830 233/757/831 239/758/832
f 240/747/833 238/748/834 236/759/835 235/760/836
f 233/761/837 234/762/838 237/763/839 239/764/840
g default
v 31.108543 7.098545 2.697653
v 28.322044 7.098545 4.709883
v 31.108543 7.263001 2.697653
v 28.322044 7.263001 4.709883
v 25.422150 7.098545 0.694193
v 25.422150 7.263001 0.694193
v 28.208641 7.098545 -1.318049
v 28.208641 7.263001 -1.318049
vt 1.000000 1.000000
vt 0.000000 1.000000
vt 0.000000 0.611131
vt 1.000000 0.611131
vt 3.000000 1.000000
vt 3.000000 0.611131
vt 0.000000 -2.000000
vt 1.000000 -2.000000
vt 0.000000 1.000000
vt 0.000000 0.611131
vt 1.000000 1.000000
vt 0.000000 1.000000
vt 0.000000 0.611131
vt 1.000000 0.611131
vt 3.000000 1.000000
vt 0.000000 1.000000
vt 0.000000 0.611131
vt 3.000000 0.611131
vt 1.000000 1.000000
vt 0.000000 1.000000
vt 1.000000 1.000000
vt 0.000000 1.000000
vt 0.000000 -2.000000
vt 1.000000 -2.000000
vn 0.585445 0.000000 0.810712
vn 0.585445 0.000000 0.810712
vn 0.585445 0.000000 0.810712
vn 0.585445 0.000000 0.810712
vn -0.810711 0.000000 0.585446
vn -0.810711 0.000000 0.585446
vn -0.810711 0.000000 0.585446
vn -0.810711 0.000000 0.585446
vn -0.585446 0.000000 -0.810711
vn -0.585446 0.000000 -0.810711
vn -0.585446 0.000000 -0.810711
vn -0.585446 0.000000 -0.810711
vn 0.810711 0.000000 -0.585446
vn 0.810711 0.000000 -0.585446
vn 0.810711 0.000000 -0.585446
vn 0.810711 0.000000 -0.585446
vn 0.000000 1.000000 0.000000
vn 0.000000 1.000000 0.000000
vn 0.000000 1.000000 0.000000
vn 0.000000 1.000000 0.000000
vn 0.000000 -1.000000 0.000000
vn 0.000000 -1.000000 0.000000
vn 0.000000 -1.000000 0.000000
vn 0.000000 -1.000000 0.000000
s off
g group3 Cube_17_
usemtl initialShadingGroup
f 243/765/841 244/766/842 242/767/843 241/768/844
f 244/769/845 246/773/846 245/774/847 242/770/848
f 246/775/849 248/776/850 247/777/851 245/778/852
f 248/779/853 243/780/854 241/781/855 247/782/856
f 248/771/857 246/772/858 244/783/859 243/784/860
f 241/785/861 242/786/862 245/787/863 247/788/864
g default
v 26.182045 11.194490 8.754251
v 26.691643 11.207040 9.129702
v 26.166252 11.357380 8.770361
v 26.675743 11.369930 9.145822
v 23.791443 10.532630 13.088163
v 23.775543 10.695520 13.104273
v 23.281944 10.520070 12.712702
v 23.266045 10.682960 12.728823
vt 1.000000 1.000000
vt 0.000000 1.000000
vt 0.000000 0.611131
vt 1.000000 0.611131
vt 3.000000 1.000000
vt 3.000000 0.611131
vt 0.000000 -2.000000
vt 1.000000 -2.000000
vt 0.000000 1.000000
vt 0.000000 0.611131
vt 1.000000 1.000000
vt 0.000000 1.000000
vt 0.000000 0.611131
vt 1.000000 0.611131
vt 3.000000 1.000000
vt 0.000000 1.000000
vt 0.000000 0.611131
vt 3.000000 0.611131
vt 1.000000 1.000000
vt 0.000000 1.000000
vt 1.000000 1.000000
vt 0.000000 1.000000
vt 0.000000 -2.000000
vt 1.000000 -2.000000
vn 0.585517 0.136035 -0.799165
vn 0.585517 0.136035 -0.799165
vn 0.585517 0.136035 -0.799165
vn 0.585517 0.136035 -0.799165
vn 0.804894 0.019833 0.593087
vn 0.804894 0.019833 0.593087
vn 0.804894 0.019833 0.593087
vn 0.804894 0.019833 0.593087
vn -0.585503 -0.136155 0.799155
vn -0.585503 -0.136155 0.799155
vn -0.585503 -0.136155 0.799155
vn -0.585503 -0.136155 0.799155
vn -0.804894 -0.019833 -0.593087
vn -0.804894 -0.019833 -0.593087
vn -0.804894 -0.019833 -0.593087
vn -0.804894 -0.019833 -0.593087
vn -0.096601 0.990489 0.097978
vn -0.096601 0.990489 0.097978
vn -0.096601 0.990489 0.097978
vn -0.096601 0.990489 0.097978
vn 0.096601 -0.990489 -0.097978
vn 0.096601 -0.990489 -0.097978
vn 0.096601 -0.990489 -0.097978
vn 0.096601 -0.990489 -0.097978
s off
g group3 Cube_24_
usemtl initialShadingGroup
f 251/789/865 252/790/866 250/791/867 249/792/868
f 252/793/869 254/797/870 253/798/871 250/794/872
f 254/799/873 256/800/874 255/801/875 253/802/876
f 256/803/877 251/804/878 249/805/879 255/806/880
f 256/795/881 254/796/882 252/807/883 251/808/884
f 249/809/885 250/810/886 253/811/887 255/812/888
g default
v -37.814651 1.030000 36.435923
v -37.110710 2.719073 36.435923
v -37.064651 1.030000 37.734962
v -36.712692 2.719073 37.125341
v -35.564651 1.030000 37.734962
v -35.916611 2.719073 37.125341
v -34.814651 1.030000 36.435923
v -35.518585 2.719073 36.435923
v -35.564651 1.030000 35.136881
v -35.916611 2.719073 35.746511
v -37.064651 1.030000 35.136881
v -36.712692 2.719073 35.746511
v -36.314651 1.030000 36.435923
v -36.314651 4.030000 36.435923
vt -1.500000 0.000000
vt 0.000000 0.000000
vt -0.750000 1.299038
vt 0.750000 1.299038
vt 1.500000 -0.000000
vt 0.750000 -1.299038
vt -0.750000 -1.299038
vt 0.398037 -0.153553
vt 0.000000 1.327605
vt -0.398027 -0.153553
vt 0.398030 -0.056206
vt -0.398033 -0.056203
vt -0.750000 -1.851923
vt 0.750000 -1.851923
vt -0.750000 -1.851923
vt 0.750000 -1.851923
vt 0.398037 -0.153553
vt -0.398027 -0.153553
vt 0.398037 -0.153553
vt -0.398027 -0.153553
vt 0.398037 -0.153553
vt -0.398027 -0.153553
vt 0.398037 -0.153553
vt -0.398027 -0.153553
vt 0.398037 -0.153553
vt -0.398027 -0.153553
vt 0.398030 -0.056206
vt -0.398033 -0.056203
vt -0.750000 -1.851923
vt -0.750000 -1.851923
vt 0.750000 -1.851923
vt 0.398030 -0.056206
vt 0.398030 -0.056206
vt -0.398033 -0.056203
vt -0.750000 -1.851923
vt -0.750000 -1.851923
vt 0.750000 -1.851923
vt 0.398030 -0.056206
vt 0.398030 -0.056206
vt -0.398033 -0.056203
vt -0.750000 -1.851923
vt -0.750000 -1.851923
vt 0.750000 -1.851923
vt 0.398030 -0.056206
vt 0.398030 -0.056206
vt -0.398033 -0.056203
vt 0.398030 -0.056206
vt 0.398030 -0.056206
vt -0.398033 -0.056203
vt -0.750000 -1.851923
vt -0.750000 -1.851923
vt 0.750000 -1.851923
vt 0.398030 -0.056206
vn 0.000000 -1.000000 0.000000
vn 0.000000 -1.000000 0.000000
vn 0.000000 -1.000000 0.000000
vn 0.000000 -1.000000 0.000000
vn 0.000000 -1.000000 0.000000
vn 0.000000 -1.000000 0.000000
vn 0.000000 -1.000000 0.000000
vn 0.000000 -1.000000 0.000000
vn 0.000000 -1.000000 0.000000
vn 0.000000 -1.000000 0.000000
vn 0.000000 -1.000000 0.000000
vn 0.000000 -1.000000 0.000000
vn 0.000000 -1.000000 0.000000
vn 0.000000 -1.000000 0.000000
vn 0.000000 -1.000000 0.000000
vn 0.000000 -1.000000 0.000000
vn 0.000000 -1.000000 0.000000
vn 0.000000 -1.000000 0.000000
vn -0.766497 0.465459 0.442528
vn -0.766497 0.465459 0.442528
vn -0.766497 0.465459 0.442528
vn 0.000000 0.465457 0.885070
vn 0.000000 0.465457 0.885070
vn 0.000000 0.465457 0.885070
vn 0.766497 0.465459 0.442528
vn 0.766497 0.465459 0.442528
vn 0.766497 0.465459 0.442528
vn 0.766497 0.465459 -0.442528
vn 0.766497 0.465459 -0.442528
vn 0.766497 0.465459 -0.442528
vn 0.000000 0.465457 -0.885070
vn 0.000000 0.465457 -0.885070
vn 0.000000 0.465457 -0.885070
vn -0.766497 0.465459 -0.442528
vn -0.766497 0.465459 -0.442528
vn -0.766497 0.465459 -0.442528
vn -0.461526 0.384685 0.799382
vn -0.923048 0.384686 0.000002
vn -0.923048 0.384686 0.000002
vn -0.923048 0.384686 0.000002
vn -0.461526 0.384685 0.799382
vn -0.461526 0.384685 0.799382
vn 0.461524 0.384685 0.799383
vn -0.461526 0.384685 0.799382
vn -0.461526 0.384685 0.799382
vn -0.461526 0.384685 0.799382
vn 0.461524 0.384685 0.799383
vn 0.461524 0.384685 0.799383
vn 0.923048 0.384686 -0.000002
vn 0.461524 0.384685 0.799383
vn 0.461524 0.384685 0.799383
vn 0.461524 0.384685 0.799383
vn 0.923048 0.384686 -0.000002
vn 0.923048 0.384686 -0.000002
vn 0.461526 0.384685 -0.799382
vn 0.923048 0.384686 -0.000002
vn 0.923048 0.384686 -0.000002
vn 0.923048 0.384686 -0.000002
vn 0.461526 0.384685 -0.799382
vn 0.461526 0.384685 -0.799382
vn -0.461524 0.384685 -0.799383
vn 0.461526 0.384685 -0.799382
vn 0.461526 0.384685 -0.799382
vn 0.461526 0.384685 -0.799382
vn -0.461524 0.384685 -0.799383
vn -0.461524 0.384685 -0.799383
vn -0.923048 0.384686 0.000002
vn -0.461524 0.384685 -0.799383
vn -0.461524 0.384685 -0.799383
vn -0.461524 0.384685 -0.799383
vn -0.923048 0.384686 0.000002
vn -0.923048 0.384686 0.000002
s off
g group3 Cylinder_7_
usemtl initialShadingGroup
f 257/813/889 269/814/890 259/815/891
f 259/815/892 269/814/893 261/816/894
f 261/816/895 269/814/896 263/817/897
f 263/817/898 269/814/899 265/818/900
f 265/818/901 269/814/902 267/819/903
f 267/819/904 269/814/905 257/813/906
f 260/820/907 270/821/908 258/822/909
f 262/829/910 270/821/911 260/830/912
f 264/831/913 270/821/914 262/832/915
f 266/833/916 270/821/917 264/834/918
f 268/835/919 270/821/920 266/836/921
f 258/837/922 270/821/923 268/838/924
f 260/823/925 258/824/926 257/825/927
f 257/825/928 259/826/929 260/823/930
f 262/839/931 260/840/932 259/841/933
f 259/842/934 261/843/935 262/844/936
f 264/845/937 262/846/938 261/847/939
f 261/848/940 263/849/941 264/850/942
f 266/851/943 264/852/944 263/853/945
f 263/854/946 265/855/947 266/856/948
f 268/857/949 266/858/950 265/827/951
f 265/827/952 267/828/953 268/859/954
f 258/860/955 268/861/956 267/862/957
f 267/863/958 257/864/959 258/865/960
g default
v 2.393944 4.906367 12.552572
v -1.043251 4.906367 12.552572
v 2.393944 5.070824 12.552572
v -1.043251 5.070824 12.552572
v -1.043251 4.906367 7.599272
v -1.043251 5.070824 7.599272
v 2.393944 4.906367 7.599272
v 2.393944 5.070824 7.599272
vt 1.000000 1.000000
vt 0.000000 1.000000
vt 0.000000 0.611131
vt 1.000000 0.611131
vt 3.000000 1.000000
vt 3.000000 0.611131
vt 0.000000 -2.000000
vt 1.000000 -2.000000
vt 0.000000 1.000000
vt 0.000000 0.611131
vt 1.000000 1.000000
vt 0.000000 1.000000
vt 0.000000 0.611131
vt 1.000000 0.611131
vt 3.000000 1.000000
vt 0.000000 1.000000
vt 0.000000 0.611131
vt 3.000000 0.611131
vt 1.000000 1.000000
vt 0.000000 1.000000
vt 1.000000 1.000000
vt 0.000000 1.000000
vt 0.000000 -2.000000
vt 1.000000 -2.000000
vn 0.000000 0.000000 1.000000
vn 0.000000 0.000000 1.000000
vn 0.000000 0.000000 1.000000
vn 0.000000 0.000000 1.000000
vn -1.000000 0.000000 0.000000
vn -1.000000 0.000000 0.000000
vn -1.000000 0.000000 0.000000
vn -1.000000 0.000000 0.000000
vn 0.000000 0.000000 -1.000000
vn 0.000000 0.000000 -1.000000
vn 0.000000 0.000000 -1.000000
vn 0.000000 0.000000 -1.000000
vn 1.000000 0.000000 0.000000
vn 1.000000 0.000000 0.000000
vn 1.000000 0.000000 0.000000
vn 1.000000 0.000000 0.000000
vn 0.000000 1.000000 0.000000
vn 0.000000 1.000000 0.000000
vn 0.000000 1.000000 0.000000
vn 0.000000 1.000000 0.000000
vn 0.000000 -1.000000 0.000000
vn 0.000000 -1.000000 0.000000
vn 0.000000 -1.000000 0.000000
vn 0.000000 -1.000000 0.000000
s off
g group3 Cube_10_
usemtl initialShadingGroup
f 273/866/961 274/867/962 272/868/963 271/869/964
f 274/870/965 276/874/966 275/875/967 272/871/968
f 276/876/969 278/877/970 277/878/971 275/879/972
f 278/880/973 273/881/974 271/882/975 277/883/976
f 278/872/977 276/873/978 274/884/979 273/885/980
f 271/886/981 272/887/982 275/888/983 277/889/984
g default
v -32.155647 0.883437 37.675922
v -31.718742 2.377212 37.675922
v -31.690147 0.883437 38.482181
v -31.471703 2.377212 38.103811
v -30.759163 0.883437 38.482181
v -30.977600 2.377212 38.103811
v -30.293663 0.883437 37.675922
v -30.730560 2.377212 37.675922
v -30.759163 0.883437 36.869661
v -30.977600 2.377212 37.248032
v -31.690147 0.883437 36.869661
v -31.471703 2.377212 37.248032
v -31.224655 0.883437 37.675922
v -31.224655 3.536563 37.675922
vt -1.500000 0.000000
vt 0.000000 0.000000
vt -0.750000 1.299038
vt 0.750000 1.299038
vt 1.500000 -0.000000
vt 0.750000 -1.299038
vt -0.750000 -1.299038
vt 0.398037 -0.153553
vt 0.000000 1.327605
vt -0.398027 -0.153553
vt 0.398030 -0.056206
vt -0.398033 -0.056203
vt -0.750000 -1.851923
vt 0.750000 -1.851923
vt -0.750000 -1.851923
vt 0.750000 -1.851923
vt 0.398037 -0.153553
vt -0.398027 -0.153553
vt 0.398037 -0.153553
vt -0.398027 -0.153553
vt 0.398037 -0.153553
vt -0.398027 -0.153553
vt 0.398037 -0.153553
vt -0.398027 -0.153553
vt 0.398037 -0.153553
vt -0.398027 -0.153553
vt 0.398030 -0.056206
vt -0.398033 -0.056203
vt -0.750000 -1.851923
vt -0.750000 -1.851923
vt 0.750000 -1.851923
vt 0.398030 -0.056206
vt 0.398030 -0.056206
vt -0.398033 -0.056203
vt -0.750000 -1.851923
vt -0.750000 -1.851923
vt 0.750000 -1.851923
vt 0.398030 -0.056206
vt 0.398030 -0.056206
vt -0.398033 -0.056203
vt -0.750000 -1.851923
vt -0.750000 -1.851923
vt 0.750000 -1.851923
vt 0.398030 -0.056206
vt 0.398030 -0.056206
vt -0.398033 -0.056203
vt 0.398030 -0.056206
vt 0.398030 -0.056206
vt -0.398033 -0.056203
vt -0.750000 -1.851923
vt -0.750000 -1.851923
vt 0.750000 -1.851923
vt 0.398030 -0.056206
vn 0.000000 -1.000000 0.000000
vn 0.000000 -1.000000 0.000000
vn 0.000000 -1.000000 0.000000
vn 0.000000 -1.000000 0.000000
vn 0.000000 -1.000000 0.000000
vn 0.000000 -1.000000 0.000000
vn 0.000000 -1.000000 0.000000
vn 0.000000 -1.000000 0.000000
vn 0.000000 -1.000000 0.000000
vn 0.000000 -1.000000 0.000000
vn 0.000000 -1.000000 0.000000
vn 0.000000 -1.000000 0.000000
vn 0.000000 -1.000000 0.000000
vn 0.000000 -1.000000 0.000000
vn 0.000000 -1.000000 0.000000
vn 0.000000 -1.000000 0.000000
vn 0.000000 -1.000000 0.000000
vn 0.000000 -1.000000 0.000000
vn -0.693039 0.599668 0.400118
vn -0.693039 0.599668 0.400118
vn -0.693039 0.599668 0.400118
vn 0.000000 0.599667 0.800250
vn 0.000000 0.599667 0.800250
vn 0.000000 0.599667 0.800250
vn 0.693039 0.599668 0.400118
vn 0.693039 0.599668 0.400118
vn 0.693039 0.599668 0.400118
vn 0.693039 0.599668 -0.400118
vn 0.693039 0.599668 -0.400118
vn 0.693039 0.599668 -0.400118
vn 0.000000 0.599667 -0.800250
vn 0.000000 0.599667 -0.800250
vn 0.000000 0.599667 -0.800250
vn -0.693039 0.599668 -0.400118
vn -0.693039 0.599668 -0.400118
vn -0.693039 0.599668 -0.400118
vn -0.429914 0.510591 0.744628
vn -0.859823 0.510592 0.000002
vn -0.859823 0.510592 0.000002
vn -0.859823 0.510592 0.000002
vn -0.429914 0.510591 0.744628
vn -0.429914 0.510591 0.744628
vn 0.429912 0.510590 0.744630
vn -0.429914 0.510591 0.744628
vn -0.429914 0.510591 0.744628
vn -0.429914 0.510591 0.744628
vn 0.429912 0.510590 0.744630
vn 0.429912 0.510590 0.744630
vn 0.859823 0.510592 -0.000002
vn 0.429912 0.510590 0.744630
vn 0.429912 0.510590 0.744630
vn 0.429912 0.510590 0.744630
vn 0.859823 0.510592 -0.000002
vn 0.859823 0.510592 -0.000002
vn 0.429914 0.510591 -0.744628
vn 0.859823 0.510592 -0.000002
vn 0.859823 0.510592 -0.000002
vn 0.859823 0.510592 -0.000002
vn 0.429914 0.510591 -0.744628
vn 0.429914 0.510591 -0.744628
vn -0.429912 0.510590 -0.744630
vn 0.429914 0.510591 -0.744628
vn 0.429914 0.510591 -0.744628
vn 0.429914 0.510591 -0.744628
vn -0.429912 0.510590 -0.744630
vn -0.429912 0.510590 -0.744630
vn -0.859823 0.510592 0.000002
vn -0.429912 0.510590 -0.744630
vn -0.429912 0.510590 -0.744630
vn -0.429912 0.510590 -0.744630
vn -0.859823 0.510592 0.000002
vn -0.859823 0.510592 0.000002
s off
g group3 Cylinder_8_
usemtl initialShadingGroup
f 279/890/985 291/891/986 281/892/987
f 281/892/988 291/891/989 283/893/990
f 283/893/991 291/891/992 285/894/993
f 285/894/994 291/891/995 287/895/996
f 287/895/997 291/891/998 289/896/999
f 289/896/1000 291/891/1001 279/890/1002
f 282/897/1003 292/898/1004 280/899/1005
f 284/906/1006 292/898/1007 282/907/1008
f 286/908/1009 292/898/1010 284/909/1011
f 288/910/1012 292/898/1013 286/911/1014
f 290/912/1015 292/898/1016 288/913/1017
f 280/914/1018 292/898/1019 290/915/1020
f 282/900/1021 280/901/1022 279/902/1023
f 279/902/1024 281/903/1025 282/900/1026
f 284/916/1027 282/917/1028 281/918/1029
f 281/919/1030 283/920/1031 284/921/1032
f 286/922/1033 284/923/1034 283/924/1035
f 283/925/1036 285/926/1037 286/927/1038
f 288/928/1039 286/929/1040 285/930/1041
f 285/931/1042 287/932/1043 288/933/1044
f 290/934/1045 288/935/1046 287/904/1047
f 287/904/1048 289/905/1049 290/936/1050
f 280/937/1051 290/938/1052 289/939/1053
f 289/940/1054 279/941/1055 280/942/1056
g default
v 19.059349 7.998545 -0.669329
v 19.475449 7.998545 0.239981
v 19.059349 8.163002 -0.669329
v 19.475449 8.163002 0.239981
v 14.971344 7.998545 2.301172
v 14.971344 8.163002 2.301172
v 14.555244 7.998545 1.391863
v 14.555244 8.163002 1.391863
vt 1.000000 1.000000
vt 0.000000 1.000000
vt 0.000000 0.611131
vt 1.000000 0.611131
vt 3.000000 1.000000
vt 3.000000 0.611131
vt 0.000000 -2.000000
vt 1.000000 -2.000000
vt 0.000000 1.000000
vt 0.000000 0.611131
vt 1.000000 1.000000
vt 0.000000 1.000000
vt 0.000000 0.611131
vt 1.000000 0.611131
vt 3.000000 1.000000
vt 0.000000 1.000000
vt 0.000000 0.611131
vt 3.000000 0.611131
vt 1.000000 1.000000
vt 0.000000 1.000000
vt 1.000000 1.000000
vt 0.000000 1.000000
vt 0.000000 -2.000000
vt 1.000000 -2.000000
vn 0.909317 0.000000 -0.416104
vn 0.909317 0.000000 -0.416104
vn 0.909317 0.000000 -0.416104
vn 0.909317 0.000000 -0.416104
vn 0.416126 0.000000 0.909307
vn 0.416126 0.000000 0.909307
vn 0.416126 0.000000 0.909307
vn 0.416126 0.000000 0.909307
vn -0.909307 0.000000 0.416126
vn -0.909307 0.000000 0.416126
vn -0.909307 0.000000 0.416126
vn -0.909307 0.000000 0.416126
vn -0.416126 0.000000 -0.909307
vn -0.416126 0.000000 -0.909307
vn -0.416126 0.000000 -0.909307
vn -0.416126 0.000000 -0.909307
vn 0.000000 1.000000 0.000000
vn 0.000000 1.000000 0.000000
vn 0.000000 1.000000 0.000000
vn 0.000000 1.000000 0.000000
vn 0.000000 -1.000000 0.000000
vn 0.000000 -1.000000 0.000000
vn 0.000000 -1.000000 0.000000
vn 0.000000 -1.000000 0.000000
s off
g group3 Cube_19_
usemtl initialShadingGroup
f 295/943/1057 296/944/1058 294/945/1059 293/946/1060
f 296/947/1061 298/951/1062 297/952/1063 294/948/1064
f 298/953/1065 300/954/1066 299/955/1067 297/956/1068
f 300/957/1069 295/958/1070 293/959/1071 299/960/1072
f 300/949/1073 298/950/1074 296/961/1075 295/962/1076
f 293/963/1077 294/964/1078 297/965/1079 299/966/1080
g default
v 26.150352 5.694859 15.034990
v 26.310448 5.831704 15.631983
v 26.104942 5.851153 15.011331
v 26.265053 5.987998 15.608332
v 21.717049 4.723222 17.117700
v 21.671646 4.879516 17.094042
v 21.556946 4.586378 16.520700
v 21.511543 4.742671 16.497042
vt 1.000000 1.000000
vt 0.000000 1.000000
vt 0.000000 0.611131
vt 1.000000 0.611131
vt 3.000000 1.000000
vt 3.000000 0.611131
vt 0.000000 -2.000000
vt 1.000000 -2.000000
vt 0.000000 1.000000
vt 0.000000 0.611131
vt 1.000000 1.000000
vt 0.000000 1.000000
vt 0.000000 0.611131
vt 1.000000 0.611131
vt 3.000000 1.000000
vt 0.000000 1.000000
vt 0.000000 0.611131
vt 3.000000 0.611131
vt 1.000000 1.000000
vt 0.000000 1.000000
vt 1.000000 1.000000
vt 0.000000 1.000000
vt 0.000000 -2.000000
vt 1.000000 -2.000000
vn 0.927269 0.223979 -0.300011
vn 0.927269 0.223979 -0.300011
vn 0.927269 0.223979 -0.300011
vn 0.927269 0.223979 -0.300011
vn 0.252859 0.216167 0.943045
vn 0.252859 0.216167 0.943045
vn 0.252859 0.216167 0.943045
vn 0.252859 0.216167 0.943045
vn -0.927337 -0.223786 0.299944
vn -0.927337 -0.223786 0.299944
vn -0.927337 -0.223786 0.299944
vn -0.927337 -0.223786 0.299944
vn -0.252859 -0.216167 -0.943045
vn -0.252859 -0.216167 -0.943045
vn -0.252859 -0.216167 -0.943045
vn -0.252859 -0.216167 -0.943045
vn -0.275879 0.950364 -0.143873
vn -0.275879 0.950364 -0.143873
vn -0.275879 0.950364 -0.143873
vn -0.275879 0.950364 -0.143873
vn 0.275879 -0.950364 0.143873
vn 0.275879 -0.950364 0.143873
vn 0.275879 -0.950364 0.143873
vn 0.275879 -0.950364 0.143873
s off
g group3 Cube_9_
usemtl initialShadingGroup
f 303/967/1081 304/968/1082 302/969/1083 301/970/1084
f 304/971/1085 306/975/1086 305/976/1087 302/972/1088
f 306/977/1089 308/978/1090 307/979/1091 305/980/1092
f 308/981/1093 303/982/1094 301/983/1095 307/984/1096
f 308/973/1097 306/974/1098 304/985/1099 303/986/1100
f 301/987/1101 302/988/1102 305/989/1103 307/990/1104
g default
v -27.533485 0.954498 39.037832
v -28.393646 0.898397 38.530901
v -27.569153 1.109055 39.081251
v -28.429314 1.052954 38.574331
v -26.107201 2.568048 34.466473
v -26.142876 2.722605 34.509891
v -25.247047 2.624149 34.973392
v -25.282715 2.778706 35.016821
vt 1.000000 1.000000
vt 0.000000 1.000000
vt 0.000000 0.611131
vt 1.000000 0.611131
vt 3.000000 1.000000
vt 3.000000 0.611131
vt 0.000000 -2.000000
vt 1.000000 -2.000000
vt 0.000000 1.000000
vt 0.000000 0.611131
vt 1.000000 1.000000
vt 0.000000 1.000000
vt 0.000000 0.611131
vt 1.000000 0.611131
vt 3.000000 1.000000
vt 0.000000 1.000000
vt 0.000000 0.611131
vt 3.000000 0.611131
vt 1.000000 1.000000
vt 0.000000 1.000000
vt 1.000000 1.000000
vt 0.000000 1.000000
vt 0.000000 -2.000000
vt 1.000000 -2.000000
vn -0.461605 -0.337041 0.820563
vn -0.461605 -0.337041 0.820563
vn -0.461605 -0.337041 0.820563
vn -0.461605 -0.337041 0.820563
vn -0.860161 -0.056101 -0.506928
vn -0.860161 -0.056101 -0.506928
vn -0.860161 -0.056101 -0.506928
vn -0.860161 -0.056101 -0.506928
vn 0.461599 0.337079 -0.820551
vn 0.461599 0.337079 -0.820551
vn 0.461599 0.337079 -0.820551
vn 0.461599 0.337079 -0.820551
vn 0.860161 0.056101 0.506928
vn 0.860161 0.056101 0.506928
vn 0.860161 0.056101 0.506928
vn 0.860161 0.056101 0.506928
vn -0.216908 0.939804 0.264046
vn -0.216908 0.939804 0.264046
vn -0.216908 0.939804 0.264046
vn -0.216908 0.939804 0.264046
vn 0.216908 -0.939804 -0.264046
vn 0.216908 -0.939804 -0.264046
vn 0.216908 -0.939804 -0.264046
vn 0.216908 -0.939804 -0.264046
s off
g group3 Cube_30_
usemtl initialShadingGroup
f 311/991/1105 312/992/1106 310/993/1107 309/994/1108
f 312/995/1109 314/999/1110 313/1000/1111 310/996/1112
f 314/1001/1113 316/1002/1114 315/1003/1115 313/1004/1116
f 316/1005/1117 311/1006/1118 309/1007/1119 315/1008/1120
f 316/997/1121 314/998/1122 312/1009/1123 311/1010/1124
f 309/1011/1125 310/1012/1126 313/1013/1127 315/1014/1128
g default
v 25.200645 7.558545 -0.062189
v 24.971046 7.558545 0.911100
v 25.200645 7.723001 -0.062189
v 24.971046 7.723001 0.911100
v 20.150047 7.558545 -0.225969
v 20.150047 7.723001 -0.225969
v 20.379646 7.558545 -1.199259
v 20.379646 7.723001 -1.199259
vt 1.000000 1.000000
vt 0.000000 1.000000
vt 0.000000 0.611131
vt 1.000000 0.611131
vt 3.000000 1.000000
vt 3.000000 0.611131
vt 0.000000 -2.000000
vt 1.000000 -2.000000
vt 0.000000 1.000000
vt 0.000000 0.611131
vt 1.000000 1.000000
vt 0.000000 1.000000
vt 0.000000 0.611131
vt 1.000000 0.611131
vt 3.000000 1.000000
vt 0.000000 1.000000
vt 0.000000 0.611131
vt 3.000000 0.611131
vt 1.000000 1.000000
vt 0.000000 1.000000
vt 1.000000 1.000000
vt 0.000000 1.000000
vt 0.000000 -2.000000
vt 1.000000 -2.000000
vn 0.973286 0.000000 0.229598
vn 0.973286 0.000000 0.229598
vn 0.973286 0.000000 0.229598
vn 0.973286 0.000000 0.229598
vn -0.229558 0.000000 0.973295
vn -0.229558 0.000000 0.973295
vn -0.229558 0.000000 0.973295
vn -0.229558 0.000000 0.973295
vn -0.973295 0.000000 -0.229558
vn -0.973295 0.000000 -0.229558
vn -0.973295 0.000000 -0.229558
vn -0.973295 0.000000 -0.229558
vn 0.229558 0.000000 -0.973295
vn 0.229558 0.000000 -0.973295
vn 0.229558 0.000000 -0.973295
vn 0.229558 0.000000 -0.973295
vn 0.000000 1.000000 0.000000
vn 0.000000 1.000000 0.000000
vn 0.000000 1.000000 0.000000
vn 0.000000 1.000000 0.000000
vn 0.000000 -1.000000 0.000000
vn 0.000000 -1.000000 0.000000
vn 0.000000 -1.000000 0.000000
vn 0.000000 -1.000000 0.000000
s off
g group3 Cube_18_
usemtl initialShadingGroup
f 319/1015/1129 320/1016/1130 318/1017/1131 317/1018/1132
f 320/1019/1133 322/1023/1134 321/1024/1135 318/1020/1136
f 322/1025/1137 324/1026/1138 323/1027/1139 321/1028/1140
f 324/1029/1141 319/1030/1142 317/1031/1143 323/1032/1144
f 324/1021/1145 322/1022/1146 320/1033/1147 319/1034/1148
f 317/1035/1149 318/1036/1150 321/1037/1151 323/1038/1152
g default
v 13.853745 8.551950 6.381552
v 13.239548 8.591074 6.233301
v 13.867249 8.715345 6.368692
v 13.253044 8.754469 6.220430
v 14.368149 8.119869 1.433363
v 14.381744 8.283264 1.420500
v 14.982346 8.080745 1.581621
v 14.995850 8.244140 1.568762
vt 1.000000 1.000000
vt 0.000000 1.000000
vt 0.000000 0.611131
vt 1.000000 0.611131
vt 3.000000 1.000000
vt 3.000000 0.611131
vt 0.000000 -2.000000
vt 1.000000 -2.000000
vt 0.000000 1.000000
vt 0.000000 0.611131
vt 1.000000 1.000000
vt 0.000000 1.000000
vt 0.000000 0.611131
vt 1.000000 0.611131
vt 3.000000 1.000000
vt 0.000000 1.000000
vt 0.000000 0.611131
vt 3.000000 0.611131
vt 1.000000 1.000000
vt 0.000000 1.000000
vt 1.000000 1.000000
vt 0.000000 1.000000
vt 0.000000 -2.000000
vt 1.000000 -2.000000
vn -0.227855 0.095109 0.969039
vn -0.227855 0.095109 0.969039
vn -0.227855 0.095109 0.969039
vn -0.227855 0.095109 0.969039
vn -0.970223 0.061802 -0.234198
vn -0.970223 0.061802 -0.234198
vn -0.970223 0.061802 -0.234198
vn -0.970223 0.061802 -0.234198
vn 0.227852 -0.095130 -0.969038
vn 0.227852 -0.095130 -0.969038
vn 0.227852 -0.095130 -0.969038
vn 0.227852 -0.095130 -0.969038
vn 0.970223 -0.061802 0.234198
vn 0.970223 -0.061802 0.234198
vn 0.970223 -0.061802 0.234198
vn 0.970223 -0.061802 0.234198
vn 0.082168 0.993545 -0.078215
vn 0.082168 0.993545 -0.078215
vn 0.082168 0.993545 -0.078215
vn 0.082168 0.993545 -0.078215
vn -0.082168 -0.993545 0.078215
vn -0.082168 -0.993545 0.078215
vn -0.082168 -0.993545 0.078215
vn -0.082168 -0.993545 0.078215
s off
g group3 Cube_20_
usemtl initialShadingGroup
f 327/1039/1153 328/1040/1154 326/1041/1155 325/1042/1156
f 328/1043/1157 330/1047/1158 329/1048/1159 326/1044/1160
f 330/1049/1161 332/1050/1162 331/1051/1163 329/1052/1164
f 332/1053/1165 327/1054/1166 325/1055/1167 331/1056/1168
f 332/1045/1169 330/1046/1170 328/1057/1171 327/1058/1172
f 325/1059/1173 326/1060/1174 329/1061/1175 331/1062/1176
g default
v -33.593201 0.921184 35.485922
v -33.044815 3.442199 35.485922
v -33.008926 0.921184 36.497911
v -32.734741 3.442199 36.023003
v -31.840370 0.921184 36.497911
v -32.114563 3.442199 36.023003
v -31.256104 0.921184 35.485922
v -31.804497 3.442199 35.485922
v -31.840370 0.921184 34.473932
v -32.114563 3.442199 34.948852
v -33.008926 0.921184 34.473932
v -32.734741 3.442199 34.948852
v -32.424652 0.921184 35.485922
v -32.424652 5.398815 35.485922
vt -1.500000 0.000000
vt 0.000000 0.000000
vt -0.750000 1.299038
vt 0.750000 1.299038
vt 1.500000 -0.000000
vt 0.750000 -1.299038
vt -0.750000 -1.299038
vt 0.398037 -0.153553
vt 0.000000 1.327605
vt -0.398027 -0.153553
vt 0.398030 -0.056206
vt -0.398033 -0.056203
vt -0.750000 -1.851923
vt 0.750000 -1.851923
vt -0.750000 -1.851923
vt 0.750000 -1.851923
vt 0.398037 -0.153553
vt -0.398027 -0.153553
vt 0.398037 -0.153553
vt -0.398027 -0.153553
vt 0.398037 -0.153553
vt -0.398027 -0.153553
vt 0.398037 -0.153553
vt -0.398027 -0.153553
vt 0.398037 -0.153553
vt -0.398027 -0.153553
vt 0.398030 -0.056206
vt -0.398033 -0.056203
vt -0.750000 -1.851923
vt -0.750000 -1.851923
vt 0.750000 -1.851923
vt 0.398030 -0.056206
vt 0.398030 -0.056206
vt -0.398033 -0.056203
vt -0.750000 -1.851923
vt -0.750000 -1.851923
vt 0.750000 -1.851923
vt 0.398030 -0.056206
vt 0.398030 -0.056206
vt -0.398033 -0.056203
vt -0.750000 -1.851923
vt -0.750000 -1.851923
vt 0.750000 -1.851923
vt 0.398030 -0.056206
vt 0.398030 -0.056206
vt -0.398033 -0.056203
vt 0.398030 -0.056206
vt 0.398030 -0.056206
vt -0.398033 -0.056203
vt -0.750000 -1.851923
vt -0.750000 -1.851923
vt 0.750000 -1.851923
vt 0.398030 -0.056206
vn 0.000000 -1.000000 0.000000
vn 0.000000 -1.000000 0.000000
vn 0.000000 -1.000000 0.000000
vn 0.000000 -1.000000 0.000000
vn 0.000000 -1.000000 0.000000
vn 0.000000 -1.000000 0.000000
vn 0.000000 -1.000000 0.000000
vn 0.000000 -1.000000 0.000000
vn 0.000000 -1.000000 0.000000
vn 0.000000 -1.000000 0.000000
vn 0.000000 -1.000000 0.000000
vn 0.000000 -1.000000 0.000000
vn 0.000000 -1.000000 0.000000
vn 0.000000 -1.000000 0.000000
vn 0.000000 -1.000000 0.000000
vn 0.000000 -1.000000 0.000000
vn 0.000000 -1.000000 0.000000
vn 0.000000 -1.000000 0.000000
vn -0.610061 0.709769 0.352212
vn -0.610061 0.709769 0.352212
vn -0.610061 0.709769 0.352212
vn 0.000000 0.709768 0.704436
vn 0.000000 0.709768 0.704436
vn 0.000000 0.709768 0.704436
vn 0.610061 0.709769 0.352212
vn 0.610061 0.709769 0.352212
vn 0.610061 0.709769 0.352212
vn 0.610061 0.709769 -0.352212
vn 0.610061 0.709769 -0.352212
vn 0.610061 0.709769 -0.352212
vn 0.000000 0.709768 -0.704436
vn 0.000000 0.709768 -0.704436
vn 0.000000 0.709768 -0.704436
vn -0.610061 0.709769 -0.352212
vn -0.610061 0.709769 -0.352212
vn -0.610061 0.709769 -0.352212
vn -0.390729 0.623962 0.676759
vn -0.781454 0.623962 0.000002
vn -0.781454 0.623962 0.000002
vn -0.781454 0.623962 0.000002
vn -0.390729 0.623962 0.676759
vn -0.390729 0.623962 0.676759
vn 0.390728 0.623961 0.676760
vn -0.390729 0.623962 0.676759
vn -0.390729 0.623962 0.676759
vn -0.390729 0.623962 0.676759
vn 0.390728 0.623961 0.676760
vn 0.390728 0.623961 0.676760
vn 0.781454 0.623962 -0.000002
vn 0.390728 0.623961 0.676760
vn 0.390728 0.623961 0.676760
vn 0.390728 0.623961 0.676760
vn 0.781454 0.623962 -0.000002
vn 0.781454 0.623962 -0.000002
vn 0.390729 0.623962 -0.676759
vn 0.781454 0.623962 -0.000002
vn 0.781454 0.623962 -0.000002
vn 0.781454 0.623962 -0.000002
vn 0.390729 0.623962 -0.676759
vn 0.390729 0.623962 -0.676759
vn -0.390728 0.623961 -0.676760
vn 0.390729 0.623962 -0.676759
vn 0.390729 0.623962 -0.676759
vn 0.390729 0.623962 -0.676759
vn -0.390728 0.623961 -0.676760
vn -0.390728 0.623961 -0.676760
vn -0.781454 0.623962 0.000002
vn -0.390728 0.623961 -0.676760
vn -0.390728 0.623961 -0.676760
vn -0.390728 0.623961 -0.676760
vn -0.781454 0.623962 0.000002
vn -0.781454 0.623962 0.000002
s off
g group3 Cylinder_2_
usemtl initialShadingGroup
f 333/1063/1177 345/1064/1178 335/1065/1179
f 335/1065/1180 345/1064/1181 337/1066/1182
f 337/1066/1183 345/1064/1184 339/1067/1185
f 339/1067/1186 345/1064/1187 341/1068/1188
f 341/1068/1189 345/1064/1190 343/1069/1191
f 343/1069/1192 345/1064/1193 333/1063/1194
f 336/1070/1195 346/1071/1196 334/1072/1197
f 338/1079/1198 346/1071/1199 336/1080/1200
f 340/1081/1201 346/1071/1202 338/1082/1203
f 342/1083/1204 346/1071/1205 340/1084/1206
f 344/1085/1207 346/1071/1208 342/1086/1209
f 334/1087/1210 346/1071/1211 344/1088/1212
f 336/1073/1213 334/1074/1214 333/1075/1215
f 333/1075/1216 335/1076/1217 336/1073/1218
f 338/1089/1219 336/1090/1220 335/1091/1221
f 335/1092/1222 337/1093/1223 338/1094/1224
f 340/1095/1225 338/1096/1226 337/1097/1227
f 337/1098/1228 339/1099/1229 340/1100/1230
f 342/1101/1231 340/1102/1232 339/1103/1233
f 339/1104/1234 341/1105/1235 342/1106/1236
f 344/1107/1237 342/1108/1238 341/1077/1239
f 341/1077/1240 343/1078/1241 344/1109/1242
f 334/1110/1243 344/1111/1244 343/1112/1245
f 343/1113/1246 333/1114/1247 334/1115/1248
g default
v 21.586449 12.435640 9.152422
v 20.144249 12.435640 9.152422
v 21.586449 13.290780 9.152422
v 20.144249 13.290780 9.152422
v 20.144249 12.435640 8.279421
v 20.144249 13.290780 8.279421
v 21.586449 12.435640 8.279421
v 21.586449 13.290780 8.279421
vt 1.442299 1.000000
vt 0.000000 1.000000
vt 0.000000 0.144860
vt 1.442299 0.144860
vt 0.872994 1.000000
vt 0.872994 0.144860
vt 0.000000 0.127007
vt 1.442299 0.127007
vt 0.000000 1.000000
vt 0.000000 0.144860
vt 1.442299 1.000000
vt 0.000000 1.000000
vt 0.000000 0.144860
vt 1.442299 0.144860
vt 0.872994 1.000000
vt 0.000000 1.000000
vt 0.000000 0.144860
vt 0.872994 0.144860
vt 1.442299 1.000000
vt 0.000000 1.000000
vt 1.442299 1.000000
vt 0.000000 1.000000
vt 0.000000 0.127007
vt 1.442299 0.127007
vn 0.000000 0.000000 1.000000
vn 0.000000 0.000000 1.000000
vn 0.000000 0.000000 1.000000
vn 0.000000 0.000000 1.000000
vn -1.000000 0.000000 0.000000
vn -1.000000 0.000000 0.000000
vn -1.000000 0.000000 0.000000
vn -1.000000 0.000000 0.000000
vn 0.000000 0.000000 -1.000000
vn 0.000000 0.000000 -1.000000
vn 0.000000 0.000000 -1.000000
vn 0.000000 0.000000 -1.000000
vn 1.000000 0.000000 0.000000
vn 1.000000 0.000000 0.000000
vn 1.000000 0.000000 0.000000
vn 1.000000 0.000000 0.000000
vn 0.000000 1.000000 0.000000
vn 0.000000 1.000000 0.000000
vn 0.000000 1.000000 0.000000
vn 0.000000 1.000000 0.000000
vn 0.000000 -1.000000 0.000000
vn 0.000000 -1.000000 0.000000
vn 0.000000 -1.000000 0.000000
vn 0.000000 -1.000000 0.000000
s off
g group3 Cube2
usemtl initialShadingGroup
f 349/1116/1249 350/1117/1250 348/1118/1251 347/1119/1252
f 350/1120/1253 352/1124/1254 351/1125/1255 348/1121/1256
f 352/1126/1257 354/1127/1258 353/1128/1259 351/1129/1260
f 354/1130/1261 349/1131/1262 347/1132/1263 353/1133/1264
f 354/1122/1265 352/1123/1266 350/1134/1267 349/1135/1268
f 347/1136/1269 348/1137/1270 351/1138/1271 353/1139/1272
g default
v -14.019417 2.543544 29.975092
v -17.434593 2.543544 30.362591
v -14.019417 2.708001 29.975092
v -17.434593 2.708001 30.362591
v -17.993027 2.543544 25.440872
v -17.993027 2.708001 25.440872
v -14.577843 2.543544 25.053371
v -14.577843 2.708001 25.053371
vt 1.000000 1.000000
vt 0.000000 1.000000
vt 0.000000 0.611131
vt 1.000000 0.611131
vt 3.000000 1.000000
vt 3.000000 0.611131
vt 0.000000 -2.000000
vt 1.000000 -2.000000
vt 0.000000 1.000000
vt 0.000000 0.611131
vt 1.000000 1.000000
vt 0.000000 1.000000
vt 0.000000 0.611131
vt 1.000000 0.611131
vt 3.000000 1.000000
vt 0.000000 1.000000
vt 0.000000 0.611131
vt 3.000000 0.611131
vt 1.000000 1.000000
vt 0.000000 1.000000
vt 1.000000 1.000000
vt 0.000000 1.000000
vt 0.000000 -2.000000
vt 1.000000 -2.000000
vn 0.112740 0.000000 0.993625
vn 0.112740 0.000000 0.993625
vn 0.112740 0.000000 0.993625
vn 0.112740 0.000000 0.993625
vn -0.993625 0.000000 0.112740
vn -0.993625 0.000000 0.112740
vn -0.993625 0.000000 0.112740
vn -0.993625 0.000000 0.112740
vn -0.112741 0.000000 -0.993625
vn -0.112741 0.000000 -0.993625
vn -0.112741 0.000000 -0.993625
vn -0.112741 0.000000 -0.993625
vn 0.993625 0.000000 -0.112740
vn 0.993625 0.000000 -0.112740
vn 0.993625 0.000000 -0.112740
vn 0.993625 0.000000 -0.112740
vn 0.000000 1.000000 0.000000
vn 0.000000 1.000000 0.000000
vn 0.000000 1.000000 0.000000
vn 0.000000 1.000000 0.000000
vn 0.000000 -1.000000 0.000000
vn 0.000000 -1.000000 0.000000
vn 0.000000 -1.000000 0.000000
vn 0.000000 -1.000000 0.000000
s off
g group3 Cube_28_
usemtl initialShadingGroup
f 357/1140/1273 358/1141/1274 356/1142/1275 355/1143/1276
f 358/1144/1277 360/1148/1278 359/1149/1279 356/1145/1280
f 360/1150/1281 362/1151/1282 361/1152/1283 359/1153/1284
f 362/1154/1285 357/1155/1286 355/1156/1287 361/1157/1288
f 362/1146/1289 360/1147/1290 358/1158/1291 357/1159/1292
f 355/1160/1293 356/1161/1294 359/1162/1295 361/1163/1296
g default
v -14.213470 2.678544 25.155342
v -14.846344 2.678544 25.170502
v -14.213470 2.843001 25.155342
v -14.846344 2.843001 25.170502
v -14.964951 2.678544 20.218622
v -14.964951 2.843001 20.218622
v -14.332077 2.678544 20.203463
v -14.332077 2.843001 20.203463
vt 1.000000 1.000000
vt 0.000000 1.000000
vt 0.000000 0.611131
vt 1.000000 0.611131
vt 3.000000 1.000000
vt 3.000000 0.611131
vt 0.000000 -2.000000
vt 1.000000 -2.000000
vt 0.000000 1.000000
vt 0.000000 0.611131
vt 1.000000 1.000000
vt 0.000000 1.000000
vt 0.000000 0.611131
vt 1.000000 0.611131
vt 3.000000 1.000000
vt 0.000000 1.000000
vt 0.000000 0.611131
vt 3.000000 0.611131
vt 1.000000 1.000000
vt 0.000000 1.000000
vt 1.000000 1.000000
vt 0.000000 1.000000
vt 0.000000 -2.000000
vt 1.000000 -2.000000
vn 0.023945 0.000000 0.999713
vn 0.023945 0.000000 0.999713
vn 0.023945 0.000000 0.999713
vn 0.023945 0.000000 0.999713
vn -0.999713 0.000000 0.023945
vn -0.999713 0.000000 0.023945
vn -0.999713 0.000000 0.023945
vn -0.999713 0.000000 0.023945
vn -0.023945 0.000000 -0.999713
vn -0.023945 0.000000 -0.999713
vn -0.023945 0.000000 -0.999713
vn -0.023945 0.000000 -0.999713
vn 0.999713 0.000000 -0.023945
vn 0.999713 0.000000 -0.023945
vn 0.999713 0.000000 -0.023945
vn 0.999713 0.000000 -0.023945
vn 0.000000 1.000000 0.000000
vn 0.000000 1.000000 0.000000
vn 0.000000 1.000000 0.000000
vn 0.000000 1.000000 0.000000
vn 0.000000 -1.000000 0.000000
vn 0.000000 -1.000000 0.000000
vn 0.000000 -1.000000 0.000000
vn 0.000000 -1.000000 0.000000
s off
g group3 Cube_31_
usemtl initialShadingGroup
f 365/1164/1297 366/1165/1298 364/1166/1299 363/1167/1300
f 366/1168/1301 368/1172/1302 367/1173/1303 364/1169/1304
f 368/1174/1305 370/1175/1306 369/1176/1307 367/1177/1308
f 370/1178/1309 365/1179/1310 363/1180/1311 369/1181/1312
f 370/1170/1313 368/1171/1314 366/1182/1315 365/1183/1316
f 363/1184/1317 364/1185/1318 367/1186/1319 369/1187/1320
g default
v 9.836243 3.138000 8.623480
v 9.257050 3.115633 8.877932
v 9.799744 3.282038 8.553022
v 9.220543 3.259671 8.807463
v 7.588348 0.731597 4.869562
v 7.551849 0.875635 4.799101
v 8.167549 0.753964 4.615122
v 8.131050 0.898002 4.544660
vt 1.000000 1.000000
vt 0.000000 1.000000
vt 0.000000 0.611131
vt 1.000000 0.611131
vt 3.000000 1.000000
vt 3.000000 0.611131
vt 0.000000 -2.000000
vt 1.000000 -2.000000
vt 0.000000 1.000000
vt 0.000000 0.611131
vt 1.000000 1.000000
vt 0.000000 1.000000
vt 0.000000 0.611131
vt 1.000000 0.611131
vt 3.000000 1.000000
vt 0.000000 1.000000
vt 0.000000 0.611131
vt 3.000000 0.611131
vt 1.000000 1.000000
vt 0.000000 1.000000
vt 1.000000 1.000000
vt 0.000000 1.000000
vt 0.000000 -2.000000
vt 1.000000 -2.000000
vn 0.336920 0.481283 0.809229
vn 0.336920 0.481283 0.809229
vn 0.336920 0.481283 0.809229
vn 0.336920 0.481283 0.809229
vn -0.914988 -0.035332 0.401930
vn -0.914988 -0.035332 0.401930
vn -0.914988 -0.035332 0.401930
vn -0.914988 -0.035332 0.401930
vn -0.336888 -0.481302 -0.809231
vn -0.336888 -0.481302 -0.809231
vn -0.336888 -0.481302 -0.809231
vn -0.336888 -0.481302 -0.809231
vn 0.914988 0.035332 -0.401930
vn 0.914988 0.035332 -0.401930
vn 0.914988 0.035332 -0.401930
vn 0.914988 0.035332 -0.401930
vn -0.222042 0.875842 -0.428483
vn -0.222042 0.875842 -0.428483
vn -0.222042 0.875842 -0.428483
vn -0.222042 0.875842 -0.428483
vn 0.222042 -0.875842 0.428483
vn 0.222042 -0.875842 0.428483
vn 0.222042 -0.875842 0.428483
vn 0.222042 -0.875842 0.428483
s off
g group3 Cube_5_
usemtl initialShadingGroup
f 373/1188/1321 374/1189/1322 372/1190/1323 371/1191/1324
f 374/1192/1325 376/1196/1326 375/1197/1327 372/1193/1328
f 376/1198/1329 378/1199/1330 377/1200/1331 375/1201/1332
f 378/1202/1333 373/1203/1334 371/1204/1335 377/1205/1336
f 378/1194/1337 376/1195/1338 374/1206/1339 373/1207/1340
f 371/1208/1341 372/1209/1342 375/1210/1343 377/1211/1344
g default
v -21.958817 2.678544 31.665842
v -22.203133 2.678544 31.081842
v -21.958817 2.843001 31.665842
v -22.203133 2.843001 31.081842
v -17.633614 2.678544 29.170132
v -17.633614 2.843001 29.170132
v -17.389290 2.678544 29.754131
v -17.389290 2.843001 29.754131
vt 1.000000 1.000000
vt 0.000000 1.000000
vt 0.000000 0.611131
vt 1.000000 0.611131
vt 3.000000 1.000000
vt 3.000000 0.611131
vt 0.000000 -2.000000
vt 1.000000 -2.000000
vt 0.000000 1.000000
vt 0.000000 0.611131
vt 1.000000 1.000000
vt 0.000000 1.000000
vt 0.000000 0.611131
vt 1.000000 0.611131
vt 3.000000 1.000000
vt 0.000000 1.000000
vt 0.000000 0.611131
vt 3.000000 0.611131
vt 1.000000 1.000000
vt 0.000000 1.000000
vt 1.000000 1.000000
vt 0.000000 1.000000
vt 0.000000 -2.000000
vt 1.000000 -2.000000
vn -0.922525 0.000000 0.385938
vn -0.922525 0.000000 0.385938
vn -0.922525 0.000000 0.385938
vn -0.922525 0.000000 0.385938
vn -0.385947 0.000000 -0.922521
vn -0.385947 0.000000 -0.922521
vn -0.385947 0.000000 -0.922521
vn -0.385947 0.000000 -0.922521
vn 0.922521 0.000000 -0.385947
vn 0.922521 0.000000 -0.385947
vn 0.922521 0.000000 -0.385947
vn 0.922521 0.000000 -0.385947
vn 0.385947 0.000000 0.922521
vn 0.385947 0.000000 0.922521
vn 0.385947 0.000000 0.922521
vn 0.385947 0.000000 0.922521
vn 0.000000 1.000000 0.000000
vn 0.000000 1.000000 0.000000
vn 0.000000 1.000000 0.000000
vn 0.000000 1.000000 0.000000
vn 0.000000 -1.000000 0.000000
vn 0.000000 -1.000000 0.000000
vn 0.000000 -1.000000 0.000000
vn 0.000000 -1.000000 0.000000
s off
g group3 Cube_29_
usemtl initialShadingGroup
f 381/1212/1345 382/1213/1346 380/1214/1347 379/1215/1348
f 382/1216/1349 384/1220/1350 383/1221/1351 380/1217/1352
f 384/1222/1353 386/1223/1354 385/1224/1355 383/1225/1356
f 386/1226/1357 381/1227/1358 379/1228/1359 385/1229/1360
f 386/1218/1361 384/1219/1362 382/1230/1363 381/1231/1364
f 379/1232/1365 380/1233/1366 383/1234/1367 385/1235/1368
g default
v 28.548347 5.858545 17.496611
v 26.185341 5.858545 15.000643
v 28.548347 6.023002 17.496611
v 26.185341 6.023002 15.000643
v 29.782341 5.858545 11.595243
v 29.782341 6.023002 11.595243
v 32.145348 5.858545 14.091211
v 32.145348 6.023002 14.091211
vt 1.000000 1.000000
vt 0.000000 1.000000
vt 0.000000 0.611131
vt 1.000000 0.611131
vt 3.000000 1.000000
vt 3.000000 0.611131
vt 0.000000 -2.000000
vt 1.000000 -2.000000
vt 0.000000 1.000000
vt 0.000000 0.611131
vt 1.000000 1.000000
vt 0.000000 1.000000
vt 0.000000 0.611131
vt 1.000000 0.611131
vt 3.000000 1.000000
vt 0.000000 1.000000
vt 0.000000 0.611131
vt 3.000000 0.611131
vt 1.000000 1.000000
vt 0.000000 1.000000
vt 1.000000 1.000000
vt 0.000000 1.000000
vt 0.000000 -2.000000
vt 1.000000 -2.000000
vn -0.726185 0.000000 0.687500
vn -0.726185 0.000000 0.687500
vn -0.726185 0.000000 0.687500
vn -0.726185 0.000000 0.687500
vn -0.687501 0.000000 -0.726183
vn -0.687501 0.000000 -0.726183
vn -0.687501 0.000000 -0.726183
vn -0.687501 0.000000 -0.726183
vn 0.726183 0.000000 -0.687501
vn 0.726183 0.000000 -0.687501
vn 0.726183 0.000000 -0.687501
vn 0.726183 0.000000 -0.687501
vn 0.687501 0.000000 0.726183
vn 0.687501 0.000000 0.726183
vn 0.687501 0.000000 0.726183
vn 0.687501 0.000000 0.726183
vn 0.000000 1.000000 0.000000
vn 0.000000 1.000000 0.000000
vn 0.000000 1.000000 0.000000
vn 0.000000 1.000000 0.000000
vn 0.000000 -1.000000 0.000000
vn 0.000000 -1.000000 0.000000
vn 0.000000 -1.000000 0.000000
vn 0.000000 -1.000000 0.000000
s off
g group3 Cube_11_
usemtl initialShadingGroup
f 389/1236/1369 390/1237/1370 388/1238/1371 387/1239/1372
f 390/1240/1373 392/1244/1374 391/1245/1375 388/1241/1376
f 392/1246/1377 394/1247/1378 393/1248/1379 391/1249/1380
f 394/1250/1381 389/1251/1382 387/1252/1383 393/1253/1384
f 394/1242/1385 392/1243/1386 390/1254/1387 389/1255/1388
f 387/1256/1389 388/1257/1390 391/1258/1391 393/1259/1392
g default
v 30.914650 6.816947 6.754721
v 30.962746 6.816947 7.059481
v 30.914650 6.897096 6.754721
v 30.962746 6.897096 7.059481
v 29.835945 6.816947 7.237112
v 29.835945 6.897096 7.237112
v 29.787941 6.816947 6.932363
v 29.787941 6.897096 6.932363
vt 1.000000 1.000000
vt 0.000000 1.000000
vt 0.000000 0.611131
vt 1.000000 0.611131
vt 3.000000 1.000000
vt 3.000000 0.611131
vt 0.000000 -2.000000
vt 1.000000 -2.000000
vt 0.000000 1.000000
vt 0.000000 0.611131
vt 1.000000 1.000000
vt 0.000000 1.000000
vt 0.000000 0.611131
vt 1.000000 0.611131
vt 3.000000 1.000000
vt 0.000000 1.000000
vt 0.000000 0.611131
vt 3.000000 0.611131
vt 1.000000 1.000000
vt 0.000000 1.000000
vt 1.000000 1.000000
vt 0.000000 1.000000
vt 0.000000 -2.000000
vt 1.000000 -2.000000
vn 0.987775 0.000000 -0.155885
vn 0.987775 0.000000 -0.155885
vn 0.987775 0.000000 -0.155885
vn 0.987775 0.000000 -0.155885
vn 0.155730 0.000000 0.987800
vn 0.155730 0.000000 0.987800
vn 0.155730 0.000000 0.987800
vn 0.155730 0.000000 0.987800
vn -0.987800 0.000000 0.155730
vn -0.987800 0.000000 0.155730
vn -0.987800 0.000000 0.155730
vn -0.987800 0.000000 0.155730
vn -0.155730 0.000000 -0.987800
vn -0.155730 0.000000 -0.987800
vn -0.155730 0.000000 -0.987800
vn -0.155730 0.000000 -0.987800
vn 0.000000 1.000000 0.000000
vn 0.000000 1.000000 0.000000
vn 0.000000 1.000000 0.000000
vn 0.000000 1.000000 0.000000
vn 0.000000 -1.000000 0.000000
vn 0.000000 -1.000000 0.000000
vn 0.000000 -1.000000 0.000000
vn 0.000000 -1.000000 0.000000
s off
g group3 Cube_15_
usemtl initialShadingGroup
f 397/1260/1393 398/1261/1394 396/1262/1395 395/1263/1396
f 398/1264/1397 400/1268/1398 399/1269/1399 396/1265/1400
f 400/1270/1401 402/1271/1402 401/1272/1403 399/1273/1404
f 402/1274/1405 397/1275/1406 395/1276/1407 401/1277/1408
f 402/1266/1409 400/1267/1410 398/1278/1411 397/1279/1412
f 395/1280/1413 396/1281/1414 399/1282/1415 401/1283/1416
g default
v -34.915657 0.883437 37.125921
v -34.478745 2.377212 37.125921
v -34.450157 0.883437 37.932182
v -34.231705 2.377212 37.553812
v -33.519165 0.883437 37.932182
v -33.737610 2.377212 37.553812
v -33.053665 0.883437 37.125921
v -33.490570 2.377212 37.125921
v -33.519165 0.883437 36.319662
v -33.737610 2.377212 36.698032
v -34.450157 0.883437 36.319662
v -34.231705 2.377212 36.698032
v -33.984657 0.883437 37.125921
v -33.984657 3.536563 37.125921
vt -1.500000 0.000000
vt 0.000000 0.000000
vt -0.750000 1.299038
vt 0.750000 1.299038
vt 1.500000 -0.000000
vt 0.750000 -1.299038
vt -0.750000 -1.299038
vt 0.398037 -0.153553
vt 0.000000 1.327605
vt -0.398027 -0.153553
vt 0.398030 -0.056206
vt -0.398033 -0.056203
vt -0.750000 -1.851923
vt 0.750000 -1.851923
vt -0.750000 -1.851923
vt 0.750000 -1.851923
vt 0.398037 -0.153553
vt -0.398027 -0.153553
vt 0.398037 -0.153553
vt -0.398027 -0.153553
vt 0.398037 -0.153553
vt -0.398027 -0.153553
vt 0.398037 -0.153553
vt -0.398027 -0.153553
vt 0.398037 -0.153553
vt -0.398027 -0.153553
vt 0.398030 -0.056206
vt -0.398033 -0.056203
vt -0.750000 -1.851923
vt -0.750000 -1.851923
vt 0.750000 -1.851923
vt 0.398030 -0.056206
vt 0.398030 -0.056206
vt -0.398033 -0.056203
vt -0.750000 -1.851923
vt -0.750000 -1.851923
vt 0.750000 -1.851923
vt 0.398030 -0.056206
vt 0.398030 -0.056206
vt -0.398033 -0.056203
vt -0.750000 -1.851923
vt -0.750000 -1.851923
vt 0.750000 -1.851923
vt 0.398030 -0.056206
vt 0.398030 -0.056206
vt -0.398033 -0.056203
vt 0.398030 -0.056206
vt 0.398030 -0.056206
vt -0.398033 -0.056203
vt -0.750000 -1.851923
vt -0.750000 -1.851923
vt 0.750000 -1.851923
vt 0.398030 -0.056206
vn 0.000000 -1.000000 0.000000
vn 0.000000 -1.000000 0.000000
vn 0.000000 -1.000000 0.000000
vn 0.000000 -1.000000 0.000000
vn 0.000000 -1.000000 0.000000
vn 0.000000 -1.000000 0.000000
vn 0.000000 -1.000000 0.000000
vn 0.000000 -1.000000 0.000000
vn 0.000000 -1.000000 0.000000
vn 0.000000 -1.000000 0.000000
vn 0.000000 -1.000000 0.000000
vn 0.000000 -1.000000 0.000000
vn 0.000000 -1.000000 0.000000
vn 0.000000 -1.000000 0.000000
vn 0.000000 -1.000000 0.000000
vn 0.000000 -1.000000 0.000000
vn 0.000000 -1.000000 0.000000
vn 0.000000 -1.000000 0.000000
vn -0.693039 0.599668 0.400118
vn -0.693039 0.599668 0.400118
vn -0.693039 0.599668 0.400118
vn 0.000000 0.599667 0.800250
vn 0.000000 0.599667 0.800250
vn 0.000000 0.599667 0.800250
vn 0.693039 0.599668 0.400118
vn 0.693039 0.599668 0.400118
vn 0.693039 0.599668 0.400118
vn 0.693039 0.599668 -0.400118
vn 0.693039 0.599668 -0.400118
vn 0.693039 0.599668 -0.400118
vn 0.000000 0.599667 -0.800250
vn 0.000000 0.599667 -0.800250
vn 0.000000 0.599667 -0.800250
vn -0.693039 0.599668 -0.400118
vn -0.693039 0.599668 -0.400118
vn -0.693039 0.599668 -0.400118
vn -0.429914 0.510591 0.744628
vn -0.859823 0.510592 0.000002
vn -0.859823 0.510592 0.000002
vn -0.859823 0.510592 0.000002
vn -0.429914 0.510591 0.744628
vn -0.429914 0.510591 0.744628
vn 0.429912 0.510590 0.744630
vn -0.429914 0.510591 0.744628
vn -0.429914 0.510591 0.744628
vn -0.429914 0.510591 0.744628
vn 0.429912 0.510590 0.744630
vn 0.429912 0.510590 0.744630
vn 0.859823 0.510592 -0.000002
vn 0.429912 0.510590 0.744630
vn 0.429912 0.510590 0.744630
vn 0.429912 0.510590 0.744630
vn 0.859823 0.510592 -0.000002
vn 0.859823 0.510592 -0.000002
vn 0.429914 0.510591 -0.744628
vn 0.859823 0.510592 -0.000002
vn 0.859823 0.510592 -0.000002
vn 0.859823 0.510592 -0.000002
vn 0.429914 0.510591 -0.744628
vn 0.429914 0.510591 -0.744628
vn -0.429912 0.510590 -0.744630
vn 0.429914 0.510591 -0.744628
vn 0.429914 0.510591 -0.744628
vn 0.429914 0.510591 -0.744628
vn -0.429912 0.510590 -0.744630
vn -0.429912 0.510590 -0.744630
vn -0.859823 0.510592 0.000002
vn -0.429912 0.510590 -0.744630
vn -0.429912 0.510590 -0.744630
vn -0.429912 0.510590 -0.744630
vn -0.859823 0.510592 0.000002
vn -0.859823 0.510592 0.000002
s off
g group3 Cylinder_3_
usemtl initialShadingGroup
f 403/1284/1417 415/1285/1418 405/1286/1419
f 405/1286/1420 415/1285/1421 407/1287/1422
f 407/1287/1423 415/1285/1424 409/1288/1425
f 409/1288/1426 415/1285/1427 411/1289/1428
f 411/1289/1429 415/1285/1430 413/1290/1431
f 413/1290/1432 415/1285/1433 403/1284/1434
f 406/1291/1435 416/1292/1436 404/1293/1437
f 408/1300/1438 416/1292/1439 406/1301/1440
f 410/1302/1441 416/1292/1442 408/1303/1443
f 412/1304/1444 416/1292/1445 410/1305/1446
f 414/1306/1447 416/1292/1448 412/1307/1449
f 404/1308/1450 416/1292/1451 414/1309/1452
f 406/1294/1453 404/1295/1454 403/1296/1455
f 403/1296/1456 405/1297/1457 406/1294/1458
f 408/1310/1459 406/1311/1460 405/1312/1461
f 405/1313/1462 407/1314/1463 408/1315/1464
f 410/1316/1465 408/1317/1466 407/1318/1467
f 407/1319/1468 409/1320/1469 410/1321/1470
f 412/1322/1471 410/1323/1472 409/1324/1473
f 409/1325/1474 411/1326/1475 412/1327/1476
f 414/1328/1477 412/1329/1478 411/1298/1479
f 411/1298/1480 413/1299/1481 414/1330/1482
f 404/1331/1483 414/1332/1484 413/1333/1485
f 413/1334/1486 403/1335/1487 404/1336/1488
g default
v -36.080025 1.030000 33.638452
v -35.376091 2.719073 33.638452
v -35.330025 1.030000 34.937492
v -34.978065 2.719073 34.327871
v -33.830025 1.030000 34.937492
v -34.181984 2.719073 34.327871
v -33.080025 1.030000 33.638452
v -33.783951 2.719073 33.638452
v -33.830025 1.030000 32.339411
v -34.181984 2.719073 32.949041
v -35.330025 1.030000 32.339411
v -34.978065 2.719073 32.949041
v -34.580025 1.030000 33.638452
v -34.580025 4.030000 33.638452
vt -1.500000 0.000000
vt 0.000000 0.000000
vt -0.750000 1.299038
vt 0.750000 1.299038
vt 1.500000 -0.000000
vt 0.750000 -1.299038
vt -0.750000 -1.299038
vt 0.398037 -0.153553
vt 0.000000 1.327605
vt -0.398027 -0.153553
vt 0.398030 -0.056206
vt -0.398033 -0.056203
vt -0.750000 -1.851923
vt 0.750000 -1.851923
vt -0.750000 -1.851923
vt 0.750000 -1.851923
vt 0.398037 -0.153553
vt -0.398027 -0.153553
vt 0.398037 -0.153553
vt -0.398027 -0.153553
vt 0.398037 -0.153553
vt -0.398027 -0.153553
vt 0.398037 -0.153553
vt -0.398027 -0.153553
vt 0.398037 -0.153553
vt -0.398027 -0.153553
vt 0.398030 -0.056206
vt -0.398033 -0.056203
vt -0.750000 -1.851923
vt -0.750000 -1.851923
vt 0.750000 -1.851923
vt 0.398030 -0.056206
vt 0.398030 -0.056206
vt -0.398033 -0.056203
vt -0.750000 -1.851923
vt -0.750000 -1.851923
vt 0.750000 -1.851923
vt 0.398030 -0.056206
vt 0.398030 -0.056206
vt -0.398033 -0.056203
vt -0.750000 -1.851923
vt -0.750000 -1.851923
vt 0.750000 -1.851923
vt 0.398030 -0.056206
vt 0.398030 -0.056206
vt -0.398033 -0.056203
vt 0.398030 -0.056206
vt 0.398030 -0.056206
vt -0.398033 -0.056203
vt -0.750000 -1.851923
vt -0.750000 -1.851923
vt 0.750000 -1.851923
vt 0.398030 -0.056206
vn 0.000000 -1.000000 0.000000
vn 0.000000 -1.000000 0.000000
vn 0.000000 -1.000000 0.000000
vn 0.000000 -1.000000 0.000000
vn 0.000000 -1.000000 0.000000
vn 0.000000 -1.000000 0.000000
vn 0.000000 -1.000000 0.000000
vn 0.000000 -1.000000 0.000000
vn 0.000000 -1.000000 0.000000
vn 0.000000 -1.000000 0.000000
vn 0.000000 -1.000000 0.000000
vn 0.000000 -1.000000 0.000000
vn 0.000000 -1.000000 0.000000
vn 0.000000 -1.000000 0.000000
vn 0.000000 -1.000000 0.000000
vn 0.000000 -1.000000 0.000000
vn 0.000000 -1.000000 0.000000
vn 0.000000 -1.000000 0.000000
vn -0.766497 0.465459 0.442528
vn -0.766497 0.465459 0.442528
vn -0.766497 0.465459 0.442528
vn 0.000000 0.465457 0.885070
vn 0.000000 0.465457 0.885070
vn 0.000000 0.465457 0.885070
vn 0.766497 0.465459 0.442528
vn 0.766497 0.465459 0.442528
vn 0.766497 0.465459 0.442528
vn 0.766497 0.465459 -0.442528
vn 0.766497 0.465459 -0.442528
vn 0.766497 0.465459 -0.442528
vn 0.000000 0.465457 -0.885070
vn 0.000000 0.465457 -0.885070
vn 0.000000 0.465457 -0.885070
vn -0.766497 0.465459 -0.442528
vn -0.766497 0.465459 -0.442528
vn -0.766497 0.465459 -0.442528
vn -0.461526 0.384685 0.799382
vn -0.923048 0.384686 0.000002
vn -0.923048 0.384686 0.000002
vn -0.923048 0.384686 0.000002
vn -0.461526 0.384685 0.799382
vn -0.461526 0.384685 0.799382
vn 0.461524 0.384685 0.799383
vn -0.461526 0.384685 0.799382
vn -0.461526 0.384685 0.799382
vn -0.461526 0.384685 0.799382
vn 0.461524 0.384685 0.799383
vn 0.461524 0.384685 0.799383
vn 0.923048 0.384686 -0.000002
vn 0.461524 0.384685 0.799383
vn 0.461524 0.384685 0.799383
vn 0.461524 0.384685 0.799383
vn 0.923048 0.384686 -0.000002
vn 0.923048 0.384686 -0.000002
vn 0.461526 0.384685 -0.799382
vn 0.923048 0.384686 -0.000002
vn 0.923048 0.384686 -0.000002
vn 0.923048 0.384686 -0.000002
vn 0.461526 0.384685 -0.799382
vn 0.461526 0.384685 -0.799382
vn -0.461524 0.384685 -0.799383
vn 0.461526 0.384685 -0.799382
vn 0.461526 0.384685 -0.799382
vn 0.461526 0.384685 -0.799382
vn -0.461524 0.384685 -0.799383
vn -0.461524 0.384685 -0.799383
vn -0.923048 0.384686 0.000002
vn -0.461524 0.384685 -0.799383
vn -0.461524 0.384685 -0.799383
vn -0.461524 0.384685 -0.799383
vn -0.923048 0.384686 0.000002
vn -0.923048 0.384686 0.000002
s off
g group3 Cylinder_1_
usemtl initialShadingGroup
f 417/1337/1489 429/1338/1490 419/1339/1491
f 419/1339/1492 429/1338/1493 421/1340/1494
f 421/1340/1495 429/1338/1496 423/1341/1497
f 423/1341/1498 429/1338/1499 425/1342/1500
f 425/1342/1501 429/1338/1502 427/1343/1503
f 427/1343/1504 429/1338/1505 417/1337/1506
f 420/1344/1507 430/1345/1508 418/1346/1509
f 422/1353/1510 430/1345/1511 420/1354/1512
f 424/1355/1513 430/1345/1514 422/1356/1515
f 426/1357/1516 430/1345/1517 424/1358/1518
f 428/1359/1519 430/1345/1520 426/1360/1521
f 418/1361/1522 430/1345/1523 428/1362/1524
f 420/1347/1525 418/1348/1526 417/1349/1527
f 417/1349/1528 419/1350/1529 420/1347/1530
f 422/1363/1531 420/1364/1532 419/1365/1533
f 419/1366/1534 421/1367/1535 422/1368/1536
f 424/1369/1537 422/1370/1538 421/1371/1539
f 421/1372/1540 423/1373/1541 424/1374/1542
f 426/1375/1543 424/1376/1544 423/1377/1545
f 423/1378/1546 425/1379/1547 426/1380/1548
f 428/1381/1549 426/1382/1550 425/1351/1551
f 425/1351/1552 427/1352/1553 428/1383/1554
f 418/1384/1555 428/1385/1556 427/1386/1557
f 427/1387/1558 417/1388/1559 418/1389/1560
g default
v -39.829023 0.276549 32.771163
v -20.850851 0.276549 42.563328
v -21.004795 0.276549 2.027308
v -2.026625 0.276549 11.819474
vt 0.000000 0.000000
vt 1.000000 0.000000
vt 0.000000 1.000000
vt 1.000000 1.000000
vn -0.000000 1.000000 -0.000000
vn -0.000000 1.000000 -0.000000
vn -0.000000 1.000000 -0.000000
vn -0.000000 1.000000 -0.000000
s off
g group3 pPlane1
usemtl Islas:FaceSG1
f 431/1390/1561 432/1391/1562 434/1393/1563 433/1392/1564
g default
v -27.230864 -0.455559 35.366756
v -20.825985 -0.923867 37.031670
v -15.929586 -0.790843 25.414549
v -22.147848 -0.152832 25.219694
v -14.867130 -0.607431 19.314991
v -21.283518 -0.240117 21.133425
v -21.624521 -0.546049 17.094217
v -17.520708 -0.959133 13.823387
v -10.761042 0.128113 15.693132
v -13.906968 -0.078959 11.857800
v -11.460126 0.767804 21.122768
v -12.149159 0.593777 26.774277
v -6.453063 1.313105 17.644707
v -12.474643 1.070932 9.499797
v -17.752499 0.708068 10.537840
v -24.783251 0.984989 15.511000
v -24.291769 1.016434 20.990339
v -25.279701 0.967821 24.915113
v -31.103277 0.997916 36.598118
v -18.855139 0.588385 39.857826
v -21.812891 0.602482 13.140511
v -19.960474 -0.993615 15.761663
v -18.780134 -0.941246 20.750778
v -19.449072 -1.048628 25.296909
v -24.008108 -1.125564 36.567394
v -24.873451 0.679433 39.039330
v -8.638382 1.184175 12.289797
v -12.102242 -0.159843 13.292478
v -16.048218 -1.354318 15.986889
v -19.133793 -1.267042 17.780148
v -21.464170 -0.667360 18.689756
v -24.689974 0.790646 18.361807
v -28.403034 0.517930 30.551474
v -24.678463 -0.778629 30.355814
v -21.334904 -1.639786 30.704723
v -18.028193 -1.414214 31.680807
v -14.771321 -0.089430 33.612347
v -40.019684 -9.247177 80.253296
v -30.224876 -9.920687 81.515495
v -49.528763 -9.055144 76.154953
v -60.916603 -8.950283 67.666138
v -41.081402 0.629741 35.410122
v 7.303975 -10.011509 45.579731
v -14.403920 -10.249312 74.466064
v -45.006977 0.460398 42.379436
v -36.255798 0.786491 44.785206
v -28.270325 0.710216 46.882908
v -20.999075 0.507532 48.321243
v 5.105920 -10.533346 53.078613
v -48.843483 0.338848 49.495251
v -40.302288 0.670970 52.541016
v -32.025696 0.552194 55.092140
v -24.010952 0.203268 56.721172
v 2.337804 -10.439220 59.385742
v -52.376366 -1.538176 56.461216
v -43.881748 -0.342339 60.456165
v -35.342678 -0.319847 63.553440
v -26.967546 -1.889937 65.064751
v -1.149996 -10.417534 64.058197
v -35.137253 0.947752 23.736732
v -37.789700 0.742511 29.293177
v -62.088768 -10.361128 17.181442
v -63.271919 -10.271736 22.791878
v -64.547897 -10.230167 28.386765
v -66.239548 -10.062921 34.924583
v -68.410812 -9.674511 41.703259
v -69.378433 -9.329401 48.720535
v -68.505760 -9.033281 56.720970
v -44.968597 -0.366789 21.757643
v -47.252823 -0.747800 27.332581
v -50.084915 -1.370473 33.329456
v -53.360577 -2.120355 39.837410
v -56.861668 -2.979743 46.483402
v -59.789410 -4.853363 52.978733
v -66.279640 -8.876397 61.984543
v -1.771810 -5.079937 43.639671
v -4.353013 -5.158885 51.577019
v -7.109103 -6.154840 58.609329
v -10.513123 -7.940673 64.963020
v -19.916580 -10.107372 77.236710
v -25.212276 -10.032575 79.883682
v -18.967915 -4.556140 65.427589
v -15.833910 -1.930739 57.782555
v -13.084124 -0.328469 49.942486
v -10.550477 -0.103901 41.870461
v -68.944534 -9.122870 53.210659
v -62.539040 -7.176636 57.977665
v -56.038868 -5.917687 62.567825
v -47.052486 -5.163944 68.433609
v -38.220798 -5.535108 72.501190
v -29.373295 -6.288437 73.623238
v -22.231609 -7.903732 72.828598
v -14.990894 -9.053489 71.162018
v -7.101223 -10.242109 68.903900
v 1.211284 -3.834471 36.431541
v 11.089913 -7.878090 38.914055
v -7.891090 0.038909 34.746754
v -6.019732 0.674751 27.253288
v 3.874514 -0.609509 28.784540
v 16.144613 -3.929991 32.450748
v 20.546247 -10.409076 42.578781
v 11.318052 -10.353403 44.206341
v 32.071117 -10.590044 40.800255
v 4.311748 1.147266 19.242764
v 17.128450 0.729887 21.983356
v 30.491308 -0.935303 25.289070
v -43.094887 -0.118493 16.661921
v -61.028275 -10.548423 10.983159
v -33.594368 1.047723 19.182531
v -8.581648 -10.212139 -22.502472
v -19.344912 -10.354461 -22.053387
v -28.157829 -10.542286 -20.795794
v -38.348240 -10.727293 -18.748322
v -32.740223 1.068037 15.353605
v -41.278137 -0.023764 11.943956
v -58.978394 -10.406899 5.964147
v -8.991785 1.540066 4.599710
v -16.970358 1.365284 4.238219
v -22.858791 1.296618 5.705908
v -27.544907 1.251426 7.152900
v -7.180428 0.584028 -3.563157
v -16.730347 0.368682 -3.692209
v -24.170229 0.338638 -2.498468
v -30.478155 0.356446 -0.516908
v -7.675399 -4.727593 -13.009092
v -17.978336 -4.930057 -12.677452
v -26.272089 -4.902050 -11.313464
v -34.243431 -4.464047 -8.902025
v -32.053532 1.102649 11.449829
v -39.042847 0.099825 7.148409
v -56.271072 -10.398752 -0.736010
v -31.759392 1.018839 7.103721
v -35.759434 0.220867 2.367142
v -46.911976 -4.859968 2.837863
v -49.979313 -5.315380 8.670908
v -52.215790 -5.541583 13.847961
v -53.933193 -5.995347 19.426479
v -55.740986 -6.346031 25.067326
v -57.852295 -6.755634 30.929338
v -60.249954 -7.043104 37.365463
v -62.762135 -7.076071 44.094551
v -64.593826 -7.615537 50.835819
v -65.840126 -8.275110 55.540741
v -67.608299 -8.903992 59.269142
v -41.758060 -4.073407 -4.384453
v -49.518307 -10.653593 -12.971996
v 17.074926 1.595308 10.684922
v 30.604345 1.230675 12.537229
v 1.806172 1.721343 8.953250
v 4.848902 1.058877 -2.041822
v 5.195331 -3.819055 -12.550756
v 4.897773 -9.740411 -22.794289
v 18.131725 1.307846 -0.609853
v 18.968508 -3.028101 -11.643359
v 19.927958 -9.504795 -22.525066
v 31.936211 -3.123044 -10.487871
v 32.884735 -9.780536 -21.318825
v 31.298071 1.098004 0.646449
v 46.165871 -10.215250 -15.639160
v 53.913559 -10.362251 -8.496158
v 57.311813 -10.467897 1.037637
v 55.834389 -9.962572 14.265429
v 52.084164 -10.208673 25.808239
v 46.675915 -10.336889 33.294548
v 42.144135 -10.032629 -17.723291
v 43.615936 -6.022062 -8.930893
v 44.205845 -2.029562 1.405947
v 43.266994 -2.161809 13.589348
v 41.476311 -5.264987 25.959785
v 39.254616 -10.631023 38.525024
v 8.664227 -9.050684 41.664036
v -3.518785 -1.435568 35.492672
v -9.192920 -0.108131 38.238461
v -11.750159 0.218533 34.218021
v -6.786929 0.360567 31.186466
v -9.505955 0.797259 27.037260
v 2.705207 -2.342322 32.788631
v -1.461235 0.351374 27.808334
v 13.874070 -6.349249 36.039551
v 9.692491 -1.849798 30.264051
v 15.670705 -10.369255 43.405449
v 15.861701 -9.374235 40.654930
v 9.147681 -10.099031 44.354164
v 26.467571 -10.496841 41.700554
v 23.382793 -7.039448 35.548512
v -5.728800 1.063148 22.642941
v 4.422316 0.586279 24.151741
v -1.354616 1.299058 18.370335
v 17.029459 -1.015369 27.557882
v 10.525779 0.976530 20.457047
v 23.960743 0.166078 23.791866
v 30.952604 -5.787958 32.297710
v -53.102371 -5.758703 16.600519
v -43.999874 -0.237037 19.150921
v -47.694309 -2.292341 15.274606
v -38.431793 0.624687 17.975180
v -34.242050 1.012931 21.339661
v -28.471935 1.199588 20.252129
v -10.788911 1.457191 7.452326
v -13.252266 1.444545 4.069463
v -17.398075 1.227346 7.700242
v -20.133976 1.319582 4.858073
v -22.397995 1.135308 9.816662
v -25.260468 1.285574 6.558602
v -26.293816 1.263785 11.306705
v -28.340019 1.111001 17.069786
v -33.122272 1.060181 17.219315
v -37.023640 0.694308 13.643834
v -42.207924 -0.073183 14.282636
v -45.591614 -2.126455 10.257455
v -51.175682 -5.427644 11.256015
v -7.774240 1.237673 0.819682
v -12.262866 0.434746 -3.818697
v -16.693296 1.078231 0.429625
v -20.650303 0.334926 -3.224984
v -23.422379 1.020620 1.637710
v -27.437626 0.366046 -1.594110
v -28.919485 0.939067 3.296772
v -7.254498 -1.427595 -8.224210
v -13.145512 -4.894020 -12.961683
v -17.244967 -1.687870 -8.093958
v -22.264482 -4.949003 -12.118574
v -25.183807 -1.664635 -6.813164
v -30.269293 -4.720889 -10.290529
v -32.281521 -1.285461 -4.543372
v -8.122079 -8.076816 -17.763420
v -14.295879 -10.306389 -22.338036
v -18.671640 -8.237919 -17.344524
v -27.244040 -8.319969 -16.006456
v -23.783487 -10.438017 -21.509687
v -33.014160 -10.652504 -20.000555
v -36.277737 -8.230843 -13.712275
v -28.437220 1.205126 13.560672
v -32.362667 1.089026 13.489002
v -35.524227 0.742797 9.315326
v -40.244701 0.035485 9.576768
v -48.623955 -5.098290 5.938874
v -42.802944 -1.763568 4.940323
v -29.918009 1.159150 7.225543
v -31.876738 1.088410 9.060404
v -33.422607 0.749241 5.108294
v -37.607822 0.158932 4.626216
v -33.317486 0.294533 0.728138
v -54.456482 -8.463634 7.270895
v -51.477421 -8.240925 0.987822
v -57.899414 -10.367757 3.231895
v -60.084328 -10.496667 8.421257
v -56.645084 -8.653430 12.416711
v -58.070564 -8.740709 18.293049
v -61.621277 -10.473531 14.029786
v -62.656174 -10.300356 20.058430
v -59.576443 -8.823043 23.927094
v -61.275921 -8.937795 29.666965
v -63.884411 -10.255794 25.512920
v -65.316605 -10.172491 31.578625
v -63.301666 -8.921750 36.143650
v -67.365738 -9.881611 38.260723
v -65.578323 -8.691616 42.908043
v -66.952141 -8.600350 49.793941
v -69.090393 -9.487571 45.368401
v -67.368484 -8.767456 54.394424
v -69.248886 -9.208604 51.224045
v -68.050751 -8.961322 58.015556
v -68.708153 -9.069887 55.012108
v -44.645729 -4.487985 -0.854172
v -38.523033 -1.167896 -0.772617
v -38.181824 -4.155149 -7.000202
v -45.509163 -8.015759 -8.541838
v -44.155830 -10.725275 -16.663439
v -53.517044 -10.519390 -6.900080
v 23.967333 1.477548 11.663272
v 17.041430 1.306013 16.349569
v 30.416409 0.800116 18.751995
v 9.918141 1.670244 9.759760
v 3.505947 1.519885 14.410123
v -4.414680 1.549965 11.152424
v -4.201000 1.634552 6.076867
v -1.415601 0.835385 -2.884301
v 3.813384 1.513444 3.282841
v -1.477391 -4.318551 -12.857494
v 5.215202 -0.509646 -7.326695
v -2.147468 -9.990053 -22.685528
v 5.072333 -7.428225 -17.692982
v 11.430372 1.222036 -1.295413
v 17.535477 1.590942 5.017818
v 12.445190 -9.563497 -22.735847
v 12.089583 -3.370930 -12.132732
v 19.431526 -6.923995 -17.093473
v 18.572323 0.179021 -6.156199
v 26.779247 -9.609790 -22.176811
v 25.595247 -2.872622 -11.122569
v 32.382076 -7.084178 -15.919781
v 24.755882 1.289465 0.050078
v 31.603912 -0.061497 -4.990233
v 30.931555 1.313997 6.495490
v 50.346115 -10.281360 -12.215841
v 44.555634 -10.128387 -16.518526
v 42.935162 -8.414956 -13.432796
v 48.866623 -8.445640 -8.611822
v 44.076237 -3.794014 -4.006174
v 50.738701 -6.888982 1.311547
v 56.255417 -10.472702 -4.183743
v 43.894604 -1.823637 7.370058
v 49.548367 -6.735329 13.947809
v 57.022903 -10.203015 7.484219
v 49.499298 -10.295478 29.866272
v 46.776958 -8.138919 25.914833
v 40.393391 -8.374996 32.224438
v 42.875393 -10.510337 36.156364
v 42.447544 -3.174089 19.767006
v 54.192005 -10.031082 20.490698
v 38.130100 -9.919079 -19.578854
v 37.957790 -4.375281 -9.656777
v 37.753513 0.525320 1.141326
v 36.994949 0.669447 13.149204
v 36.188801 -2.844186 25.881453
v 35.993328 -10.646181 39.907364
v -20.305161 -1.375127 27.984043
v -19.623613 -1.690456 31.070620
v -16.866320 -1.153149 28.594553
v -17.737398 -1.096510 25.247845
v -18.955759 -0.913042 22.852018
v -15.443919 -0.605389 22.451508
v -17.119776 -0.954935 20.203033
v -17.729010 -1.425734 17.028866
v -18.877117 -1.106117 19.094595
v -15.445613 -1.075550 17.333567
v -14.019691 -0.866652 14.552998
v -12.305661 -0.217762 16.911890
v -11.147022 -0.056277 14.407242
v -11.728683 0.819064 23.488165
v -12.913059 0.259501 20.307236
v -14.178604 -0.081502 26.078367
v -9.576548 1.075969 19.748514
v -9.158469 0.686628 15.977093
v -10.754689 0.569003 12.770615
v -7.003249 1.257474 14.495197
v -15.086990 0.895064 9.643179
v -17.809669 -0.148896 12.473157
v -15.488787 -0.526655 12.599461
v -13.358006 0.463171 10.864381
v -20.876366 -0.236072 14.847985
v -18.930267 -1.073055 14.861586
v -19.992979 0.600970 11.788131
v -21.330311 -0.467189 19.753046
v -22.657043 0.074421 18.799086
v -24.422752 0.891028 19.582632
v -22.281157 0.434417 21.203537
v -24.530340 1.057287 22.736618
v -23.180433 0.474620 25.136221
v -21.516640 -0.103408 22.986389
v -26.107895 -0.086282 30.529736
v -23.295313 -0.484162 27.741102
v -26.681080 0.702270 27.619463
v -22.158531 -1.131546 36.989239
v -24.465813 -0.170125 37.753742
v -22.117447 0.658057 39.674282
v -20.351578 -0.230269 38.167583
v -16.641804 -0.757108 32.654259
v -13.275600 0.182574 30.256138
v -20.854324 -0.846004 16.571228
v -23.216682 0.741313 14.341433
v -22.594856 0.057332 16.876421
v -20.334301 -1.064382 18.341944
v -20.142281 -0.700822 21.021708
v -20.911642 -0.697325 25.280392
v -23.049652 -1.316154 30.434027
v -26.086821 -0.834262 36.169392
v -28.589766 0.242424 35.862808
v -28.115587 0.876247 38.305092
v -13.022383 -0.147089 12.326283
v -10.393644 1.144648 10.503334
v -16.836737 -1.338226 14.905732
v -19.437265 -1.283406 16.704109
v -21.492241 -0.723368 17.788067
v -24.860126 0.824861 17.176172
v -26.454170 -0.717463 33.553886
v -30.116859 0.672100 33.417229
v -22.814911 -1.589857 33.979401
v -19.742264 -1.295946 35.228363
v -16.518026 0.102882 36.863426
v -24.630808 0.638416 47.633854
v -19.618811 0.641450 43.889042
v -26.134285 0.806202 42.330273
v -32.145943 0.775140 45.905266
v -33.873650 0.948893 40.740398
v -43.006531 0.544929 38.826389
v -40.598045 0.697574 43.607006
v -36.215843 0.922820 36.211189
v -3.085106 -5.183967 47.611523
v 0.324153 -8.403232 52.338684
v 6.113597 -10.257688 48.960793
v 2.736378 -8.018668 44.309860
v -46.960022 0.407658 45.938740
v -44.569237 0.583630 51.049255
v -38.370247 0.721374 48.681709
v -36.122223 0.649424 53.912758
v -30.220335 0.652340 51.029972
v -28.009354 0.412481 56.006847
v -22.483829 0.377900 52.566795
v -5.678286 -5.531710 55.216862
v -2.440034 -8.683880 58.999474
v 3.810317 -10.534261 56.514442
v -50.635181 -0.091706 53.039940
v -48.179939 -0.764662 58.485931
v -42.137241 0.552705 56.474281
v -39.600857 -0.197503 62.177414
v -33.727779 0.374277 59.245186
v -31.112616 -0.749551 64.487961
v -25.518351 -0.461820 60.866829
v -8.693634 -7.062495 61.832680
v -5.901901 -9.369568 64.538475
v 0.799397 -10.427005 61.809967
v -54.108276 -3.666593 59.647503
v -51.672779 -5.512901 65.532631
v -45.542446 -2.409537 64.461365
v -42.623466 -5.222962 70.803757
v -36.886486 -2.594313 68.081215
v -33.679550 -5.815364 73.383980
v -28.320076 -3.957818 69.375916
v -11.095922 -9.758060 70.074593
v -3.855470 -10.330716 66.401535
v -12.648808 -8.587805 68.076416
v -32.671925 0.791052 30.083961
v -29.715952 1.109560 24.441517
v -36.351906 0.844133 26.419802
v -39.354328 0.683325 32.261166
v -40.191658 0.530308 22.822073
v -46.046780 -0.536917 24.490086
v -42.645439 0.381737 28.366911
v -48.605141 -1.031811 30.269466
v -45.720673 0.170293 34.431843
v -49.316936 -0.195201 41.111267
v -55.136826 -2.461894 43.150284
v -53.045460 -0.794270 47.936813
v -51.673336 -1.742735 36.541286
v -58.394691 -3.768681 49.840240
v -56.351944 -2.845354 54.576546
v -61.099308 -5.986538 55.656799
v -59.705284 -6.471893 60.006195
v -49.557491 -2.813198 20.603563
v -54.806030 -6.174958 22.238646
v -51.625561 -3.319816 26.217607
v -56.758163 -6.552549 27.942852
v -54.125374 -3.987809 32.156063
v -59.018135 -6.931344 34.090912
v -56.970592 -4.633968 38.592758
v -61.542057 -7.062562 40.690876
v -59.978565 -5.131405 45.244492
v -63.777931 -7.229609 47.603893
v -62.371475 -6.419905 51.814617
v -65.214218 -7.963319 53.407261
v -64.407150 -7.812801 56.612175
v -17.146837 0.265356 49.108204
v -11.821822 -0.174468 45.851650
v -14.613562 0.452873 40.825382
v -19.968245 -0.520579 57.299442
v -14.414549 -0.905650 53.903416
v -22.964378 -3.194833 65.367554
v -17.363018 -3.205059 61.628029
v -25.675608 -7.221628 73.390060
v -20.614634 -6.310465 69.169029
v -18.686413 -8.515642 72.082977
v -14.842978 -6.320600 65.276070
v -11.560628 -3.826986 58.211437
v -8.820977 -2.215861 50.771854
v -6.235328 -2.065014 42.817547
v -66.672577 -8.659622 57.458801
v -67.190956 -8.875915 60.440742
v -64.323227 -8.235098 60.044590
v -64.355247 -8.904740 64.354729
v -58.376083 -7.824166 65.191216
v -55.462532 -9.002365 72.033607
v -48.345005 -7.604955 72.316589
v -39.207211 -7.902570 76.486023
v -44.651031 -9.102777 78.727997
v -29.924574 -8.502790 77.629601
v -34.825069 -9.590253 81.231361
v -23.747271 -9.186091 76.382538
v -27.376804 -10.027162 80.958969
v -17.429588 -9.682486 74.209023
v -22.662724 -10.059829 78.611511
v -10.671453 -10.227270 71.629242
v -17.162289 -10.173657 75.853485
v 6.143645 -6.269357 37.539124
v -0.310367 -4.845043 39.980782
v -18.590733 -1.433896 28.178846
v -17.255136 -0.929438 22.535246
v -17.307135 -1.195256 18.413198
v -13.263382 -0.665637 15.715894
v -13.710403 0.115488 23.025766
v -10.848766 0.501210 17.976145
v -9.483110 0.661767 14.254679
v -15.536444 0.162675 11.365650
v -19.546831 -0.269664 13.669640
v -22.414246 0.239018 19.871969
v -22.489553 0.539150 22.957188
v -24.494801 0.162229 27.743937
v -22.219597 -0.177094 38.272690
v -15.255472 -0.482145 29.411682
v -21.926714 -0.084565 15.901082
v -20.184721 -0.889498 19.517567
v -20.357483 -0.612585 22.976864
v -21.886059 -1.027581 27.829634
v -27.125834 0.085422 37.228260
v -11.905204 0.550708 11.486609
v -14.872346 -0.845044 13.588048
v -18.297190 -1.421706 15.913162
v -20.440510 -1.111247 17.372339
v -22.777771 0.062093 17.821497
v -27.898146 0.040827 33.561119
v -24.627922 -1.275842 33.617844
v -21.106247 -1.615052 34.388439
v -18.516352 -0.577060 36.182911
v -22.888021 0.766681 43.009880
v -29.794689 0.922408 41.515194
v -38.375591 0.832261 39.816704
v 1.484785 -8.287540 48.317146
v -42.647858 0.638581 47.336746
v -34.228218 0.717802 49.940414
v -26.345177 0.549463 51.867458
v -0.989694 -8.466331 55.866856
v -46.406380 0.409729 54.787819
v -37.908691 0.509530 57.983643
v -29.601555 0.164329 60.188171
v -4.010149 -9.008918 61.834366
v -49.910561 -2.972746 62.077045
v -41.211971 -2.339834 66.518425
v -32.533348 -2.885989 68.982735
v -8.317153 -9.603778 67.278770
v -31.050711 0.926636 27.149010
v -34.354126 0.849432 33.035820
v -41.332878 0.463564 25.519068
v -44.109848 0.284282 31.325830
v -51.205730 -0.404988 44.520844
v -47.472473 0.008727 37.720963
v -54.742722 -1.642875 51.346298
v -57.927563 -4.584390 57.454792
v -50.546730 -3.063080 23.376129
v -52.824665 -3.640220 29.131721
v -55.509010 -4.335292 35.328213
v -58.505142 -4.852871 41.894276
v -61.256771 -5.671198 48.655132
v -63.354420 -7.118271 54.411381
v -15.889558 0.410230 44.843853
v -18.517380 0.062533 53.241882
v -21.466488 -1.502440 61.335403
v -24.414181 -5.204968 69.413696
v -16.720406 -7.326851 68.714890
v -13.124995 -5.108296 61.778847
v -10.144045 -2.728207 54.562065
v -7.537157 -2.140473 46.781948
v -65.731216 -8.474218 58.583763
v -61.920815 -8.016107 62.255890
v -53.541122 -7.693983 68.824135
v -43.716789 -7.678576 74.830521
v -34.366997 -8.208417 77.403183
v -26.608372 -8.924626 77.212898
v -20.670139 -9.437692 75.368004
v -14.078222 -9.910520 72.945312
v 4.323105 -7.429045 40.824486
v -4.858231 -1.993596 39.103859
v -13.186868 0.305154 37.429321
v -10.444122 0.444468 30.753824
v -2.329906 -0.511314 31.835773
v 8.096678 -4.333500 34.131908
v 12.335043 -9.748600 42.528511
v 20.066948 -8.786804 38.685478
v -9.172853 1.091206 23.068857
v -1.082410 0.866126 23.085518
v 10.441376 0.190201 25.596771
v 24.241253 -3.385172 30.172365
v -48.627125 -2.558958 17.896162
v -39.241238 0.582515 20.315685
v -28.893131 1.193201 22.172039
v -14.212098 1.342628 7.188606
v -20.114826 1.151353 8.667867
v -24.283241 1.199872 10.871807
v -28.342060 1.150748 18.593332
v -37.713505 0.661329 15.775818
v -46.697697 -2.210990 12.759564
v -12.547992 1.139990 0.353278
v -20.272045 1.043755 0.907974
v -26.282436 0.992883 2.468215
v -12.560476 -1.626724 -8.305214
v -21.390018 -1.712597 -7.583357
v -28.814507 -1.491104 -5.823125
v -13.722666 -8.198228 -17.643518
v -23.046976 -8.286916 -16.782063
v -31.658199 -8.304368 -15.068020
v -28.302322 1.144661 15.555623
v -36.299461 0.725488 11.505461
v -44.330383 -1.959853 7.674699
v -28.952967 1.245791 10.594762
v -34.681179 0.734161 7.028060
v -31.400795 0.837698 4.020666
v -53.192852 -8.338411 4.508918
v -55.634735 -8.570257 9.821402
v -57.404984 -8.706278 15.313097
v -58.797951 -8.776649 21.139059
v -60.395355 -8.885913 26.733103
v -62.239346 -8.956859 32.838535
v -64.478912 -8.812393 39.478130
v -66.407150 -8.623281 46.499443
v -67.200043 -8.695174 52.333145
v -67.675079 -8.862359 56.255131
v -40.898209 -1.433637 1.983360
v -35.584251 -1.139588 -2.904032
v -41.090939 -8.090219 -11.684731
v -48.943752 -8.137785 -3.840041
v 23.859694 1.111379 17.641817
v 10.128142 1.448731 15.171861
v -2.439040 1.499823 14.365790
v -7.360538 1.531029 8.810767
v -2.310147 1.379919 1.969587
v -1.244987 -0.996991 -7.858029
v -1.791903 -7.782282 -17.788601
v 10.565450 1.584965 4.239293
v 12.275101 -7.125783 -17.450478
v 11.873211 -0.103164 -6.750233
v 26.156734 -6.890230 -16.654348
v 25.155817 0.285848 -5.572150
v 24.312893 1.527835 5.797290
v 46.878792 -9.187829 -12.697284
v 50.183784 -7.444099 -3.997917
v 50.439774 -6.658931 7.483694
v 44.906559 -9.430754 31.167778
v 48.325829 -7.195961 20.133184
v 38.038902 -7.545585 -14.676445
v 37.896828 -1.267110 -4.402594
v 37.425323 0.847091 7.030202
v 36.545048 -0.191709 19.383501
v 36.039360 -7.222074 32.791409
vt 1.000000 0.000000
vt 0.000000 0.000000
vt 0.000000 0.000000
vt 0.000000 0.000000
vt 1.000000 0.000000
vt 0.636240 0.000000
vt 0.822213 0.975511
vt 0.000000 0.000000
vt 0.000000 1.000000
vt 1.000000 1.000000
vt 1.000000 1.000000
vt 1.000000 0.000000
vt 0.475697 1.000000
vt 1.000000 0.000000
vt 0.000000 1.000000
vt 1.000000 1.000000
vt 0.000000 1.000000
vt 1.000000 1.000000
vt 0.000000 1.000000
vt 0.000000 0.000000
vt 0.000000 1.000000
vt 0.000000 0.000000
vt 1.000000 1.000000
vt 0.000000 0.000000
vt 1.000000 0.000000
vt 1.000000 0.000000
vt 1.000000 1.000000
vt 1.000000 0.000000
vt 0.000000 0.000000
vt 1.000000 0.000000
vt 0.000000 1.000000
vt 1.000000 1.000000
vt 1.000000 0.000000
vt 0.000000 1.000000
vt 0.000000 0.000000
vt 0.000000 0.000000
vt 1.000000 0.000000
vt 1.000000 1.000000
vt 0.000000 0.000000
vt 0.000000 0.000000
vt 0.000000 1.000000
vt 0.000000 0.000000
vt 0.000000 1.000000
vt 1.000000 0.000000
vt 1.000000 0.000000
vt 1.000000 1.000000
vt 0.000000 0.000000
vt 1.000000 1.000000
vt 0.000000 0.000000
vt 0.000000 1.000000
vt 1.000000 0.000000
vt 1.000000 0.000000
vt 1.000000 0.000000
vt 0.000000 0.000000
vt 1.000000 1.000000
vt 1.000000 1.000000
vt 0.000000 1.000000
vt 0.000000 1.000000
vt 0.000000 0.000000
vt 1.000000 1.000000
vt 1.000000 1.000000
vt 0.000000 1.000000
vt 0.000000 1.000000
vt 1.000000 1.000000
vt 0.000000 0.000000
vt 1.000000 0.000000
vt 1.000000 0.000000
vt 1.000000 1.000000
vt 1.000000 1.000000
vt 1.000000 1.000000
vt 0.000000 1.000000
vt 0.000000 1.000000
vt 0.000000 1.000000
vt 1.000000 1.000000
vt 0.000000 1.000000
vt 1.000000 0.000000
vt 1.000000 1.000000
vt 1.000000 0.000000
vt 1.000000 1.000000
vt 0.569429 1.000000
vt 1.000000 0.000000
vt 0.000000 0.000000
vt 0.569429 0.000000
vt 0.430571 0.000000
vt 0.000000 0.569429
vt 0.430571 1.000000
vt 0.673013 0.986055
vt 1.000000 0.569429
vt 0.430571 0.000000
vt 0.362294 0.000000
vt 0.430571 1.000000
vt 1.000000 0.000000
vt 1.000000 1.000000
vt 0.428919 1.000000
vt 0.000000 1.000000
vt 1.000000 1.000000
vt 0.000000 0.428919
vt 0.428919 0.000000
vt 0.000000 0.428919
vt 1.000000 0.428919
vt 0.447928 0.446689
vt 0.571081 0.000000
vt 1.000000 0.428919
vt 0.571081 1.000000
vt 1.000000 0.000000
vt 0.000000 0.000000
vt 0.431399 1.000000
vt 1.000000 0.000000
vt 0.000000 0.000000
vt 0.431399 0.000000
vt 0.205215 0.431399
vt 0.492879 0.442485
vt 0.716469 0.420834
vt 0.568601 0.000000
vt 0.568601 1.000000
vt 0.000000 0.000000
vt 1.000000 0.000000
vt 0.000000 1.000000
vt 0.000000 0.000000
vt 0.000000 1.000000
vt 0.000000 0.000000
vt 0.000000 1.000000
vt 1.000000 1.000000
vt 1.000000 0.000000
vt 1.000000 0.000000
vt 0.000000 0.000000
vt 1.000000 1.000000
vt 1.000000 0.000000
vt 0.000000 0.000000
vt 0.000000 1.000000
vt 0.000000 1.000000
vt 1.000000 0.000000
vt 0.000000 0.000000
vt 0.255827 0.000000
vt 0.000000 1.000000
vt 0.000000 0.000000
vt 0.744173 1.000000
vt 0.255827 1.000000
vt 0.744173 1.000000
vt 0.744173 0.000000
vt 0.744173 0.000000
vt 0.744173 1.000000
vt 0.744173 0.000000
vt 0.495944 0.000000
vt 0.000000 1.000000
vt 1.000000 1.000000
vt 0.495944 1.000000
vt 0.504056 1.000000
vt 0.504056 0.000000
vt 0.504056 1.000000
vt 0.504056 0.000000
vt 0.504056 1.000000
vt 0.504056 0.000000
vt 0.772429 0.000000
vt 1.000000 0.000000
vt 1.000000 1.000000
vt 0.772429 1.000000
vt 0.227571 1.000000
vt 0.227571 0.000000
vt 0.227571 1.000000
vt 0.227571 0.000000
vt 0.227571 1.000000
vt 0.227571 0.000000
vt 0.000000 1.000000
vt 0.000000 0.000000
vt 0.000000 1.000000
vt 0.000000 0.000000
vt 0.000000 0.000000
vt 0.000000 1.000000
vt 1.000000 1.000000
vt 1.000000 0.000000
vt 1.000000 0.000000
vt 0.000000 0.000000
vt 0.000000 1.000000
vt 1.000000 1.000000
vt 1.000000 0.000000
vt 0.000000 0.000000
vt 1.000000 0.000000
vt 1.000000 1.000000
vt 0.000000 1.000000
vt 1.000000 1.000000
vt 0.000000 1.000000
vt 0.000000 0.000000
vt 0.000000 0.000000
vt 0.564846 0.000000
vt 1.000000 1.000000
vt 1.000000 0.000000
vt 0.564846 1.000000
vt 0.435154 1.000000
vt 0.435154 0.000000
vt 0.564846 0.000000
vt 0.564846 0.000000
vt 0.564846 1.000000
vt 0.564846 1.000000
vt 0.435154 1.000000
vt 0.435154 0.000000
vt 0.435154 1.000000
vt 0.435154 0.000000
vt 1.000000 0.369761
vt 1.000000 1.000000
vt 0.000000 1.000000
vt 0.746137 0.369405
vt 0.499510 0.369405
vt 0.249210 0.369405
vt 0.000000 0.369761
vt 0.000000 0.736678
vt 0.249210 0.723729
vt 0.499510 0.723729
vt 0.746137 0.723729
vt 1.000000 0.736678
vt 1.000000 1.000000
vt 1.000000 1.000000
vt 0.000000 0.545754
vt 0.480397 0.534315
vt 0.875802 0.000000
vt 1.000000 0.545754
vt 0.875802 1.000000
vt 0.124198 1.000000
vt 0.124198 0.000000
vt 0.124198 1.000000
vt 0.124198 0.000000
vt 0.124198 1.000000
vt 0.121595 0.723729
vt 0.121595 0.369405
vt 0.124198 0.000000
vt 1.000000 0.000000
vt 0.000000 0.000000
vt 1.000000 1.000000
vt 0.000000 0.000000
vt 0.000000 0.000000
vt 1.000000 1.000000
vt 0.000000 0.000000
vt 1.000000 0.000000
vt 1.000000 0.000000
vt 1.000000 0.000000
vt 1.000000 1.000000
vt 0.000000 1.000000
vt 0.000000 1.000000
vt 0.000000 0.000000
vt 0.000000 1.000000
vt 0.000000 0.000000
vt 0.000000 1.000000
vt 0.000000 1.000000
vt 0.000000 0.000000
vt 0.000000 0.000000
vt 1.000000 1.000000
vt 0.000000 1.000000
vt 1.000000 1.000000
vt 1.000000 0.000000
vt 1.000000 0.000000
vt 1.000000 0.000000
vt 0.000000 0.000000
vt 0.000000 1.000000
vt 0.000000 1.000000
vt 1.000000 1.000000
vt 1.000000 0.000000
vt 0.000000 1.000000
vt 0.000000 0.000000
vt 1.000000 0.000000
vt 1.000000 1.000000
vt 1.000000 0.000000
vt 1.000000 1.000000
vt 1.000000 0.000000
vt 0.000000 0.000000
vt 1.000000 1.000000
vt 0.000000 0.000000
vt 0.000000 1.000000
vt 1.000000 1.000000
vt 1.000000 0.000000
vt 1.000000 1.000000
vt 0.000000 1.000000
vt 0.000000 1.000000
vt 1.000000 1.000000
vt 0.000000 0.000000
vt 0.000000 1.000000
vt 1.000000 1.000000
vt 0.000000 1.000000
vt 1.000000 1.000000
vt 1.000000 0.000000
vt 0.000000 1.000000
vt 0.000000 1.000000
vt 1.000000 0.000000
vt 0.000000 0.000000
vt 0.000000 1.000000
vt 1.000000 1.000000
vt 1.000000 0.000000
vt 0.000000 0.000000
vt 0.000000 1.000000
vt 0.000000 0.000000
vt 1.000000 0.000000
vt 1.000000 1.000000
vt 1.000000 0.000000
vt 0.000000 0.000000
vt 1.000000 0.000000
vt 0.000000 0.000000
vt 1.000000 0.194205
vt 0.000000 0.000000
vt 1.000000 1.000000
vt 0.000000 0.194205
vt 0.805795 1.000000
vt 0.805795 0.000000
vt 0.194205 0.000000
vt 0.194205 1.000000
vt 0.000000 0.000000
vt 1.000000 0.000000
vt 1.000000 0.453714
vt 1.000000 0.000000
vt 1.000000 1.000000
vt 0.000000 0.453714
vt 0.546286 1.000000
vt 0.546286 0.000000
vt 0.453714 0.000000
vt 0.453714 1.000000
vt 1.000000 1.000000
vt 1.000000 0.000000
vt 1.000000 0.751987
vt 1.000000 0.000000
vt 1.000000 1.000000
vt 0.000000 0.751987
vt 0.248013 1.000000
vt 0.248013 0.000000
vt 0.751987 0.000000
vt 0.751987 1.000000
vt 1.000000 1.000000
vt 0.000000 1.000000
vt 0.000000 1.000000
vt 0.000000 1.000000
vt 0.000000 1.000000
vt 0.000000 0.000000
vt 1.000000 0.000000
vt 1.000000 1.000000
vt 1.000000 1.000000
vt 1.000000 1.000000
vt 0.000000 1.000000
vt 0.000000 1.000000
vt 1.000000 1.000000
vt 0.000000 1.000000
vt 0.000000 0.000000
vt 1.000000 0.000000
vt 1.000000 1.000000
vt 1.000000 0.000000
vt 0.000000 1.000000
vt 0.533724 1.000000
vt 1.000000 0.000000
vt 0.000000 0.000000
vt 0.466276 0.000000
vt 0.533724 0.000000
vt 0.533724 1.000000
vt 0.466276 1.000000
vt 0.767748 0.000000
vt 0.533724 0.000000
vt 0.767748 1.000000
vt 0.232252 1.000000
vt 0.232252 0.000000
vt 0.767748 0.000000
vt 0.767748 1.000000
vt 0.767748 0.000000
vt 0.767748 1.000000
vt 0.232252 1.000000
vt 0.232252 0.000000
vt 0.232252 1.000000
vt 0.228583 0.534315
vt 0.232252 0.000000
vt 0.000000 0.000000
vt 0.000000 0.000000
vt 1.000000 0.000000
vt 1.000000 0.000000
vt 1.000000 1.000000
vt 0.000000 0.000000
vt 1.000000 0.000000
vt 1.000000 1.000000
vt 0.000000 1.000000
vt 1.000000 1.000000
vt 0.000000 0.000000
vt 0.000000 1.000000
vt 0.000000 0.000000
vt 0.000000 1.000000
vt 0.000000 1.000000
vt 1.000000 1.000000
vt 0.000000 1.000000
vt 0.000000 1.000000
vt 1.000000 1.000000
vt 0.000000 0.000000
vt 1.000000 0.000000
vt 1.000000 1.000000
vt 0.000000 1.000000
vt 0.000000 0.000000
vt 1.000000 0.000000
vt 1.000000 1.000000
vt 0.000000 1.000000
vt 0.000000 0.000000
vt 1.000000 0.000000
vt 0.000000 0.000000
vt 1.000000 0.000000
vt 1.000000 1.000000
vt 0.000000 1.000000
vt 0.000000 1.000000
vt 0.000000 0.000000
vt 1.000000 0.000000
vt 1.000000 1.000000
vt 0.000000 0.000000
vt 1.000000 0.000000
vt 0.000000 1.000000
vt 0.000000 0.000000
vt 1.000000 0.000000
vt 0.000000 1.000000
vt 0.000000 0.000000
vt 1.000000 1.000000
vt 0.000000 1.000000
vt 0.000000 0.000000
vt 0.000000 1.000000
vt 1.000000 1.000000
vt 1.000000 0.000000
vt 0.000000 0.000000
vt 0.000000 0.000000
vt 0.000000 1.000000
vt 1.000000 1.000000
vt 1.000000 0.000000
vt 1.000000 1.000000
vt 1.000000 0.000000
vt 1.000000 0.000000
vt 0.000000 0.000000
vt 1.000000 0.415904
vt 0.000000 0.415904
vt 0.415904 0.000000
vt 0.415904 1.000000
vt 0.584096 1.000000
vt 0.584096 0.000000
vt 0.584096 1.000000
vt 1.000000 0.415904
vt 0.584096 0.000000
vt 0.000000 0.415904
vt 0.677008 0.701946
vt 0.500000 0.784715
vt 0.215286 0.714460
vt 0.500000 0.714460
vt 0.500000 0.500000
vt 0.500000 0.500000
vt 0.714460 0.500000
vt 0.500000 0.500000
vt 0.784715 0.500000
vt 0.285541 0.500000
vt 0.500000 0.500000
vt 0.715699 0.500000
vt 0.215286 0.500000
vt 0.284301 0.500000
vt 0.284715 0.500000
vt 0.715286 0.714459
vt 0.500000 0.284715
vt 0.462566 0.710709
vt 0.715286 0.500000
vt 0.214460 0.500000
vt 0.500000 0.214460
vt 0.215286 0.214460
vt 0.715286 0.214459
vt 0.785541 0.500000
vt 0.215699 0.500000
vt 0.265962 0.214196
vt 0.552835 0.211554
vt 0.784301 0.500000
vt 0.872087 0.500000
vt 0.872087 0.500000
vt 0.127914 0.500000
vt 0.872087 0.184880
vt 0.375886 0.500000
vt 0.624114 0.500000
vt 0.624114 0.500000
vt 0.624114 0.184880
vt 0.634187 0.500000
vt 0.365813 0.500000
vt 0.365813 0.500000
vt 0.365813 0.184880
vt 0.824116 0.500000
vt 0.175884 0.500000
vt 0.175884 0.500000
vt 0.175884 0.184880
vt 0.500000 0.500000
vt 0.500000 0.500000
vt 0.282423 0.500000
vt 0.717577 0.500000
vt 0.282423 0.500000
vt 0.282423 0.500000
vt 0.717577 0.500000
vt 0.717577 0.772877
vt 0.666297 0.500000
vt 0.333703 0.500000
vt 0.666297 0.500000
vt 0.666297 0.500000
vt 0.333703 0.500000
vt 0.333703 0.772877
vt 0.872087 0.868339
vt 0.624114 0.868339
vt 0.365813 0.868339
vt 0.175884 0.868339
vt 0.175884 0.553219
vt 0.365813 0.553219
vt 0.624114 0.553219
vt 0.872087 0.553219
vt 0.333703 0.272877
vt 0.717577 0.272877
vt 0.937901 0.500000
vt 0.062099 0.500000
vt 0.062099 0.500000
vt 0.062099 0.868339
vt 0.062099 0.553219
vt 0.062099 0.184880
vt 0.500000 0.500000
vt 0.500000 0.500000
vt 0.500000 0.500000
vt 0.500000 0.500000
vt 0.500000 0.500000
vt 0.500000 0.500000
vt 0.500000 0.500000
vt 0.500000 0.500000
vt 0.500000 0.500000
vt 0.500000 0.500000
vt 0.500000 0.500000
vt 0.500000 0.500000
vt 0.766862 0.500000
vt 0.500000 0.500000
vt 0.500000 0.500000
vt 0.500000 0.097102
vt 0.902897 0.500000
vt 0.097102 0.500000
vt 0.500000 0.500000
vt 0.500000 0.500000
vt 0.233138 0.500000
vt 0.500000 0.323959
vt 0.676041 0.500000
vt 0.323959 0.500000
vt 0.500000 0.602850
vt 0.397150 0.500000
vt 0.602850 0.500000
vt 0.500000 0.875993
vt 0.124007 0.500000
vt 0.875993 0.500000
vt 0.500000 0.500000
vt 0.500000 0.500000
vt 0.766862 0.500000
vt 0.500000 0.500000
vt 0.500000 0.500000
vt 0.500000 0.500000
vt 0.266862 0.500000
vt 0.733138 0.500000
vt 0.266862 0.500000
vt 0.883874 0.500000
vt 0.116126 0.500000
vt 0.883874 0.500000
vt 0.883874 0.500000
vt 0.116126 0.500000
vt 0.116126 0.772877
vt 0.116126 0.272877
vt 0.500000 0.500000
vt 0.500000 0.500000
vt 0.500000 0.500000
vt 0.500000 0.500000
vt 0.500000 0.500000
vt 0.500000 0.500000
vt 0.500000 0.500000
vt 0.500000 0.500000
vt 0.500000 0.500000
vt 0.500000 0.500000
vt 0.500000 0.500000
vt 0.500000 0.500000
vt 0.500000 0.500000
vt 0.500000 0.500000
vt 0.500000 0.500000
vt 0.500000 0.500000
vt 0.500000 0.500000
vt 0.500000 0.207952
vt 0.207952 0.500000
vt 0.792048 0.500000
vt 0.500000 0.207952
vt 0.792048 0.500000
vt 0.500000 0.707952
vt 0.707952 0.500000
vt 0.292048 0.500000
vt 0.292048 0.500000
vt 0.500000 0.707952
vt 0.577231 0.706023
vt 0.610663 0.439929
vt 0.769341 0.698172
vt 0.284301 0.000000
vt 0.747613 0.980783
vt 1.000000 0.784715
vt 0.500000 0.552072
vt 0.500000 1.000000
vt 0.500000 1.000000
vt 0.000000 0.784715
vt 0.215285 1.000000
vt 0.215286 0.446689
vt 0.447928 0.714459
vt 0.000000 0.714460
vt 1.000000 0.714460
vt 0.500000 0.446689
vt 0.500000 1.000000
vt 0.500000 1.000000
vt 0.000000 0.714460
vt 0.714460 0.000000
vt 0.500000 0.000000
vt 0.500000 1.000000
vt 1.000000 0.500000
vt 0.000000 0.500000
vt 0.000000 0.500000
vt 0.000000 0.500000
vt 0.500000 0.000000
vt 1.000000 0.500000
vt 1.000000 0.500000
vt 1.000000 0.500000
vt 0.446689 0.500000
vt 0.714460 1.000000
vt 0.000000 0.500000
vt 0.500000 0.000000
vt 0.500000 0.000000
vt 1.000000 0.500000
vt 1.000000 0.500000
vt 0.500000 1.000000
vt 0.500000 0.000000
vt 0.000000 0.500000
vt 0.000000 0.500000
vt 0.552072 0.500000
vt 0.784715 0.000000
vt 0.215285 0.000000
vt 0.784715 1.000000
vt 1.000000 0.500000
vt 0.285541 0.000000
vt 1.000000 0.714459
vt 0.553311 0.500000
vt 0.285541 1.000000
vt 0.000000 0.500000
vt 0.000000 0.500000
vt 0.000000 0.500000
vt 0.500000 0.000000
vt 1.000000 0.500000
vt 1.000000 0.500000
vt 1.000000 0.500000
vt 0.500000 1.000000
vt 0.500000 0.000000
vt 0.448549 0.500000
vt 0.715699 0.000000
vt 0.340456 0.715699
vt 0.715699 1.000000
vt 1.000000 0.500000
vt 0.215286 0.000000
vt 0.499267 0.000000
vt 0.447928 0.500000
vt 0.215286 1.000000
vt 1.000000 0.500000
vt 0.000000 0.500000
vt 1.000000 0.500000
vt 0.551451 0.500000
vt 0.284301 1.000000
vt 0.500000 0.000000
vt 0.284715 0.000000
vt 0.715285 0.000000
vt 0.284715 1.000000
vt 0.000000 0.500000
vt 0.000000 0.500000
vt 1.000000 0.500000
vt 0.715286 0.446689
vt 0.715285 1.000000
vt 0.000000 0.284715
vt 1.000000 0.284715
vt 0.574355 0.993028
vt 0.357520 0.445422
vt 0.715286 0.000000
vt 0.181147 0.000000
vt 1.000000 0.500000
vt 0.000000 0.500000
vt 0.715286 1.000000
vt 1.000000 0.500000
vt 0.214460 0.000000
vt 0.000000 0.214460
vt 0.214460 1.000000
vt 1.000000 0.500000
vt 1.000000 0.214460
vt 0.000000 0.214460
vt 0.447928 0.214459
vt 1.000000 0.214459
vt 0.785541 0.000000
vt 0.785541 1.000000
vt 1.000000 0.500000
vt 0.215699 0.000000
vt 0.102608 0.215699
vt 0.215699 1.000000
vt 0.000000 0.500000
vt 0.419357 0.212783
vt 0.676355 0.210417
vt 0.784301 0.000000
vt 0.784301 1.000000
vt 0.500000 0.000000
vt 0.746137 0.500000
vt 0.872087 0.000000
vt 0.872087 1.000000
vt 0.872087 1.000000
vt 0.872087 0.000000
vt 0.746137 0.500000
vt 0.872087 1.000000
vt 0.127914 1.000000
vt 0.127914 0.000000
vt 0.000000 0.500000
vt 0.253863 0.500000
vt 0.000000 0.500000
vt 0.500000 1.000000
vt 0.872087 0.369405
vt 0.746137 0.184880
vt 0.872087 0.000000
vt 1.000000 0.184880
vt 0.500000 1.000000
vt 0.375886 0.000000
vt 0.000000 0.500000
vt 0.500490 0.500000
vt 0.375886 1.000000
vt 0.624114 1.000000
vt 0.499510 0.500000
vt 0.624114 0.000000
vt 0.624114 1.000000
vt 0.499510 0.500000
vt 0.624114 0.000000
vt 0.624114 1.000000
vt 0.624114 0.369405
vt 0.499510 0.184880
vt 0.624114 0.000000
vt 0.634187 0.000000
vt 1.000000 0.500000
vt 0.750790 0.500000
vt 0.634187 1.000000
vt 0.365813 1.000000
vt 0.249210 0.500000
vt 0.365813 0.000000
vt 0.365813 1.000000
vt 0.249210 0.500000
vt 0.365813 0.000000
vt 0.365813 1.000000
vt 0.365813 0.369405
vt 0.249210 0.184880
vt 0.365813 0.000000
vt 0.824116 0.000000
vt 1.000000 0.772877
vt 0.878406 0.500000
vt 0.824116 1.000000
vt 0.175884 1.000000
vt 0.121595 0.500000
vt 0.175884 0.000000
vt 0.175884 1.000000
vt 0.121595 0.500000
vt 0.175884 0.000000
vt 0.175884 1.000000
vt 0.121595 0.184880
vt 0.175884 0.000000
vt 0.175884 0.369405
vt 0.500000 0.000000
vt 0.500000 0.000000
vt 0.500000 1.000000
vt 0.500000 0.000000
vt 0.000000 0.500000
vt 0.000000 0.500000
vt 1.000000 0.500000
vt 1.000000 0.500000
vt 0.282423 0.000000
vt 0.500000 1.000000
vt 0.519603 0.500000
vt 0.282423 1.000000
vt 0.717577 1.000000
vt 0.480397 0.500000
vt 0.717577 0.000000
vt 0.282423 0.000000
vt 0.282423 0.000000
vt 0.282423 1.000000
vt 0.519603 0.500000
vt 0.282423 1.000000
vt 0.717577 1.000000
vt 0.519603 0.500000
vt 0.480397 0.500000
vt 0.717577 0.000000
vt 0.717577 1.000000
vt 0.480397 0.772877
vt 0.717577 0.534315
vt 0.666297 0.000000
vt 0.766862 0.000000
vt 0.771417 0.500000
vt 0.666297 1.000000
vt 0.333703 1.000000
vt 0.228583 0.500000
vt 0.333703 0.000000
vt 0.666297 0.000000
vt 0.771417 0.500000
vt 0.666297 1.000000
vt 0.666297 0.000000
vt 0.771417 0.500000
vt 0.666297 1.000000
vt 0.333703 1.000000
vt 0.228583 0.500000
vt 0.333703 0.000000
vt 0.333703 1.000000
vt 0.228583 0.772877
vt 0.333703 0.534315
vt 0.746137 0.868339
vt 0.872087 0.723729
vt 1.000000 0.868339
vt 1.000000 0.500000
vt 0.499510 0.868339
vt 0.624114 0.723729
vt 0.249210 0.868339
vt 0.365813 0.723729
vt 0.121595 0.868339
vt 0.175884 0.723729
vt 0.121595 0.553219
vt 0.249210 0.553219
vt 0.499510 0.553219
vt 0.746137 0.553219
vt 1.000000 0.553219
vt 0.500000 1.000000
vt 0.228583 0.272877
vt 0.333703 0.000000
vt 0.480397 0.272877
vt 0.717577 0.000000
vt 1.000000 0.272877
vt 0.937901 0.000000
vt 1.000000 0.500000
vt 0.937901 1.000000
vt 0.062099 1.000000
vt 0.062099 0.000000
vt 0.062099 1.000000
vt 0.000000 0.500000
vt 0.062099 0.000000
vt 0.062099 1.000000
vt 0.000000 0.500000
vt 0.062099 0.723729
vt 0.000000 0.868339
vt 0.062099 0.369405
vt 0.000000 0.553219
vt 0.062099 0.000000
vt 0.000000 0.184880
vt 0.500000 0.000000
vt 0.500000 0.000000
vt 1.000000 0.500000
vt 0.000000 0.500000
vt 0.000000 0.500000
vt 0.500000 1.000000
vt 0.500000 0.000000
vt 1.000000 0.500000
vt 1.000000 0.500000
vt 0.500000 1.000000
vt 0.000000 0.500000
vt 1.000000 0.500000
vt 0.500000 1.000000
vt 0.500000 0.000000
vt 0.000000 0.500000
vt 0.000000 0.500000
vt 0.500000 1.000000
vt 0.000000 0.500000
vt 0.000000 0.500000
vt 0.000000 0.500000
vt 1.000000 0.500000
vt 0.000000 0.500000
vt 0.500000 1.000000
vt 0.500000 0.000000
vt 0.500000 0.000000
vt 1.000000 0.500000
vt 0.500000 0.000000
vt 0.000000 0.500000
vt 1.000000 0.500000
vt 0.500000 1.000000
vt 0.500000 1.000000
vt 0.500000 0.000000
vt 0.500000 1.000000
vt 0.500000 0.000000
vt 0.000000 0.500000
vt 1.000000 0.500000
vt 0.500000 0.000000
vt 1.000000 0.500000
vt 1.000000 0.500000
vt 0.500000 1.000000
vt 0.500000 0.000000
vt 0.500000 0.000000
vt 0.500000 1.000000
vt 0.000000 0.500000
vt 0.500000 1.000000
vt 0.525293 0.500000
vt 1.000000 0.500000
vt 1.000000 0.500000
vt 0.766862 1.000000
vt 0.233138 1.000000
vt 0.500000 0.000000
vt 0.500000 1.000000
vt 0.000000 0.500000
vt 0.000000 0.500000
vt 0.500000 1.000000
vt 0.500000 1.000000
vt 1.000000 0.097103
vt 0.500000 0.000000
vt 0.500000 0.202368
vt 0.000000 0.097102
vt 0.902897 1.000000
vt 0.797632 0.500000
vt 0.902897 0.000000
vt 0.097102 0.000000
vt 0.202368 0.500000
vt 0.097102 1.000000
vt 0.500000 0.000000
vt 0.500000 0.000000
vt 0.500000 0.000000
vt 1.000000 0.500000
vt 0.000000 0.500000
vt 0.500000 0.000000
vt 0.500000 1.000000
vt 1.000000 0.500000
vt 0.000000 0.500000
vt 0.233138 0.000000
vt 0.766862 0.000000
vt 0.474707 0.500000
vt 1.000000 0.323959
vt 1.000000 0.500000
vt 0.500000 0.458559
vt 0.000000 0.323959
vt 0.676041 1.000000
vt 0.541441 0.500000
vt 0.676041 0.000000
vt 0.323959 0.000000
vt 0.458559 0.500000
vt 0.323959 1.000000
vt 0.500000 0.000000
vt 1.000000 0.602850
vt 1.000000 0.500000
vt 0.500000 0.745704
vt 0.000000 0.602850
vt 0.397150 1.000000
vt 0.254296 0.500000
vt 0.397150 0.000000
vt 0.602850 0.000000
vt 0.745704 0.500000
vt 0.602850 1.000000
vt 0.500000 1.000000
vt 1.000000 0.875993
vt 1.000000 0.500000
vt 0.500000 1.000000
vt 0.000000 0.875993
vt 0.124007 1.000000
vt 0.124007 0.000000
vt 0.875993 0.000000
vt 0.000000 0.500000
vt 1.000000 0.500000
vt 0.875993 1.000000
vt 0.500000 1.000000
vt 0.500000 1.000000
vt 0.000000 0.500000
vt 0.000000 0.500000
vt 0.000000 0.500000
vt 0.500000 0.000000
vt 0.500000 1.000000
vt 1.000000 0.500000
vt 1.000000 0.500000
vt 0.525293 0.500000
vt 0.766862 1.000000
vt 1.000000 0.500000
vt 1.000000 0.500000
vt 0.000000 0.500000
vt 0.500000 1.000000
vt 0.000000 0.500000
vt 0.500000 0.000000
vt 0.500000 1.000000
vt 1.000000 0.500000
vt 0.500000 1.000000
vt 1.000000 0.500000
vt 1.000000 0.500000
vt 0.266862 0.000000
vt 0.733138 0.000000
vt 0.266862 1.000000
vt 0.000000 0.500000
vt 0.000000 0.500000
vt 1.000000 0.500000
vt 0.733138 1.000000
vt 0.266862 1.000000
vt 0.266862 0.000000
vt 0.883874 0.000000
vt 0.000000 0.500000
vt 1.000000 0.500000
vt 0.883874 1.000000
vt 0.116126 1.000000
vt 0.116126 0.000000
vt 0.883874 0.000000
vt 0.000000 0.500000
vt 1.000000 0.500000
vt 0.883874 1.000000
vt 0.883874 0.000000
vt 1.000000 0.500000
vt 0.883874 1.000000
vt 0.116126 1.000000
vt 0.116126 0.000000
vt 0.116126 1.000000
vt 0.000000 0.500000
vt 0.116126 0.534315
vt 0.000000 0.772877
vt 0.116126 0.000000
vt 0.000000 0.272877
vt 0.500000 0.000000
vt 0.500000 0.000000
vt 0.000000 0.500000
vt 0.500000 0.000000
vt 0.000000 0.500000
vt 1.000000 0.500000
vt 0.500000 0.000000
vt 1.000000 0.500000
vt 0.000000 0.500000
vt 0.500000 1.000000
vt 0.500000 0.000000
vt 0.500000 1.000000
vt 1.000000 0.500000
vt 1.000000 0.500000
vt 0.000000 0.500000
vt 0.000000 0.500000
vt 0.500000 1.000000
vt 0.500000 1.000000
vt 0.000000 0.500000
vt 1.000000 0.500000
vt 0.500000 1.000000
vt 0.500000 1.000000
vt 0.000000 0.500000
vt 0.500000 1.000000
vt 0.500000 0.000000
vt 0.500000 1.000000
vt 0.000000 0.500000
vt 1.000000 0.500000
vt 0.500000 0.000000
vt 0.500000 1.000000
vt 0.000000 0.500000
vt 1.000000 0.500000
vt 0.500000 0.000000
vt 0.000000 0.500000
vt 1.000000 0.500000
vt 0.500000 0.000000
vt 0.500000 1.000000
vt 0.000000 0.500000
vt 1.000000 0.500000
vt 0.500000 0.000000
vt 0.500000 1.000000
vt 0.500000 0.000000
vt 0.000000 0.500000
vt 1.000000 0.500000
vt 0.000000 0.500000
vt 1.000000 0.500000
vt 0.500000 0.000000
vt 0.500000 1.000000
vt 0.500000 0.000000
vt 0.000000 0.500000
vt 0.500000 1.000000
vt 0.500000 1.000000
vt 0.500000 0.000000
vt 0.000000 0.500000
vt 1.000000 0.500000
vt 0.000000 0.500000
vt 0.000000 0.500000
vt 0.500000 0.000000
vt 1.000000 0.207952
vt 0.500000 0.436928
vt 0.000000 0.207952
vt 0.207952 0.000000
vt 0.436928 0.500000
vt 0.207952 1.000000
vt 0.792048 1.000000
vt 0.000000 0.500000
vt 0.563072 0.500000
vt 0.792048 0.000000
vt 0.792048 1.000000
vt 1.000000 0.500000
vt 0.500000 0.000000
vt 1.000000 0.207952
vt 0.792048 0.000000
vt 0.500000 0.436928
vt 0.000000 0.207952
vt 0.563072 0.500000
vt 1.000000 0.500000
vt 1.000000 0.707952
vt 0.000000 0.707952
vt 0.707952 0.000000
vt 0.707952 1.000000
vt 0.292048 1.000000
vt 0.292048 0.000000
vt 0.292048 1.000000
vt 0.292048 0.000000
vt 1.000000 0.707952
vt 0.000000 0.707952
vn 0.109245 0.986794 0.119594
vn 0.100449 0.984394 0.144497
vn -0.084110 0.993666 0.074518
vn -0.086822 0.993930 0.067569
vn 0.092303 0.992911 0.074883
vn -0.075640 0.997135 -0.000626
vn -0.264942 0.960000 -0.090582
vn -0.283846 0.958870 0.000096
vn -0.288791 0.957224 0.017926
vn 0.065944 0.996347 -0.054258
vn 0.097479 0.994507 0.038134
vn -0.096197 0.995295 0.011556
vn -0.112257 0.991313 -0.068536
vn -0.281845 0.959234 -0.020847
vn -0.274367 0.954405 -0.117616
vn -0.156133 0.987715 -0.006514
vn -0.037151 0.996047 -0.080691
vn -0.104318 0.984839 -0.138599
vn -0.223147 0.967010 -0.122873
vn 0.072392 0.991577 -0.107402
vn 0.046300 0.990496 -0.129514
vn -0.293621 0.935014 0.198836
vn -0.222256 0.971120 0.086762
vn -0.272966 0.960115 -0.060576
vn -0.329123 0.940711 0.082106
vn -0.304428 0.940339 -0.151943
vn -0.326115 0.941069 -0.089655
vn -0.187467 0.981113 0.047688
vn -0.197217 0.980169 0.019373
vn -0.351357 0.935980 -0.022142
vn -0.347791 0.937558 0.005153
vn -0.221995 0.973374 -0.057107
vn -0.322707 0.939354 -0.116081
vn -0.107143 0.993708 -0.032629
vn -0.256886 0.955067 -0.147840
vn -0.040872 0.998837 0.025593
vn -0.239674 0.969239 -0.055960
vn -0.114993 0.989610 0.086306
vn -0.284785 0.933493 0.217918
vn -0.277352 0.955436 0.101080
vn -0.089418 0.995249 0.038513
vn -0.076737 0.979281 0.187402
vn -0.013406 0.969788 0.243582
vn 0.044296 0.901515 0.430475
vn -0.098251 0.920155 0.379026
vn 0.057472 0.963942 0.259834
vn 0.155530 0.890293 0.428005
vn 0.127127 0.910720 0.392973
vn 0.022287 0.906588 0.421429
vn -0.086756 0.901732 0.423501
vn 0.184037 0.965082 0.186406
vn 0.335100 0.892708 0.301297
vn 0.262379 0.887980 0.377688
vn 0.127536 0.962955 0.237595
vn 0.334267 0.902650 0.271089
vn 0.248943 0.909147 0.333886
vn 0.453652 0.888595 -0.067819
vn 0.419223 0.889531 -0.181623
vn 0.401799 0.899362 -0.172355
vn 0.390628 0.918457 -0.062022
vn 0.416451 0.896343 -0.152110
vn 0.410657 0.901299 -0.137917
vn 0.172137 0.983617 -0.053535
vn 0.159176 0.982867 -0.092927
vn 0.129961 0.990760 -0.038801
vn 0.104901 0.993773 0.037576
vn 0.360437 0.929527 0.077872
vn 0.095773 0.989464 0.108572
vn 0.325125 0.923313 0.204419
vn 0.426315 0.873987 0.233242
vn 0.461605 0.882857 0.086516
vn 0.121122 0.989166 0.082942
vn 0.332067 0.919107 0.212069
vn 0.313498 0.913499 0.259304
vn 0.104459 0.985482 0.133841
vn 0.366901 0.901737 0.228590
vn 0.387079 0.874858 0.291193
vn -0.161682 0.912904 -0.374785
vn 0.023817 0.934738 -0.354539
vn 0.070768 0.845694 -0.528955
vn -0.114062 0.905859 -0.407932
vn 0.141672 0.944444 -0.296571
vn 0.159480 0.831219 -0.532580
vn 0.066251 0.985310 -0.157401
vn 0.037171 0.988776 -0.144710
vn 0.001680 0.996053 -0.088741
vn -0.338895 0.940359 -0.029599
vn -0.309503 0.941502 -0.133350
vn -0.164605 0.983829 -0.070605
vn -0.189467 0.981675 0.020402
vn 0.473769 0.867006 0.154413
vn 0.391996 0.893316 0.219831
vn 0.361202 0.906471 0.218732
vn 0.364426 0.921201 0.136315
vn 0.191973 0.973980 0.120457
vn 0.115020 0.990797 0.071352
vn 0.207693 0.967165 -0.146474
vn 0.255638 0.964921 -0.059810
vn 0.199791 0.971636 -0.126518
vn 0.292878 0.954343 0.058759
vn 0.288418 0.941232 0.175775
vn 0.232369 0.961105 0.149268
vn 0.257447 0.941240 0.218604
vn 0.244336 0.880804 -0.405566
vn 0.076834 0.993738 -0.081127
vn 0.254084 0.934248 -0.250244
vn 0.398852 0.915118 -0.058967
vn 0.307114 0.943236 -0.126443
vn 0.038954 0.998834 -0.028522
vn -0.224222 0.924416 0.308510
vn -0.233859 0.929759 0.284357
vn -0.110633 0.985442 0.129095
vn -0.118995 0.961677 0.247017
vn -0.027771 0.981342 0.190255
vn 0.088168 0.990311 0.107289
vn 0.176822 0.982774 0.053748
vn 0.258408 0.965717 0.024824
vn 0.438830 0.898570 -0.000252
vn 0.391644 0.919903 0.019835
vn 0.153775 0.987230 0.041591
vn 0.377747 0.917172 0.126897
vn 0.333105 0.938305 0.092872
vn 0.106373 0.994293 -0.008136
vn 0.227970 0.972985 0.036459
vn 0.103813 0.993812 -0.039511
vn -0.046283 0.993525 -0.103764
vn -0.232640 0.949750 -0.209413
vn -0.252129 0.931909 -0.260725
vn -0.092992 0.985390 -0.142688
vn 0.014205 0.999517 0.027639
vn 0.022344 0.999211 0.032839
vn 0.022086 0.999697 0.010869
vn 0.021106 0.999692 0.013080
vn 0.043605 0.997963 0.046563
vn 0.039812 0.998936 0.023291
vn -0.014309 0.999724 0.018638
vn 0.004948 0.999644 0.026211
vn 0.016354 0.999625 0.021955
vn -0.011020 0.999769 0.018461
vn -0.072716 0.997191 -0.017967
vn -0.084786 0.996293 -0.014523
vn -0.041328 0.999137 0.004221
vn -0.028927 0.999447 -0.016404
vn -0.094899 0.995236 -0.022358
vn -0.039138 0.999231 0.002512
vn 0.504146 0.833256 0.226986
vn 0.528630 0.828223 0.186002
vn 0.455067 0.872657 0.177155
vn 0.415455 0.875053 0.248352
vn 0.517104 0.829049 0.212796
vn 0.455902 0.872450 0.176021
vn 0.377793 0.914155 0.146945
vn 0.367000 0.915712 0.163650
vn 0.312324 0.915619 0.253173
vn -0.035882 0.999349 -0.003654
vn -0.011652 0.999891 0.009101
vn -0.114150 0.993038 -0.029090
vn -0.167397 0.985888 -0.001932
vn -0.051185 0.998623 0.011471
vn -0.014994 0.999733 0.017579
vn 0.005680 0.999551 0.029421
vn 0.004879 0.999810 0.018881
vn 0.019595 0.998865 0.043424
vn 0.016023 0.999488 0.027688
vn 0.043126 0.996253 0.074972
vn 0.028111 0.998854 0.038749
vn 0.101647 0.983911 0.146922
vn 0.061553 0.995482 0.072301
vn 0.472141 0.830044 0.296832
vn 0.429858 0.875126 0.222208
vn 0.412101 0.831058 0.373518
vn 0.380738 0.881529 0.279187
vn 0.330883 0.921836 0.201829
vn 0.366611 0.915766 0.164225
vn -0.132708 0.983696 0.121367
vn -0.065949 0.992309 0.104755
vn -0.262834 0.958242 0.112649
vn -0.349342 0.895911 0.274415
vn -0.259723 0.919030 0.296527
vn -0.179752 0.941100 0.286391
vn -0.101235 0.951204 0.291483
vn -0.020909 0.994675 0.100919
vn -0.030688 0.948891 0.314107
vn 0.013966 0.992940 0.117791
vn 0.083883 0.928784 0.361005
vn 0.075338 0.980477 0.181630
vn 0.198567 0.883842 0.423549
vn 0.157139 0.945898 0.283875
vn 0.359481 0.836381 0.413812
vn 0.326029 0.888457 0.323031
vn 0.327050 0.852735 0.407285
vn 0.280846 0.902485 0.326567
vn 0.247227 0.933416 0.260027
vn 0.286153 0.927704 0.239753
vn -0.336356 0.851965 0.401273
vn -0.268648 0.865663 0.422440
vn -0.379187 0.847367 0.371734
vn -0.352819 0.858163 0.372927
vn -0.333477 0.848078 0.411772
vn -0.284384 0.846592 0.449897
vn -0.189918 0.851695 0.488412
vn -0.172090 0.873938 0.454553
vn -0.092894 0.852985 0.513602
vn -0.081024 0.871979 0.482792
vn 0.011028 0.852017 0.523398
vn 0.047992 0.865254 0.499031
vn 0.146587 0.848239 0.508923
vn 0.192118 0.843465 0.501655
vn 0.255716 0.892610 0.371292
vn 0.229411 0.929050 0.290237
vn 0.250272 0.919078 0.304400
vn 0.301370 0.873831 0.381570
vn 0.191546 0.953826 0.231358
vn 0.214962 0.945360 0.245124
vn -0.046087 0.998937 -0.000372
vn 0.013327 0.999689 0.021078
vn 0.006715 0.998154 0.060360
vn -0.047958 0.998710 0.016663
vn -0.003156 0.998607 0.052680
vn -0.054614 0.998407 0.014153
vn -0.001970 0.999618 -0.027564
vn -0.056504 0.998235 -0.018271
vn -0.128893 0.991498 -0.017842
vn -0.136601 0.990411 -0.020657
vn -0.322335 0.944265 -0.066812
vn -0.340204 0.937200 -0.076922
vn -0.361552 0.928283 -0.087008
vn -0.150517 0.988191 -0.028688
vn -0.387770 0.916465 -0.098622
vn -0.173215 0.984064 -0.040181
vn -0.415146 0.902660 -0.113392
vn -0.202642 0.977884 -0.051753
vn -0.266107 0.960162 -0.085296
vn -0.304721 0.948156 -0.090252
vn -0.454910 0.877120 -0.154005
vn -0.472602 0.868402 -0.150086
vn -0.500908 0.861036 -0.087791
vn -0.366855 0.929282 -0.043042
vn -0.235020 0.969799 -0.065239
vn -0.438947 0.888918 -0.130962
vn -0.524545 0.851383 0.000058
vn -0.429588 0.901249 0.056619
vn -0.526267 0.846035 0.085252
vn -0.457870 0.869758 0.184054
vn -0.488727 0.857249 0.162079
vn -0.442415 0.850428 0.284678
vn -0.405406 0.892884 0.195973
vn -0.381971 0.873715 0.301198
vn -0.514662 0.848748 -0.121452
vn -0.521079 0.843540 -0.130063
vn -0.508090 0.854611 -0.107169
vn -0.546973 0.829694 -0.111482
vn -0.541885 0.830959 -0.125965
vn -0.538607 0.832110 -0.132273
vn -0.534972 0.833772 -0.136485
vn -0.527933 0.838253 -0.136453
vn -0.528820 0.836456 -0.143846
vn -0.532574 0.833813 -0.145331
vn -0.533086 0.831020 -0.158825
vn -0.527765 0.830133 -0.179842
vn -0.518979 0.840375 -0.156306
vn -0.503687 0.845634 -0.176643
vn -0.524849 0.832487 -0.177479
vn -0.530424 0.839190 -0.120042
vn -0.490630 0.852712 -0.179343
vn -0.486483 0.863208 -0.134932
vn -0.475195 0.877728 -0.061510
vn -0.531148 0.846626 -0.033254
vn -0.444779 0.895640 0.001119
vn -0.511813 0.858446 0.033439
vn -0.402192 0.914978 0.032506
vn -0.466787 0.881277 0.073892
vn -0.348564 0.936078 0.047551
vn -0.393759 0.913803 0.099589
vn 0.100997 0.991359 0.083712
vn 0.087363 0.995084 0.046638
vn 0.260477 0.952777 0.156101
vn 0.263725 0.958664 0.106828
vn 0.261505 0.960398 0.096182
vn 0.074996 0.997183 0.001252
vn 0.206256 0.943448 0.259547
vn 0.142475 0.977372 0.156352
vn 0.301852 0.882073 0.361708
vn 0.270627 0.926260 0.262305
vn 0.257679 0.847580 0.463908
vn 0.247664 0.894865 0.371320
vn 0.311860 0.827332 0.467188
vn 0.325679 0.845753 0.422652
vn 0.237269 0.846068 0.477360
vn 0.256438 0.828683 0.497519
vn 0.244389 0.857699 0.452357
vn 0.276039 0.829451 0.485606
vn 0.245144 0.872910 0.421821
vn 0.303103 0.842410 0.445504
vn 0.343357 0.827002 0.445166
vn 0.354636 0.824669 0.440629
vn 0.368593 0.837743 0.402897
vn 0.402232 0.859348 0.315802
vn 0.441856 0.872112 0.210200
vn 0.460904 0.871989 0.164929
vn 0.453248 0.873239 0.178943
vn -0.272622 0.961017 0.046081
vn -0.285959 0.954200 0.087920
vn -0.210225 0.977175 0.030565
vn -0.207629 0.975608 0.071266
vn -0.202245 0.970689 0.129843
vn -0.280701 0.946013 0.162070
vn -0.271178 0.933682 0.233883
vn -0.262387 0.920291 0.290202
vn -0.201185 0.962411 0.182453
vn -0.200964 0.952366 0.229374
vn -0.255175 0.908590 0.330682
vn -0.224255 0.903340 0.365631
vn -0.197803 0.943224 0.266837
vn -0.172787 0.939661 0.295267
vn -0.036776 0.942854 0.331172
vn -0.062979 0.907356 0.415618
vn -0.150966 0.905442 0.396716
vn -0.111568 0.942114 0.316185
vn 0.076473 0.937731 0.338841
vn 0.098586 0.902470 0.419320
vn 0.010031 0.905333 0.424583
vn 0.020351 0.939824 0.341053
vn 0.164729 0.939553 0.300173
vn 0.200533 0.907221 0.369778
vn 0.186763 0.898989 0.396155
vn 0.140214 0.936510 0.321387
vn 0.161860 0.948461 0.272438
vn 0.193547 0.925860 0.324535
vn 0.197525 0.916516 0.347825
vn 0.164089 0.943747 0.287083
vn 0.169794 0.953557 0.248796
vn 0.182257 0.953860 0.238606
vn 0.200974 0.934772 0.292935
vn 0.159072 0.952929 0.258113
vn 0.121564 0.857558 0.499817
vn 0.217818 0.840707 0.495750
vn 0.328793 0.866323 0.376005
vn 0.201979 0.896267 0.394855
vn 0.318795 0.844899 0.429553
vn 0.430387 0.841040 0.327748
vn 0.316582 0.897099 0.308205
vn 0.409279 0.880646 0.238649
vn 0.175338 0.972269 0.154756
vn 0.237592 0.964807 0.112685
vn 0.038665 0.999007 -0.022122
vn -0.008629 0.999638 0.025479
vn -0.027756 0.996795 0.075023
vn -0.021442 0.996548 0.080206
vn 0.104513 0.982434 0.154600
vn 0.053788 0.992127 0.113100
vn 0.205389 0.932368 0.297499
vn 0.103999 0.973302 0.204616
vn 0.202626 0.870778 0.447982
vn 0.102545 0.932026 0.347581
vn 0.129864 0.832358 0.538809
vn 0.092967 0.825109 0.557273
vn 0.087447 0.833566 0.545454
vn 0.079755 0.876191 0.475320
vn 0.094376 0.916930 0.387728
vn 0.074756 0.934878 0.347010
vn 0.100793 0.911053 0.399779
vn 0.148310 0.928648 0.340026
vn 0.061981 0.925418 0.373845
vn 0.087188 0.891941 0.443666
vn 0.072756 0.867403 0.492258
vn 0.050914 0.886987 0.458979
vn 0.110810 0.870223 0.480035
vn 0.079008 0.848266 0.523644
vn 0.018018 0.997209 0.072459
vn -0.032091 0.998276 0.049155
vn 0.039822 0.981153 0.189086
vn 0.038624 0.992570 0.115385
vn 0.012425 0.995324 0.095788
vn 0.007615 0.997560 0.069393
vn 0.047614 0.953863 0.296441
vn 0.071349 0.902026 0.425745
vn 0.037477 0.975539 0.216608
vn 0.019283 0.990829 0.133743
vn 0.132422 0.898795 0.417891
vn 0.061446 0.941904 0.330214
vn 0.082995 0.854853 0.512190
vn 0.125586 0.847765 0.515290
vn -0.540137 0.828631 -0.147049
vn -0.549069 0.828579 -0.109454
vn -0.498713 0.861006 -0.099775
vn -0.481352 0.867157 -0.127825
vn -0.306497 0.950052 -0.058834
vn -0.290504 0.954311 -0.069986
vn -0.056328 0.998379 -0.008128
vn -0.119703 0.992604 -0.020216
vn -0.123848 0.992151 -0.017273
vn -0.058156 0.998306 0.001789
vn -0.004355 0.999821 0.018392
vn 0.006215 0.999879 -0.014285
vn -0.029458 0.996854 0.073583
vn -0.005543 0.995828 0.091078
vn -0.039985 0.997933 0.050310
vn -0.015002 0.998984 -0.042502
vn -0.020742 0.998951 -0.040832
vn -0.020760 0.999335 -0.029970
vn -0.014876 0.999668 -0.021051
vn 0.025306 0.995406 0.092344
vn -0.007903 0.999768 -0.020040
vn 0.054826 0.995672 0.075050
vn 0.066798 0.996647 0.047257
vn -0.008785 0.999633 -0.025620
vn -0.024077 0.999187 -0.032330
vn 0.026409 0.999286 0.027023
vn 0.024386 0.999687 -0.005652
vn 0.021954 0.999285 -0.030792
vn -0.052583 0.998604 -0.005036
vn -0.052005 0.998574 -0.012097
vn -0.120342 0.992402 -0.025611
vn -0.118415 0.992664 -0.024429
vn -0.284989 0.953887 -0.094238
vn -0.283364 0.954845 -0.089311
vn -0.465466 0.867786 -0.174040
vn -0.467418 0.868213 -0.166511
vn -0.523536 0.827777 -0.201730
vn -0.526480 0.828139 -0.192364
vn -0.015612 0.991607 -0.128342
vn -0.023173 0.991387 -0.128899
vn -0.010765 0.993424 -0.113986
vn -0.016820 0.960248 -0.278640
vn -0.019413 0.952089 -0.305206
vn -0.033995 0.949277 -0.312599
vn -0.052948 0.949662 -0.308771
vn -0.029904 0.991981 -0.122798
vn -0.062659 0.952783 -0.297118
vn -0.034030 0.992846 -0.114446
vn -0.041057 0.993512 -0.106054
vn -0.054749 0.993507 -0.099728
vn -0.073073 0.958204 -0.276597
vn -0.094912 0.963920 -0.248695
vn -0.027565 0.864371 -0.502099
vn -0.049636 0.861719 -0.504953
vn -0.025475 0.872953 -0.487138
vn -0.032877 0.821900 -0.568682
vn -0.033390 0.819530 -0.572062
vn -0.057792 0.818841 -0.571104
vn -0.092031 0.817907 -0.567943
vn -0.079896 0.861540 -0.501363
vn -0.109328 0.816613 -0.566737
vn -0.095323 0.863639 -0.495016
vn -0.112475 0.869611 -0.480756
vn -0.149615 0.879460 -0.451847
vn -0.130516 0.816680 -0.562139
vn -0.175791 0.819712 -0.545133
vn -0.032531 0.868449 -0.494710
vn -0.053663 0.868742 -0.492349
vn -0.036033 0.867969 -0.495310
vn -0.035797 0.912496 -0.407517
vn -0.029658 0.913017 -0.406842
vn -0.047700 0.913184 -0.404747
vn -0.085158 0.909976 -0.405822
vn -0.098788 0.865685 -0.490745
vn -0.084871 0.867441 -0.490248
vn -0.074661 0.911895 -0.403575
vn -0.114779 0.865647 -0.487321
vn -0.150831 0.866850 -0.475206
vn -0.097058 0.908686 -0.406040
vn -0.125677 0.908519 -0.398495
vn 0.012860 0.999469 0.029939
vn -0.057777 0.998329 0.000800
vn -0.003783 0.999523 0.030668
vn -0.065294 0.997858 -0.004084
vn -0.123514 0.991608 -0.038171
vn -0.122165 0.992074 -0.029399
vn -0.274759 0.955190 -0.110091
vn -0.282948 0.953766 -0.101345
vn -0.513833 0.825581 -0.233220
vn -0.519751 0.827288 -0.213201
vn -0.460272 0.868581 -0.183620
vn -0.451323 0.870485 -0.196375
vn -0.024524 0.999676 0.006798
vn -0.047720 0.998001 -0.041445
vn -0.077957 0.995797 -0.048075
vn -0.074049 0.997054 -0.019983
vn -0.106325 0.990981 -0.081553
vn -0.123007 0.990862 -0.055329
vn -0.197543 0.964881 -0.173149
vn -0.253048 0.958852 -0.128722
vn -0.076199 0.992414 -0.096478
vn -0.133072 0.966812 -0.218097
vn -0.361005 0.923825 -0.127369
vn -0.448145 0.878155 -0.167361
vn -0.442231 0.878963 -0.178486
vn -0.359901 0.922334 -0.140611
vn -0.433843 0.878574 -0.199720
vn -0.357221 0.919429 -0.164449
vn -0.448692 0.879596 -0.158069
vn -0.453921 0.882317 -0.124390
vn -0.361900 0.924412 -0.120377
vn -0.365309 0.925478 -0.100202
vn -0.355189 0.931329 -0.080419
vn -0.450600 0.887632 -0.095233
vn -0.456482 0.884463 -0.096689
vn -0.363704 0.927804 -0.083065
vn -0.442002 0.891004 -0.103663
vn -0.436785 0.893357 -0.105505
vn -0.346696 0.934263 -0.083394
vn -0.342385 0.935960 -0.082170
vn -0.335037 0.937854 -0.090441
vn -0.423793 0.898426 -0.115024
vn -0.431594 0.895632 -0.107562
vn -0.339421 0.936987 -0.082763
vn -0.412625 0.901742 -0.128845
vn -0.394371 0.906467 -0.150963
vn -0.326861 0.939192 -0.105267
vn -0.310058 0.941917 -0.129059
vn -0.375385 0.913420 -0.157324
vn -0.367091 0.921644 -0.125762
vn -0.291406 0.946404 -0.139292
vn -0.282710 0.952210 -0.115635
vn -0.270452 0.961579 -0.047135
vn -0.340489 0.939834 -0.027917
vn -0.359321 0.929984 -0.077579
vn -0.278204 0.957143 -0.080496
vn -0.232390 0.972609 0.005125
vn -0.286176 0.958025 0.017087
vn -0.313679 0.949490 0.008655
vn -0.256761 0.966444 -0.007724
vn -0.197355 0.980301 0.007763
vn -0.205641 0.978483 0.016793
vn -0.249478 0.968140 0.021594
vn -0.214856 0.976620 0.007097
vn -0.398886 0.832414 -0.384677
vn -0.491932 0.825791 -0.275812
vn -0.421165 0.878428 -0.225799
vn -0.331877 0.891166 -0.309324
vn -0.217967 0.890133 -0.400191
vn -0.262034 0.827696 -0.496244
vn -0.279091 0.915980 -0.288250
vn -0.336944 0.879703 -0.335547
vn -0.223234 0.872810 -0.434015
vn -0.186938 0.911723 -0.365807
vn -0.414875 0.877371 -0.241036
vn -0.343477 0.916318 -0.205877
vn 0.062896 0.996591 0.053395
vn 0.022791 0.999119 0.035246
vn 0.033841 0.992992 0.113229
vn 0.099938 0.979313 0.175947
vn 0.010063 0.999647 0.024608
vn 0.014210 0.996664 0.080365
vn 0.007144 0.997960 0.063437
vn 0.002547 0.998642 0.052033
vn 0.004877 0.999925 0.011260
vn -0.002811 0.999995 -0.001634
vn -0.014783 0.999119 0.039287
vn -0.030428 0.999077 0.030307
vn -0.038970 0.998633 0.034825
vn -0.010462 0.999530 -0.028830
vn -0.013300 0.982044 -0.188185
vn -0.016315 0.972167 -0.233721
vn -0.007504 0.996329 -0.085284
vn -0.004162 0.998248 -0.059016
vn -0.023256 0.830973 -0.555826
vn -0.034035 0.826102 -0.562492
vn -0.025822 0.888417 -0.458311
vn -0.019372 0.905549 -0.423800
vn -0.030276 0.910269 -0.412908
vn -0.041712 0.911725 -0.408679
vn -0.039560 0.867400 -0.496037
vn -0.027648 0.866400 -0.498584
vn 0.003926 0.991975 -0.126374
vn -0.007254 0.988250 -0.152676
vn -0.000036 0.999170 -0.040723
vn 0.007187 0.999636 -0.026009
vn 0.015209 0.903380 -0.428571
vn -0.010162 0.907452 -0.420032
vn -0.008327 0.864062 -0.503316
vn 0.015761 0.860288 -0.509564
vn -0.006546 0.835198 -0.549911
vn 0.014776 0.838439 -0.544796
vn -0.008503 0.919627 -0.392701
vn 0.008095 0.930124 -0.367156
vn 0.117888 0.893737 -0.432824
vn 0.055618 0.898951 -0.434504
vn 0.058031 0.856297 -0.513214
vn 0.136499 0.853114 -0.503553
vn 0.057639 0.840612 -0.538563
vn 0.151925 0.838219 -0.523743
vn 0.045556 0.935695 -0.349856
vn 0.131284 0.925365 -0.355619
vn 0.028460 0.993237 -0.112559
vn 0.082378 0.988574 -0.126239
vn 0.022713 0.999623 -0.015451
vn 0.056864 0.998342 -0.008974
vn 0.380957 0.886493 -0.262682
vn 0.332842 0.886662 -0.321009
vn 0.321328 0.865720 -0.383768
vn 0.393160 0.856845 -0.333530
vn 0.304707 0.873790 -0.379004
vn 0.245328 0.894192 -0.374480
vn 0.237254 0.886985 -0.396192
vn 0.281608 0.853115 -0.439195
vn 0.357463 0.828981 -0.430128
vn 0.470450 0.852626 -0.227390
vn 0.436434 0.885243 -0.160841
vn 0.433488 0.842335 -0.320249
vn 0.485001 0.866173 -0.120490
vn 0.522925 0.848782 -0.078220
vn 0.468082 0.881765 -0.058226
vn 0.500186 0.865009 0.039668
vn 0.532582 0.845546 0.037533
vn 0.496266 0.857829 0.133604
vn 0.515856 0.848159 0.120499
vn 0.452284 0.886882 0.094232
vn 0.470432 0.882150 0.022470
vn 0.197577 0.950322 0.240523
vn 0.295180 0.914315 0.277303
vn 0.311497 0.884610 0.347038
vn 0.241068 0.913919 0.326555
vn 0.367473 0.899682 0.235661
vn 0.407900 0.859635 0.307645
vn 0.401031 0.827808 0.392312
vn 0.302848 0.854437 0.422163
vn 0.237231 0.893031 0.382383
vn 0.469780 0.844452 0.257308
vn 0.477390 0.852531 0.212813
vn 0.418323 0.892475 0.168804
vn 0.225498 0.848684 -0.478421
vn 0.264091 0.829369 -0.492344
vn 0.188740 0.887762 -0.419828
vn 0.273492 0.889643 -0.365703
vn 0.252535 0.956656 -0.145034
vn 0.257390 0.961336 0.097899
vn 0.241189 0.970416 0.011027
vn 0.278246 0.856235 0.435249
vn 0.283832 0.927490 0.243313
vn 0.228876 0.849459 0.475432
vn 0.187479 0.881375 0.433623
s 1
g group3 polySurface1
usemtl initialShadingGroup
f 458/1480/1565 752/1973/1566 921/1826/1567 755/1977/1568
f 752/1973/1566 469/1505/1569 753/1974/1570 921/1826/1567
f 921/1826/1567 753/1974/1570 470/1506/1571 754/1975/1572
f 755/1977/1568 921/1826/1567 754/1975/1572 437/1400/1573
f 457/1478/1574 756/1979/1575 922/1827/1576 758/1982/1577
f 756/1979/1575 458/1481/1565 755/1978/1568 922/1827/1576
f 922/1827/1576 755/1978/1568 437/1403/1573 757/1980/1578
f 758/1982/1577 922/1827/1576 757/1980/1578 439/1408/1579
f 463/1492/1580 759/1984/1581 923/1828/1582 761/1986/1583
f 759/1984/1581 464/1494/1584 760/1985/1585 923/1828/1582
f 923/1828/1582 760/1985/1585 457/1479/1574 758/1983/1577
f 761/1986/1583 923/1828/1582 758/1983/1577 439/1412/1579
f 462/1490/1586 762/1988/1587 924/1829/1588 764/1991/1589
f 762/1988/1587 463/1493/1580 761/1987/1583 924/1829/1588
f 924/1829/1588 761/1987/1583 439/1411/1579 763/1989/1590
f 764/1991/1589 924/1829/1588 763/1989/1590 443/1424/1591
f 446/1433/1592 765/1993/1593 925/1830/1594 767/1997/1595
f 765/1993/1593 445/1430/1596 766/1995/1597 925/1830/1594
f 925/1830/1594 766/1995/1597 439/1409/1579 757/1981/1578
f 767/1997/1595 925/1830/1594 757/1981/1578 437/1402/1573
f 445/1432/1596 768/1999/1598 926/1831/1599 766/1996/1597
f 768/1999/1598 447/1437/1600 769/2001/1601 926/1831/1599
f 926/1831/1599 769/2001/1601 443/1425/1591 763/1990/1590
f 766/1996/1597 926/1831/1599 763/1990/1590 439/1410/1579
f 461/1487/1602 770/2003/1603 927/1832/1604 771/2004/1605
f 770/2003/1603 462/1491/1586 764/1992/1589 927/1832/1604
f 927/1832/1604 764/1992/1589 443/1426/1591 769/2002/1601
f 771/2004/1605 927/1832/1604 769/2002/1601 447/1441/1600
f 448/1442/1606 772/2006/1607 928/1833/1608 775/2012/1609
f 772/2006/1607 449/1446/1610 773/2008/1611 928/1833/1608
f 928/1833/1608 773/2008/1611 442/1420/1612 774/2010/1613
f 775/2012/1609 928/1833/1608 774/2010/1613 444/1427/1614
f 455/1473/1615 776/2014/1616 929/1834/1617 778/2017/1618
f 776/2014/1616 456/1476/1619 777/2015/1620 929/1834/1617
f 929/1834/1617 777/2015/1620 442/1421/1612 773/2009/1611
f 778/2017/1618 929/1834/1617 773/2009/1611 449/1449/1610
f 440/1413/1621 779/2019/1622 930/1835/1623 782/2024/1624
f 779/2019/1622 465/1495/1625 780/2021/1626 930/1835/1623
f 930/1835/1623 780/2021/1626 466/1497/1627 781/2022/1628
f 782/2024/1624 930/1835/1623 781/2022/1628 451/1455/1629
f 451/1458/1629 783/2026/1630 931/1836/1631 782/2025/1624
f 783/2026/1630 452/1459/1632 784/2028/1633 931/1836/1631
f 931/1836/1631 784/2028/1633 438/1404/1634 785/2030/1635
f 782/2025/1624 931/1836/1631 785/2030/1635 440/1414/1621
f 467/1500/1636 786/2032/1637 932/1837/1638 788/2035/1639
f 786/2032/1637 468/1503/1640 787/2033/1641 932/1837/1638
f 932/1837/1638 787/2033/1641 438/1405/1634 784/2029/1633
f 788/2035/1639 932/1837/1638 784/2029/1633 452/1462/1632
f 436/1397/1642 789/2037/1643 933/1838/1644 792/2042/1645
f 789/2037/1643 459/1482/1646 790/2039/1647 933/1838/1644
f 933/1838/1644 790/2039/1647 460/1484/1648 791/2040/1649
f 792/2042/1645 933/1838/1644 791/2040/1649 454/1468/1650
f 437/1401/1573 754/1976/1572 934/1839/1651 767/1998/1595
f 754/1976/1572 470/1507/1571 793/2044/1652 934/1839/1651
f 934/1839/1651 793/2044/1652 471/1508/1653 794/2045/1654
f 767/1998/1595 934/1839/1651 794/2045/1654 446/1434/1592
f 441/1417/1655 795/2047/1656 935/1840/1657 797/2051/1658
f 795/2047/1656 456/1476/1619 776/2014/1616 935/1840/1657
f 935/1840/1657 776/2014/1616 455/1473/1615 796/2049/1659
f 797/2051/1658 935/1840/1657 796/2049/1659 450/1450/1660
f 457/1479/1574 760/1985/1585 936/1841/1661 799/2054/1662
f 760/1985/1585 464/1494/1584 798/2053/1663 936/1841/1661
f 936/1841/1661 798/2053/1663 465/1496/1625 779/2020/1622
f 799/2054/1662 936/1841/1661 779/2020/1622 440/1416/1621
f 440/1415/1621 785/2031/1635 937/1842/1664 799/2055/1662
f 785/2031/1635 438/1407/1634 800/2056/1665 937/1842/1664
f 937/1842/1664 800/2056/1665 458/1481/1565 756/1979/1575
f 799/2055/1662 937/1842/1664 756/1979/1575 457/1478/1574
f 468/1504/1640 801/2058/1666 938/1843/1667 787/2034/1641
f 801/2058/1666 469/1505/1569 752/1973/1566 938/1843/1667
f 938/1843/1667 752/1973/1566 458/1480/1565 800/2057/1665
f 787/2034/1641 938/1843/1667 800/2057/1665 438/1406/1634
f 460/1484/1648 790/2039/1647 939/1844/1668 804/2063/1669
f 790/2039/1647 459/1482/1646 802/2059/1670 939/1844/1668
f 939/1844/1668 802/2059/1670 435/1394/1671 803/2061/1672
f 804/2063/1669 939/1844/1668 803/2061/1672 453/1463/1673
f 444/1429/1614 805/2065/1674 940/1845/1675 775/2013/1609
f 805/2065/1674 462/1491/1586 770/2003/1603 940/1845/1675
f 940/1845/1675 770/2003/1603 461/1487/1602 806/2067/1676
f 775/2013/1609 940/1845/1675 806/2067/1676 448/1443/1606
f 444/1428/1614 774/2011/1613 941/1846/1677 805/2066/1674
f 774/2011/1613 442/1423/1612 807/2069/1678 941/1846/1677
f 941/1846/1677 807/2069/1678 463/1493/1580 762/1988/1587
f 805/2066/1674 941/1846/1677 762/1988/1587 462/1490/1586
f 442/1422/1612 777/2016/1620 942/1847/1679 807/2070/1678
f 777/2016/1620 456/1477/1619 808/2071/1680 942/1847/1679
f 942/1847/1679 808/2071/1680 464/1494/1584 759/1984/1581
f 807/2070/1678 942/1847/1679 759/1984/1581 463/1492/1580
f 465/1496/1625 798/2053/1663 943/1848/1681 809/2072/1682
f 798/2053/1663 464/1494/1584 808/2071/1680 943/1848/1681
f 943/1848/1681 808/2071/1680 456/1477/1619 795/2048/1656
f 809/2072/1682 943/1848/1681 795/2048/1656 441/1419/1655
f 466/1497/1627 780/2021/1626 944/1849/1683 810/2074/1684
f 780/2021/1626 465/1495/1625 809/2073/1682 944/1849/1683
f 944/1849/1683 809/2073/1682 441/1418/1655 797/2052/1658
f 810/2074/1684 944/1849/1683 797/2052/1658 450/1454/1660
f 435/1396/1671 811/2076/1685 945/1850/1686 803/2062/1672
f 811/2076/1685 468/1503/1640 786/2032/1637 945/1850/1686
f 945/1850/1686 786/2032/1637 467/1500/1636 812/2078/1687
f 803/2062/1672 945/1850/1686 812/2078/1687 453/1464/1673
f 435/1395/1671 802/2060/1670 946/1851/1688 811/2077/1685
f 802/2060/1670 459/1483/1646 813/2080/1689 946/1851/1688
f 946/1851/1688 813/2080/1689 469/1505/1569 801/2058/1666
f 811/2077/1685 946/1851/1688 801/2058/1666 468/1504/1640
f 470/1506/1571 753/1974/1570 947/1852/1690 814/2081/1691
f 753/1974/1570 469/1505/1569 813/2080/1689 947/1852/1690
f 947/1852/1690 813/2080/1689 459/1483/1646 789/2038/1643
f 814/2081/1691 947/1852/1690 789/2038/1643 436/1399/1642
f 471/1508/1653 793/2044/1652 948/1853/1692 815/2083/1693
f 793/2044/1652 470/1507/1571 814/2082/1691 948/1853/1692
f 948/1853/1692 814/2082/1691 436/1398/1642 792/2043/1645
f 815/2083/1693 948/1853/1692 792/2043/1645 454/1472/1650
f 481/1532/1694 816/2085/1695 949/1854/1696 818/2088/1697
f 816/2085/1695 482/1534/1698 817/2086/1699 949/1854/1696
f 949/1854/1696 817/2086/1699 454/1469/1650 791/2041/1649
f 818/2088/1697 949/1854/1696 791/2041/1649 460/1486/1648
f 480/1530/1700 819/2090/1701 950/1855/1702 820/2091/1703
f 819/2090/1701 481/1533/1694 818/2089/1697 950/1855/1702
f 950/1855/1702 818/2089/1697 460/1485/1648 804/2064/1669
f 820/2091/1703 950/1855/1702 804/2064/1669 453/1467/1673
f 476/1519/1704 821/2093/1705 951/1856/1706 823/2096/1707
f 821/2093/1705 479/1527/1708 822/2095/1709 951/1856/1706
f 951/1856/1706 822/2095/1709 480/1531/1700 820/2092/1703
f 823/2096/1707 951/1856/1706 820/2092/1703 453/1466/1673
f 510/1592/1710 824/2098/1711 952/1857/1712 827/2101/1713
f 824/2098/1711 511/1595/1714 825/2099/1715 952/1857/1712
f 952/1857/1712 825/2099/1715 483/1536/1716 826/2100/1717
f 827/2101/1713 952/1857/1712 826/2100/1717 477/1525/1718
f 480/1531/1700 822/2095/1709 953/1858/1719 830/2106/1720
f 822/2095/1709 479/1527/1708 828/2103/1721 953/1858/1719
f 953/1858/1719 828/2103/1721 484/1537/1722 829/2105/1723
f 830/2106/1720 953/1858/1719 829/2105/1723 485/1540/1724
f 485/1541/1724 831/2108/1725 954/1859/1726 830/2107/1720
f 831/2108/1725 486/1542/1727 832/2109/1728 954/1859/1726
f 954/1859/1726 832/2109/1728 481/1533/1694 819/2090/1701
f 830/2107/1720 954/1859/1726 819/2090/1701 480/1530/1700
f 486/1543/1727 833/2111/1729 955/1860/1730 832/2110/1728
f 833/2111/1729 487/1544/1731 834/2112/1732 955/1860/1730
f 955/1860/1730 834/2112/1732 482/1534/1698 816/2085/1695
f 832/2110/1728 955/1860/1730 816/2085/1695 481/1532/1694
f 511/1595/1714 835/2114/1733 956/1861/1734 825/2099/1715
f 835/2114/1733 512/1596/1735 836/2115/1736 956/1861/1734
f 956/1861/1734 836/2115/1736 488/1546/1737 837/2116/1738
f 825/2099/1715 956/1861/1734 837/2116/1738 483/1536/1716
f 485/1540/1724 829/2105/1723 957/1862/1739 840/2120/1740
f 829/2105/1723 484/1537/1722 838/2117/1741 957/1862/1739
f 957/1862/1739 838/2117/1741 489/1547/1742 839/2119/1743
f 840/2120/1740 957/1862/1739 839/2119/1743 490/1550/1744
f 490/1551/1744 841/2122/1745 958/1863/1746 840/2121/1740
f 841/2122/1745 491/1552/1747 842/2123/1748 958/1863/1746
f 958/1863/1746 842/2123/1748 486/1542/1727 831/2108/1725
f 840/2121/1740 958/1863/1746 831/2108/1725 485/1541/1724
f 491/1553/1747 843/2125/1749 959/1864/1750 842/2124/1748
f 843/2125/1749 492/1554/1751 844/2126/1752 959/1864/1750
f 959/1864/1750 844/2126/1752 487/1544/1731 833/2111/1729
f 842/2124/1748 959/1864/1750 833/2111/1729 486/1543/1727
f 512/1596/1735 845/2128/1753 960/1865/1754 836/2115/1736
f 845/2128/1753 513/1597/1755 846/2129/1756 960/1865/1754
f 960/1865/1754 846/2129/1756 493/1556/1757 847/2130/1758
f 836/2115/1736 960/1865/1754 847/2130/1758 488/1546/1737
f 490/1550/1744 839/2119/1743 961/1866/1759 850/2134/1760
f 839/2119/1743 489/1547/1742 848/2131/1761 961/1866/1759
f 961/1866/1759 848/2131/1761 522/1608/1762 849/2133/1763
f 850/2134/1760 961/1866/1759 849/2133/1763 523/1610/1764
f 523/1611/1764 851/2136/1765 962/1867/1766 850/2135/1760
f 851/2136/1765 524/1612/1767 852/2137/1768 962/1867/1766
f 962/1867/1766 852/2137/1768 491/1552/1747 841/2122/1745
f 850/2135/1760 962/1867/1766 841/2122/1745 490/1551/1744
f 524/1613/1767 853/2139/1769 963/1868/1770 852/2138/1768
f 853/2139/1769 525/1614/1771 854/2140/1772 963/1868/1770
f 963/1868/1770 854/2140/1772 492/1554/1751 843/2125/1749
f 852/2138/1768 963/1868/1770 843/2125/1749 491/1553/1747
f 527/1617/1773 855/2142/1774 964/1869/1775 857/2144/1776
f 855/2142/1774 528/1618/1777 856/2143/1778 964/1869/1775
f 964/1869/1775 856/2143/1778 493/1556/1757 846/2129/1756
f 857/2144/1776 964/1869/1775 846/2129/1756 513/1597/1755
f 495/1561/1779 858/2145/1780 965/1870/1781 860/2149/1782
f 858/2145/1780 467/1501/1636 788/2036/1639 965/1870/1781
f 965/1870/1781 788/2036/1639 452/1461/1632 859/2147/1783
f 860/2149/1782 965/1870/1781 859/2147/1783 494/1557/1784
f 467/1502/1636 858/2146/1780 966/1871/1785 812/2079/1687
f 858/2146/1780 495/1564/1779 861/2151/1786 966/1871/1785
f 966/1871/1785 861/2151/1786 476/1520/1704 823/2097/1707
f 812/2079/1687 966/1871/1785 823/2097/1707 453/1465/1673
f 494/1560/1784 862/2153/1787 967/1872/1788 860/2150/1782
f 862/2153/1787 503/1578/1789 863/2155/1790 967/1872/1788
f 967/1872/1788 863/2155/1790 504/1581/1791 864/2156/1792
f 860/2150/1782 967/1872/1788 864/2156/1792 495/1562/1779
f 504/1582/1791 865/2158/1793 968/1873/1794 864/2157/1792
f 865/2158/1793 505/1583/1795 866/2159/1796 968/1873/1794
f 968/1873/1794 866/2159/1796 476/1521/1704 861/2152/1786
f 864/2157/1792 968/1873/1794 861/2152/1786 495/1563/1779
f 479/1529/1708 867/2161/1797 969/1874/1798 828/2104/1721
f 867/2161/1797 506/1585/1799 868/2163/1800 969/1874/1798
f 969/1874/1798 868/2163/1800 507/1587/1801 869/2164/1802
f 828/2104/1721 969/1874/1798 869/2164/1802 484/1538/1722
f 476/1522/1704 866/2160/1796 970/1875/1803 821/2094/1705
f 866/2160/1796 505/1584/1795 870/2166/1804 970/1875/1803
f 970/1875/1803 870/2166/1804 506/1586/1799 867/2162/1797
f 821/2094/1705 970/1875/1803 867/2162/1797 479/1528/1708
f 507/1588/1801 871/2167/1805 971/1876/1806 869/2165/1802
f 871/2167/1805 508/1589/1807 872/2168/1808 971/1876/1806
f 971/1876/1806 872/2168/1808 489/1548/1742 838/2118/1741
f 869/2165/1802 971/1876/1806 838/2118/1741 484/1539/1722
f 508/1590/1807 873/2170/1809 972/1877/1810 872/2169/1808
f 873/2170/1809 521/1607/1811 874/2171/1812 972/1877/1810
f 972/1877/1810 874/2171/1812 522/1609/1762 848/2132/1761
f 872/2169/1808 972/1877/1810 848/2132/1761 489/1549/1742
f 504/1581/1791 863/2155/1790 973/1878/1813 877/2175/1814
f 863/2155/1790 503/1578/1789 875/2172/1815 973/1878/1813
f 973/1878/1813 875/2172/1815 571/1743/1816 876/2174/1817
f 877/2175/1814 973/1878/1813 876/2174/1817 572/1745/1818
f 572/1746/1818 878/2177/1819 974/1879/1820 877/2176/1814
f 878/2177/1819 573/1747/1821 879/2178/1822 974/1879/1820
f 974/1879/1820 879/2178/1822 505/1583/1795 865/2158/1793
f 877/2176/1814 974/1879/1820 865/2158/1793 504/1582/1791
f 506/1586/1799 870/2166/1804 975/1880/1823 881/2181/1824
f 870/2166/1804 505/1584/1795 879/2179/1822 975/1880/1823
f 975/1880/1823 879/2179/1822 573/1748/1821 880/2180/1825
f 881/2181/1824 975/1880/1823 880/2180/1825 574/1749/1826
f 507/1587/1801 868/2163/1800 976/1881/1827 883/2184/1828
f 868/2163/1800 506/1585/1799 881/2182/1824 976/1881/1827
f 976/1881/1827 881/2182/1824 574/1750/1826 882/2183/1829
f 883/2184/1828 976/1881/1827 882/2183/1829 575/1751/1830
f 575/1752/1830 884/2186/1831 977/1882/1832 883/2185/1828
f 884/2186/1831 576/1753/1833 885/2187/1834 977/1882/1832
f 977/1882/1832 885/2187/1834 508/1589/1807 871/2167/1805
f 883/2185/1828 977/1882/1832 871/2167/1805 507/1588/1801
f 576/1754/1833 886/2189/1835 978/1883/1836 885/2188/1834
f 886/2189/1835 577/1755/1837 887/2190/1838 978/1883/1836
f 978/1883/1836 887/2190/1838 521/1607/1811 873/2170/1809
f 885/2188/1834 978/1883/1836 873/2170/1809 508/1590/1807
f 482/1535/1698 888/2191/1839 979/1884/1840 817/2087/1699
f 888/2191/1839 518/1602/1841 889/2192/1842 979/1884/1840
f 979/1884/1840 889/2192/1842 519/1603/1843 890/2193/1844
f 817/2087/1699 979/1884/1840 890/2193/1844 454/1470/1650
f 487/1545/1731 891/2195/1845 980/1885/1846 834/2113/1732
f 891/2195/1845 517/1601/1847 892/2196/1848 980/1885/1846
f 980/1885/1846 892/2196/1848 518/1602/1841 888/2191/1839
f 834/2113/1732 980/1885/1846 888/2191/1839 482/1535/1698
f 492/1555/1751 893/2197/1849 981/1886/1850 844/2127/1752
f 893/2197/1849 516/1600/1851 894/2198/1852 981/1886/1850
f 981/1886/1850 894/2198/1852 517/1601/1847 891/2195/1845
f 844/2127/1752 981/1886/1850 891/2195/1845 487/1545/1731
f 525/1615/1771 895/2199/1853 982/1887/1854 854/2141/1772
f 895/2199/1853 526/1616/1855 896/2200/1856 982/1887/1854
f 982/1887/1854 896/2200/1856 516/1600/1851 893/2197/1849
f 854/2141/1772 982/1887/1854 893/2197/1849 492/1555/1751
f 526/1616/1855 897/2201/1857 983/1888/1858 896/2200/1856
f 897/2201/1857 527/1617/1773 857/2144/1776 983/1888/1858
f 983/1888/1858 857/2144/1776 513/1597/1755 898/2202/1859
f 896/2200/1856 983/1888/1858 898/2202/1859 516/1600/1851
f 517/1601/1847 894/2198/1852 984/1889/1860 899/2203/1861
f 894/2198/1852 516/1600/1851 898/2202/1859 984/1889/1860
f 984/1889/1860 898/2202/1859 513/1597/1755 845/2128/1753
f 899/2203/1861 984/1889/1860 845/2128/1753 512/1596/1735
f 518/1602/1841 892/2196/1848 985/1890/1862 900/2204/1863
f 892/2196/1848 517/1601/1847 899/2203/1861 985/1890/1862
f 985/1890/1862 899/2203/1861 512/1596/1735 835/2114/1733
f 900/2204/1863 985/1890/1862 835/2114/1733 511/1595/1714
f 519/1603/1843 889/2192/1842 986/1891/1864 901/2205/1865
f 889/2192/1842 518/1602/1841 900/2204/1863 986/1891/1864
f 986/1891/1864 900/2204/1863 511/1595/1714 824/2098/1711
f 901/2205/1865 986/1891/1864 824/2098/1711 510/1592/1710
f 577/1755/1837 902/2207/1866 987/1892/1867 887/2190/1838
f 902/2207/1866 578/1756/1868 903/2208/1869 987/1892/1867
f 987/1892/1867 903/2208/1869 509/1591/1870 904/2209/1871
f 887/2190/1838 987/1892/1867 904/2209/1871 521/1607/1811
f 522/1609/1762 874/2171/1812 988/1893/1872 906/2211/1873
f 874/2171/1812 521/1607/1811 904/2209/1871 988/1893/1872
f 988/1893/1872 904/2209/1871 509/1591/1870 905/2210/1874
f 906/2211/1873 988/1893/1872 905/2210/1874 475/1518/1875
f 523/1610/1764 849/2133/1763 989/1894/1876 908/2214/1877
f 849/2133/1763 522/1608/1762 906/2212/1873 989/1894/1876
f 989/1894/1876 906/2212/1873 475/1517/1875 907/2213/1878
f 908/2214/1877 989/1894/1876 907/2213/1878 474/1516/1879
f 472/1512/1880 909/2216/1881 990/1895/1882 910/2218/1883
f 909/2216/1881 524/1612/1767 851/2136/1765 990/1895/1882
f 990/1895/1882 851/2136/1765 523/1611/1764 908/2215/1877
f 910/2218/1883 990/1895/1882 908/2215/1877 474/1515/1879
f 473/1514/1884 911/2219/1885 991/1896/1886 912/2221/1887
f 911/2219/1885 525/1614/1771 853/2139/1769 991/1896/1886
f 991/1896/1886 853/2139/1769 524/1613/1767 909/2217/1881
f 912/2221/1887 991/1896/1886 909/2217/1881 472/1511/1880
f 515/1599/1888 913/2222/1889 992/1897/1890 914/2223/1891
f 913/2222/1889 526/1616/1855 895/2199/1853 992/1897/1890
f 992/1897/1890 895/2199/1853 525/1615/1771 911/2220/1885
f 914/2223/1891 992/1897/1890 911/2220/1885 473/1513/1884
f 514/1598/1892 915/2224/1893 993/1898/1894 916/2225/1895
f 915/2224/1893 527/1617/1773 897/2201/1857 993/1898/1894
f 993/1898/1894 897/2201/1857 526/1616/1855 913/2222/1889
f 916/2225/1895 993/1898/1894 913/2222/1889 515/1599/1888
f 478/1526/1896 917/2226/1897 994/1899/1898 918/2227/1899
f 917/2226/1897 528/1618/1777 855/2142/1774 994/1899/1898
f 994/1899/1898 855/2142/1774 527/1617/1773 915/2224/1893
f 918/2227/1899 994/1899/1898 915/2224/1893 514/1598/1892
f 530/1623/1900 919/2228/1901 995/1900/1902 605/2232/1903
f 919/2228/1901 529/1619/1904 920/2230/1905 995/1900/1902
f 995/1900/1902 920/2230/1905 510/1593/1710 827/2102/1713
f 605/2232/1903 995/1900/1902 827/2102/1713 477/1524/1718
f 529/1622/1904 606/2234/1906 996/1901/1907 920/2231/1905
f 606/2234/1906 531/1627/1908 607/2236/1909 996/1901/1907
f 996/1901/1907 607/2236/1909 519/1604/1843 901/2206/1865
f 920/2231/1905 996/1901/1907 901/2206/1865 510/1594/1710
f 471/1509/1653 815/2084/1693 997/1902/1910 608/2238/1911
f 815/2084/1693 454/1471/1650 890/2194/1844 997/1902/1910
f 997/1902/1910 890/2194/1844 519/1605/1843 607/2237/1909
f 608/2238/1911 997/1902/1910 607/2237/1909 531/1630/1908
f 446/1435/1592 794/2046/1654 998/1903/1912 610/2242/1913
f 794/2046/1654 471/1510/1653 608/2239/1911 998/1903/1912
f 998/1903/1912 608/2239/1911 531/1629/1908 609/2240/1914
f 610/2242/1913 998/1903/1912 609/2240/1914 532/1631/1915
f 532/1632/1915 609/2241/1914 999/1904/1916 612/2246/1917
f 609/2241/1914 531/1628/1908 606/2235/1906 999/1904/1916
f 999/1904/1916 606/2235/1906 529/1621/1904 611/2244/1918
f 612/2246/1917 999/1904/1916 611/2244/1918 533/1635/1919
f 529/1620/1904 919/2229/1901 1000/1905/1920 611/2245/1918
f 919/2229/1901 530/1626/1900 613/2248/1921 1000/1905/1920
f 1000/1905/1920 613/2248/1921 534/1639/1922 614/2250/1923
f 611/2245/1918 1000/1905/1920 614/2250/1923 533/1636/1919
f 536/1645/1924 615/2252/1925 1001/1906/1926 617/2255/1927
f 615/2252/1925 535/1644/1928 616/2253/1929 1001/1906/1926
f 1001/1906/1926 616/2253/1929 530/1624/1900 605/2233/1903
f 617/2255/1927 1001/1906/1926 605/2233/1903 477/1523/1718
f 530/1625/1900 616/2254/1929 1002/1907/1930 613/2249/1921
f 616/2254/1929 535/1643/1928 618/2256/1931 1002/1907/1930
f 1002/1907/1930 618/2256/1931 537/1648/1932 619/2257/1933
f 613/2249/1921 1002/1907/1930 619/2257/1933 534/1640/1922
f 532/1634/1915 620/2259/1934 1003/1908/1935 610/2243/1913
f 620/2259/1934 447/1438/1600 768/2000/1598 1003/1908/1935
f 1003/1908/1935 768/2000/1598 445/1431/1596 765/1994/1593
f 610/2243/1913 1003/1908/1935 765/1994/1593 446/1436/1592
f 533/1638/1919 621/2261/1936 1004/1909/1937 612/2247/1917
f 621/2261/1936 538/1649/1938 622/2263/1939 1004/1909/1937
f 1004/1909/1937 622/2263/1939 447/1439/1600 620/2260/1934
f 612/2247/1917 1004/1909/1937 620/2260/1934 532/1633/1915
f 533/1637/1919 614/2251/1923 1005/1910/1940 621/2262/1936
f 614/2251/1923 534/1642/1922 623/2265/1941 1005/1910/1940
f 1005/1910/1940 623/2265/1941 539/1653/1942 624/2267/1943
f 621/2262/1936 1005/1910/1940 624/2267/1943 538/1650/1938
f 540/1657/1944 625/2269/1945 1006/1911/1946 626/2271/1947
f 625/2269/1945 539/1654/1942 623/2266/1941 1006/1911/1946
f 1006/1911/1946 623/2266/1941 534/1641/1922 619/2258/1933
f 626/2271/1947 1006/1911/1946 619/2258/1933 537/1647/1932
f 570/1741/1948 627/2273/1949 1007/1912/1950 629/2276/1951
f 627/2273/1949 571/1744/1816 875/2173/1815 1007/1912/1950
f 1007/1912/1950 875/2173/1815 503/1580/1789 628/2274/1952
f 629/2276/1951 1007/1912/1950 628/2274/1952 541/1661/1953
f 543/1667/1954 630/2278/1955 1008/1913/1956 631/2280/1957
f 630/2278/1955 541/1662/1953 628/2275/1952 1008/1913/1956
f 1008/1913/1956 628/2275/1952 503/1579/1789 862/2154/1787
f 631/2280/1957 1008/1913/1956 862/2154/1787 494/1559/1784
f 494/1558/1784 859/2148/1783 1009/1914/1958 631/2281/1957
f 859/2148/1783 452/1460/1632 783/2027/1630 1009/1914/1958
f 1009/1914/1958 783/2027/1630 451/1457/1629 632/2282/1959
f 631/2281/1957 1009/1914/1958 632/2282/1959 543/1668/1954
f 449/1447/1610 772/2007/1607 1010/1915/1960 635/2287/1961
f 772/2007/1607 448/1445/1606 633/2284/1962 1010/1915/1960
f 1010/1915/1960 633/2284/1962 551/1689/1963 634/2286/1964
f 635/2287/1961 1010/1915/1960 634/2286/1964 552/1692/1965
f 552/1693/1965 636/2289/1966 1011/1916/1967 635/2288/1961
f 636/2289/1966 553/1694/1968 637/2290/1969 1011/1916/1967
f 1011/1916/1967 637/2290/1969 455/1474/1615 778/2018/1618
f 635/2288/1961 1011/1916/1967 778/2018/1618 449/1448/1610
f 455/1475/1615 637/2291/1969 1012/1917/1970 796/2050/1659
f 637/2291/1969 553/1695/1968 638/2292/1971 1012/1917/1970
f 1012/1917/1970 638/2292/1971 554/1696/1972 639/2293/1973
f 796/2050/1659 1012/1917/1970 639/2293/1973 450/1451/1660
f 466/1499/1627 640/2295/1974 1013/1918/1975 781/2023/1628
f 640/2295/1974 548/1679/1976 641/2297/1977 1013/1918/1975
f 1013/1918/1975 641/2297/1977 543/1669/1954 632/2283/1959
f 781/2023/1628 1013/1918/1975 632/2283/1959 451/1456/1629
f 548/1682/1976 642/2299/1978 1014/1919/1979 641/2298/1977
f 642/2299/1978 549/1683/1980 643/2301/1981 1014/1919/1979
f 1014/1919/1979 643/2301/1981 541/1663/1953 630/2279/1955
f 641/2298/1977 1014/1919/1979 630/2279/1955 543/1670/1954
f 549/1686/1980 644/2303/1982 1015/1920/1983 643/2302/1981
f 644/2303/1982 569/1739/1984 645/2305/1985 1015/1920/1983
f 1015/1920/1983 645/2305/1985 570/1742/1948 629/2277/1951
f 643/2302/1981 1015/1920/1983 629/2277/1951 541/1664/1953
f 552/1692/1965 634/2286/1964 1016/1921/1986 648/2309/1987
f 634/2286/1964 551/1689/1963 646/2306/1988 1016/1921/1986
f 1016/1921/1986 646/2306/1988 555/1699/1989 647/2308/1990
f 648/2309/1987 1016/1921/1986 647/2308/1990 556/1702/1991
f 556/1703/1991 649/2311/1992 1017/1922/1993 648/2310/1987
f 649/2311/1992 557/1704/1994 650/2312/1995 1017/1922/1993
f 1017/1922/1993 650/2312/1995 553/1694/1968 636/2289/1966
f 648/2310/1987 1017/1922/1993 636/2289/1966 552/1693/1965
f 554/1696/1972 638/2292/1971 1018/1923/1996 652/2315/1997
f 638/2292/1971 553/1695/1968 650/2313/1995 1018/1923/1996
f 1018/1923/1996 650/2313/1995 557/1705/1994 651/2314/1998
f 652/2315/1997 1018/1923/1996 651/2314/1998 558/1706/1999
f 556/1702/1991 647/2308/1990 1019/1924/2000 655/2320/2001
f 647/2308/1990 555/1699/1989 653/2317/2002 1019/1924/2000
f 1019/1924/2000 653/2317/2002 559/1709/2003 654/2319/2004
f 655/2320/2001 1019/1924/2000 654/2319/2004 560/1712/2005
f 560/1713/2005 656/2322/2006 1020/1925/2007 655/2321/2001
f 656/2322/2006 561/1714/2008 657/2323/2009 1020/1925/2007
f 1020/1925/2007 657/2323/2009 557/1704/1994 649/2311/1992
f 655/2321/2001 1020/1925/2007 649/2311/1992 556/1703/1991
f 558/1706/1999 651/2314/1998 1021/1926/2010 659/2326/2011
f 651/2314/1998 557/1705/1994 657/2324/2009 1021/1926/2010
f 1021/1926/2010 657/2324/2009 561/1715/2008 658/2325/2012
f 659/2326/2011 1021/1926/2010 658/2325/2012 562/1716/2013
f 560/1712/2005 654/2319/2004 1022/1927/2014 662/2331/2015
f 654/2319/2004 559/1709/2003 660/2328/2016 1022/1927/2014
f 1022/1927/2014 660/2328/2016 544/1671/2017 661/2330/2018
f 662/2331/2015 1022/1927/2014 661/2330/2018 545/1674/2019
f 546/1676/2020 663/2333/2021 1023/1928/2022 664/2335/2023
f 663/2333/2021 561/1714/2008 656/2322/2006 1023/1928/2022
f 1023/1928/2022 656/2322/2006 560/1713/2005 662/2332/2015
f 664/2335/2023 1023/1928/2022 662/2332/2015 545/1673/2019
f 562/1716/2013 658/2325/2012 1024/1929/2024 666/2337/2025
f 658/2325/2012 561/1715/2008 663/2334/2021 1024/1929/2024
f 1024/1929/2024 663/2334/2021 546/1675/2020 665/2336/2026
f 666/2337/2025 1024/1929/2024 665/2336/2026 547/1678/2027
f 548/1680/1976 640/2296/1974 1025/1930/2028 668/2341/2029
f 640/2296/1974 466/1498/1627 810/2075/1684 1025/1930/2028
f 1025/1930/2028 810/2075/1684 450/1453/1660 667/2339/2030
f 668/2341/2029 1025/1930/2028 667/2339/2030 563/1719/2031
f 563/1722/2031 669/2343/2032 1026/1931/2033 668/2342/2029
f 669/2343/2032 564/1723/2034 670/2345/2035 1026/1931/2033
f 1026/1931/2033 670/2345/2035 549/1684/1980 642/2300/1978
f 668/2342/2029 1026/1931/2033 642/2300/1978 548/1681/1976
f 568/1736/2036 671/2347/2037 1027/1932/2038 672/2348/2039
f 671/2347/2037 569/1740/1984 644/2304/1982 1027/1932/2038
f 1027/1932/2038 644/2304/1982 549/1685/1980 670/2346/2035
f 672/2348/2039 1027/1932/2038 670/2346/2035 564/1726/2034
f 450/1452/1660 639/2294/1973 1028/1933/2040 667/2340/2030
f 639/2294/1973 554/1698/1972 673/2350/2041 1028/1933/2040
f 1028/1933/2040 673/2350/2041 566/1729/2042 674/2352/2043
f 667/2340/2030 1028/1933/2040 674/2352/2043 563/1720/2031
f 566/1731/2042 675/2354/2044 1029/1934/2045 674/2353/2043
f 675/2354/2044 567/1732/2046 676/2356/2047 1029/1934/2045
f 1029/1934/2045 676/2356/2047 564/1724/2034 669/2344/2032
f 674/2353/2043 1029/1934/2045 669/2344/2032 563/1721/2031
f 554/1697/1972 652/2316/1997 1030/1935/2048 673/2351/2041
f 652/2316/1997 558/1708/1999 677/2358/2049 1030/1935/2048
f 1030/1935/2048 677/2358/2049 567/1733/2046 675/2355/2044
f 673/2351/2041 1030/1935/2048 675/2355/2044 566/1730/2042
f 550/1688/2050 678/2360/2051 1031/1936/2052 680/2364/2053
f 678/2360/2051 569/1740/1984 671/2347/2037 1031/1936/2052
f 1031/1936/2052 671/2347/2037 568/1736/2036 679/2362/2054
f 680/2364/2053 1031/1936/2052 679/2362/2054 565/1727/2055
f 570/1742/1948 645/2305/1985 1032/1937/2056 682/2366/2057
f 645/2305/1985 569/1739/1984 678/2361/2051 1032/1937/2056
f 1032/1937/2056 678/2361/2051 550/1687/2050 681/2365/2058
f 682/2366/2057 1032/1937/2056 681/2365/2058 542/1666/2059
f 496/1566/2060 683/2368/2061 1033/1938/2062 684/2370/2063
f 683/2368/2061 571/1744/1816 627/2273/1949 1033/1938/2062
f 1033/1938/2062 627/2273/1949 570/1741/1948 682/2367/2057
f 684/2370/2063 1033/1938/2062 682/2367/2057 542/1665/2059
f 572/1745/1818 876/2174/1817 1034/1939/2064 686/2372/2065
f 876/2174/1817 571/1743/1816 683/2369/2061 1034/1939/2064
f 1034/1939/2064 683/2369/2061 496/1565/2060 685/2371/2066
f 686/2372/2065 1034/1939/2064 685/2371/2066 497/1568/2067
f 498/1570/2068 687/2374/2069 1035/1940/2070 688/2376/2071
f 687/2374/2069 573/1747/1821 878/2177/1819 1035/1940/2070
f 1035/1940/2070 878/2177/1819 572/1746/1818 686/2373/2065
f 688/2376/2071 1035/1940/2070 686/2373/2065 497/1567/2067
f 574/1749/1826 880/2180/1825 1036/1941/2072 690/2378/2073
f 880/2180/1825 573/1748/1821 687/2375/2069 1036/1941/2072
f 1036/1941/2072 687/2375/2069 498/1569/2068 689/2377/2074
f 690/2378/2073 1036/1941/2072 689/2377/2074 499/1572/2075
f 575/1751/1830 882/2183/1829 1037/1942/2076 692/2381/2077
f 882/2183/1829 574/1750/1826 690/2379/2073 1037/1942/2076
f 1037/1942/2076 690/2379/2073 499/1571/2075 691/2380/2078
f 692/2381/2077 1037/1942/2076 691/2380/2078 500/1574/2079
f 501/1576/2080 693/2383/2081 1038/1943/2082 694/2385/2083
f 693/2383/2081 576/1753/1833 884/2186/1831 1038/1943/2082
f 1038/1943/2082 884/2186/1831 575/1752/1830 692/2382/2077
f 694/2385/2083 1038/1943/2082 692/2382/2077 500/1573/2079
f 520/1606/2084 695/2386/2085 1039/1944/2086 696/2387/2087
f 695/2386/2085 577/1755/1837 886/2189/1835 1039/1944/2086
f 1039/1944/2086 886/2189/1835 576/1754/1833 693/2384/2081
f 696/2387/2087 1039/1944/2086 693/2384/2081 501/1575/2080
f 502/1577/2088 697/2388/2089 1040/1945/2090 698/2389/2091
f 697/2388/2089 578/1756/1868 902/2207/1866 1040/1945/2090
f 1040/1945/2090 902/2207/1866 577/1755/1837 695/2386/2085
f 698/2389/2091 1040/1945/2090 695/2386/2085 520/1606/2084
f 579/1757/2092 699/2390/2093 1041/1946/2094 700/2392/2095
f 699/2390/2093 568/1737/2036 672/2349/2039 1041/1946/2094
f 1041/1946/2094 672/2349/2039 564/1725/2034 676/2357/2047
f 700/2392/2095 1041/1946/2094 676/2357/2047 567/1735/2046
f 579/1758/2092 700/2393/2095 1042/1947/2096 701/2394/2097
f 700/2393/2095 567/1734/2046 677/2359/2049 1042/1947/2096
f 1042/1947/2096 677/2359/2049 558/1707/1999 659/2327/2011
f 701/2394/2097 1042/1947/2096 659/2327/2011 562/1718/2013
f 580/1762/2098 702/2396/2099 1043/1948/2100 703/2398/2101
f 702/2396/2099 579/1759/2092 701/2395/2097 1043/1948/2100
f 1043/1948/2100 701/2395/2097 562/1717/2013 666/2338/2025
f 703/2398/2101 1043/1948/2100 666/2338/2025 547/1677/2027
f 568/1738/2036 699/2391/2093 1044/1949/2102 679/2363/2054
f 699/2391/2093 579/1760/2092 702/2397/2099 1044/1949/2102
f 1044/1949/2102 702/2397/2099 580/1761/2098 704/2399/2103
f 679/2363/2054 1044/1949/2102 704/2399/2103 565/1728/2055
f 582/1767/2104 705/2400/2105 1045/1950/2106 707/2404/2107
f 705/2400/2105 581/1763/2108 706/2402/2109 1045/1950/2106
f 1045/1950/2106 706/2402/2109 539/1655/1942 625/2270/1945
f 707/2404/2107 1045/1950/2106 625/2270/1945 540/1660/1944
f 538/1651/1938 624/2268/1943 1046/1951/2110 709/2408/2111
f 624/2268/1943 539/1656/1942 706/2403/2109 1046/1951/2110
f 1046/1951/2110 706/2403/2109 581/1766/2108 708/2406/2112
f 709/2408/2111 1046/1951/2110 708/2406/2112 583/1771/2113
f 447/1440/1600 622/2264/1939 1047/1952/2114 771/2005/1605
f 622/2264/1939 538/1652/1938 709/2409/2111 1047/1952/2114
f 1047/1952/2114 709/2409/2111 583/1775/2113 710/2410/2115
f 771/2005/1605 1047/1952/2114 710/2410/2115 461/1488/1602
f 551/1690/1963 633/2285/1962 1048/1953/2116 711/2412/2117
f 633/2285/1962 448/1444/1606 806/2068/1676 1048/1953/2116
f 1048/1953/2116 806/2068/1676 461/1489/1602 710/2411/2115
f 711/2412/2117 1048/1953/2116 710/2411/2115 583/1774/2113
f 584/1776/2118 712/2414/2119 1049/1954/2120 713/2416/2121
f 712/2414/2119 555/1700/1989 646/2307/1988 1049/1954/2120
f 1049/1954/2120 646/2307/1988 551/1691/1963 711/2413/2117
f 713/2416/2121 1049/1954/2120 711/2413/2117 583/1773/2113
f 585/1780/2122 714/2418/2123 1050/1955/2124 715/2420/2125
f 714/2418/2123 559/1710/2003 653/2318/2002 1050/1955/2124
f 1050/1955/2124 653/2318/2002 555/1701/1989 712/2415/2119
f 715/2420/2125 1050/1955/2124 712/2415/2119 584/1779/2118
f 586/1784/2126 716/2422/2127 1051/1956/2128 717/2423/2129
f 716/2422/2127 544/1672/2017 660/2329/2016 1051/1956/2128
f 1051/1956/2128 660/2329/2016 559/1711/2003 714/2419/2123
f 717/2423/2129 1051/1956/2128 714/2419/2123 585/1783/2122
f 587/1786/2130 718/2425/2131 1052/1957/2132 719/2427/2133
f 718/2425/2131 584/1777/2118 713/2417/2121 1052/1957/2132
f 1052/1957/2132 713/2417/2121 583/1772/2113 708/2407/2112
f 719/2427/2133 1052/1957/2132 708/2407/2112 581/1765/2108
f 589/1794/2134 720/2429/2135 1053/1958/2136 722/2432/2137
f 720/2429/2135 586/1785/2126 717/2424/2129 1053/1958/2136
f 1053/1958/2136 717/2424/2129 585/1782/2122 721/2430/2138
f 722/2432/2137 1053/1958/2136 721/2430/2138 588/1790/2139
f 588/1791/2139 721/2431/2138 1054/1959/2140 723/2434/2141
f 721/2431/2138 585/1781/2122 715/2421/2125 1054/1959/2140
f 1054/1959/2140 715/2421/2125 584/1778/2118 718/2426/2131
f 723/2434/2141 1054/1959/2140 718/2426/2131 587/1789/2130
f 591/1800/2142 724/2436/2143 1055/1960/2144 726/2439/2145
f 724/2436/2143 589/1795/2134 722/2433/2137 1055/1960/2144
f 1055/1960/2144 722/2433/2137 588/1793/2139 725/2437/2146
f 726/2439/2145 1055/1960/2144 725/2437/2146 590/1796/2147
f 590/1797/2147 725/2438/2146 1056/1961/2148 728/2443/2149
f 725/2438/2146 588/1792/2139 723/2435/2141 1056/1961/2148
f 1056/1961/2148 723/2435/2141 587/1788/2130 727/2441/2150
f 728/2443/2149 1056/1961/2148 727/2441/2150 592/1802/2151
f 592/1803/2151 727/2442/2150 1057/1962/2152 729/2445/2153
f 727/2442/2150 587/1787/2130 719/2428/2133 1057/1962/2152
f 1057/1962/2152 719/2428/2133 581/1764/2108 705/2401/2105
f 729/2445/2153 1057/1962/2152 705/2401/2105 582/1770/2104
f 594/1807/2154 730/2447/2155 1058/1963/2156 733/2450/2157
f 730/2447/2155 593/1806/2158 731/2448/2159 1058/1963/2156
f 1058/1963/2156 731/2448/2159 599/1816/2160 732/2449/2161
f 733/2450/2157 1058/1963/2156 732/2449/2161 600/1817/2162
f 594/1808/2154 733/2451/2157 1059/1964/2163 736/2455/2164
f 733/2451/2157 600/1818/2162 734/2452/2165 1059/1964/2163
f 1059/1964/2163 734/2452/2165 601/1819/2166 735/2453/2167
f 736/2455/2164 1059/1964/2163 735/2453/2167 595/1809/2168
f 601/1820/2166 737/2456/2169 1060/1965/2170 735/2454/2167
f 737/2456/2169 602/1821/2171 738/2457/2172 1060/1965/2170
f 1060/1965/2170 738/2457/2172 596/1811/2173 739/2459/2174
f 735/2454/2167 1060/1965/2170 739/2459/2174 595/1810/2168
f 598/1815/2175 740/2460/2176 1061/1966/2177 743/2464/2178
f 740/2460/2176 597/1814/2179 741/2461/2180 1061/1966/2177
f 1061/1966/2177 741/2461/2180 603/1823/2181 742/2463/2182
f 743/2464/2178 1061/1966/2177 742/2463/2182 604/1825/2183
f 602/1822/2171 744/2465/2184 1062/1967/2185 738/2458/2172
f 744/2465/2184 603/1824/2181 741/2462/2180 1062/1967/2185
f 1062/1967/2185 741/2462/2180 597/1813/2179 745/2466/2186
f 738/2458/2172 1062/1967/2185 745/2466/2186 596/1812/2173
f 600/1817/2162 732/2449/2161 1063/1968/2187 747/2468/2188
f 732/2449/2161 599/1816/2160 746/2467/2189 1063/1968/2187
f 1063/1968/2187 746/2467/2189 591/1801/2142 726/2440/2145
f 747/2468/2188 1063/1968/2187 726/2440/2145 590/1799/2147
f 601/1819/2166 734/2452/2165 1064/1969/2190 748/2470/2191
f 734/2452/2165 600/1818/2162 747/2469/2188 1064/1969/2190
f 1064/1969/2190 747/2469/2188 590/1798/2147 728/2444/2149
f 748/2470/2191 1064/1969/2190 728/2444/2149 592/1805/2151
f 582/1769/2104 749/2472/2192 1065/1970/2193 729/2446/2153
f 749/2472/2192 602/1821/2171 737/2456/2169 1065/1970/2193
f 1065/1970/2193 737/2456/2169 601/1820/2166 748/2471/2191
f 729/2446/2153 1065/1970/2193 748/2471/2191 592/1804/2151
f 540/1659/1944 750/2474/2194 1066/1971/2195 707/2405/2107
f 750/2474/2194 603/1824/2181 744/2465/2184 1066/1971/2195
f 1066/1971/2195 744/2465/2184 602/1822/2171 749/2473/2192
f 707/2405/2107 1066/1971/2195 749/2473/2192 582/1768/2104
f 604/1825/2183 742/2463/2182 1067/1972/2196 751/2476/2197
f 742/2463/2182 603/1823/2181 750/2475/2194 1067/1972/2196
f 1067/1972/2196 750/2475/2194 540/1658/1944 626/2272/1947
f 751/2476/2197 1067/1972/2196 626/2272/1947 537/1646/1932
g default
v -20.398178 6.329153 40.504635
v -17.501343 -1.507137 43.051750
v -2.518973 0.141160 18.772001
v -7.717045 6.572548 16.157032
v -9.395164 7.935597 13.261115
v -24.866888 7.506100 38.744877
v -28.895700 5.643698 35.885521
v -12.290452 6.381231 9.245980
v -32.136517 -1.144858 34.894611
v -12.268821 0.331188 6.067684
v -26.864820 7.233358 37.248230
v -11.199678 7.547074 11.190991
v -17.781761 2.759556 40.731926
v -5.149240 2.977324 17.809185
v -30.938686 2.468050 35.289150
v -12.342663 3.242613 7.380012
v -13.524244 -1.021749 37.349178
v -14.891305 2.792550 35.946808
v -17.352663 6.626686 34.960663
v -21.221470 8.312477 32.670380
v -24.209562 7.654007 31.218662
v -26.532518 6.103711 30.197372
v -28.491240 2.584064 29.662918
v -30.584375 -0.424597 30.426401
v -9.905361 -0.525340 29.995226
v -11.982020 2.786375 30.112659
v -14.646279 6.407311 28.757200
v -18.997423 9.085669 26.558445
v -21.588406 8.105882 25.330818
v -23.668575 6.704137 24.267515
v -25.556589 2.931890 22.866373
v -27.211113 -0.070307 21.422417
v -9.746371 -0.881763 25.432264
v -11.280671 1.893624 24.531855
v -13.499243 5.121940 23.343357
v -16.797262 8.091125 21.388256
v -19.180975 8.407836 19.855585
v -21.216208 7.667413 18.449404
v -24.125216 4.604006 16.091112
v -25.815689 1.003156 14.392541
v -9.432375 -1.304665 22.307993
v -11.329560 1.241477 21.983574
v -12.798557 4.762056 20.954962
v -15.307370 8.256925 19.084803
v -17.619671 8.776551 17.345480
v -19.575783 7.861131 15.735048
v -22.801043 5.602868 12.620534
v -23.778769 1.866414 9.973564
v -6.759746 -0.864592 19.298695
v -8.247603 1.784957 18.959534
v -10.050496 5.188313 17.930719
v -12.423245 8.032101 15.380091
v -14.282919 8.306026 13.224144
v -15.825951 7.265346 11.414398
v -17.629478 4.019660 9.213097
v -19.242790 1.047981 7.550047
v -8.520664 -1.530764 20.015623
v -10.139459 1.124817 19.602089
v -11.601397 4.722989 19.003798
v -13.810154 8.196813 17.002533
v -15.944742 8.706343 15.013628
v -17.667772 7.743355 13.365326
v -20.143122 4.985518 10.468222
v -20.875513 1.151989 8.308634
v -4.491911 -0.713535 19.158234
v -6.571181 2.522477 18.557772
v -8.705482 5.798616 17.081896
v -10.969038 7.916194 14.203271
v -12.642654 7.885787 12.077848
v -14.084673 6.782980 9.998619
v -15.215607 3.521003 8.207061
v -16.218021 0.818391 6.751567
v -18.117786 3.458669 18.018017
v -18.409208 3.389015 17.725046
v -18.206982 3.313287 17.427042
v -17.866295 3.403561 17.638466
v -17.947010 3.183705 17.832882
v -18.298965 3.116557 17.557455
v -18.289434 3.135653 17.867384
v -18.157055 2.679515 17.666834
v -18.019699 3.171463 17.468288
v -17.557175 5.459389 16.210487
v -17.023493 5.017453 17.484203
v -17.215334 5.001468 18.347105
v -17.757221 5.154689 19.038784
v -18.840700 5.293819 18.676214
v -19.955173 5.598569 18.011030
v -19.689487 5.658922 17.160151
v -19.010731 5.705657 16.524359
v -17.723459 4.190070 17.612358
v -17.885462 4.322560 17.244045
v -18.276596 4.632950 17.153042
v -18.494493 4.452282 17.426741
v -18.627153 4.562266 17.769466
v -18.501677 4.464820 18.123306
v -18.095652 4.374023 18.232552
v -17.796959 4.164251 17.959639
v -17.472357 4.716260 17.556555
v -17.596430 4.694335 18.102436
v -18.025696 4.744726 18.489702
v -18.610767 4.811201 18.300453
v -18.835693 4.914659 17.827377
v -18.653419 4.897412 17.343702
v -18.312235 4.946153 16.970539
v -17.686569 4.831149 17.050879
v -16.641104 3.530573 29.693527
v -17.191061 3.987679 29.660786
v -17.016874 3.475629 29.026541
v -16.443773 3.470749 29.076717
v -16.546291 2.981923 29.290081
v -17.094418 3.248986 29.242794
v -16.939413 3.435898 29.668108
v -16.851696 2.742287 29.233177
v -16.754974 2.993811 29.014236
v -17.233772 5.423193 28.078184
v -15.792500 5.064705 27.842340
v -15.289163 4.430799 29.102541
v -15.971700 4.121768 30.795580
v -16.942465 4.418207 31.237926
v -18.006298 4.950571 30.812023
v -15.443060 4.075915 30.025881
v -18.043688 5.315654 29.297592
v -17.164953 4.589359 28.759909
v -17.444601 4.555429 29.275818
v -17.529289 4.449982 30.170862
v -17.086678 4.188695 30.278006
v -16.545168 3.930073 30.114399
v -16.226480 3.842305 29.438065
v -16.125574 4.157216 28.956083
v -16.548988 4.369632 28.634001
v -16.325899 4.752311 28.220356
v -15.788405 4.378811 28.850061
v -15.929947 4.018760 29.623983
v -16.433437 4.040829 30.530956
v -17.227158 4.477455 30.938148
v -17.877554 4.823897 30.722883
v -17.804895 5.040552 29.319166
v -17.309147 5.052061 28.489065
v -22.201265 3.910562 34.602528
v -22.062126 3.641959 34.296139
v -21.718412 3.732348 34.401817
v -21.821451 3.768744 34.695053
v -22.044580 3.784384 34.681442
v -21.877768 3.598366 34.342293
v -22.177444 3.750126 34.451256
v -21.945435 3.255740 34.499851
v -21.748779 3.686074 34.550457
v -21.686928 5.609025 33.497116
v -20.905706 5.685214 34.165928
v -22.814119 5.754483 33.283989
v -21.726576 5.612751 35.477280
v -22.502953 5.881704 35.599072
v -23.482302 6.187969 35.138405
v -21.148533 5.554177 34.905273
v -23.454103 5.809343 33.964684
v -21.581766 4.394515 34.316956
v -21.826855 4.344195 34.147415
v -22.176579 4.335474 34.168434
v -22.390596 4.517778 34.404835
v -22.394873 4.624993 34.697582
v -22.166029 4.428996 34.857216
v -21.828302 4.246422 34.877487
v -21.617226 4.183320 34.611942
v -21.519423 4.875732 34.257595
v -21.516571 4.780529 34.680164
v -21.845654 4.918331 35.061550
v -22.313438 5.169708 35.062363
v -22.679253 5.352356 34.849251
v -22.682238 5.212553 34.332272
v -22.330164 5.060203 33.994099
v -21.824924 4.996954 33.986248
v -21.381903 5.331271 34.183651
v -21.397467 5.186653 34.754368
v -21.840597 5.323756 35.256298
v -22.476309 5.584460 35.301636
v -23.052919 5.841232 35.056446
v -23.061892 5.565762 34.254002
v -22.509468 5.388694 33.783211
v -21.786152 5.347938 33.783543
v -10.386838 0.382185 8.118670
v -10.955306 3.202914 8.755278
v -11.273060 5.280870 9.104801
v -10.541681 6.395250 10.376436
v -9.095571 6.369407 12.218487
v -7.964301 5.142204 14.987590
v -6.762150 2.303079 15.977554
v -5.511949 0.458431 16.480936
v -11.225262 0.398468 7.010237
v -11.528597 3.281484 7.942931
v -11.485099 5.748861 9.093762
v -10.468763 6.950823 10.630973
v -8.833718 7.590724 12.501362
v -7.296707 6.199121 15.198244
v -5.676464 2.819783 16.647877
v -3.756546 0.424685 17.307295
v -11.111972 -0.932591 33.576996
v -13.207648 2.874723 33.103283
v -15.913867 6.624474 31.762346
v -20.096992 8.905314 29.448502
v -22.749113 7.725340 28.193565
v -24.868128 6.232659 27.260338
v -26.826000 2.654180 26.368301
v -28.645786 -0.217860 25.485634
v -15.187731 -0.806445 40.031094
v -16.392628 2.755066 38.603474
v -18.919281 6.483782 37.916656
v -23.140068 7.849916 35.490749
v -25.653862 7.366848 34.248886
v -28.148354 5.617644 33.127045
v -29.936998 2.510515 32.590256
v -31.451515 -0.541322 32.560543
v -29.677876 -0.487081 36.641380
v -29.220955 1.307694 36.735806
v -28.057192 4.837964 36.636169
v -26.578859 6.178728 37.661724
v -24.977976 6.820978 38.937901
v -21.335442 4.859039 40.864677
v -23.259665 6.086083 39.938709
v -22.669950 7.213467 39.650303
v -21.071779 7.354266 36.729565
v -19.465347 7.742971 33.735546
v -17.904873 8.051439 30.551872
v -16.515421 7.850732 27.777609
v -15.135732 6.450292 22.490322
v -13.977264 6.409008 20.150505
v -12.683436 6.288157 18.101233
v -11.205626 6.511167 16.742289
v -9.806336 6.914805 15.727201
v -8.576342 7.334252 14.657399
v -8.066466 6.936056 13.923088
v -8.490287 5.958115 13.726058
v -20.184088 -0.534494 42.163155
v -20.560207 2.813195 41.412952
v -10.159041 -0.649161 28.134499
v -11.625204 2.373666 27.251305
v -13.911370 5.816099 25.941238
v -15.735973 7.085652 25.085720
v -17.902988 8.461696 23.882549
v -20.392977 8.359787 22.555435
v -22.621597 7.367054 21.320024
v -24.815243 3.506895 19.433439
v -26.734465 0.468337 18.359297
v -21.713520 5.823086 37.279640
v -23.833973 6.421798 36.450565
v -25.513710 5.882633 35.594627
v -20.005764 4.127880 38.609375
v -19.620914 1.970308 39.066250
v -19.022182 -0.902254 39.947948
v -27.721800 -0.681392 34.154049
v -27.614525 1.551525 34.661678
v -26.796795 4.707912 34.978558
v -19.750763 -0.763519 40.957348
v -20.286560 2.284056 40.157494
v -20.792881 4.407422 39.640469
v -22.523462 5.880817 38.512402
v -24.321205 6.352067 37.518173
v -25.981522 5.897238 36.523129
v -27.304647 4.690985 35.749676
v -28.110926 1.241275 35.512386
v -28.365852 -0.661230 35.600952
v -19.379484 4.951367 36.064667
v -21.689968 5.857098 30.325209
v -20.622736 5.900083 30.810726
v -19.636425 5.792768 31.259352
v -18.749212 4.800199 35.274761
v -17.572702 4.938060 32.094109
v -20.260096 5.278835 36.749386
v -24.842947 5.604474 34.052719
v -24.523113 5.451828 33.345695
v -24.049629 5.420619 32.635632
v -22.919666 5.324542 29.789560
v -25.152433 4.424844 32.105911
v -23.895910 4.114549 29.380127
v -25.606131 4.477696 32.812607
v -26.003862 4.584675 33.503700
v -26.368484 1.595088 32.654881
v -25.990662 1.328098 32.001259
v -26.764902 1.724923 33.296234
v -24.335594 0.559299 29.400730
v -24.373892 2.395362 29.247606
v -25.780842 2.877562 31.911341
v -26.208033 3.037920 32.600300
v -26.634338 3.145978 33.266972
v -27.428860 3.103201 34.729954
v -27.901598 2.968124 35.543419
v -28.707535 3.039340 36.676521
v -30.075058 4.075055 35.710518
v -29.095303 4.242647 32.754604
v -27.589485 4.384158 29.819162
v -26.140806 4.577151 26.688683
v -24.994982 4.970756 23.463039
v -24.149267 5.631382 20.258093
v -22.946999 6.458385 17.171835
v -21.168589 6.827797 14.263190
v -19.099237 6.609303 11.755311
v -16.967384 5.878883 9.866809
v -14.935885 5.020754 8.763221
v -12.500789 4.604573 7.968482
v -11.671989 4.505015 8.314892
v -11.102046 4.255495 8.919914
v -26.887386 -0.648885 32.567612
v -26.519316 -0.733546 31.999712
v -24.385862 -1.688610 29.401352
v -27.208693 -0.571025 33.135071
v -17.643221 -1.397127 37.131886
v -18.031614 -1.267646 37.947510
v -15.499331 -1.161612 33.663101
v -17.132160 -1.503385 36.186848
v -18.884663 1.738867 37.919323
v -18.215048 1.502183 36.908913
v -17.629108 1.343456 35.972397
v -15.964588 1.603957 32.807846
v -19.214132 3.654551 37.602024
v -18.539560 3.344018 36.676594
v -17.923820 3.208873 35.787735
v -16.043737 3.779286 32.475105
v -26.234335 -0.914683 31.566204
v -25.603670 0.960825 31.276142
v -25.357964 2.707384 31.109331
v -24.739809 4.357446 31.268703
v -23.599745 5.415876 31.813967
v -22.457705 5.928362 32.329075
v -21.320885 5.902447 32.798656
v -20.392216 5.785964 33.289497
v -18.182529 4.731423 34.398884
v -17.344521 3.230380 34.853405
v -17.109331 1.448277 35.024559
v -16.663254 -1.398289 35.515324
v -25.277983 -1.295600 30.574917
v -24.996864 0.792455 30.355322
v -24.872063 2.546354 30.193220
v -24.325260 4.247661 30.312195
v -23.277809 5.343959 30.778551
v -22.080332 5.924162 31.320452
v -20.969288 5.906610 31.829636
v -19.976421 5.751275 32.296135
v -17.696762 4.863270 33.370747
v -16.773417 3.409477 33.764874
v -16.582808 1.597319 33.962566
v -16.140730 -1.287217 34.777355
v -15.328743 3.011317 31.436764
v -14.797401 2.741393 30.394899
v -14.434652 2.803167 29.325649
v -19.338331 5.798740 30.191553
v -18.959608 5.786458 29.077606
v -18.436306 5.720152 27.960037
v -17.746830 5.586435 26.937454
v -14.326221 2.904753 28.197016
v -15.232092 1.254781 31.680731
v -14.818320 -1.118150 31.907480
v -14.554260 1.138206 30.597406
v -14.566524 -1.292103 30.510826
v -14.242077 1.044807 29.491293
v -14.266008 -1.524517 29.494917
v -14.232610 1.026136 28.431759
v -14.082005 -1.656744 28.927696
v -19.356081 5.690669 27.631060
v -18.790855 5.637135 26.548155
v -19.845375 5.754189 28.723970
v -20.256241 5.851344 29.785219
v -23.290602 -1.636759 26.685747
v -22.949423 -1.639085 25.705359
v -23.651808 -1.814333 27.611261
v -23.956345 -1.781847 28.542408
v -21.060177 5.258873 25.654743
v -21.590681 5.243082 26.742800
v -22.093513 5.255102 27.794201
v -22.532675 5.281704 28.805315
v -19.871731 5.575003 26.141542
v -20.385365 5.560565 27.246418
v -20.877884 5.632216 28.315456
v -21.311005 5.749971 29.337429
v -22.409098 2.287051 25.326096
v -22.811216 2.230803 26.375877
v -23.305548 2.236936 27.382267
v -23.849670 2.302607 28.325760
v -21.987778 0.531139 25.614132
v -22.475206 0.455964 26.704136
v -23.093937 0.438882 27.651117
v -23.765425 0.479078 28.496279
v -22.047182 4.009017 25.356014
v -22.495464 3.988745 26.421408
v -22.988159 3.998375 27.454557
v -23.454782 4.054682 28.451241
v -14.379169 2.649825 22.256544
v -14.384877 1.381220 22.602390
v -15.658419 4.170798 21.506372
v -16.748735 4.733685 20.950453
v -17.947533 5.260660 20.280354
v -19.293297 5.647723 19.760506
v -20.800734 5.121508 19.228619
v -21.833437 3.439224 18.887587
v -22.412178 -1.345475 18.879955
v -21.826450 1.470415 18.703644
v -14.420820 0.178205 22.853273
v -14.044100 -0.994280 22.999241
v -13.633273 -1.609069 26.984846
v -14.310220 0.679057 26.283449
v -14.331784 2.185123 25.945667
v -14.549807 3.788486 25.527721
v -16.589331 5.184865 24.720310
v -17.728352 5.472199 24.312435
v -19.016951 5.638967 23.835735
v -20.373877 5.242846 23.360916
v -21.587097 4.280289 23.009346
v -22.196987 2.582402 22.920895
v -21.541740 0.895005 23.073915
v -21.507185 -1.762655 23.544241
v -21.744583 -1.553512 20.510277
v -21.932529 1.250031 20.216913
v -21.986473 3.079238 20.275593
v -21.180553 4.766513 20.505939
v -19.743328 5.558584 20.954170
v -18.270466 5.375943 21.479540
v -16.992344 4.939864 22.065136
v -15.851282 4.486633 22.545914
v -14.488444 2.981377 23.293087
v -14.348577 1.597287 23.719709
v -14.277830 0.285611 24.070688
v -13.507933 -1.119503 24.516205
v -13.096579 -1.387758 25.768658
v -14.206221 0.432695 25.204796
v -14.338881 1.847798 24.839056
v -14.537931 3.365036 24.381527
v -16.106842 4.872520 23.627256
v -17.302408 5.222908 23.187681
v -18.617840 5.512622 22.661320
v -20.094021 5.417759 22.156870
v -21.423964 4.499135 21.753393
v -22.124620 2.804600 21.604984
v -21.740606 1.062138 21.652542
v -21.065441 -1.673805 21.875259
v -13.839929 -1.633034 27.794794
v -14.293469 0.891676 27.357910
v -14.309126 2.555362 27.063873
v -14.850700 4.321805 26.689211
v -17.127953 5.405233 25.835001
v -18.252548 5.607476 25.428350
v -19.433229 5.583622 24.999163
v -20.697771 5.190373 24.527664
v -21.766163 4.088431 24.224495
v -22.235050 2.401792 24.170757
v -21.768379 0.705717 24.362072
v -22.133457 -1.544482 24.436449
v -16.132187 4.551322 19.019455
v -21.385572 4.254743 16.282084
v -20.800169 4.685955 14.931336
v -19.769346 4.962275 13.493338
v -15.870062 4.618177 18.107702
v -15.636446 4.798236 17.069056
v -16.456896 4.608470 19.914595
v -21.641348 3.899108 17.544703
v -21.782249 1.792619 17.153761
v -22.005257 -1.041186 16.128317
v -20.307068 2.210644 12.797666
v -20.068472 -0.621271 13.232653
v -21.764137 2.089737 15.743221
v -21.763691 -0.896135 15.306281
v -21.450050 2.327132 14.255463
v -21.123373 -0.721626 14.149750
v -14.546156 4.212679 17.691692
v -13.736424 2.252979 18.319807
v -13.749771 0.955991 18.355093
v -13.697923 -0.060458 18.408861
v -13.121171 -1.407367 18.711321
v -15.446965 3.993598 20.512558
v -14.296912 2.424471 21.241745
v -14.288827 1.202349 21.523909
v -14.291783 0.107795 21.674404
v -13.841149 -0.983805 21.764444
v -15.151566 3.880973 19.609476
v -14.278285 2.221390 20.224926
v -14.228729 1.065750 20.446119
v -14.134023 0.030293 20.549417
v -13.586269 -1.044977 20.574360
v -14.928109 3.996092 18.644613
v -14.225990 2.152149 19.225872
v -14.180782 0.956852 19.374363
v -14.087543 -0.092650 19.476107
v -13.374272 -1.288771 19.724052
v -17.945139 -0.656571 12.457911
v -18.654003 1.847915 12.104378
v -16.503485 -0.162044 11.745374
v -17.165020 1.661103 11.554564
v -15.614998 6.688393 13.023309
v -16.616215 5.883368 14.429104
v -18.479034 4.741442 12.158836
v -16.852089 4.402945 11.284047
v -11.743037 1.358104 17.131895
v -12.859990 1.120493 17.634790
v -11.769651 3.001699 17.238516
v -12.820217 2.544516 17.716604
v -14.003016 5.659381 14.567019
v -14.975366 5.109708 15.748760
v -13.852338 4.603937 16.736914
v -12.971412 5.000638 15.714272
v -11.935957 0.230808 16.856535
v -12.966837 0.097049 17.514885
v -12.263235 -1.761844 16.733091
v -12.914054 -1.570685 17.806997
v -31.909794 0.384955 35.095608
v -29.523947 0.184841 36.773476
v -28.250217 0.019368 35.613159
v -27.712677 0.321956 34.573292
v -26.985424 0.493801 33.231453
v -26.629953 0.371749 32.622971
v -26.303770 0.108371 32.022911
v -25.992949 -0.305672 31.496328
v -25.139711 -0.633554 30.542395
v -24.265656 -0.966357 29.468601
v -23.731850 -1.079144 28.620106
v -23.164625 -1.180469 27.777435
v -22.493078 -1.163418 26.910543
v -22.000786 -1.138843 25.893909
v -21.491014 -0.836800 24.624727
v -20.877132 -0.726116 23.416264
v -21.254427 -0.507742 21.746950
v -21.752867 -0.439756 20.303806
v -21.963226 -0.385668 18.659691
v -21.766378 0.023026 16.761644
v -21.663263 0.205576 15.454662
v -21.238792 0.295025 14.149106
v -20.144411 0.324549 13.078845
v -18.149179 0.160882 12.525475
v -16.721424 0.468780 11.700387
v -10.445668 1.387922 8.373249
v -11.339552 1.386991 7.340783
v -12.282227 1.354566 6.476560
v -15.855882 1.698740 7.337753
v -18.477835 2.095083 8.269867
v -20.655340 2.871815 9.603020
v -23.436852 3.523259 11.400000
v -24.995422 2.627926 15.032659
v -25.928608 1.446017 18.745699
v -26.533422 1.017453 22.012833
v -27.837645 1.021113 25.922268
v -29.745039 0.866804 29.852402
v -30.935221 0.556685 32.592331
v -14.542809 0.006157 11.058133
v -14.825287 0.746765 10.915689
v -15.386326 2.102663 10.727664
v -13.597160 2.548277 10.074260
v -12.936308 1.035257 10.240510
v -12.591670 0.207412 10.427842
v -12.177738 2.900581 9.647236
v -11.551262 1.244119 9.561173
v -11.289826 0.335515 9.557446
v -11.754380 6.279350 12.459691
v -10.963392 5.928119 11.574778
v -12.839660 6.254235 13.513240
v -15.044695 4.263474 10.656997
v -13.359724 4.231538 10.168414
v -11.931348 4.055146 9.891244
v -11.552485 5.116373 10.475710
v -12.609568 5.910644 10.907084
v -14.044902 7.034447 11.532463
v -9.426438 2.429361 16.252550
v -10.587371 1.859698 16.739645
v -10.921988 6.003801 13.954214
v -11.951571 5.563210 14.803084
v -10.731377 3.602445 16.535040
v -9.616169 4.253106 16.064775
v -10.722496 0.451106 16.448767
v -9.423213 0.932378 16.157303
v -11.173465 -2.008731 15.988051
v -9.796052 -1.854916 15.796733
v -10.042672 5.990983 13.018106
v -8.096735 1.624790 15.808623
v -7.525289 -0.554876 16.104790
v -8.334106 3.012869 15.843742
v -8.749121 4.682098 15.450580
v -18.606564 4.647449 40.628326
v -17.167494 4.811159 38.370686
v -15.710952 4.834789 35.641220
v -14.064976 4.850370 32.687397
v -12.817361 4.619894 29.589262
v -12.428603 4.103253 26.687023
v -12.056511 3.582721 24.014963
v -11.874693 3.003615 21.556505
v -10.815059 2.966442 19.486408
v -9.025109 3.600749 18.710508
v -7.445256 4.348511 18.265591
v -6.252655 4.830324 17.077196
v -6.549895 4.384627 16.136019
v -7.335411 3.644390 15.784011
v -21.206053 5.825788 35.818920
v -20.403234 5.690396 35.332939
v -19.840475 5.547239 34.644524
v -19.328445 5.438514 33.781727
v -18.908148 5.461343 32.789032
v -18.675119 5.459090 31.684593
v -18.595295 5.454568 30.505907
v -18.344854 5.555433 29.272795
v -17.691586 5.589886 28.216469
v -16.759066 5.451402 27.320850
v -16.009895 5.084193 26.231056
v -15.469768 4.736651 25.106434
v -15.168990 4.301714 24.000900
v -15.056251 3.845438 22.933512
v -14.929376 3.508638 21.905909
v -14.757265 3.297585 20.918070
v -14.551442 3.171723 19.973854
v -14.334785 3.153131 19.051580
v -13.905575 3.338712 18.163832
v -13.114813 3.754994 17.446989
v -12.291906 4.061565 16.454010
v -11.225782 4.656282 15.719364
v -10.103666 5.345434 15.120570
v -9.303866 5.646460 14.331974
v -22.263008 6.041978 36.000816
v -23.650911 6.379895 35.469013
v -25.159540 5.755041 34.778072
v -26.384380 4.672537 34.222294
v -27.024385 3.176264 33.974426
v -27.175880 1.714025 33.954487
v -27.345278 0.480609 33.865913
v -27.500902 -0.556068 33.711380
v -20.371700 3.679613 41.414810
v -31.205523 -0.838119 36.101761
v -30.994001 0.321141 36.245243
v -30.349396 1.976867 36.342968
v -29.603081 3.633258 36.477596
v -28.424931 5.148711 36.713215
v -26.764143 6.426897 37.833813
v -25.013624 7.104860 39.003822
v -23.258505 6.589417 40.344711
v -21.353451 5.532371 41.144253
v -19.983540 4.016088 41.478207
v -19.308748 2.646028 41.658531
v -18.834200 -1.000243 42.794407
v -3.861417 1.552227 18.313564
v -4.668642 1.516493 16.978447
v -6.127007 1.161493 16.182533
v -7.793799 0.425000 15.834348
v -9.499711 -0.337534 15.915282
v -10.919579 -0.716964 16.161322
v -12.141768 -0.761100 16.657906
v -13.096315 -0.840270 17.496706
v -13.517655 -0.859749 18.527061
v -13.825715 -0.813290 19.577869
v -13.912669 -0.614439 20.589802
v -14.104260 -0.528818 21.741764
v -14.354920 -0.552066 22.957726
v -13.973995 -0.577802 24.317936
v -13.839923 -0.687496 25.500938
v -14.131770 -0.646589 26.588402
v -14.187980 -0.545666 27.610441
v -14.234278 -0.486780 28.656317
v -14.391088 -0.375248 29.513132
v -14.671157 -0.180520 30.577501
v -15.041257 -0.044120 31.835348
v -15.703171 0.055690 33.204998
v -16.315039 0.014672 34.338985
v -16.887573 -0.174949 35.267731
v -17.381840 -0.348649 36.084763
v -17.922379 -0.179649 37.031212
v -18.524954 0.156459 38.083187
v -19.364475 0.371914 39.411270
v -20.062859 0.498167 40.559357
v -20.475893 0.909601 41.843800
v -19.011784 0.920348 42.182762
v -17.458298 0.795283 41.356262
v -15.782421 0.851837 39.169624
v -14.172688 0.845787 36.454880
v -12.296605 0.980993 33.424553
v -11.062508 1.100165 30.336279
v -10.807761 0.810398 27.666756
v -10.533719 0.377377 24.950809
v -10.453604 -0.242718 22.287771
v -9.395701 -0.399343 19.827963
v -7.506468 0.333140 19.135725
v -5.631881 0.892465 18.808983
vt 0.078188 0.000000
vt 0.641698 0.000000
vt 0.617570 1.000000
vt 0.000000 0.784716
vt 0.000000 0.000000
vt 1.000000 0.000000
vt 1.000000 1.000000
vt 0.000000 1.000000
vt 0.000000 0.000000
vt 1.000000 0.000000
vt 1.000000 1.000000
vt 0.000000 1.000000
vt 0.000000 0.000000
vt 1.000000 0.000000
vt 1.000000 1.000000
vt 0.000000 1.000000
vt 1.000000 0.537634
vt 0.000000 0.537634
vt 0.354761 0.000000
vt 0.303106 0.890379
vt 1.000000 0.467742
vt 0.000000 0.467742
vt 0.629818 0.492368
vt 0.329328 0.438394
vt 0.039691 0.386369
vt 0.000000 0.507632
vt 1.000000 0.507632
vt 0.507632 1.000000
vt 0.507632 0.537634
vt 0.507632 0.000000
vt 0.507632 1.000000
vt 0.507632 0.467742
vt 0.507632 0.000000
vt 0.623895 0.737858
vt 0.316647 0.656973
vt 0.020496 0.579009
vt 0.000000 0.262142
vt 1.000000 0.262142
vt 0.262142 1.000000
vt 0.262142 0.537634
vt 0.262142 0.000000
vt 0.262142 1.000000
vt 0.262142 0.467742
vt 0.262142 0.000000
vt 0.618481 0.962243
vt 0.305057 0.856761
vt 0.002952 0.755088
vt 0.000000 0.037757
vt 1.000000 0.037757
vt 0.037757 1.000000
vt 0.037757 0.537634
vt 0.037757 0.000000
vt 0.037757 1.000000
vt 0.037757 0.467742
vt 0.037757 0.000000
vt 0.618194 0.974108
vt 0.304444 0.867325
vt 0.002024 0.764399
vt 0.000000 0.025892
vt 1.000000 0.025892
vt 0.025892 1.000000
vt 0.025892 0.537634
vt 0.025892 0.000000
vt 0.025892 1.000000
vt 0.025892 0.467742
vt 0.025892 0.000000
vt 0.617914 0.985730
vt 0.303843 0.877673
vt 0.001116 0.773518
vt 0.000000 0.014270
vt 1.000000 0.014270
vt 0.014270 1.000000
vt 0.014270 0.537634
vt 0.014270 0.000000
vt 0.014270 1.000000
vt 0.014270 0.467742
vt 0.014270 0.000000
vt 0.618045 0.980313
vt 0.304123 0.872850
vt 0.001539 0.769268
vt 0.000000 0.019686
vt 1.000000 0.019686
vt 0.019686 1.000000
vt 0.019686 0.537634
vt 0.019686 0.000000
vt 0.019686 1.000000
vt 0.019686 0.467742
vt 0.019686 0.000000
vt 0.617763 0.991981
vt 0.303521 0.883239
vt 0.000627 0.778424
vt 0.000000 0.008019
vt 1.000000 0.008019
vt 0.008019 1.000000
vt 0.008019 0.537634
vt 0.008019 0.000000
vt 0.008019 1.000000
vt 0.008019 0.467742
vt 0.008019 0.000000
vt 0.000000 0.000000
vt 1.000000 0.000000
vt 1.000000 1.000000
vt 0.000000 1.000000
vt 0.448004 0.000000
vt 0.448004 1.000000
vt 1.000000 0.516234
vt 0.448004 0.516234
vt 0.000000 0.516234
vt 0.000000 0.000000
vt 1.000000 0.000000
vt 1.000000 1.000000
vt 0.000000 1.000000
vt 0.000000 0.000000
vt 1.000000 0.000000
vt 1.000000 1.000000
vt 0.000000 1.000000
vt 0.000000 0.000000
vt 1.000000 0.000000
vt 1.000000 1.000000
vt 0.000000 1.000000
vt 0.000000 0.000000
vt 1.000000 0.000000
vt 1.000000 1.000000
vt 0.000000 1.000000
vt 0.000000 0.000000
vt 1.000000 0.000000
vt 1.000000 1.000000
vt 0.000000 1.000000
vt 0.000000 0.000000
vt 1.000000 0.000000
vt 1.000000 1.000000
vt 0.000000 1.000000
vt 0.000000 0.000000
vt 1.000000 0.000000
vt 1.000000 1.000000
vt 0.000000 1.000000
vt 0.000000 0.000000
vt 1.000000 0.000000
vt 1.000000 1.000000
vt 0.000000 1.000000
vt 0.692213 0.000000
vt 0.307787 0.000000
vt 0.692213 1.000000
vt 0.692213 0.000000
vt 0.692213 0.000000
vt 0.692213 1.000000
vt 0.307787 1.000000
vt 0.692213 1.000000
vt 0.692213 0.000000
vt 0.307787 0.000000
vt 0.692213 0.000000
vt 0.692213 1.000000
vt 0.307787 1.000000
vt 0.692213 1.000000
vt 0.307787 1.000000
vt 0.307787 0.000000
vt 0.431976 0.000000
vt 0.568024 0.000000
vt 0.568024 1.000000
vt 0.568024 0.000000
vt 0.568024 1.000000
vt 0.431976 1.000000
vt 0.431976 0.000000
vt 0.431976 1.000000
vt 0.431976 0.000000
vt 0.568024 0.000000
vt 0.568024 1.000000
vt 0.431976 1.000000
vt 0.431976 0.000000
vt 0.431976 1.000000
vt 0.431976 1.000000
vt 0.431976 0.000000
vt 0.000000 0.000000
vt 1.000000 0.000000
vt 1.000000 1.000000
vt 0.000000 1.000000
vt 0.357358 0.000000
vt 0.357358 1.000000
vt 1.000000 0.502005
vt 0.357358 0.502005
vt 0.000000 0.502005
vt 0.000000 0.000000
vt 1.000000 0.000000
vt 1.000000 1.000000
vt 0.000000 1.000000
vt 0.000000 0.000000
vt 1.000000 0.000000
vt 1.000000 1.000000
vt 0.000000 1.000000
vt 0.000000 0.000000
vt 1.000000 0.000000
vt 1.000000 1.000000
vt 0.000000 1.000000
vt 0.000000 0.000000
vt 1.000000 0.000000
vt 1.000000 1.000000
vt 0.000000 1.000000
vt 0.000000 0.000000
vt 1.000000 0.000000
vt 1.000000 1.000000
vt 0.000000 1.000000
vt 0.000000 0.000000
vt 1.000000 0.000000
vt 1.000000 1.000000
vt 0.000000 1.000000
vt 0.000000 0.000000
vt 1.000000 0.000000
vt 1.000000 1.000000
vt 0.000000 1.000000
vt 0.000000 0.000000
vt 1.000000 0.000000
vt 1.000000 1.000000
vt 0.000000 1.000000
vt 0.305359 0.000000
vt 0.694641 0.000000
vt 0.694641 1.000000
vt 1.000000 0.694641
vt 0.694641 0.000000
vt 0.000000 0.694641
vt 0.305359 1.000000
vt 0.694641 1.000000
vt 0.305359 0.000000
vt 0.694641 0.000000
vt 0.694641 1.000000
vt 0.305359 1.000000
vt 0.305359 1.000000
vt 0.305359 0.000000
vt 0.305359 1.000000
vt 0.305359 0.000000
vt 0.636578 1.000000
vt 0.636578 0.000000
vt 0.636578 1.000000
vt 0.636578 0.000000
vt 0.363422 1.000000
vt 0.636578 1.000000
vt 0.636578 0.000000
vt 0.363422 0.000000
vt 0.636578 1.000000
vt 0.363422 1.000000
vt 0.363422 0.000000
vt 0.000000 0.363422
vt 0.363422 1.000000
vt 1.000000 0.363422
vt 0.636578 0.000000
vt 0.363422 0.000000
vt 0.000000 0.000000
vt 1.000000 0.000000
vt 1.000000 1.000000
vt 0.000000 1.000000
vt 0.563626 0.000000
vt 0.563626 1.000000
vt 1.000000 0.481204
vt 0.563626 0.481204
vt 0.000000 0.481204
vt 0.000000 0.000000
vt 1.000000 0.000000
vt 1.000000 1.000000
vt 0.000000 1.000000
vt 0.000000 0.000000
vt 1.000000 0.000000
vt 1.000000 1.000000
vt 0.000000 1.000000
vt 0.000000 0.000000
vt 1.000000 0.000000
vt 1.000000 1.000000
vt 0.000000 1.000000
vt 0.000000 0.000000
vt 1.000000 0.000000
vt 1.000000 1.000000
vt 0.000000 1.000000
vt 0.000000 0.000000
vt 1.000000 0.000000
vt 1.000000 1.000000
vt 0.000000 1.000000
vt 0.000000 0.000000
vt 1.000000 0.000000
vt 1.000000 1.000000
vt 0.000000 1.000000
vt 0.000000 0.000000
vt 1.000000 0.000000
vt 1.000000 1.000000
vt 0.000000 1.000000
vt 0.000000 0.000000
vt 1.000000 0.000000
vt 1.000000 1.000000
vt 0.000000 1.000000
vt 0.771056 0.000000
vt 0.000000 0.771056
vt 0.771056 1.000000
vt 0.228944 1.000000
vt 0.228944 0.000000
vt 0.771056 0.000000
vt 0.771056 1.000000
vt 0.228944 1.000000
vt 0.771056 0.000000
vt 0.228944 0.000000
vt 0.228944 1.000000
vt 0.771056 1.000000
vt 0.228944 0.000000
vt 0.771056 0.000000
vt 0.771056 1.000000
vt 1.000000 0.771056
vt 0.552139 0.000000
vt 0.000000 0.552139
vt 0.552139 1.000000
vt 1.000000 0.552139
vt 0.447861 0.000000
vt 0.552139 0.000000
vt 0.447861 1.000000
vt 0.552139 1.000000
vt 0.552139 0.000000
vt 0.447861 0.000000
vt 0.552139 1.000000
vt 0.447861 1.000000
vt 0.447861 0.000000
vt 0.552139 0.000000
vt 0.552139 1.000000
vt 0.447861 1.000000
vt 0.275139 0.000000
vt 0.000000 0.275139
vt 0.275139 1.000000
vt 1.000000 0.275139
vt 0.724861 0.000000
vt 0.275139 0.000000
vt 0.724861 1.000000
vt 0.275139 1.000000
vt 0.275139 0.000000
vt 0.724861 0.000000
vt 0.275139 1.000000
vt 0.724861 1.000000
vt 0.724861 0.000000
vt 0.275139 0.000000
vt 0.275139 1.000000
vt 0.724861 1.000000
vt 0.000000 0.000000
vt 1.000000 0.000000
vt 1.000000 1.000000
vt 0.000000 1.000000
vt 0.000000 0.000000
vt 1.000000 0.000000
vt 1.000000 1.000000
vt 0.000000 1.000000
vt 0.000000 0.000000
vt 1.000000 0.000000
vt 1.000000 1.000000
vt 0.000000 1.000000
vt 0.000000 0.000000
vt 1.000000 0.000000
vt 1.000000 1.000000
vt 0.000000 1.000000
vt 0.000000 0.000000
vt 1.000000 0.000000
vt 1.000000 1.000000
vt 0.000000 1.000000
vt 0.000000 0.000000
vt 1.000000 0.000000
vt 1.000000 1.000000
vt 0.000000 1.000000
vt 0.000000 0.000000
vt 1.000000 0.000000
vt 1.000000 1.000000
vt 0.000000 1.000000
vt 1.000000 0.496083
vt 0.000000 0.496083
vt 1.000000 0.496083
vt 0.000000 0.496083
vt 1.000000 0.496083
vt 0.000000 0.496083
vt 0.000000 0.503917
vt 1.000000 0.503917
vt 1.000000 0.496083
vt 0.000000 0.496083
vt 1.000000 0.496083
vt 0.000000 0.496083
vt 1.000000 0.496083
vt 0.000000 0.496083
vt 0.626522 0.628989
vt 0.322271 0.560038
vt 0.029008 0.493578
vt 0.000000 0.371011
vt 1.000000 0.371011
vt 0.371011 1.000000
vt 0.371011 0.537634
vt 0.371011 0.000000
vt 0.371011 1.000000
vt 0.371011 0.467742
vt 0.371011 0.000000
vt 0.635610 0.252306
vt 0.341729 0.224648
vt 0.058460 0.197988
vt 0.000000 0.747694
vt 1.000000 0.747694
vt 0.747694 1.000000
vt 0.747694 0.537634
vt 0.747694 0.000000
vt 0.747694 1.000000
vt 0.747694 0.467742
vt 0.747694 0.000000
vt 0.000000 0.000000
vt 1.000000 0.000000
vt 1.000000 1.000000
vt 0.000000 1.000000
vt 0.000000 0.000000
vt 1.000000 0.000000
vt 1.000000 1.000000
vt 0.000000 1.000000
vt 0.000000 0.000000
vt 1.000000 0.000000
vt 1.000000 1.000000
vt 0.000000 1.000000
vt 0.000000 0.000000
vt 1.000000 0.000000
vt 1.000000 1.000000
vt 0.000000 1.000000
vt 0.523187 1.000000
vt 0.523187 0.747694
vt 0.523187 0.507632
vt 0.523187 0.371011
vt 0.523187 0.262142
vt 0.523187 0.037757
vt 0.523187 0.025892
vt 0.523187 0.019686
vt 0.523187 0.014270
vt 0.523187 0.008019
vt 0.523187 0.000000
vt 0.523187 1.000000
vt 0.523187 0.496083
vt 0.523187 0.000000
vt 0.000000 0.000000
vt 1.000000 0.000000
vt 1.000000 1.000000
vt 0.000000 1.000000
vt 0.621545 0.835238
vt 0.311617 0.743679
vt 0.012882 0.655425
vt 0.000000 0.164762
vt 0.523187 0.164762
vt 1.000000 0.164762
vt 0.164762 1.000000
vt 0.164762 0.537634
vt 0.164762 0.000000
vt 0.164762 1.000000
vt 0.164762 0.467742
vt 0.164762 0.000000
vt 0.000000 0.000000
vt 1.000000 0.000000
vt 1.000000 1.000000
vt 0.000000 1.000000
vt 0.000000 0.000000
vt 1.000000 0.000000
vt 1.000000 1.000000
vt 0.000000 1.000000
vt 0.000000 0.000000
vt 1.000000 0.000000
vt 1.000000 1.000000
vt 0.000000 1.000000
vt 0.000000 0.000000
vt 1.000000 0.000000
vt 1.000000 1.000000
vt 0.000000 1.000000
vt 0.000000 0.000000
vt 1.000000 0.000000
vt 1.000000 1.000000
vt 0.000000 1.000000
vt 0.000000 0.000000
vt 1.000000 0.000000
vt 1.000000 1.000000
vt 0.000000 1.000000
vt 0.000000 0.000000
vt 1.000000 0.000000
vt 1.000000 1.000000
vt 0.000000 1.000000
vt 0.000000 0.000000
vt 1.000000 0.000000
vt 1.000000 1.000000
vt 0.000000 1.000000
vt 0.000000 0.511795
vt 1.000000 0.488205
vt 1.000000 0.511795
vt 0.488205 0.000000
vt 0.000000 0.488205
vt 1.000000 0.488205
vt 0.488205 1.000000
vt 0.000000 0.488205
vt 0.488205 0.000000
vt 0.488205 1.000000
vt 0.511795 1.000000
vt 1.000000 0.488205
vt 0.511795 0.000000
vt 0.511795 1.000000
vt 0.000000 0.488205
vt 0.511795 0.000000
vt 0.000000 0.000000
vt 1.000000 0.000000
vt 1.000000 1.000000
vt 0.000000 1.000000
vt 0.000000 0.000000
vt 1.000000 0.000000
vt 1.000000 1.000000
vt 0.000000 1.000000
vt 0.000000 0.000000
vt 1.000000 0.000000
vt 1.000000 1.000000
vt 0.000000 1.000000
vt 0.000000 0.000000
vt 1.000000 0.000000
vt 1.000000 1.000000
vt 0.000000 1.000000
vt 0.000000 0.000000
vt 1.000000 0.000000
vt 1.000000 1.000000
vt 0.000000 1.000000
vt 0.000000 0.000000
vt 1.000000 0.000000
vt 1.000000 1.000000
vt 0.000000 1.000000
vt 0.000000 0.000000
vt 1.000000 0.000000
vt 1.000000 1.000000
vt 0.000000 1.000000
vt 0.000000 0.000000
vt 1.000000 0.000000
vt 1.000000 1.000000
vt 0.000000 1.000000
vt 0.000000 0.000000
vt 1.000000 0.000000
vt 1.000000 1.000000
vt 0.000000 1.000000
vt 0.000000 0.000000
vt 1.000000 0.000000
vt 1.000000 1.000000
vt 0.000000 1.000000
vt 0.000000 0.000000
vt 1.000000 0.000000
vt 1.000000 1.000000
vt 0.000000 1.000000
vt 0.000000 0.000000
vt 1.000000 0.000000
vt 1.000000 1.000000
vt 0.000000 1.000000
vt 0.000000 0.000000
vt 1.000000 0.000000
vt 1.000000 1.000000
vt 0.000000 1.000000
vt 0.000000 0.000000
vt 1.000000 0.000000
vt 1.000000 1.000000
vt 0.000000 1.000000
vt 0.000000 0.000000
vt 1.000000 0.000000
vt 1.000000 1.000000
vt 0.000000 1.000000
vt 0.000000 0.000000
vt 1.000000 0.000000
vt 1.000000 1.000000
vt 0.000000 1.000000
vt 0.000000 0.000000
vt 1.000000 0.000000
vt 1.000000 1.000000
vt 0.000000 1.000000
vt 0.000000 0.000000
vt 1.000000 0.000000
vt 1.000000 1.000000
vt 0.000000 1.000000
vt 0.495841 1.000000
vt 0.504159 0.000000
vt 0.495841 0.000000
vt 0.504159 1.000000
vt 0.495841 1.000000
vt 0.495841 0.000000
vt 0.495841 1.000000
vt 0.504159 0.000000
vt 0.495841 0.000000
vt 0.504159 0.488205
vt 0.504159 0.000000
vt 0.504159 1.000000
vt 1.000000 0.736085
vt 0.504159 1.000000
vt 0.747694 0.736085
vt 0.507632 0.736085
vt 0.371011 0.736085
vt 0.262142 0.736085
vt 0.164762 0.736085
vt 0.037757 0.736085
vt 0.025892 0.736085
vt 0.019686 0.736085
vt 0.014270 0.736085
vt 0.008019 0.736085
vt 0.000000 0.736085
vt 0.495841 1.000000
vt 0.495841 0.496083
vt 0.495841 0.000000
vt 0.000000 0.000000
vt 1.000000 0.000000
vt 1.000000 1.000000
vt 0.000000 1.000000
vt 0.000000 0.000000
vt 1.000000 0.000000
vt 1.000000 1.000000
vt 0.000000 1.000000
vt 0.000000 0.000000
vt 1.000000 0.000000
vt 1.000000 1.000000
vt 0.000000 1.000000
vt 0.000000 0.000000
vt 1.000000 0.000000
vt 1.000000 1.000000
vt 0.000000 1.000000
vt 0.000000 0.000000
vt 1.000000 0.000000
vt 1.000000 1.000000
vt 0.000000 1.000000
vt 0.000000 0.000000
vt 1.000000 0.000000
vt 1.000000 1.000000
vt 0.000000 1.000000
vt 0.000000 0.000000
vt 1.000000 0.000000
vt 1.000000 1.000000
vt 0.000000 1.000000
vt 0.505081 1.000000
vt 0.505081 0.000000
vt 0.505081 1.000000
vt 0.494919 0.000000
vt 0.505081 0.000000
vt 0.494919 1.000000
vt 0.268538 1.000000
vt 0.268538 0.000000
vt 0.268538 1.000000
vt 0.731462 0.000000
vt 0.268538 0.000000
vt 0.731462 1.000000
vt 0.000000 0.000000
vt 1.000000 0.000000
vt 1.000000 1.000000
vt 0.000000 1.000000
vt 0.000000 0.000000
vt 1.000000 0.000000
vt 1.000000 1.000000
vt 0.000000 1.000000
vt 0.000000 0.000000
vt 1.000000 0.000000
vt 1.000000 1.000000
vt 0.000000 1.000000
vt 0.000000 0.317335
vt 1.000000 0.682665
vt 1.000000 0.317335
vt 0.495841 0.682665
vt 1.000000 0.682665
vt 0.000000 0.682665
vt 1.000000 0.682665
vt 0.000000 0.682665
vt 0.000000 0.682665
vt 0.682665 0.000000
vt 0.682665 1.000000
vt 0.000000 0.317335
vt 1.000000 0.317335
vt 0.682665 0.000000
vt 0.682665 1.000000
vt 1.000000 0.682665
vt 0.731462 0.682665
vt 0.494919 0.682665
vt 0.000000 0.682665
vt 0.000000 0.164425
vt 1.000000 0.835575
vt 1.000000 0.164425
vt 0.495841 0.835575
vt 1.000000 0.835575
vt 0.000000 0.835575
vt 1.000000 0.835575
vt 0.000000 0.835575
vt 0.000000 0.835575
vt 0.835575 0.000000
vt 0.835575 1.000000
vt 0.000000 0.164425
vt 1.000000 0.164425
vt 0.835575 0.000000
vt 0.835575 1.000000
vt 1.000000 0.835575
vt 0.731462 0.835575
vt 0.494919 0.835575
vt 0.000000 0.835575
vt 0.000000 0.000000
vt 1.000000 0.000000
vt 1.000000 1.000000
vt 0.000000 1.000000
vt 0.000000 0.000000
vt 1.000000 0.000000
vt 1.000000 1.000000
vt 0.000000 1.000000
vt 0.000000 0.000000
vt 1.000000 0.000000
vt 1.000000 1.000000
vt 0.000000 1.000000
vt 0.000000 0.000000
vt 1.000000 0.000000
vt 1.000000 1.000000
vt 0.000000 1.000000
vt 0.000000 0.000000
vt 1.000000 0.000000
vt 1.000000 1.000000
vt 0.000000 1.000000
vt 0.000000 0.000000
vt 1.000000 0.000000
vt 1.000000 1.000000
vt 0.000000 1.000000
vt 0.000000 0.000000
vt 1.000000 0.000000
vt 1.000000 1.000000
vt 0.000000 1.000000
vt 0.000000 0.000000
vt 1.000000 0.000000
vt 1.000000 1.000000
vt 0.000000 1.000000
vt 0.000000 0.000000
vt 1.000000 0.000000
vt 1.000000 1.000000
vt 0.000000 1.000000
vt 0.000000 0.000000
vt 1.000000 0.000000
vt 1.000000 1.000000
vt 0.000000 1.000000
vt 0.000000 0.000000
vt 1.000000 0.000000
vt 1.000000 1.000000
vt 0.000000 1.000000
vt 0.000000 0.000000
vt 1.000000 0.000000
vt 1.000000 1.000000
vt 0.000000 1.000000
vt 0.000000 0.000000
vt 1.000000 0.000000
vt 1.000000 1.000000
vt 0.000000 1.000000
vt 0.000000 0.000000
vt 1.000000 0.000000
vt 1.000000 1.000000
vt 0.000000 1.000000
vt 0.000000 0.000000
vt 1.000000 0.000000
vt 1.000000 1.000000
vt 0.000000 1.000000
vt 0.000000 0.000000
vt 1.000000 0.000000
vt 1.000000 1.000000
vt 0.000000 1.000000
vt 0.000000 0.000000
vt 1.000000 0.000000
vt 1.000000 1.000000
vt 0.000000 1.000000
vt 0.000000 0.000000
vt 1.000000 0.000000
vt 1.000000 1.000000
vt 0.000000 1.000000
vt 0.000000 0.000000
vt 1.000000 0.000000
vt 1.000000 1.000000
vt 0.000000 1.000000
vt 0.000000 0.000000
vt 1.000000 0.000000
vt 1.000000 1.000000
vt 0.000000 1.000000
vt 0.000000 0.000000
vt 1.000000 0.000000
vt 1.000000 1.000000
vt 0.000000 1.000000
vt 0.000000 0.000000
vt 1.000000 0.000000
vt 1.000000 1.000000
vt 0.000000 1.000000
vt 0.000000 0.000000
vt 1.000000 0.000000
vt 1.000000 1.000000
vt 0.000000 1.000000
vt 0.000000 0.000000
vt 1.000000 0.000000
vt 1.000000 1.000000
vt 0.000000 1.000000
vt 0.178793 1.000000
vt 0.178793 0.000000
vt 1.000000 0.821207
vt 0.000000 0.821207
vt 0.178793 1.000000
vt 0.178793 0.000000
vt 0.091121 1.000000
vt 0.091121 0.000000
vt 1.000000 0.908879
vt 0.000000 0.908879
vt 0.091121 1.000000
vt 0.091121 0.000000
vt 0.483409 1.000000
vt 0.483409 0.000000
vt 1.000000 0.516591
vt 0.000000 0.516591
vt 0.483409 1.000000
vt 0.483409 0.000000
vt 0.766952 1.000000
vt 0.766952 0.000000
vt 1.000000 0.233048
vt 0.000000 0.233048
vt 0.766952 1.000000
vt 0.766952 0.000000
vt 0.342463 1.000000
vt 0.342463 0.000000
vt 1.000000 0.657537
vt 0.000000 0.657537
vt 0.342463 1.000000
vt 0.342463 0.000000
vt 0.000000 0.000000
vt 1.000000 0.000000
vt 1.000000 1.000000
vt 0.000000 1.000000
vt 0.000000 0.000000
vt 1.000000 0.000000
vt 1.000000 1.000000
vt 0.000000 1.000000
vt 0.000000 0.000000
vt 1.000000 0.000000
vt 1.000000 1.000000
vt 0.000000 1.000000
vt 0.000000 0.000000
vt 1.000000 0.000000
vt 1.000000 1.000000
vt 0.000000 1.000000
vt 0.000000 0.000000
vt 1.000000 0.000000
vt 1.000000 1.000000
vt 0.000000 1.000000
vt 0.000000 0.000000
vt 1.000000 0.000000
vt 1.000000 1.000000
vt 0.000000 1.000000
vt 0.000000 0.000000
vt 1.000000 0.000000
vt 1.000000 1.000000
vt 0.000000 1.000000
vt 0.000000 0.000000
vt 1.000000 0.000000
vt 1.000000 1.000000
vt 0.000000 1.000000
vt 0.000000 0.000000
vt 1.000000 0.000000
vt 1.000000 1.000000
vt 0.000000 1.000000
vt 0.000000 0.000000
vt 1.000000 0.000000
vt 1.000000 1.000000
vt 0.000000 1.000000
vt 0.000000 0.000000
vt 1.000000 0.000000
vt 1.000000 1.000000
vt 0.000000 1.000000
vt 0.000000 0.000000
vt 1.000000 0.000000
vt 1.000000 1.000000
vt 0.000000 1.000000
vt 0.000000 0.000000
vt 1.000000 0.000000
vt 1.000000 1.000000
vt 0.000000 1.000000
vt 0.000000 0.000000
vt 1.000000 0.000000
vt 1.000000 1.000000
vt 0.000000 1.000000
vt 0.000000 0.000000
vt 1.000000 0.000000
vt 1.000000 1.000000
vt 0.000000 1.000000
vt 0.000000 0.000000
vt 1.000000 0.000000
vt 1.000000 1.000000
vt 0.000000 1.000000
vt 0.000000 0.000000
vt 1.000000 0.000000
vt 1.000000 1.000000
vt 0.000000 1.000000
vt 0.625047 0.000000
vt 0.625047 1.000000
vt 0.625047 0.000000
vt 0.000000 0.374953
vt 0.625047 1.000000
vt 1.000000 0.374953
vt 0.374953 1.000000
vt 0.374953 0.000000
vt 0.374953 1.000000
vt 0.374953 0.000000
vt 0.374953 1.000000
vt 0.374953 0.000000
vt 0.374953 1.000000
vt 0.374953 0.000000
vt 0.625047 0.000000
vt 0.625047 1.000000
vt 0.625047 0.000000
vt 0.625047 1.000000
vt 0.625047 0.000000
vt 0.625047 0.000000
vt 0.625047 1.000000
vt 0.625047 1.000000
vt 0.168252 1.000000
vt 0.168252 0.000000
vt 0.168252 1.000000
vt 0.168252 1.000000
vt 0.168252 0.000000
vt 0.168252 1.000000
vt 0.168252 0.000000
vt 0.831748 0.000000
vt 0.168252 0.000000
vt 0.831748 0.000000
vt 0.831748 1.000000
vt 0.831748 0.000000
vt 0.831748 1.000000
vt 0.831748 0.000000
vt 0.831748 1.000000
vt 1.000000 0.831748
vt 0.831748 1.000000
vt 0.000000 0.831748
vt 0.168252 1.000000
vt 0.168252 1.000000
vt 0.168252 0.000000
vt 0.168252 0.000000
vt 0.385546 0.000000
vt 0.385546 1.000000
vt 0.385546 0.000000
vt 0.000000 0.614454
vt 0.385546 1.000000
vt 1.000000 0.614454
vt 0.614454 1.000000
vt 0.614454 0.000000
vt 0.614454 1.000000
vt 0.614454 0.000000
vt 0.614454 1.000000
vt 0.614454 0.000000
vt 0.614454 1.000000
vt 0.614454 0.000000
vt 0.385546 0.000000
vt 0.385546 1.000000
vt 0.385546 0.000000
vt 0.385546 1.000000
vt 0.385546 0.000000
vt 0.385546 0.000000
vt 0.385546 1.000000
vt 0.385546 1.000000
vt 0.781620 0.000000
vt 0.781620 1.000000
vt 0.781620 0.000000
vt 0.000000 0.218380
vt 0.781620 1.000000
vt 1.000000 0.218380
vt 0.218380 1.000000
vt 0.218380 0.000000
vt 0.218380 1.000000
vt 0.218380 0.000000
vt 0.218380 1.000000
vt 0.218380 0.000000
vt 0.218380 1.000000
vt 0.218380 0.000000
vt 0.781620 0.000000
vt 0.781620 1.000000
vt 0.781620 0.000000
vt 0.781620 1.000000
vt 0.781620 0.000000
vt 0.781620 0.000000
vt 0.781620 1.000000
vt 0.781620 1.000000
vt 0.000000 0.000000
vt 1.000000 0.000000
vt 1.000000 1.000000
vt 0.000000 1.000000
vt 0.000000 0.000000
vt 1.000000 0.000000
vt 1.000000 1.000000
vt 0.000000 1.000000
vt 0.000000 0.000000
vt 1.000000 0.000000
vt 1.000000 1.000000
vt 0.000000 1.000000
vt 0.000000 0.000000
vt 1.000000 0.000000
vt 1.000000 1.000000
vt 0.000000 1.000000
vt 0.000000 0.000000
vt 1.000000 0.000000
vt 1.000000 1.000000
vt 0.000000 1.000000
vt 0.000000 0.000000
vt 1.000000 0.000000
vt 1.000000 1.000000
vt 0.000000 1.000000
vt 0.000000 0.000000
vt 1.000000 0.000000
vt 1.000000 1.000000
vt 0.000000 1.000000
vt 0.000000 0.000000
vt 1.000000 0.000000
vt 1.000000 1.000000
vt 0.000000 1.000000
vt 0.000000 0.000000
vt 1.000000 0.000000
vt 1.000000 1.000000
vt 0.000000 1.000000
vt 0.000000 0.000000
vt 1.000000 0.000000
vt 1.000000 1.000000
vt 0.000000 1.000000
vt 0.000000 0.000000
vt 1.000000 0.000000
vt 1.000000 1.000000
vt 0.000000 1.000000
vt 0.000000 0.000000
vt 1.000000 0.000000
vt 1.000000 1.000000
vt 0.000000 1.000000
vt 0.000000 0.000000
vt 1.000000 0.000000
vt 1.000000 1.000000
vt 0.000000 1.000000
vt 1.000000 0.813824
vt 0.000000 0.813824
vt 1.000000 0.525296
vt 0.000000 0.525296
vt 0.000000 0.000000
vt 1.000000 0.000000
vt 1.000000 1.000000
vt 0.000000 1.000000
vt 0.000000 0.000000
vt 1.000000 0.000000
vt 1.000000 1.000000
vt 0.000000 1.000000
vt 0.000000 0.000000
vt 1.000000 0.000000
vt 1.000000 1.000000
vt 0.000000 1.000000
vt 0.000000 0.000000
vt 1.000000 0.000000
vt 1.000000 1.000000
vt 0.000000 1.000000
vt 0.000000 0.000000
vt 1.000000 0.000000
vt 1.000000 1.000000
vt 0.000000 1.000000
vt 0.000000 0.000000
vt 1.000000 0.000000
vt 1.000000 1.000000
vt 0.000000 1.000000
vt 0.000000 0.000000
vt 1.000000 0.000000
vt 1.000000 1.000000
vt 0.000000 1.000000
vt 0.310110 0.000000
vt 0.310110 1.000000
vt 0.310110 0.000000
vt 0.310110 1.000000
vt 0.310110 0.000000
vt 0.310110 1.000000
vt 0.689890 1.000000
vt 0.689890 0.000000
vt 0.569348 0.000000
vt 0.569348 1.000000
vt 0.569348 0.000000
vt 0.569348 1.000000
vt 0.569348 0.000000
vt 0.569348 1.000000
vt 0.430652 1.000000
vt 0.430652 0.000000
vt 0.763217 0.000000
vt 0.763217 1.000000
vt 0.763217 0.000000
vt 0.763217 1.000000
vt 0.763217 0.000000
vt 0.763217 1.000000
vt 0.236783 1.000000
vt 0.236783 0.000000
vt 0.000000 0.000000
vt 1.000000 0.000000
vt 1.000000 1.000000
vt 0.000000 1.000000
vt 0.000000 0.000000
vt 1.000000 0.000000
vt 1.000000 1.000000
vt 0.000000 1.000000
vt 0.000000 0.000000
vt 1.000000 0.000000
vt 1.000000 1.000000
vt 0.000000 1.000000
vt 0.000000 0.000000
vt 1.000000 0.000000
vt 1.000000 1.000000
vt 0.000000 1.000000
vt 0.000000 0.000000
vt 1.000000 0.000000
vt 1.000000 1.000000
vt 0.000000 1.000000
vt 0.000000 0.000000
vt 1.000000 0.000000
vt 1.000000 1.000000
vt 0.000000 1.000000
vt 0.000000 0.000000
vt 1.000000 0.000000
vt 1.000000 1.000000
vt 0.000000 1.000000
vt 0.749470 0.000000
vt 0.749470 1.000000
vt 0.000000 0.000000
vt 1.000000 0.000000
vt 1.000000 1.000000
vt 0.000000 1.000000
vt 0.000000 0.000000
vt 1.000000 0.000000
vt 1.000000 1.000000
vt 0.000000 1.000000
vt 0.000000 0.000000
vt 1.000000 0.000000
vt 1.000000 1.000000
vt 0.000000 1.000000
vt 0.658531 0.000000
vt 0.658531 1.000000
vt 0.401115 0.000000
vt 0.401115 1.000000
vt 0.504315 1.000000
vt 0.504315 0.000000
vt 0.000000 0.000000
vt 1.000000 0.000000
vt 1.000000 1.000000
vt 0.000000 1.000000
vt 0.000000 0.000000
vt 1.000000 0.000000
vt 1.000000 1.000000
vt 0.000000 1.000000
vt 0.000000 0.000000
vt 1.000000 0.000000
vt 1.000000 1.000000
vt 0.000000 1.000000
vt 0.000000 0.000000
vt 1.000000 0.000000
vt 1.000000 1.000000
vt 0.000000 1.000000
vt 0.000000 0.000000
vt 1.000000 0.000000
vt 1.000000 1.000000
vt 0.000000 1.000000
vt 0.000000 0.000000
vt 1.000000 0.000000
vt 1.000000 1.000000
vt 0.000000 1.000000
vt 0.000000 0.000000
vt 1.000000 0.000000
vt 1.000000 1.000000
vt 0.000000 1.000000
vt 0.000000 0.000000
vt 1.000000 0.000000
vt 1.000000 1.000000
vt 0.000000 1.000000
vt 0.000000 0.000000
vt 1.000000 0.000000
vt 1.000000 1.000000
vt 0.000000 1.000000
vt 1.000000 0.161076
vt 0.000000 0.344370
vt 1.000000 0.344370
vt 0.000000 0.344370
vt 0.511795 0.344370
vt 1.000000 0.344370
vt 0.344370 1.000000
vt 0.344370 1.000000
vt 0.344370 0.000000
vt 0.344370 1.000000
vt 0.344370 0.000000
vt 0.344370 0.000000
vt 0.344370 1.000000
vt 0.344370 0.317335
vt 0.344370 0.164425
vt 0.344370 0.000000
vt 0.344370 1.000000
vt 0.919745 0.000000
vt 0.344370 0.000000
vt 0.000000 0.080255
vt 0.919745 1.000000
vt 0.919745 0.000000
vt 1.000000 0.080255
vt 0.919745 1.000000
vt 1.000000 0.655630
vt 0.781620 0.655630
vt 0.625047 0.655630
vt 0.385546 0.655630
vt 0.168252 0.655630
vt 0.000000 0.655630
vt 0.000000 0.344370
vt 1.000000 0.344370
vt 0.344370 1.000000
vt 0.344370 0.813824
vt 0.344370 0.525296
vt 0.344370 0.000000
vt 0.000000 0.344370
vt 1.000000 0.344370
vt 0.000000 0.344370
vt 1.000000 0.344370
vt 0.000000 0.344370
vt 0.655630 0.000000
vt 1.000000 0.344370
vt 0.655630 0.496083
vt 0.000000 0.161076
vt 0.655630 1.000000
vt 0.008019 0.161076
vt 0.014270 0.161076
vt 0.019686 0.161076
vt 0.025892 0.161076
vt 0.037757 0.161076
vt 0.164762 0.161076
vt 0.262142 0.161076
vt 0.371011 0.161076
vt 0.507632 0.161076
vt 0.747694 0.161076
vt 0.287996 0.000000
vt 0.287996 0.344370
vt 0.287996 1.000000
vt 0.566304 1.000000
vt 0.566304 0.344370
vt 0.566304 0.000000
vt 0.778208 1.000000
vt 0.778208 0.344370
vt 0.778208 0.000000
vt 0.000000 0.000000
vt 1.000000 0.000000
vt 1.000000 1.000000
vt 0.000000 1.000000
vt 0.000000 0.000000
vt 1.000000 0.000000
vt 1.000000 1.000000
vt 0.000000 1.000000
vt 1.000000 0.746315
vt 1.000000 0.746315
vt 0.000000 0.746315
vt 0.000000 0.746315
vt 0.000000 0.228138
vt 1.000000 0.228138
vt 0.000000 0.228138
vt 1.000000 0.228138
vt 0.000000 0.000000
vt 1.000000 0.000000
vt 1.000000 1.000000
vt 0.000000 1.000000
vt 0.000000 0.000000
vt 1.000000 0.000000
vt 1.000000 1.000000
vt 0.000000 1.000000
vt 0.000000 0.000000
vt 1.000000 0.000000
vt 1.000000 1.000000
vt 0.000000 1.000000
vt 0.000000 0.000000
vt 1.000000 0.000000
vt 1.000000 1.000000
vt 0.000000 1.000000
vt 0.349956 0.000000
vt 0.349956 1.000000
vt 0.590023 1.000000
vt 0.590023 0.000000
vt 0.000000 0.000000
vt 1.000000 0.000000
vt 1.000000 1.000000
vt 0.000000 1.000000
vt 0.000000 0.000000
vt 1.000000 0.000000
vt 1.000000 1.000000
vt 0.000000 1.000000
vt 0.000000 0.000000
vt 1.000000 0.000000
vt 1.000000 1.000000
vt 0.000000 1.000000
vt 0.000000 0.000000
vt 1.000000 0.000000
vt 1.000000 1.000000
vt 0.000000 1.000000
vt 0.000000 0.000000
vt 1.000000 0.000000
vt 1.000000 1.000000
vt 0.000000 1.000000
vt 0.000000 0.000000
vt 1.000000 0.000000
vt 1.000000 1.000000
vt 0.000000 1.000000
vt 0.000000 0.000000
vt 1.000000 0.000000
vt 1.000000 1.000000
vt 0.000000 1.000000
vt 0.000000 0.000000
vt 1.000000 0.000000
vt 1.000000 1.000000
vt 0.000000 1.000000
vt 0.000000 0.000000
vt 1.000000 0.000000
vt 1.000000 1.000000
vt 0.000000 1.000000
vt 0.000000 0.000000
vt 1.000000 0.000000
vt 1.000000 1.000000
vt 0.000000 1.000000
vt 0.000000 0.000000
vt 1.000000 0.000000
vt 1.000000 1.000000
vt 0.000000 1.000000
vt 0.000000 0.000000
vt 1.000000 0.000000
vt 1.000000 1.000000
vt 0.000000 1.000000
vt 0.000000 0.000000
vt 1.000000 0.000000
vt 1.000000 1.000000
vt 0.000000 1.000000
vt 0.000000 0.000000
vt 1.000000 0.000000
vt 1.000000 1.000000
vt 0.000000 1.000000
vt 0.000000 0.000000
vt 1.000000 0.000000
vt 1.000000 1.000000
vt 0.000000 1.000000
vt 0.000000 0.000000
vt 1.000000 0.000000
vt 1.000000 1.000000
vt 0.000000 1.000000
vt 0.221173 0.000000
vt 0.204906 0.211771
vt 0.189429 0.413265
vt 0.180621 0.527937
vt 0.173602 0.619315
vt 0.167324 0.701051
vt 0.159136 0.807652
vt 0.158371 0.817610
vt 0.157971 0.822819
vt 0.157622 0.827365
vt 0.157219 0.832612
vt 0.156702 0.839342
vt 0.483013 1.000000
vt 0.483013 0.496083
vt 0.483013 0.000000
vt 0.000000 0.000000
vt 1.000000 0.000000
vt 1.000000 1.000000
vt 0.000000 1.000000
vt 0.000000 0.000000
vt 1.000000 0.000000
vt 1.000000 1.000000
vt 0.000000 1.000000
vt 0.000000 0.489104
vt 1.000000 0.489104
vt 1.000000 0.510896
vt 0.000000 0.510896
vt 0.000000 0.489104
vt 0.682665 0.489104
vt 0.835575 0.489104
vt 1.000000 0.489104
vt 0.510896 0.000000
vt 0.510896 1.000000
vt 0.000000 0.489104
vt 1.000000 0.489104
vt 0.000000 0.489104
vt 1.000000 0.489104
vt 1.000000 0.510896
vt 0.000000 0.510896
vt 0.000000 0.489104
vt 0.218380 0.489104
vt 0.374953 0.489104
vt 0.614454 0.489104
vt 0.831748 0.489104
vt 1.000000 0.489104
vt 0.000000 0.489104
vt 0.310110 0.489104
vt 0.569348 0.489104
vt 0.763217 0.489104
vt 1.000000 0.489104
vt 1.000000 0.510896
vt 0.579743 1.000000
vt 0.000000 0.510896
vt 0.579742 0.000000
vt 0.489104 1.000000
vt 0.467374 1.000000
vt 0.489104 0.000000
vt 0.467374 0.000000
vt 0.000000 0.000000
vt 1.000000 0.000000
vt 1.000000 1.000000
vt 0.000000 1.000000
vt 0.000000 0.000000
vt 1.000000 0.000000
vt 1.000000 1.000000
vt 0.000000 1.000000
vt 0.000000 0.000000
vt 1.000000 0.000000
vt 1.000000 1.000000
vt 0.000000 1.000000
vt 0.000000 0.000000
vt 1.000000 0.000000
vt 1.000000 1.000000
vt 0.000000 1.000000
vt 1.000000 0.445608
vt 0.000000 0.445608
vt 0.000000 0.554392
vt 1.000000 0.554392
vt 0.000000 0.554392
vt 1.000000 0.554392
vt 0.000000 0.554392
vt 0.495841 0.554392
vt 1.000000 0.554392
vt 1.000000 0.445608
vt 0.344370 0.445608
vt 0.000000 0.445608
vt 0.000000 0.000000
vt 1.000000 0.000000
vt 1.000000 1.000000
vt 0.000000 1.000000
vt 0.000000 0.000000
vt 1.000000 0.000000
vt 1.000000 1.000000
vt 0.000000 1.000000
vt 0.000000 0.000000
vt 1.000000 0.000000
vt 1.000000 1.000000
vt 0.000000 1.000000
vt 0.000000 0.000000
vt 1.000000 0.000000
vt 1.000000 1.000000
vt 0.000000 1.000000
vt 0.000000 0.000000
vt 1.000000 0.000000
vt 1.000000 1.000000
vt 0.000000 1.000000
vt 0.000000 0.000000
vt 1.000000 0.000000
vt 1.000000 1.000000
vt 0.000000 1.000000
vt 0.000000 0.000000
vt 1.000000 0.000000
vt 1.000000 1.000000
vt 0.482832 0.000000
vt 0.482832 0.344370
vt 0.482832 1.000000
vt 0.000000 0.517168
vt 0.504159 0.517168
vt 1.000000 0.517168
vt 0.000000 0.517168
vt 1.000000 0.517168
vt 0.000000 0.517168
vt 1.000000 0.517168
vt 0.000000 0.517168
vt 1.000000 0.517168
vt 0.000000 0.517168
vt 1.000000 0.517168
vt 1.000000 0.482832
vt 0.000000 0.517168
vt 0.000000 0.482832
vt 0.000000 0.517168
vt 1.000000 0.517168
vt 1.000000 0.517168
vt 0.471238 0.948989
vt 0.465339 1.000000
vt 0.465339 0.496083
vt 0.465339 0.000000
vt 1.000000 0.534661
vt 1.000000 0.534661
vt 0.000000 0.534661
vt 0.000000 0.465339
vt 0.000000 0.534661
vt 1.000000 0.465339
vt 0.465339 1.000000
vt 1.000000 0.534661
vt 0.465339 0.000000
vt 0.000000 0.534661
vt 0.465339 1.000000
vt 0.000000 0.465339
vt 0.465339 0.000000
vt 0.236783 0.465339
vt 0.430652 0.465339
vt 0.689890 0.465339
vt 0.000000 0.465339
vt 1.000000 0.465339
vt 0.168252 0.465339
vt 0.385546 0.465339
vt 0.625047 0.465339
vt 0.781620 0.465339
vt 0.465339 1.000000
vt 1.000000 0.465339
vt 0.465339 1.000000
vt 0.465339 0.000000
vt 0.534661 0.000000
vt 0.465339 0.000000
vt 0.534661 0.000000
vt 0.534661 1.000000
vt 0.230305 1.000000
vt 0.534661 1.000000
vt 0.230305 0.835575
vt 0.230305 0.682665
vt 0.230305 0.000000
vt 0.769695 0.000000
vt 0.769695 0.000000
vt 0.769695 1.000000
vt 0.769695 1.000000
vt 0.534661 0.000000
vt 0.465339 1.000000
vt 0.534661 1.000000
vt 0.465339 0.511795
vt 0.534661 0.000000
vt 0.465339 0.000000
vt 0.534661 0.517168
vt 0.508175 0.000000
vt 0.534661 1.000000
vt 0.498856 0.239435
vt 0.489988 0.467252
vt 0.484942 0.596903
vt 0.480921 0.700219
vt 0.477324 0.792632
vt 0.472632 0.913158
vt 0.472194 0.924418
vt 0.471965 0.930307
vt 0.471765 0.935447
vt 0.471534 0.941379
vn 0.359292 0.803838 0.474083
vn 0.605213 0.523354 0.599848
vn 0.705508 0.564746 0.428159
vn 0.443178 0.844595 0.300421
vn 0.138710 0.943618 0.300575
vn 0.208207 0.956980 0.202087
vn -0.053278 0.995277 0.081144
vn -0.098425 0.978892 0.179117
vn -0.363348 0.928151 -0.080717
vn -0.629904 0.746566 -0.214150
vn -0.672547 0.739373 -0.031761
vn -0.413078 0.909449 0.047638
vn -0.825885 0.456928 -0.330350
vn -0.852779 0.416744 -0.314790
vn -0.939696 0.342008 -0.001298
vn -0.895839 0.440966 -0.054969
vn 0.612577 0.428193 0.664379
vn 0.747482 0.432414 0.504271
vn 0.788694 0.374591 0.487487
vn 0.683205 0.348164 0.641882
vn -0.851402 0.524466 -0.007132
vn -0.796174 0.517252 -0.313938
vn 0.758896 0.453596 0.467256
vn 0.775589 0.476120 0.414453
vn 0.803075 0.439792 0.402061
vn 0.788258 0.405275 0.463035
vn 0.482998 0.828311 0.283926
vn 0.709576 0.586234 0.390937
vn 0.719693 0.614787 0.322613
vn 0.541104 0.807809 0.233777
vn 0.274345 0.933156 0.232282
vn 0.375826 0.905427 0.197376
vn -0.055701 0.996335 0.064914
vn -0.054186 0.993191 0.103127
vn -0.415520 0.904638 -0.094726
vn -0.375371 0.921924 -0.095668
vn -0.616065 0.759227 -0.209854
vn -0.602420 0.758124 -0.249677
vn -0.784272 0.500887 -0.366101
vn -0.809557 0.502640 -0.303267
vn -0.824526 0.465133 -0.322194
vn -0.798777 0.473235 -0.371490
vn -0.782755 0.544506 -0.301344
vn -0.798066 0.497725 -0.339648
vn 0.839835 0.496743 0.218914
vn 0.877860 0.478456 0.021030
vn 0.893610 0.447250 0.037806
vn 0.863359 0.460611 0.206030
vn 0.621918 0.776416 0.101956
vn 0.777425 0.609866 0.153862
vn 0.819910 0.572341 0.013171
vn 0.677863 0.734468 -0.032548
vn 0.493810 0.866979 0.067073
vn 0.579351 0.814574 -0.028659
vn 0.257624 0.965052 -0.048004
vn 0.072766 0.997103 -0.022176
vn -0.225396 0.971400 -0.074689
vn -0.381602 0.920954 -0.078891
vn -0.548713 0.831377 -0.087901
vn -0.625914 0.773175 -0.102139
vn -0.844160 0.503668 -0.183610
vn -0.813526 0.567603 -0.126499
vn -0.890703 0.442186 -0.105452
vn -0.876537 0.435983 -0.203966
vn -0.854159 0.515038 -0.071752
vn -0.816084 0.550918 -0.174635
vn 0.864684 0.501815 -0.022416
vn 0.827105 0.553509 0.097595
vn 0.896178 0.419345 0.144965
vn 0.906040 0.422613 -0.022153
vn 0.713038 0.700862 0.019207
vn 0.853088 0.521697 -0.008618
vn 0.864305 0.462396 0.197905
vn 0.728222 0.637086 0.252614
vn 0.623798 0.771236 0.126775
vn 0.632704 0.696597 0.338287
vn 0.346437 0.905501 0.245048
vn 0.323899 0.937404 0.127923
vn -0.094130 0.995283 -0.023489
vn -0.139764 0.990030 -0.017514
vn -0.341486 0.916629 -0.207797
vn -0.435063 0.891843 -0.123837
vn -0.667999 0.728972 -0.149591
vn -0.459778 0.841512 -0.283658
vn -0.635536 0.655015 -0.408718
vn -0.831505 0.536781 -0.143059
vn -0.693130 0.527945 -0.490759
vn -0.861399 0.478621 -0.170043
vn 0.601615 0.490929 0.630118
vn 0.627570 0.367375 0.686434
vn 0.616719 0.411353 0.671154
vn 0.551982 0.612548 0.565775
vn 0.556031 0.685634 0.469825
vn 0.360432 0.904491 0.228003
vn -0.032731 0.990359 -0.134602
vn -0.248030 0.903380 -0.349836
vn -0.300537 0.806762 -0.508736
vn -0.357023 0.602504 -0.713809
vn -0.325677 0.549658 -0.769292
vn 0.171617 0.244730 0.954282
vn 0.125887 0.287613 0.949437
vn 0.236286 0.314919 0.919236
vn 0.206556 0.218394 0.953750
vn 0.223776 0.643228 0.732244
vn 0.213049 0.373510 0.902829
vn 0.242634 0.491511 0.836389
vn 0.148660 0.717385 0.680632
vn 0.338181 0.757805 0.558002
vn 0.159979 0.841459 0.516094
vn 0.146571 0.980000 0.134600
vn 0.276290 0.940732 0.196690
vn 0.008251 0.960034 -0.279761
vn 0.004581 0.973108 -0.230302
vn -0.129305 0.785560 -0.605124
vn -0.170687 0.856151 -0.487720
vn -0.258669 0.660074 -0.705260
vn -0.226641 0.529746 -0.817315
vn -0.228040 0.437240 -0.869953
vn -0.278925 0.488768 -0.826623
vn -0.184056 0.500718 -0.845816
vn -0.240322 0.543909 -0.803995
vn 0.670950 0.569160 0.475272
vn 0.541401 0.602015 0.586909
vn 0.664837 0.621200 0.414853
vn 0.405860 0.805138 0.432470
vn 0.302753 0.897322 0.321175
vn 0.203009 0.979129 -0.009714
vn 0.071588 0.924572 -0.374221
vn -0.013245 0.734109 -0.678903
vn -0.012711 0.427278 -0.904031
vn -0.075696 0.485683 -0.870851
vn 0.030788 0.453152 -0.890902
vn 0.960809 -0.212384 -0.178155
vn 0.757880 -0.376655 0.532680
vn 0.173790 -0.970818 0.165253
vn 0.533965 -0.333627 -0.776901
vn -0.578231 -0.384942 0.719354
vn 0.087764 -0.249283 0.964446
vn -0.805547 -0.301260 -0.510232
vn -0.979686 -0.200497 0.004151
vn -0.334199 -0.217190 -0.917137
vn 0.204863 -0.736183 -0.645031
vn 0.673669 -0.707961 -0.212040
vn 0.934173 -0.314092 -0.169313
vn 0.437647 -0.336041 -0.833992
vn 0.786436 -0.311665 0.533276
vn 0.569630 -0.731921 0.373916
vn 0.074788 -0.391242 0.917244
vn -0.008445 -0.736251 0.676656
vn -0.476778 -0.712651 0.514599
vn -0.686772 -0.355369 0.634080
vn -0.610757 -0.791259 0.029768
vn -0.949106 -0.314879 -0.006972
vn -0.824056 -0.238926 -0.513660
vn -0.550379 -0.726620 -0.411225
vn -0.286206 -0.692184 -0.662546
vn -0.309770 -0.344914 -0.886046
vn -0.100980 -0.969981 -0.221225
vn -0.177385 -0.984106 -0.008341
vn -0.292665 -0.949880 0.109886
vn -0.177431 -0.969660 0.168162
vn 0.455687 -0.889718 0.027396
vn 0.423529 -0.905878 -0.002798
vn 0.191170 -0.978951 0.071481
vn 0.056196 -0.996085 -0.068243
vn 0.730467 -0.375049 -0.570751
vn 0.676454 -0.643115 0.358906
vn -0.303285 -0.904226 0.300655
vn -0.005829 -0.423811 -0.905732
vn -0.421210 -0.592021 0.687091
vn 0.404066 -0.584191 0.703884
vn -0.924764 -0.374503 -0.067521
vn -0.870984 -0.458819 0.175701
vn -0.592567 -0.245691 -0.767138
vn -0.091494 -0.494891 -0.864125
vn -0.592912 -0.421794 -0.685963
vn -0.546534 -0.556709 -0.625600
vn -0.118808 -0.693958 -0.710146
vn 0.512703 -0.617127 -0.596900
vn 0.263903 -0.823432 -0.502310
vn -0.477508 -0.798955 0.365591
vn 0.127480 -0.866593 0.482458
vn -0.106939 -0.962989 0.247420
vn -0.419574 -0.856028 0.301950
vn -0.693313 -0.719651 0.037673
vn -0.767241 -0.639760 0.045245
vn 0.287659 -0.952153 -0.103228
vn 0.726677 -0.678448 0.107933
vn -0.769596 -0.570748 -0.286303
vn -0.858589 -0.447043 -0.250954
vn -0.660143 -0.740392 -0.126611
vn -0.746590 -0.643497 -0.168864
vn -0.675169 -0.669564 -0.309566
vn -0.604225 -0.774740 -0.186252
vn -0.557980 -0.829103 0.035301
vn -0.578135 -0.815460 0.028010
vn -0.617098 -0.736353 -0.277444
vn -0.376562 -0.818265 -0.434331
vn 0.343192 -0.343385 0.874246
vn -0.390629 -0.377095 0.839767
vn -0.161670 -0.931806 0.324962
vn 0.826489 -0.392528 0.403531
vn -0.919478 -0.347980 -0.182949
vn -0.859548 -0.307201 0.408417
vn 0.262720 -0.382767 -0.885702
vn -0.352859 -0.316287 -0.880598
vn 0.816081 -0.287069 -0.501601
vn 0.245604 -0.364433 -0.898258
vn 0.858899 -0.276579 -0.431042
vn 0.869470 -0.204383 -0.449722
vn 0.252163 -0.233378 -0.939121
vn -0.429793 -0.288871 -0.855472
vn -0.419322 -0.484430 -0.767787
vn -0.398342 -0.313279 0.862079
vn 0.328417 -0.279433 0.902252
vn 0.269849 -0.350299 0.896924
vn -0.420578 -0.455911 0.784385
vn -0.720311 -0.581661 0.377920
vn -0.840799 -0.367560 0.397438
vn 0.891613 -0.249144 0.378092
vn 0.902619 -0.211683 0.374791
vn -0.802590 -0.583510 -0.123955
vn -0.903226 -0.343229 -0.257635
vn 0.687756 -0.639841 -0.342923
vn 0.761550 -0.563358 0.320421
vn 0.198255 -0.596438 0.777790
vn -0.381483 -0.639128 0.667822
vn -0.587569 -0.712986 0.382641
vn -0.598680 -0.800946 0.008267
vn -0.280875 -0.804264 -0.523707
vn 0.231842 -0.701910 -0.673477
vn 0.054297 -0.991231 -0.120468
vn 0.212905 -0.959913 0.182313
vn 0.030009 -0.845578 0.533008
vn -0.327480 -0.781286 0.531365
vn -0.076520 -0.923733 0.375315
vn 0.020577 -0.978313 0.206106
vn 0.104808 -0.991704 -0.074422
vn 0.087764 -0.942430 -0.322682
vn 0.954914 0.175528 0.239436
vn 0.964206 0.230466 0.131117
vn 0.680705 0.300530 -0.668073
vn 0.657982 0.314519 -0.684206
vn 0.523047 0.387575 -0.759083
vn 0.987763 -0.033303 0.152367
vn 0.807140 -0.464021 -0.364980
vn 0.974888 -0.177017 -0.135121
vn 0.406101 0.548751 -0.730722
vn 0.484018 0.589736 -0.646481
vn 0.655806 0.584617 -0.477642
vn 0.653283 -0.568619 -0.499894
vn 0.894113 0.314888 -0.318446
vn 0.567966 -0.612449 -0.549837
vn 0.775150 0.182505 -0.604843
vn 0.292922 -0.147895 -0.944629
vn 0.395502 -0.434157 -0.809374
vn 0.872998 0.281399 -0.398357
vn 0.645039 0.328782 -0.689802
vn 0.340046 -0.012784 -0.940322
vn 0.302635 0.019134 -0.952914
vn 0.680705 0.257413 -0.685842
vn -0.620213 0.129445 0.773679
vn -0.566958 0.196870 0.799875
vn -0.517900 0.226134 0.825011
vn -0.565698 0.229895 0.791918
vn -0.620055 0.207716 0.756562
vn -0.493852 0.397678 0.773280
vn 0.250788 0.285677 0.924929
vn 0.127507 0.348745 0.928503
vn -0.028491 -0.999593 -0.001420
vn -0.415503 -0.885575 -0.207641
vn -0.436096 -0.893746 -0.105064
vn -0.091667 -0.991659 0.090608
vn 0.317075 -0.895987 0.310919
vn 0.389795 -0.894355 0.219520
vn -0.711268 -0.567212 -0.415173
vn -0.741693 -0.623194 -0.248035
vn -0.835415 -0.247983 -0.490496
vn -0.907799 -0.245451 -0.340080
vn -0.839230 -0.288241 -0.461097
vn -0.902812 -0.246370 -0.352467
vn 0.798411 -0.117653 0.590506
vn 0.780741 -0.135617 0.609961
vn 0.888698 -0.134270 0.438393
vn 0.874461 -0.112290 0.471921
vn 0.845252 -0.258539 0.467660
vn 0.793659 -0.225010 0.565222
vn 0.645041 -0.587421 0.488732
vn 0.685130 -0.613338 0.392955
vn -0.839149 0.038052 0.542569
vn -0.936923 -0.132867 0.323299
vn -0.770785 -0.612867 0.174025
vn -0.539985 -0.816087 0.205957
vn -0.282916 -0.897751 0.337641
vn 0.125305 -0.849712 0.512141
vn 0.394215 -0.483124 0.781783
vn 0.403519 -0.118676 0.907242
vn 0.286828 -0.030716 0.957490
vn 0.154588 -0.053218 0.986545
vn -0.267964 -0.962899 0.031966
vn 0.017027 -0.985392 0.169448
vn 0.183725 -0.982978 -0.000061
vn -0.015757 -0.993402 -0.113595
vn -0.128318 -0.986478 -0.101962
vn -0.635084 -0.685688 -0.355668
vn -0.620805 -0.694850 -0.363020
vn -0.300628 -0.945678 -0.123761
vn -0.333196 -0.930868 -0.149885
vn -0.333028 -0.927717 -0.168620
vn -0.615106 -0.700628 -0.361614
vn -0.269776 -0.962295 -0.034779
vn -0.543496 -0.773887 -0.325132
vn 0.384416 -0.869615 0.309828
vn 0.342202 -0.867739 0.360453
vn 0.354712 -0.874240 0.331486
vn 0.404596 -0.880986 0.245288
vn 0.464116 -0.860685 0.209328
vn 0.678783 -0.591096 0.435728
vn 0.724940 -0.565390 0.393443
vn 0.650650 -0.593369 0.473885
vn 0.653011 -0.610041 0.448806
vn 0.673250 -0.616247 0.408624
vn 0.842868 -0.123068 0.523858
vn 0.828394 -0.237355 0.507372
vn 0.804687 -0.249295 0.538824
vn 0.834860 -0.122102 0.536749
vn 0.818119 -0.261708 0.512045
vn 0.845255 -0.117522 0.521280
vn 0.838989 -0.272131 0.471213
vn 0.863417 -0.119347 0.490171
vn 0.829411 -0.079710 0.552923
vn 0.850424 -0.204217 0.484845
vn 0.820192 -0.204946 0.534119
vn 0.806380 -0.197072 0.557596
vn 0.766005 -0.129080 0.629742
vn 0.840530 -0.192937 0.506246
vn 0.868646 -0.167049 0.466421
vn -0.836347 -0.230332 -0.497464
vn -0.844355 -0.201732 -0.496356
vn -0.865320 -0.212784 -0.453811
vn -0.854208 -0.266805 -0.446256
vn -0.818761 -0.223288 -0.528936
vn -0.843791 -0.201042 -0.497593
vn -0.845216 -0.178483 -0.503740
vn -0.849364 -0.181225 -0.495720
vn -0.755684 -0.456711 -0.469422
vn -0.785864 -0.381168 -0.486959
vn -0.798431 -0.351935 -0.488518
vn -0.810267 -0.344906 -0.473822
vn 0.771338 -0.059943 0.633596
vn 0.827286 -0.008774 0.561712
vn 0.856857 -0.154441 0.491878
vn 0.759339 -0.516980 0.395141
vn 0.506050 -0.827369 0.243666
vn 0.190164 -0.976894 0.097553
vn -0.060670 -0.998059 -0.014034
vn -0.189149 -0.979509 -0.069177
vn -0.333377 -0.933692 -0.130691
vn -0.577245 -0.756547 -0.307287
vn -0.807399 -0.375505 -0.455086
vn -0.857766 -0.183042 -0.480347
vn -0.829616 -0.260568 -0.493803
vn 0.816413 -0.038016 0.576216
vn 0.840225 0.047214 0.540179
vn 0.862956 -0.103179 0.494633
vn 0.785971 -0.462112 0.410733
vn 0.517896 -0.813753 0.263798
vn 0.184980 -0.974440 0.127473
vn -0.038884 -0.999085 0.017826
vn -0.201843 -0.977998 -0.052727
vn -0.392671 -0.918817 -0.039810
vn -0.554271 -0.826337 -0.099755
vn -0.788295 -0.487365 -0.375587
vn -0.859045 -0.166985 -0.483899
vn -0.862277 -0.254804 -0.437669
vn -0.878563 -0.301496 -0.370441
vn -0.839657 -0.326425 -0.434076
vn -0.933805 -0.320290 -0.159443
vn -0.454399 -0.887961 -0.071046
vn -0.391110 -0.905644 -0.163838
vn -0.262504 -0.957095 -0.122721
vn -0.326169 -0.945201 0.014449
vn -0.938754 -0.339531 -0.058813
vn -0.875174 -0.141579 -0.462630
vn -0.910602 -0.177284 -0.373329
vn -0.926820 -0.076652 -0.367599
vn -0.956600 -0.041762 -0.288398
vn -0.978896 -0.006431 -0.204260
vn -0.982670 -0.036506 -0.181736
vn -0.992262 -0.085724 -0.089820
vn -0.999171 -0.032856 -0.024034
vn -0.144344 -0.988387 0.047504
vn -0.089764 -0.995819 0.016916
vn 0.035480 -0.996893 0.070329
vn -0.015043 -0.999007 0.041934
vn -0.130117 -0.991280 -0.020837
vn 0.033282 -0.995892 0.084208
vn -0.003151 -0.997897 0.064740
vn -0.193245 -0.980525 -0.035043
vn 0.928258 0.181636 0.324569
vn 0.872331 0.144045 0.467214
vn 0.838382 -0.291534 0.460568
vn 0.879933 -0.336834 0.335054
vn 0.819024 -0.211730 0.533264
vn 0.827055 0.108805 0.551491
vn 0.835538 0.078922 0.543734
vn 0.837430 -0.084610 0.539956
vn 0.143769 -0.987100 0.070458
vn 0.154908 -0.983055 0.098015
vn 0.515080 -0.821271 0.245372
vn 0.500993 -0.844528 0.189152
vn 0.517486 -0.810961 0.273039
vn 0.161698 -0.977122 0.138155
vn 0.173651 -0.973377 0.149606
vn 0.521932 -0.806958 0.276417
vn 0.858273 -0.437265 0.268638
vn 0.836934 -0.398116 0.375559
vn 0.904857 0.036060 0.424187
vn 0.958514 0.038434 0.282442
vn 0.871056 -0.002428 0.491177
vn 0.821868 -0.394426 0.411048
vn 0.804110 -0.424735 0.415942
vn 0.861547 -0.057389 0.504424
vn -0.995792 -0.089827 0.018136
vn -0.944445 -0.320460 0.072996
vn -0.959133 -0.279179 0.046075
vn -0.997829 -0.058627 0.030010
vn -0.701272 -0.698174 0.144119
vn -0.760198 -0.635654 0.134322
vn -0.443542 -0.883108 0.152943
vn -0.296341 -0.948046 0.115717
vn -0.378070 -0.919895 0.104191
vn -0.528599 -0.834314 0.156536
vn -0.090669 -0.994770 0.047037
vn -0.219250 -0.975564 0.014282
vn 0.340489 -0.940232 -0.005639
vn 0.215643 -0.976162 -0.024622
vn 0.739346 -0.673073 0.018448
vn 0.789932 -0.613051 0.013234
vn 0.979807 -0.192987 0.052295
vn 0.995576 -0.092308 0.017553
vn 0.972807 0.130214 -0.191550
vn 0.978651 0.003787 -0.205496
vn 0.996752 0.074601 -0.030331
vn 0.968542 0.231384 -0.091587
vn -0.987879 -0.120094 0.098348
vn -0.893332 -0.425277 0.145254
vn -0.867965 -0.487359 -0.095490
vn -0.987119 -0.159623 -0.010820
vn -0.994754 -0.096509 -0.033915
vn -0.923385 -0.355265 -0.145423
vn -0.983575 -0.173900 -0.048372
vn -0.999114 -0.039496 0.014546
vn -0.994123 -0.108250 0.001338
vn -0.975974 -0.214084 -0.040527
vn -0.821154 -0.568830 -0.046249
vn -0.909932 -0.413004 0.038087
vn -0.454249 -0.888407 0.066265
vn -0.586335 -0.804896 0.091400
vn -0.238782 -0.969175 0.060688
vn -0.096037 -0.995036 0.026101
vn -0.199736 -0.977659 0.065480
vn -0.336559 -0.937338 0.090143
vn 0.126297 -0.990890 0.046756
vn 0.046612 -0.998012 0.042429
vn 0.500220 -0.859302 0.106678
vn 0.442758 -0.896243 0.026739
vn 0.826701 -0.562052 0.025773
vn 0.860001 -0.496791 0.116600
vn 0.998851 -0.006838 0.047431
vn 0.989546 0.027235 0.141621
vn 0.945316 0.320999 0.057775
vn 0.930385 0.272699 0.244990
vn 0.924861 -0.124076 0.359497
vn 0.986992 0.072626 0.143429
vn 0.998576 -0.017465 0.050408
vn 0.988022 -0.153929 -0.010876
vn 0.953886 -0.291049 0.073430
vn 0.648194 -0.760579 0.036934
vn 0.046958 -0.998887 0.004417
vn -0.304344 -0.952328 0.021146
vn -0.427824 -0.902950 0.040608
vn -0.574174 -0.815829 0.068904
vn -0.781195 -0.621937 0.054115
vn -0.968365 -0.249265 -0.011697
vn -0.999443 -0.019449 -0.027113
vn -0.997007 -0.075433 0.016965
vn -0.933832 -0.353083 0.057360
vn 0.854197 -0.503119 0.131223
vn 0.653520 -0.671286 0.349694
vn 0.487990 -0.736699 0.468124
vn -0.405418 -0.906110 -0.120835
vn -0.327562 -0.920034 -0.215037
vn -0.208943 -0.927728 -0.309297
vn -0.433716 -0.900540 -0.030311
vn 0.913276 -0.402086 0.065213
vn 0.996714 -0.051371 0.062627
vn 0.989089 -0.130764 0.067844
vn 0.851556 0.071723 0.519334
vn 0.531636 0.159005 0.831914
vn 0.634755 -0.088595 0.767618
vn 0.873102 -0.161535 0.460000
vn 0.979714 -0.007823 0.200247
vn 0.981188 -0.103599 0.162905
vn -0.810717 -0.584640 -0.030562
vn -0.975274 -0.217125 -0.041206
vn -0.996682 -0.025729 -0.077224
vn -0.987028 -0.114158 -0.112887
vn -0.912534 -0.383771 -0.141424
vn -0.859202 -0.497807 -0.118154
vn -0.986300 -0.155004 -0.056438
vn -0.997183 -0.055146 -0.050837
vn -0.982682 -0.173055 -0.066249
vn -0.893737 -0.444309 -0.061839
vn -0.831825 -0.446497 -0.329707
vn -0.953697 -0.114775 -0.278007
vn -0.971760 -0.069543 -0.225489
vn -0.962970 -0.193802 -0.187429
vn -0.867709 -0.480560 -0.127057
vn -0.591000 -0.489686 -0.641036
vn -0.733852 -0.101095 -0.671745
vn -0.799893 -0.015391 -0.599946
vn -0.868300 -0.094144 -0.487023
vn -0.873133 -0.363284 -0.325060
vn -0.588699 -0.807339 -0.040465
vn -0.602928 -0.783780 -0.148885
vn -0.536321 -0.792354 -0.290751
vn -0.339151 -0.829108 -0.444474
vn 0.365074 0.203232 0.908525
vn 0.437621 0.051605 0.897677
vn 0.373529 0.244117 0.894921
vn 0.391969 0.117015 0.912506
vn 0.177863 -0.983465 -0.034075
vn 0.485114 -0.603292 0.633011
vn 0.473489 -0.391481 0.789019
vn 0.297147 -0.941933 0.156416
vn -0.043056 -0.887407 -0.458973
vn -0.114903 -0.907721 -0.403534
vn -0.491217 -0.142993 -0.859220
vn -0.383176 -0.269185 -0.883581
vn -0.426272 0.118631 -0.896782
vn -0.548383 0.090177 -0.831351
vn -0.401316 -0.587610 -0.702609
vn -0.252011 -0.674479 -0.693952
vn -0.110806 -0.831441 -0.544451
vn -0.215243 -0.843869 -0.491484
vn -0.448439 0.238389 -0.861437
vn -0.661013 0.118239 -0.741001
vn -0.540039 0.123055 -0.832596
vn -0.789714 -0.090031 -0.606833
vn 0.307156 0.254094 0.917110
vn 0.343681 0.097657 0.933995
vn -0.972712 0.231560 0.014556
vn -0.676576 0.013180 0.736255
vn 0.048524 -0.143533 0.988455
vn 0.776439 -0.192621 0.600034
vn 0.895195 -0.178269 0.408467
vn 0.843574 -0.219596 0.490063
vn 0.877049 -0.199086 0.437207
vn 0.816581 -0.227867 0.530351
vn 0.786766 -0.224555 0.574957
vn 0.719832 -0.175317 0.671644
vn 0.727407 -0.154234 0.668648
vn 0.791568 -0.201777 0.576807
vn 0.804657 -0.377568 0.458224
vn 0.687244 -0.642952 0.338095
vn 0.516054 -0.829172 0.214853
vn 0.507125 -0.843943 0.174883
vn 0.645045 -0.704131 0.296845
vn 0.895123 -0.381267 0.231063
vn 0.980382 -0.106427 -0.165907
vn 0.935670 -0.095034 -0.339839
vn 0.949268 -0.298313 -0.099496
vn 0.956404 -0.276065 0.095284
vn 0.957217 -0.108513 0.268255
vn 0.816035 0.051269 0.575724
vn 0.480149 0.110076 0.870253
vn 0.369524 0.104511 0.923325
vn 0.375460 0.188577 0.907452
vn 0.292311 0.277524 0.915169
vn 0.980059 0.193837 -0.043725
vn 0.689809 0.277265 -0.668796
vn 0.057421 0.463217 -0.884383
vn -0.147519 0.551970 -0.820711
vn -0.221919 0.624139 -0.749134
vn -0.274710 0.628409 -0.727761
vn -0.571516 0.599105 -0.560752
vn -0.841062 0.504900 -0.194140
vn -0.820194 0.568342 -0.065340
vn -0.784979 0.600370 -0.152851
vn -0.783151 0.549820 -0.290470
vn -0.827962 0.456567 -0.325617
vn -0.894666 0.337091 -0.293160
vn 0.569956 0.141672 0.809370
vn 0.667267 0.139420 0.731653
vn 0.465072 0.013249 0.885174
vn 0.326820 0.228171 0.917130
vn 0.306007 0.060291 0.950118
vn 0.369244 0.276929 0.887113
vn 0.458674 -0.684824 0.566245
vn -0.038249 -0.705774 0.707404
vn 0.212092 -0.280339 0.936177
vn 0.455336 -0.292010 0.841070
vn 0.158456 -0.878103 0.451471
vn 0.370679 -0.300614 0.878765
vn 0.178526 -0.980057 0.087272
vn -0.228052 -0.971739 0.060956
vn -0.116216 -0.946284 -0.301729
vn -0.088607 -0.947762 -0.306426
vn -0.030331 -0.854170 -0.519108
vn -0.242193 -0.374150 -0.895184
vn -0.229033 -0.430402 -0.873097
vn -0.333302 -0.056817 -0.941107
vn -0.377897 0.036043 -0.925146
vn -0.062654 -0.701754 -0.709659
vn -0.084740 -0.796359 -0.598858
vn -0.268047 0.110431 -0.957056
vn -0.330749 0.223816 -0.916794
vn -0.087423 0.067342 -0.993892
vn -0.297005 0.182271 -0.937318
vn 0.035946 -0.982635 -0.182034
vn -0.058543 0.005530 -0.998270
vn 0.089373 -0.049462 -0.994769
vn -0.169169 -0.147304 -0.974517
vn -0.169391 -0.538378 -0.825503
vn -0.057333 -0.890682 -0.450996
vn -0.286584 0.411916 0.864982
vn -0.027657 0.360980 0.932163
vn 0.238847 0.292369 0.925998
vn -0.331471 0.002533 0.943462
vn 0.687878 0.422296 -0.590331
vn 0.358820 0.515944 0.777849
vn 0.381171 -0.028972 -0.924051
vn 0.161876 -0.108231 -0.980858
vn -0.080534 0.063833 -0.994706
vn -0.316474 0.126776 -0.940091
vn -0.601012 -0.001137 -0.799240
vn -0.824264 -0.312813 -0.471949
vn -0.797516 -0.570839 -0.195220
vn -0.749985 -0.657264 -0.074348
vn -0.792556 -0.608768 -0.035437
vn -0.826093 -0.545513 -0.141373
vn -0.818978 -0.568724 0.076343
vn -0.748561 -0.654569 0.105815
vn -0.718895 -0.666527 -0.197314
vn -0.823831 -0.528024 -0.206139
vn -0.943343 -0.309483 -0.119685
vn -0.967464 -0.195516 -0.160583
vn -0.966650 -0.113649 -0.229504
vn -0.965975 -0.115727 -0.231299
vn -0.929247 -0.207200 -0.305890
vn -0.856218 -0.277011 -0.436069
vn -0.801813 -0.285217 -0.525116
vn -0.787136 -0.257593 -0.560413
vn -0.833692 -0.235751 -0.499379
vn -0.871665 -0.240765 -0.426888
vn -0.864956 -0.291747 -0.408332
vn -0.827531 -0.348809 -0.439914
vn -0.873430 -0.327626 -0.360251
vn -0.724542 0.050817 0.687355
vn 0.126834 0.418044 0.899529
vn 0.521422 0.481038 0.704784
vn 0.706195 0.476098 0.524042
vn 0.743639 0.486156 0.458970
vn 0.765705 0.499187 0.405596
vn 0.838271 0.515507 0.177636
vn 0.869716 0.493551 -0.001342
vn 0.841896 0.539629 0.003511
vn 0.765087 0.635435 0.104229
vn 0.532808 0.529563 0.660059
vn 0.135317 0.256717 0.956967
vn 0.083651 0.292734 0.952528
s 1
g group3 polySurface4
usemtl initialShadingGroup
f 1068/2477/2198 1639/3798/2199 1640/3799/2200 1273/2866/2201
f 1286/2891/2202 1287/2892/2203 1274/2868/2204 1073/2483/2205
f 1275/2870/2206 1276/2871/2207 1074/2486/2208 1078/2493/2209
f 1277/2873/2210 1605/3688/2211 1568/3633/2212 1082/2497/2213
f 1274/2869/2204 1275/2870/2206 1078/2493/2209 1073/2487/2205
f 1729/3981/2214 1730/3983/2215 1272/2865/2216 1080/2495/2217
f 1354/3053/2218 1355/3055/2219 1277/2873/2210 1082/2497/2213
f 1731/3984/2220 1732/3985/2221 1264/2854/2222 1085/2500/2223
f 1086/2501/2224 1641/3800/2225 1642/3801/2226 1265/2855/2227
f 1288/2893/2228 1289/2894/2229 1266/2857/2230 1087/2503/2231
f 1266/2858/2230 1267/2859/2232 1088/2505/2233 1087/2504/2231
f 1267/2859/2232 1268/2860/2234 1089/2506/2235 1088/2505/2233
f 1356/3056/2236 1357/3057/2237 1269/2862/2238 1090/2508/2239
f 1269/2862/2238 1603/3686/2240 1604/3687/2241 1090/2508/2239
f 1733/3986/2242 1734/3987/2243 1302/2910/2244 1093/2511/2245
f 1094/2512/2246 1643/3802/2247 1644/3803/2248 1303/2911/2249
f 1290/2895/2250 1304/2913/2251 1305/2914/2252 1095/2514/2253
f 1305/2915/2252 1306/2916/2254 1096/2516/2255 1095/2515/2253
f 1306/2916/2254 1307/2917/2256 1097/2517/2257 1096/2516/2255
f 1358/3058/2258 1359/3059/2259 1308/2919/2260 1098/2519/2261
f 1308/2919/2260 1601/3684/2262 1602/3685/2263 1098/2519/2261
f 1735/3988/2264 1736/3989/2265 1109/2533/2266 1101/2522/2267
f 1102/2523/2268 1645/3804/2269 1646/3805/2270 1110/2534/2271
f 1291/2896/2272 1292/2897/2273 1111/2536/2274 1103/2525/2275
f 1111/2537/2274 1112/2538/2276 1104/2527/2277 1103/2526/2275
f 1112/2538/2276 1113/2539/2278 1105/2528/2279 1104/2527/2277
f 1360/3060/2280 1361/3061/2281 1114/2541/2282 1106/2530/2283
f 1114/2541/2282 1599/3682/2284 1600/3683/2285 1106/2530/2283
f 1736/3989/2265 1737/3990/2286 1125/2555/2287 1109/2533/2266
f 1110/2534/2271 1646/3805/2270 1647/3806/2288 1126/2556/2289
f 1292/2897/2273 1293/2898/2290 1127/2558/2291 1111/2536/2274
f 1127/2559/2291 1128/2560/2292 1112/2538/2276 1111/2537/2274
f 1128/2560/2292 1129/2561/2293 1113/2539/2278 1112/2538/2276
f 1361/3061/2281 1362/3062/2294 1130/2563/2295 1114/2541/2282
f 1130/2563/2295 1598/3681/2296 1599/3682/2284 1114/2541/2282
f 1738/3991/2297 1739/3992/2298 1133/2566/2299 1117/2544/2300
f 1118/2545/2301 1648/3807/2302 1649/3808/2303 1134/2567/2304
f 1294/2899/2305 1295/2900/2306 1135/2569/2307 1119/2547/2308
f 1135/2570/2307 1136/2571/2309 1120/2549/2310 1119/2548/2308
f 1136/2571/2309 1137/2572/2311 1121/2550/2312 1120/2549/2310
f 1363/3063/2313 1364/3064/2314 1138/2574/2315 1122/2552/2316
f 1138/2574/2315 1596/3679/2317 1597/3680/2318 1122/2552/2316
f 1737/3990/2286 1738/3991/2297 1117/2544/2300 1125/2555/2287
f 1126/2556/2289 1647/3806/2288 1648/3807/2302 1118/2545/2301
f 1293/2898/2290 1294/2899/2305 1119/2547/2308 1127/2558/2291
f 1119/2548/2308 1120/2549/2310 1128/2560/2292 1127/2559/2291
f 1120/2549/2310 1121/2550/2312 1129/2561/2293 1128/2560/2292
f 1362/3062/2294 1363/3063/2313 1122/2552/2316 1130/2563/2295
f 1122/2552/2316 1597/3680/2318 1598/3681/2296 1130/2563/2295
f 1081/2496/2319 1133/2566/2299 1739/3992/2298 1698/3931/2320
f 1134/2567/2304 1649/3808/2303 1650/3809/2321 1071/2480/2322
f 1295/2900/2306 1296/2901/2323 1072/2482/2324 1135/2569/2307
f 1079/2494/2325 1136/2571/2309 1135/2570/2307 1072/2488/2324
f 1075/2485/2326 1137/2572/2311 1136/2571/2309 1079/2494/2325
f 1083/2498/2327 1138/2574/2315 1364/3064/2314 1365/3065/2328
f 1595/3677/2329 1596/3679/2317 1138/2574/2315 1083/2498/2327
f 1143/2576/2330 1144/2580/2331 1147/2583/2332 1148/2584/2333
f 1146/2582/2334 1147/2583/2332 1144/2580/2331 1140/2577/2335
f 1145/2581/2336 1147/2583/2332 1146/2582/2334 1141/2578/2337
f 1148/2584/2333 1147/2583/2332 1145/2581/2336 1142/2579/2338
f 1172/2647/2339 1165/2633/2340 1157/2617/2341 1158/2619/2342
f 1164/2631/2343 1157/2618/2341 1165/2634/2340 1166/2635/2344
f 1163/2629/2345 1164/2632/2343 1166/2636/2344 1167/2637/2346
f 1167/2638/2346 1168/2639/2347 1162/2627/2348 1163/2630/2345
f 1168/2640/2347 1169/2641/2349 1161/2625/2350 1162/2628/2348
f 1160/2623/2351 1161/2626/2350 1169/2642/2349 1170/2643/2352
f 1170/2644/2352 1171/2645/2353 1159/2621/2354 1160/2624/2351
f 1171/2646/2353 1172/2648/2339 1158/2620/2342 1159/2622/2354
f 1158/2619/2342 1157/2617/2341 1143/2586/2330 1148/2587/2333
f 1159/2622/2354 1158/2620/2342 1148/2614/2333 1142/2615/2338
f 1160/2624/2351 1159/2621/2354 1142/2610/2338 1145/2611/2336
f 1141/2605/2337 1161/2626/2350 1160/2623/2351 1145/2608/2336
f 1162/2628/2348 1161/2625/2350 1141/2602/2337 1146/2603/2334
f 1163/2630/2345 1162/2627/2348 1146/2598/2334 1140/2599/2335
f 1144/2593/2331 1164/2632/2343 1163/2629/2345 1140/2596/2335
f 1143/2589/2330 1157/2618/2341 1164/2631/2343 1144/2592/2331
f 1166/2635/2344 1165/2634/2340 1150/2590/2355 1151/2591/2356
f 1167/2637/2346 1166/2636/2344 1151/2594/2356 1152/2595/2357
f 1153/2597/2358 1168/2639/2347 1167/2638/2346 1152/2600/2357
f 1154/2601/2359 1169/2641/2349 1168/2640/2347 1153/2604/2358
f 1170/2643/2352 1169/2642/2349 1154/2606/2359 1155/2607/2360
f 1156/2609/2361 1171/2645/2353 1170/2644/2352 1155/2612/2360
f 1149/2613/2362 1172/2648/2339 1171/2646/2353 1156/2616/2361
f 1150/2585/2355 1165/2633/2340 1172/2647/2339 1149/2588/2362
f 1176/2649/2363 1177/2653/2364 1180/2656/2365 1181/2657/2366
f 1179/2655/2367 1180/2656/2365 1177/2653/2364 1173/2650/2368
f 1178/2654/2369 1180/2656/2365 1179/2655/2367 1174/2651/2370
f 1181/2657/2366 1180/2656/2365 1178/2654/2369 1175/2652/2371
f 1197/2704/2372 1190/2690/2373 1205/2720/2374 1198/2706/2375
f 1196/2702/2376 1197/2705/2372 1198/2707/2375 1199/2708/2377
f 1193/2696/2378 1194/2698/2379 1201/2712/2380 1202/2714/2381
f 1202/2715/2381 1203/2716/2382 1192/2694/2383 1193/2697/2378
f 1200/2710/2384 1201/2713/2380 1194/2699/2379 1195/2700/2385
f 1195/2701/2385 1196/2703/2376 1199/2709/2377 1200/2711/2384
f 1204/2718/2386 1205/2721/2374 1190/2691/2373 1191/2692/2387
f 1203/2717/2382 1204/2719/2386 1191/2693/2387 1192/2695/2383
f 1191/2692/2387 1190/2691/2373 1175/2683/2371 1178/2684/2369
f 1192/2695/2383 1191/2693/2387 1178/2688/2369 1174/2689/2370
f 1193/2697/2378 1192/2694/2383 1174/2671/2370 1179/2672/2367
f 1173/2666/2368 1194/2698/2379 1193/2696/2378 1179/2669/2367
f 1195/2700/2385 1194/2699/2379 1173/2675/2368 1177/2676/2364
f 1176/2678/2363 1196/2703/2376 1195/2701/2385 1177/2681/2364
f 1181/2662/2366 1197/2705/2372 1196/2702/2376 1176/2665/2363
f 1175/2658/2371 1190/2690/2373 1197/2704/2372 1181/2661/2366
f 1199/2708/2377 1198/2707/2375 1183/2663/2388 1184/2664/2389
f 1200/2711/2384 1199/2709/2377 1184/2679/2389 1188/2680/2390
f 1185/2674/2391 1201/2713/2380 1200/2710/2384 1188/2677/2390
f 1202/2714/2381 1201/2712/2380 1185/2667/2391 1186/2668/2392
f 1187/2670/2393 1203/2716/2382 1202/2715/2381 1186/2673/2392
f 1187/2686/2393 1189/2687/2394 1204/2719/2386 1203/2717/2382
f 1182/2682/2395 1205/2721/2374 1204/2718/2386 1189/2685/2394
f 1198/2706/2375 1205/2720/2374 1182/2659/2395 1183/2660/2388
f 1209/2722/2396 1210/2726/2397 1213/2729/2398 1214/2730/2399
f 1212/2728/2400 1213/2729/2398 1210/2726/2397 1206/2723/2401
f 1211/2727/2402 1213/2729/2398 1212/2728/2400 1207/2724/2403
f 1214/2730/2399 1213/2729/2398 1211/2727/2402 1208/2725/2404
f 1238/2793/2405 1231/2779/2406 1223/2763/2407 1224/2765/2408
f 1224/2766/2408 1225/2767/2409 1237/2791/2410 1238/2794/2405
f 1228/2773/2411 1229/2775/2412 1233/2783/2413 1234/2785/2414
f 1234/2786/2414 1235/2787/2415 1227/2771/2416 1228/2774/2411
f 1232/2781/2417 1233/2784/2413 1229/2776/2412 1230/2777/2418
f 1231/2780/2406 1232/2782/2417 1230/2778/2418 1223/2764/2407
f 1236/2789/2419 1237/2792/2410 1225/2768/2409 1226/2769/2420
f 1226/2770/2420 1227/2772/2416 1235/2788/2415 1236/2790/2419
f 1224/2765/2408 1223/2763/2407 1208/2732/2404 1211/2733/2402
f 1207/2735/2403 1225/2767/2409 1224/2766/2408 1211/2738/2402
f 1226/2769/2420 1225/2768/2409 1207/2756/2403 1212/2757/2400
f 1206/2759/2401 1227/2772/2416 1226/2770/2420 1212/2762/2400
f 1228/2774/2411 1227/2771/2416 1206/2744/2401 1210/2745/2397
f 1209/2739/2396 1229/2775/2412 1228/2773/2411 1210/2742/2397
f 1230/2777/2418 1229/2776/2412 1209/2748/2396 1214/2749/2399
f 1223/2764/2407 1230/2778/2418 1214/2753/2399 1208/2754/2404
f 1239/2796/2421 1240/2798/2422 1232/2782/2417 1231/2780/2406
f 1240/2797/2422 1241/2800/2423 1233/2784/2413 1232/2781/2417
f 1234/2785/2414 1233/2783/2413 1241/2799/2423 1242/2801/2424
f 1242/2802/2424 1243/2803/2425 1235/2787/2415 1234/2786/2414
f 1236/2790/2419 1235/2788/2415 1243/2804/2425 1244/2806/2426
f 1244/2805/2426 1245/2808/2427 1237/2792/2410 1236/2789/2419
f 1238/2794/2405 1237/2791/2410 1245/2807/2427 1246/2810/2428
f 1246/2809/2428 1239/2795/2421 1231/2779/2406 1238/2793/2405
f 1216/2751/2429 1221/2752/2430 1240/2798/2422 1239/2796/2421
f 1218/2747/2431 1241/2800/2423 1240/2797/2422 1221/2750/2430
f 1242/2801/2424 1241/2799/2423 1218/2740/2431 1219/2741/2432
f 1220/2743/2433 1243/2803/2425 1242/2802/2424 1219/2746/2432
f 1244/2806/2426 1243/2804/2425 1220/2760/2433 1222/2761/2434
f 1217/2755/2435 1245/2808/2427 1244/2805/2426 1222/2758/2434
f 1246/2810/2428 1245/2807/2427 1217/2736/2435 1215/2737/2436
f 1216/2731/2429 1239/2795/2421 1246/2809/2428 1215/2734/2436
f 1248/2811/2437 1593/3674/2438 1594/3676/2439 1256/2840/2440
f 1366/3067/2441 1367/3068/2442 1248/2816/2437 1256/2841/2440
f 1250/2819/2443 1249/2820/2444 1257/2843/2445 1258/2844/2446
f 1258/2845/2446 1259/2846/2447 1251/2825/2448 1250/2826/2443
f 1297/2903/2449 1298/2904/2450 1251/2828/2448 1259/2847/2447
f 1651/3811/2451 1652/3812/2452 1252/2832/2453 1260/2849/2454
f 1699/3933/2455 1700/3934/2456 1253/2836/2457 1261/2851/2458
f 1256/2840/2440 1594/3676/2439 1595/3678/2329 1083/2814/2327
f 1365/3066/2328 1366/3067/2441 1256/2841/2440 1083/2817/2327
f 1258/2844/2446 1257/2843/2445 1075/2821/2326 1079/2822/2325
f 1079/2823/2325 1072/2824/2324 1259/2846/2447 1258/2845/2446
f 1296/2902/2323 1297/2903/2449 1259/2847/2447 1072/2829/2324
f 1650/3810/2321 1651/3811/2451 1260/2849/2454 1071/2833/2322
f 1698/3932/2320 1699/3933/2455 1261/2851/2458 1081/2837/2319
f 1732/3985/2221 1733/3986/2242 1093/2511/2245 1264/2854/2222
f 1265/2855/2227 1642/3801/2226 1643/3802/2247 1094/2512/2246
f 1289/2894/2229 1290/2895/2250 1095/2514/2253 1266/2857/2230
f 1095/2515/2253 1096/2516/2255 1267/2859/2232 1266/2858/2230
f 1096/2516/2255 1097/2517/2257 1268/2860/2234 1267/2859/2232
f 1357/3057/2237 1358/3058/2258 1098/2519/2261 1269/2862/2238
f 1098/2519/2261 1602/3685/2263 1603/3686/2240 1269/2862/2238
f 1730/3983/2215 1731/3984/2220 1085/2500/2223 1272/2865/2216
f 1273/2866/2201 1640/3799/2200 1641/3800/2225 1086/2501/2224
f 1287/2892/2203 1288/2893/2228 1087/2503/2231 1274/2868/2204
f 1087/2504/2231 1088/2505/2233 1275/2870/2206 1274/2869/2204
f 1088/2505/2233 1089/2506/2235 1276/2871/2207 1275/2870/2206
f 1355/3055/2219 1356/3056/2236 1090/2508/2239 1277/2873/2210
f 1090/2508/2239 1604/3687/2241 1605/3688/2211 1277/2873/2210
f 1568/3634/2212 1687/3912/2459 1688/3913/2460 1082/2878/2213
f 1688/3914/2460 1689/3915/2461 1354/3054/2218 1082/2882/2213
f 1690/3917/2462 1691/3918/2463 1078/2885/2209 1074/2886/2208
f 1691/3919/2463 1692/3920/2464 1073/2889/2205 1078/2890/2209
f 1273/2867/2201 1287/2892/2203 1286/2891/2202 1068/2484/2198
f 1086/2502/2224 1288/2893/2228 1287/2892/2203 1273/2867/2201
f 1265/2856/2227 1289/2894/2229 1288/2893/2228 1086/2502/2224
f 1094/2513/2246 1290/2895/2250 1289/2894/2229 1265/2856/2227
f 1303/2912/2249 1304/2913/2251 1290/2895/2250 1094/2513/2246
f 1110/2535/2271 1292/2897/2273 1291/2896/2272 1102/2524/2268
f 1126/2557/2289 1293/2898/2290 1292/2897/2273 1110/2535/2271
f 1118/2546/2301 1294/2899/2305 1293/2898/2290 1126/2557/2289
f 1134/2568/2304 1295/2900/2306 1294/2899/2305 1118/2546/2301
f 1071/2481/2322 1296/2901/2323 1295/2900/2306 1134/2568/2304
f 1260/2848/2454 1297/2903/2449 1296/2902/2323 1071/2830/2322
f 1252/2827/2453 1298/2904/2450 1297/2903/2449 1260/2848/2454
f 1696/3928/2465 1728/3980/2466 1729/3982/2214 1080/2908/2217
f 1734/3987/2243 1735/3988/2264 1101/2522/2267 1302/2910/2244
f 1303/2911/2249 1644/3803/2248 1645/3804/2269 1102/2523/2268
f 1102/2524/2268 1291/2896/2272 1304/2913/2251 1303/2912/2249
f 1305/2914/2252 1304/2913/2251 1291/2896/2272 1103/2525/2275
f 1103/2526/2275 1104/2527/2277 1306/2916/2254 1305/2915/2252
f 1104/2527/2277 1105/2528/2279 1307/2917/2256 1306/2916/2254
f 1359/3059/2259 1360/3060/2280 1106/2530/2283 1308/2919/2260
f 1106/2530/2283 1600/3683/2285 1601/3684/2262 1308/2919/2260
f 1311/2921/2467 1310/2922/2468 1322/2958/2469 1323/2960/2470
f 1311/2925/2467 1323/2961/2470 1324/2962/2471 1312/2928/2472
f 1313/2929/2473 1321/2956/2474 1322/2959/2469 1310/2932/2468
f 1313/2933/2473 1314/2934/2475 1320/2954/2476 1321/2957/2474
f 1725/3975/2477 1726/3977/2478 1320/2955/2476 1314/2939/2475
f 1326/2966/2479 1570/3637/2480 1571/3638/2481 1317/2943/2482
f 1317/2945/2482 1351/3048/2483 1352/3050/2484 1326/2967/2479
f 1324/2963/2471 1325/2965/2485 1318/2950/2486 1312/2951/2472
f 1726/3977/2478 1727/3979/2487 1300/2938/2488 1320/2955/2476
f 1321/2957/2474 1320/2954/2476 1300/2935/2488 1284/2936/2489
f 1322/2959/2469 1321/2956/2474 1284/2930/2489 1285/2931/2490
f 1323/2960/2470 1322/2958/2469 1285/2923/2490 1283/2924/2491
f 1324/2962/2471 1323/2961/2470 1283/2926/2491 1282/2927/2492
f 1281/2949/2493 1325/2965/2485 1324/2963/2471 1282/2952/2492
f 1326/2967/2479 1352/3050/2484 1353/3052/2494 1280/2948/2495
f 1569/3636/2496 1570/3637/2480 1326/2966/2479 1280/2944/2495
f 1220/2969/2433 1219/2970/2432 1677/3872/2497 1678/3873/2498
f 1217/2973/2435 1389/3130/2499 1390/3131/2500 1215/2976/2436
f 1390/3132/2500 1391/3133/2501 1216/2979/2429 1215/2980/2436
f 1332/2981/2502 1328/2982/2503 1654/3823/2504 1655/3824/2505
f 1655/3825/2505 1656/3826/2506 1392/3135/2507 1332/2988/2502
f 1653/3821/2508 1654/3822/2504 1328/2991/2503 1334/2992/2509
f 1678/3874/2498 1679/3875/2510 1335/2995/2511 1220/2996/2433
f 1336/2997/2512 1222/2998/2434 1220/2999/2433 1335/3000/2511
f 1217/3001/2435 1222/3002/2434 1336/3003/2512 1337/3004/2513
f 1217/3005/2435 1337/3006/2513 1388/3127/2514 1389/3129/2499
f 1337/3009/2513 1339/3010/2515 1387/3125/2516 1388/3128/2514
f 1339/3013/2515 1337/3014/2513 1336/3015/2512 1341/3016/2517
f 1341/3017/2517 1336/3018/2512 1335/3019/2511 1342/3020/2518
f 1679/3876/2510 1680/3877/2519 1342/3023/2518 1335/3024/2511
f 1344/3025/2520 1348/3042/2521 1349/3044/2522 1343/3028/2523
f 1349/3045/2522 1350/3046/2524 1345/3030/2525 1343/3031/2523
f 1350/3047/2524 1681/3879/2526 1682/3880/2527 1345/3035/2525
f 1385/3122/2528 1386/3124/2529 1348/3043/2521 1344/3038/2520
f 1339/3037/2515 1348/3043/2521 1386/3124/2529 1387/3126/2516
f 1349/3044/2522 1348/3042/2521 1339/3026/2515 1341/3027/2517
f 1342/3029/2518 1350/3046/2524 1349/3045/2522 1341/3032/2517
f 1680/3878/2519 1681/3879/2526 1350/3047/2524 1342/3036/2518
f 1352/3050/2484 1351/3048/2483 1318/2946/2486 1325/2964/2485
f 1353/3052/2494 1352/3050/2484 1325/2964/2485 1281/2947/2493
f 1354/3054/2218 1689/3915/2461 1690/3916/2462 1074/2881/2208
f 1276/2872/2207 1355/3055/2219 1354/3053/2218 1074/2491/2208
f 1089/2507/2235 1356/3056/2236 1355/3055/2219 1276/2872/2207
f 1268/2861/2234 1357/3057/2237 1356/3056/2236 1089/2507/2235
f 1097/2518/2257 1358/3058/2258 1357/3057/2237 1268/2861/2234
f 1307/2918/2256 1359/3059/2259 1358/3058/2258 1097/2518/2257
f 1105/2529/2279 1360/3060/2280 1359/3059/2259 1307/2918/2256
f 1113/2540/2278 1361/3061/2281 1360/3060/2280 1105/2529/2279
f 1129/2562/2293 1362/3062/2294 1361/3061/2281 1113/2540/2278
f 1121/2551/2312 1363/3063/2313 1362/3062/2294 1129/2562/2293
f 1137/2573/2311 1364/3064/2314 1363/3063/2313 1121/2551/2312
f 1365/3065/2328 1364/3064/2314 1137/2573/2311 1075/2492/2326
f 1257/2842/2445 1366/3067/2441 1365/3066/2328 1075/2818/2326
f 1249/2815/2444 1367/3068/2442 1366/3067/2441 1257/2842/2445
f 1573/3642/2530 1574/3644/2531 1344/3070/2520 1343/3071/2523
f 1574/3645/2531 1575/3646/2532 1385/3123/2528 1344/3075/2520
f 1572/3640/2533 1573/3643/2530 1343/3078/2523 1345/3079/2525
f 1682/3881/2527 1683/3882/2534 1572/3641/2533 1345/3082/2525
f 1376/3097/2535 1377/3098/2536 1723/3971/2537 1724/3973/2538
f 1721/3968/2539 1722/3969/2540 1378/3100/2541 1394/3138/2542
f 1377/3099/2536 1378/3101/2541 1722/3970/2540 1723/3972/2537
f 1380/3103/2543 1381/3104/2544 1377/3098/2536 1376/3097/2535
f 1381/3105/2544 1382/3107/2545 1378/3101/2541 1377/3099/2536
f 1393/3137/2546 1394/3138/2542 1378/3100/2541 1382/3106/2545
f 1328/3085/2503 1381/3104/2544 1380/3103/2543 1334/3088/2509
f 1332/3093/2502 1382/3107/2545 1381/3105/2544 1328/3096/2503
f 1392/3136/2507 1393/3137/2546 1382/3106/2545 1332/3090/2502
f 1314/3109/2475 1313/3110/2473 1380/3111/2543 1376/3112/2535
f 1376/3113/2535 1724/3974/2538 1725/3976/2477 1314/3116/2475
f 1334/3117/2509 1380/3118/2543 1313/3119/2473 1310/3120/2468
f 1575/3646/2532 1576/3647/2547 1397/3142/2548 1385/3123/2528
f 1397/3141/2548 1398/3143/2549 1386/3124/2529 1385/3122/2528
f 1387/3126/2516 1386/3124/2529 1398/3143/2549 1399/3145/2550
f 1388/3128/2514 1387/3125/2516 1399/3144/2550 1400/3147/2551
f 1389/3129/2499 1388/3127/2514 1400/3146/2551 1401/3148/2552
f 1390/3131/2500 1389/3130/2499 1401/3149/2552 1402/3150/2553
f 1402/3151/2553 1403/3152/2554 1391/3133/2501 1390/3132/2500
f 1392/3135/2507 1656/3826/2506 1657/3827/2555 1404/3154/2556
f 1404/3155/2556 1405/3156/2557 1393/3137/2546 1392/3136/2507
f 1405/3156/2557 1406/3157/2558 1394/3138/2542 1393/3137/2546
f 1720/3967/2559 1721/3968/2539 1394/3138/2542 1406/3157/2558
f 1576/3647/2547 1577/3648/2560 1346/3074/2561 1397/3142/2548
f 1347/3041/2562 1398/3143/2549 1397/3141/2548 1346/3039/2561
f 1399/3145/2550 1398/3143/2549 1347/3041/2562 1340/3040/2563
f 1400/3147/2551 1399/3144/2550 1340/3011/2563 1338/3012/2564
f 1401/3148/2552 1400/3146/2551 1338/3007/2564 1329/3008/2565
f 1402/3150/2553 1401/3149/2552 1329/2974/2565 1330/2975/2566
f 1330/2977/2566 1331/2978/2567 1403/3152/2554 1402/3151/2553
f 1404/3154/2556 1657/3827/2555 1658/3828/2568 1333/2987/2569
f 1383/3108/2570 1405/3156/2557 1404/3155/2556 1333/3091/2569
f 1379/3102/2571 1406/3157/2558 1405/3156/2557 1383/3108/2570
f 1719/3965/2572 1720/3967/2559 1406/3157/2558 1379/3102/2571
f 1187/3159/2393 1186/3160/2392 1383/3161/2570 1333/3162/2569
f 1409/3163/2573 1408/3164/2574 1185/3165/2391 1188/3166/2390
f 1184/3167/2389 1410/3168/2575 1409/3169/2573 1188/3170/2390
f 1333/3171/2569 1658/3829/2568 1659/3830/2576 1187/3174/2393
f 1659/3831/2576 1660/3832/2577 1189/3177/2394 1187/3178/2393
f 1660/3833/2577 1661/3834/2578 1182/3181/2395 1189/3182/2394
f 1183/3183/2388 1182/3184/2395 1661/3835/2578 1662/3836/2579
f 1410/3187/2575 1184/3188/2389 1183/3189/2388 1415/3190/2580
f 1186/3191/2392 1185/3192/2391 1408/3193/2574 1383/3194/2570
f 1416/3195/2581 1379/3196/2571 1383/3197/2570 1408/3198/2574
f 1416/3199/2581 1718/3963/2582 1719/3966/2572 1379/3202/2571
f 1408/3203/2574 1409/3204/2573 1418/3205/2583 1416/3206/2581
f 1418/3207/2583 1717/3961/2584 1718/3964/2582 1416/3210/2581
f 1716/3959/2585 1717/3962/2584 1418/3212/2583 1420/3213/2586
f 1409/3215/2573 1410/3216/2575 1420/3217/2586 1418/3218/2583
f 1715/3957/2587 1716/3960/2585 1420/3220/2586 1422/3221/2588
f 1415/3223/2580 1422/3224/2588 1420/3225/2586 1410/3226/2575
f 1414/3227/2589 1413/3228/2590 1424/3229/2591 1425/3230/2592
f 1413/3231/2590 1412/3232/2593 1426/3233/2594 1424/3234/2591
f 1427/3235/2595 1426/3236/2594 1412/3237/2593 1411/3238/2596
f 1427/3239/2595 1411/3240/2596 1331/3241/2567 1330/3242/2566
f 1444/3273/2597 1445/3274/2598 1580/3654/2599 1581/3656/2600
f 1579/3652/2601 1580/3655/2599 1445/3275/2598 1446/3276/2602
f 1446/3277/2602 1447/3278/2603 1578/3650/2604 1579/3653/2601
f 1436/3261/2605 1437/3262/2606 1433/3256/2607 1432/3255/2608
f 1434/3258/2609 1433/3257/2607 1437/3263/2606 1438/3264/2610
f 1438/3265/2610 1439/3266/2611 1435/3260/2612 1434/3259/2609
f 1424/3243/2591 1437/3262/2606 1436/3261/2605 1425/3246/2592
f 1438/3264/2610 1437/3263/2606 1424/3249/2591 1426/3250/2594
f 1427/3251/2595 1439/3266/2611 1438/3265/2610 1426/3254/2594
f 1448/3279/2613 1449/3280/2614 1441/3268/2615 1440/3267/2616
f 1442/3270/2617 1441/3269/2615 1449/3281/2614 1450/3282/2618
f 1450/3283/2618 1451/3284/2619 1443/3272/2620 1442/3271/2617
f 1440/3267/2616 1441/3268/2615 1445/3274/2598 1444/3273/2597
f 1446/3276/2602 1445/3275/2598 1441/3269/2615 1442/3270/2617
f 1442/3271/2617 1443/3272/2620 1447/3278/2603 1446/3277/2602
f 1432/3255/2608 1433/3256/2607 1449/3280/2614 1448/3279/2613
f 1450/3282/2618 1449/3281/2614 1433/3257/2607 1434/3258/2609
f 1434/3259/2609 1435/3260/2612 1451/3284/2619 1450/3283/2618
f 1439/3285/2611 1427/3286/2595 1330/3287/2566 1329/3288/2565
f 1435/3289/2612 1439/3290/2611 1329/3291/2565 1338/3292/2564
f 1338/3293/2564 1340/3294/2563 1451/3295/2619 1435/3296/2612
f 1340/3297/2563 1347/3298/2562 1443/3299/2620 1451/3300/2619
f 1347/3301/2562 1346/3302/2561 1447/3303/2603 1443/3304/2620
f 1577/3649/2560 1578/3651/2604 1447/3306/2603 1346/3307/2561
f 1490/3400/2621 1491/3402/2622 1484/3390/2623 1485/3392/2624
f 1491/3403/2622 1665/3840/2625 1666/3841/2626 1484/3391/2623
f 1492/3405/2627 1493/3406/2628 1482/3386/2629 1483/3389/2630
f 1493/3407/2628 1494/3408/2631 1481/3384/2632 1482/3387/2629
f 1494/3409/2631 1495/3410/2633 1480/3382/2634 1481/3385/2632
f 1479/3380/2635 1480/3383/2634 1495/3411/2633 1496/3412/2636
f 1478/3378/2637 1479/3381/2635 1496/3413/2636 1497/3414/2638
f 1584/3660/2639 1585/3661/2640 1477/3376/2641 1498/3416/2642
f 1477/3377/2641 1478/3379/2637 1497/3415/2638 1498/3417/2642
f 1486/3394/2643 1711/3953/2644 1712/3954/2645 1489/3398/2646
f 1485/3393/2624 1486/3395/2643 1489/3399/2646 1490/3401/2621
f 1465/3354/2647 1713/3955/2648 1714/3956/2649 1501/3420/2650
f 1466/3357/2651 1465/3355/2647 1501/3421/2650 1502/3423/2652
f 1502/3422/2652 1503/3424/2653 1467/3358/2654 1466/3356/2651
f 1503/3425/2653 1663/3838/2655 1664/3839/2656 1467/3359/2654
f 1504/3427/2657 1505/3428/2658 1469/3362/2659 1468/3361/2660
f 1505/3429/2658 1506/3430/2661 1470/3364/2662 1469/3363/2659
f 1506/3431/2661 1507/3432/2663 1471/3366/2664 1470/3365/2662
f 1472/3368/2665 1471/3367/2664 1507/3433/2663 1508/3434/2666
f 1473/3370/2667 1472/3369/2665 1508/3435/2666 1509/3436/2668
f 1474/3373/2669 1473/3371/2667 1509/3437/2668 1510/3439/2670
f 1582/3658/2671 1583/3659/2672 1474/3372/2669 1510/3438/2670
f 1461/3337/2673 1477/3376/2641 1585/3661/2640 1586/3662/2674
f 1459/3341/2675 1478/3379/2637 1477/3377/2641 1461/3344/2673
f 1458/3333/2676 1479/3381/2635 1478/3378/2637 1459/3336/2675
f 1457/3329/2677 1480/3383/2634 1479/3380/2635 1458/3332/2676
f 1481/3385/2632 1480/3382/2634 1457/3326/2677 1456/3327/2678
f 1482/3387/2629 1481/3384/2632 1456/3322/2678 1455/3323/2679
f 1483/3389/2630 1482/3386/2629 1455/3318/2679 1454/3319/2680
f 1484/3391/2623 1666/3841/2626 1667/3842/2681 1452/3315/2682
f 1485/3392/2624 1484/3390/2623 1452/3311/2682 1453/3312/2683
f 1462/3349/2684 1486/3395/2643 1485/3393/2624 1453/3352/2683
f 1710/3951/2685 1711/3953/2644 1486/3394/2643 1462/3348/2684
f 1489/3398/2646 1712/3954/2645 1713/3955/2648 1465/3354/2647
f 1490/3401/2621 1489/3399/2646 1465/3355/2647 1466/3357/2651
f 1466/3356/2651 1467/3358/2654 1491/3402/2622 1490/3400/2621
f 1467/3359/2654 1664/3839/2656 1665/3840/2625 1491/3403/2622
f 1468/3361/2660 1469/3362/2659 1493/3406/2628 1492/3405/2627
f 1469/3363/2659 1470/3364/2662 1494/3408/2631 1493/3407/2628
f 1470/3365/2662 1471/3366/2664 1495/3410/2633 1494/3409/2631
f 1496/3412/2636 1495/3411/2633 1471/3367/2664 1472/3368/2665
f 1497/3414/2638 1496/3413/2636 1472/3369/2665 1473/3370/2667
f 1498/3417/2642 1497/3415/2638 1473/3371/2667 1474/3373/2669
f 1583/3659/2672 1584/3660/2639 1498/3416/2642 1474/3372/2669
f 1501/3420/2650 1714/3956/2649 1715/3958/2587 1422/3347/2588
f 1502/3423/2652 1501/3421/2650 1422/3350/2588 1415/3351/2580
f 1415/3309/2580 1183/3310/2388 1503/3424/2653 1502/3422/2652
f 1662/3837/2579 1663/3838/2655 1503/3425/2653 1183/3316/2388
f 1425/3317/2592 1505/3428/2658 1504/3427/2657 1414/3320/2589
f 1436/3321/2605 1506/3430/2661 1505/3429/2658 1425/3324/2592
f 1432/3325/2608 1507/3432/2663 1506/3431/2661 1436/3328/2605
f 1508/3434/2666 1507/3433/2663 1432/3330/2608 1448/3331/2613
f 1509/3436/2668 1508/3435/2666 1448/3334/2613 1440/3335/2616
f 1510/3439/2670 1509/3437/2668 1440/3342/2616 1444/3343/2597
f 1581/3657/2600 1582/3658/2671 1510/3438/2670 1444/3338/2597
f 1456/3441/2678 1457/3442/2677 1153/3443/2358 1152/3444/2357
f 1155/3445/2360 1513/3446/2686 1514/3447/2687 1156/3448/2361
f 1156/3449/2361 1514/3450/2687 1515/3451/2688 1149/3452/2362
f 1512/3453/2689 1151/3454/2356 1150/3455/2355 1516/3456/2690
f 1149/3457/2362 1517/3458/2691 1516/3459/2690 1150/3460/2355
f 1455/3461/2679 1456/3462/2678 1152/3463/2357 1518/3464/2692
f 1151/3465/2356 1512/3466/2689 1518/3467/2692 1152/3468/2357
f 1154/3469/2359 1153/3470/2358 1457/3471/2677 1458/3472/2676
f 1154/3473/2359 1519/3474/2693 1513/3475/2686 1155/3476/2360
f 1459/3477/2675 1519/3478/2693 1154/3479/2359 1458/3480/2676
f 1520/3481/2694 1519/3482/2693 1459/3483/2675 1461/3484/2673
f 1586/3663/2674 1587/3664/2695 1520/3487/2694 1461/3488/2673
f 1589/3667/2696 1590/3668/2697 1522/3490/2698 1526/3495/2699
f 1587/3665/2695 1588/3666/2700 1524/3493/2701 1520/3491/2694
f 1588/3666/2700 1589/3667/2696 1526/3495/2699 1524/3493/2701
f 1519/3497/2693 1520/3498/2694 1524/3499/2701 1513/3500/2686
f 1526/3501/2699 1514/3502/2687 1513/3503/2686 1524/3504/2701
f 1522/3505/2698 1515/3506/2688 1514/3507/2687 1526/3508/2699
f 1667/3843/2681 1668/3844/2702 1534/3526/2703 1452/3512/2682
f 1452/3513/2682 1534/3527/2703 1535/3528/2704 1453/3516/2683
f 1453/3517/2683 1535/3529/2704 1536/3530/2705 1462/3520/2684
f 1536/3531/2705 1709/3950/2706 1710/3952/2685 1462/3523/2684
f 1534/3526/2703 1668/3844/2702 1669/3845/2707 1539/3534/2708
f 1535/3528/2704 1534/3527/2703 1539/3535/2708 1540/3536/2709
f 1536/3530/2705 1535/3529/2704 1540/3537/2709 1541/3538/2710
f 1541/3539/2710 1708/3949/2711 1709/3950/2706 1536/3531/2705
f 1539/3534/2708 1669/3845/2707 1670/3846/2712 1544/3542/2713
f 1540/3536/2709 1539/3535/2708 1544/3543/2713 1545/3544/2714
f 1541/3538/2710 1540/3537/2709 1545/3545/2714 1546/3546/2715
f 1546/3547/2715 1707/3948/2716 1708/3949/2711 1541/3539/2710
f 1544/3542/2713 1670/3846/2712 1671/3847/2717 1529/3511/2718
f 1545/3544/2714 1544/3543/2713 1529/3514/2718 1530/3515/2719
f 1546/3546/2715 1545/3545/2714 1530/3518/2719 1531/3519/2720
f 1706/3946/2721 1707/3948/2716 1546/3547/2715 1531/3524/2720
f 1533/3549/2722 1454/3550/2680 1455/3551/2679 1518/3552/2692
f 1518/3553/2692 1512/3554/2689 1538/3555/2723 1533/3556/2722
f 1543/3557/2724 1538/3558/2723 1512/3559/2689 1516/3560/2690
f 1528/3561/2725 1543/3562/2724 1516/3563/2690 1517/3564/2691
f 1590/3669/2697 1591/3670/2726 1549/3567/2727 1522/3568/2698
f 1591/3671/2726 1592/3672/2728 1551/3571/2729 1549/3572/2727
f 1553/3573/2730 1554/3577/2731 1555/3578/2732 1552/3576/2733
f 1555/3578/2732 1554/3577/2731 1549/3574/2727 1551/3575/2729
f 1549/3579/2727 1554/3580/2731 1515/3581/2688 1522/3582/2698
f 1554/3583/2731 1553/3584/2730 1149/3585/2362 1515/3586/2688
f 1552/3587/2733 1560/3593/2734 1561/3594/2735 1553/3590/2730
f 1559/3592/2736 1558/3591/2737 1556/3588/2738 1557/3589/2739
f 1672/3849/2740 1673/3851/2741 1558/3591/2737 1559/3592/2736
f 1561/3594/2735 1560/3593/2734 1563/3596/2742 1562/3595/2743
f 1553/3597/2730 1561/3598/2735 1517/3599/2691 1149/3600/2362
f 1517/3601/2691 1561/3602/2735 1562/3603/2743 1528/3604/2725
f 1559/3605/2736 1529/3606/2718 1671/3848/2717 1672/3850/2740
f 1530/3609/2719 1529/3610/2718 1559/3611/2736 1557/3612/2739
f 1556/3613/2738 1564/3614/2744 1565/3615/2745 1557/3616/2739
f 1531/3617/2720 1530/3618/2719 1557/3619/2739 1565/3620/2745
f 1565/3621/2745 1564/3622/2744 1704/3942/2746 1705/3944/2747
f 1705/3945/2747 1706/3947/2721 1531/3626/2720 1565/3627/2745
f 1592/3673/2728 1607/3690/2748 1608/3691/2749 1551/3632/2729
f 1076/2875/2750 1686/3911/2751 1687/3912/2459 1568/3634/2212
f 1279/2941/2752 1327/2968/2753 1570/3637/2480 1569/3636/2496
f 1571/3638/2481 1570/3637/2480 1327/2968/2753 1316/2942/2754
f 1371/3081/2755 1572/3641/2533 1683/3882/2534 1684/3883/2756
f 1368/3077/2757 1573/3643/2530 1572/3640/2533 1371/3080/2755
f 1369/3069/2758 1574/3644/2531 1573/3642/2530 1368/3072/2757
f 1384/3121/2759 1575/3646/2532 1574/3645/2531 1369/3076/2758
f 1396/3140/2760 1576/3647/2547 1575/3646/2532 1384/3121/2759
f 1370/3073/2761 1577/3648/2560 1576/3647/2547 1396/3140/2760
f 1431/3305/2762 1578/3651/2604 1577/3649/2560 1370/3308/2761
f 1579/3653/2601 1578/3650/2604 1431/3252/2762 1430/3253/2763
f 1430/3247/2763 1428/3248/2764 1580/3655/2599 1579/3652/2601
f 1581/3656/2600 1580/3654/2599 1428/3244/2764 1429/3245/2765
f 1511/3440/2766 1582/3658/2671 1581/3657/2600 1429/3339/2765
f 1475/3374/2767 1583/3659/2672 1582/3658/2671 1511/3440/2766
f 1499/3418/2768 1584/3660/2639 1583/3659/2672 1475/3374/2767
f 1476/3375/2769 1585/3661/2640 1584/3660/2639 1499/3418/2768
f 1586/3662/2674 1585/3661/2640 1476/3375/2769 1460/3340/2770
f 1460/3485/2770 1521/3486/2771 1587/3664/2695 1586/3663/2674
f 1525/3494/2772 1588/3666/2700 1587/3665/2695 1521/3492/2771
f 1527/3496/2773 1589/3667/2696 1588/3666/2700 1525/3494/2772
f 1523/3489/2774 1590/3668/2697 1589/3667/2696 1527/3496/2773
f 1523/3565/2774 1548/3566/2775 1591/3670/2726 1590/3669/2697
f 1548/3569/2775 1550/3570/2776 1592/3672/2728 1591/3671/2726
f 1550/3629/2776 1606/3689/2777 1607/3690/2748 1592/3673/2728
f 1594/3676/2439 1593/3674/2438 1247/2812/2778 1255/2839/2779
f 1595/3678/2329 1594/3676/2439 1255/2839/2779 1077/2813/2780
f 1077/2489/2780 1139/2575/2781 1596/3679/2317 1595/3677/2329
f 1597/3680/2318 1596/3679/2317 1139/2575/2781 1123/2553/2782
f 1598/3681/2296 1597/3680/2318 1123/2553/2782 1131/2564/2783
f 1599/3682/2284 1598/3681/2296 1131/2564/2783 1115/2542/2784
f 1600/3683/2285 1599/3682/2284 1115/2542/2784 1107/2531/2785
f 1601/3684/2262 1600/3683/2285 1107/2531/2785 1309/2920/2786
f 1602/3685/2263 1601/3684/2262 1309/2920/2786 1099/2520/2787
f 1603/3686/2240 1602/3685/2263 1099/2520/2787 1270/2863/2788
f 1604/3687/2241 1603/3686/2240 1270/2863/2788 1091/2509/2789
f 1605/3688/2211 1604/3687/2241 1091/2509/2789 1278/2874/2790
f 1568/3633/2212 1605/3688/2211 1278/2874/2790 1076/2490/2750
f 1613/3696/2791 1614/3697/2792 1247/3630/2778 1593/3675/2438
f 1612/3695/2793 1613/3696/2791 1593/3675/2438 1248/3631/2437
f 1608/3691/2749 1607/3690/2748 1610/3693/2794 1609/3692/2795
f 1607/3690/2748 1606/3689/2777 1611/3694/2796 1610/3693/2794
f 1609/3692/2795 1610/3693/2794 1613/3696/2791 1612/3695/2793
f 1610/3693/2794 1611/3694/2796 1614/3697/2792 1613/3696/2791
f 1621/3710/2797 1622/3711/2798 1619/3707/2799 1620/3709/2800
f 1622/3712/2798 1623/3713/2801 1618/3706/2802 1619/3708/2799
f 1619/3708/2799 1618/3706/2802 1608/3704/2749 1609/3705/2795
f 1620/3709/2800 1619/3707/2799 1609/3700/2795 1612/3701/2793
f 1616/3698/2803 1615/3699/2804 1622/3711/2798 1621/3710/2797
f 1615/3702/2804 1617/3703/2805 1623/3713/2801 1622/3712/2798
f 1618/3714/2802 1623/3715/2801 1552/3716/2733 1555/3717/2732
f 1551/3718/2729 1608/3719/2749 1618/3720/2802 1555/3721/2732
f 1623/3722/2801 1617/3723/2805 1560/3724/2734 1552/3725/2733
f 1615/3726/2804 1626/3730/2806 1627/3731/2807 1617/3729/2805
f 1628/3732/2808 1629/3733/2809 1624/3727/2810 1625/3728/2811
f 1674/3853/2812 1675/3855/2813 1629/3733/2809 1628/3732/2808
f 1617/3734/2805 1627/3735/2807 1563/3736/2742 1560/3737/2734
f 1673/3852/2741 1674/3854/2812 1628/3739/2808 1558/3740/2737
f 1628/3742/2808 1625/3743/2811 1556/3744/2738 1558/3745/2737
f 1631/3746/2814 1630/3747/2815 1625/3748/2811 1624/3749/2810
f 1556/3750/2738 1625/3751/2811 1630/3752/2815 1564/3753/2744
f 1702/3938/2816 1703/3940/2817 1630/3756/2815 1631/3757/2814
f 1703/3941/2817 1704/3943/2746 1564/3759/2744 1630/3760/2815
f 1367/3762/2442 1620/3763/2800 1612/3764/2793 1248/3765/2437
f 1249/3766/2444 1621/3767/2797 1620/3768/2800 1367/3769/2442
f 1616/3770/2803 1621/3771/2797 1249/3772/2444 1250/3773/2443
f 1250/3774/2443 1251/3775/2448 1634/3776/2818 1616/3777/2803
f 1626/3778/2806 1615/3779/2804 1616/3780/2803 1634/3781/2818
f 1631/3782/2814 1635/3783/2819 1701/3936/2820 1702/3939/2816
f 1635/3786/2819 1253/3787/2457 1700/3935/2456 1701/3937/2820
f 1624/3790/2810 1637/3791/2821 1635/3792/2819 1631/3793/2814
f 1638/3794/2822 1637/3795/2821 1624/3796/2810 1629/3797/2809
f 1640/3799/2200 1639/3798/2199 1080/2495/2217 1272/2865/2216
f 1641/3800/2225 1640/3799/2200 1272/2865/2216 1085/2500/2223
f 1642/3801/2226 1641/3800/2225 1085/2500/2223 1264/2854/2222
f 1643/3802/2247 1642/3801/2226 1264/2854/2222 1093/2511/2245
f 1644/3803/2248 1643/3802/2247 1093/2511/2245 1302/2910/2244
f 1645/3804/2269 1644/3803/2248 1302/2910/2244 1101/2522/2267
f 1646/3805/2270 1645/3804/2269 1101/2522/2267 1109/2533/2266
f 1647/3806/2288 1646/3805/2270 1109/2533/2266 1125/2555/2287
f 1648/3807/2302 1647/3806/2288 1125/2555/2287 1117/2544/2300
f 1649/3808/2303 1648/3807/2302 1117/2544/2300 1133/2566/2299
f 1650/3809/2321 1649/3808/2303 1133/2566/2299 1081/2496/2319
f 1261/2850/2458 1651/3811/2451 1650/3810/2321 1081/2834/2319
f 1253/2831/2457 1652/3812/2452 1651/3811/2451 1261/2850/2458
f 1635/3813/2819 1637/3814/2821 1652/3815/2452 1253/3816/2457
f 1637/3817/2821 1638/3818/2822 1252/3819/2453 1652/3820/2452
f 1218/2989/2431 1221/2990/2430 1654/3822/2504 1653/3821/2508
f 1655/3824/2505 1654/3823/2504 1221/2983/2430 1216/2984/2429
f 1216/2985/2429 1391/3134/2501 1656/3826/2506 1655/3825/2505
f 1657/3827/2555 1656/3826/2506 1391/3134/2501 1403/3153/2554
f 1658/3828/2568 1657/3827/2555 1403/3153/2554 1331/2986/2567
f 1659/3830/2576 1658/3829/2568 1331/3172/2567 1411/3173/2596
f 1411/3175/2596 1412/3176/2593 1660/3832/2577 1659/3831/2576
f 1412/3179/2593 1413/3180/2590 1661/3834/2578 1660/3833/2577
f 1662/3836/2579 1661/3835/2578 1413/3185/2590 1414/3186/2589
f 1414/3313/2589 1504/3426/2657 1663/3838/2655 1662/3837/2579
f 1664/3839/2656 1663/3838/2655 1504/3426/2657 1468/3360/2660
f 1665/3840/2625 1664/3839/2656 1468/3360/2660 1492/3404/2627
f 1666/3841/2626 1665/3840/2625 1492/3404/2627 1483/3388/2630
f 1667/3842/2681 1666/3841/2626 1483/3388/2630 1454/3314/2680
f 1454/3509/2680 1533/3525/2722 1668/3844/2702 1667/3843/2681
f 1669/3845/2707 1668/3844/2702 1533/3525/2722 1538/3533/2723
f 1670/3846/2712 1669/3845/2707 1538/3533/2723 1543/3541/2724
f 1671/3847/2717 1670/3846/2712 1543/3541/2724 1528/3510/2725
f 1672/3850/2740 1671/3848/2717 1528/3607/2725 1562/3608/2743
f 1562/3595/2743 1563/3596/2742 1673/3851/2741 1672/3849/2740
f 1627/3738/2807 1674/3854/2812 1673/3852/2741 1563/3741/2742
f 1627/3731/2807 1626/3730/2806 1675/3855/2813 1674/3853/2812
f 1251/3856/2448 1298/3857/2450 1676/3858/2823 1634/3859/2818
f 1298/3860/2450 1252/3861/2453 1638/3862/2822 1676/3863/2823
f 1675/3864/2813 1676/3865/2823 1638/3866/2822 1629/3867/2809
f 1626/3868/2806 1634/3869/2818 1676/3870/2823 1675/3871/2813
f 1678/3873/2498 1677/3872/2497 1310/2971/2468 1311/2972/2467
f 1311/2993/2467 1312/2994/2472 1679/3875/2510 1678/3874/2498
f 1312/3021/2472 1318/3022/2486 1680/3877/2519 1679/3876/2510
f 1318/3033/2486 1351/3049/2483 1681/3879/2526 1680/3878/2519
f 1682/3880/2527 1681/3879/2526 1351/3049/2483 1317/3034/2482
f 1571/3639/2481 1683/3882/2534 1682/3881/2527 1317/3083/2482
f 1684/3883/2756 1683/3882/2534 1571/3639/2481 1316/3084/2754
f 1677/3884/2497 1653/3885/2508 1334/3886/2509 1310/3887/2468
f 1219/3888/2432 1218/3889/2431 1653/3890/2508 1677/3891/2497
f 1692/3921/2464 1693/3922/2824 1286/3894/2202 1073/3895/2205
f 1693/3923/2824 1694/3924/2825 1068/3898/2198 1286/3899/2202
f 1695/3926/2826 1696/3929/2465 1080/3902/2217 1639/3903/2199
f 1639/3904/2199 1068/3905/2198 1694/3925/2825 1695/3927/2826
f 1685/3908/2827 1284/3909/2489 1300/3910/2488
f 1687/3912/2459 1686/3911/2751 1279/2876/2752 1569/3635/2496
f 1688/3913/2460 1687/3912/2459 1569/3635/2496 1280/2877/2495
f 1280/2879/2495 1353/3051/2494 1689/3915/2461 1688/3914/2460
f 1690/3916/2462 1689/3915/2461 1353/3051/2494 1281/2880/2493
f 1281/2883/2493 1282/2884/2492 1691/3918/2463 1690/3917/2462
f 1282/2887/2492 1283/2888/2491 1692/3920/2464 1691/3919/2463
f 1283/3892/2491 1285/3893/2490 1693/3922/2824 1692/3921/2464
f 1285/3896/2490 1284/3897/2489 1694/3924/2825 1693/3923/2824
f 1695/3927/2826 1694/3925/2825 1284/3906/2489 1685/3907/2827
f 1685/3900/2827 1300/3901/2488 1696/3929/2465 1695/3926/2826
f 1300/2905/2488 1727/3978/2487 1728/3980/2466 1696/3928/2465
f 1262/2852/2828 1699/3933/2455 1698/3932/2320 1070/2838/2829
f 1254/2835/2830 1700/3934/2456 1699/3933/2455 1262/2852/2828
f 1701/3937/2820 1700/3935/2456 1254/3788/2830 1636/3789/2831
f 1702/3939/2816 1701/3936/2820 1636/3784/2831 1633/3785/2832
f 1633/3754/2832 1632/3755/2833 1703/3940/2817 1702/3938/2816
f 1566/3758/2834 1704/3943/2746 1703/3941/2817 1632/3761/2833
f 1705/3944/2747 1704/3942/2746 1566/3623/2834 1567/3624/2835
f 1532/3625/2836 1706/3947/2721 1705/3945/2747 1567/3628/2835
f 1532/3521/2836 1547/3548/2837 1707/3948/2716 1706/3946/2721
f 1708/3949/2711 1707/3948/2716 1547/3548/2837 1542/3540/2838
f 1709/3950/2706 1708/3949/2711 1542/3540/2838 1537/3532/2839
f 1710/3952/2685 1709/3950/2706 1537/3532/2839 1463/3522/2840
f 1463/3345/2840 1487/3396/2841 1711/3953/2644 1710/3951/2685
f 1712/3954/2645 1711/3953/2644 1487/3396/2841 1488/3397/2842
f 1713/3955/2648 1712/3954/2645 1488/3397/2842 1464/3353/2843
f 1714/3956/2649 1713/3955/2648 1464/3353/2843 1500/3419/2844
f 1715/3958/2587 1714/3956/2649 1500/3419/2844 1423/3346/2845
f 1421/3219/2846 1716/3960/2585 1715/3957/2587 1423/3222/2845
f 1419/3211/2847 1717/3962/2584 1716/3959/2585 1421/3214/2846
f 1718/3964/2582 1717/3961/2584 1419/3208/2847 1417/3209/2848
f 1719/3966/2572 1718/3963/2582 1417/3200/2848 1374/3201/2849
f 1407/3158/2850 1720/3967/2559 1719/3965/2572 1374/3092/2849
f 1395/3139/2851 1721/3968/2539 1720/3967/2559 1407/3158/2850
f 1375/3089/2852 1722/3969/2540 1721/3968/2539 1395/3139/2851
f 1723/3972/2537 1722/3970/2540 1375/3094/2852 1372/3095/2853
f 1724/3973/2538 1723/3971/2537 1372/3086/2853 1373/3087/2854
f 1725/3976/2477 1724/3974/2538 1373/3114/2854 1315/3115/2855
f 1319/2953/2856 1726/3977/2478 1725/3975/2477 1315/2940/2855
f 1299/2937/2857 1727/3979/2487 1726/3977/2478 1319/2953/2856
f 1728/3980/2466 1727/3978/2487 1299/2906/2857 1697/3930/2858
f 1729/3982/2214 1728/3980/2466 1697/3930/2858 1069/2907/2859
f 1271/2864/2860 1730/3983/2215 1729/3981/2214 1069/2478/2859
f 1084/2499/2861 1731/3984/2220 1730/3983/2215 1271/2864/2860
f 1263/2853/2862 1732/3985/2221 1731/3984/2220 1084/2499/2861
f 1092/2510/2863 1733/3986/2242 1732/3985/2221 1263/2853/2862
f 1301/2909/2864 1734/3987/2243 1733/3986/2242 1092/2510/2863
f 1100/2521/2865 1735/3988/2264 1734/3987/2243 1301/2909/2864
f 1108/2532/2866 1736/3989/2265 1735/3988/2264 1100/2521/2865
f 1124/2554/2867 1737/3990/2286 1736/3989/2265 1108/2532/2866
f 1116/2543/2868 1738/3991/2297 1737/3990/2286 1124/2554/2867
f 1132/2565/2869 1739/3992/2298 1738/3991/2297 1116/2543/2868
f 1698/3931/2320 1739/3992/2298 1132/2565/2869 1070/2479/2829
g default
v -32.273281 15.692968 9.190768
v -31.996939 16.534006 8.986547
v -32.472073 16.420984 7.120048
v -33.011494 15.416515 7.693855
v -32.054283 15.008760 4.013147
v -32.608337 15.199843 4.793351
v -32.192734 16.522276 5.416725
v -31.318672 16.696480 4.256089
v -29.108866 16.651268 3.236601
v -28.009657 16.714972 3.559158
v -28.129015 15.509530 3.173956
v -28.870924 15.349626 2.894742
v -28.719070 13.686337 2.262431
v -27.915670 13.785994 2.306906
v -28.508778 12.598398 1.778885
v -27.639780 12.658508 1.875813
v -28.221489 11.368989 1.297593
v -27.528851 11.354505 1.459531
v -29.108814 17.561771 3.919667
v -28.022024 17.604122 4.294350
v -31.804359 17.272503 5.711547
v -31.041531 17.400478 4.662569
v -30.093719 17.505968 4.028005
v -30.197023 16.998568 3.717148
v -26.844831 16.871565 4.218902
v -25.822912 17.186007 5.204421
v -25.880323 15.634559 3.831372
v -25.115915 15.836793 4.463333
v -25.524113 16.542147 4.909522
v -26.274473 16.308813 4.090180
v -26.223766 17.760345 5.775576
v -27.290638 17.662891 4.758454
v -31.900898 17.065660 7.131397
v -31.488903 17.397114 8.400467
v -30.737425 16.979750 9.360181
v -30.563896 17.526485 9.052777
v -28.924162 17.137390 9.853262
v -30.177511 17.038429 9.780712
v -30.029022 17.524639 9.256681
v -28.807150 17.717503 9.411045
v -28.910248 16.275686 10.459555
v -30.004210 16.138306 10.276648
v -28.899847 15.231289 10.773408
v -29.873592 15.185221 10.710232
v -28.789701 14.287696 11.215412
v -29.778002 14.244588 11.114988
v -28.716770 13.338817 11.750122
v -29.710194 13.303480 11.651900
v -27.358833 17.170258 9.620634
v -27.690184 17.797907 9.284435
v -26.192881 16.802292 9.116396
v -26.660009 17.479563 8.704810
v -26.185299 15.091032 10.254907
v -26.809168 15.075595 10.677711
v -26.018150 13.922765 10.890544
v -26.812078 13.923424 11.434328
v -26.124187 16.001408 9.831258
v -26.893856 16.152393 10.186061
v -25.001312 16.815374 6.767464
v -25.474789 16.914129 8.431390
v -24.628242 14.695378 8.719833
v -24.108232 14.780471 7.623096
v -25.046457 16.258512 8.493166
v -24.590885 16.288307 7.109388
v -26.076544 17.582758 7.987170
v -25.772921 17.712317 6.626471
v -28.329735 17.842066 5.127205
v -27.767126 17.804352 5.437496
v -26.840792 17.992893 6.198259
v -30.532751 17.558420 5.141184
v -29.959963 17.697659 4.555849
v -29.237913 17.792286 4.724023
v -31.438889 17.310816 7.064916
v -31.138828 17.519104 6.074058
v -30.916595 17.549450 7.810712
v -30.151846 17.683453 8.382388
v -29.666636 17.693232 8.578223
v -28.630186 17.875664 8.816804
v -27.926888 17.933670 8.870865
v -27.332895 17.784588 8.233865
v -26.456232 18.009325 6.665911
v -26.884878 17.859175 7.562722
v -29.778177 17.084684 5.564778
v -28.778645 16.608414 5.981305
v -28.156057 16.718283 6.375566
v -27.392374 17.403086 7.096167
v -29.572622 16.703569 7.358958
v -30.375498 17.076881 6.685116
v -28.979988 16.759365 7.705583
v -28.021149 17.416775 7.989528
v -32.224644 16.456774 6.115370
v -31.877007 17.125322 6.395784
v -31.296694 17.393721 6.617402
v -30.578045 17.309410 7.248267
v -29.811571 17.244448 7.828311
v -29.359478 17.170090 8.216931
v -28.354927 17.684980 8.339872
v -27.590862 17.859379 8.571879
v -27.048857 17.614914 8.974456
v -26.618464 17.091393 9.406978
v -26.434961 16.186907 10.141278
v -26.393841 15.106154 10.595550
v -26.227015 13.817904 11.327019
v -25.870035 16.780378 8.690188
v -26.362846 17.482599 8.378639
v -27.094170 17.778765 7.926123
v -27.671822 17.278881 7.583900
v -28.537586 16.442503 7.112484
v -29.213625 16.286299 6.698738
v -30.135143 16.940853 6.093916
v -30.874596 17.544064 5.550769
v -31.476074 17.368906 5.092145
v -31.800770 16.668852 4.735980
v -32.405750 15.143146 4.304114
v -27.800152 11.344669 1.198425
v -28.009537 12.664016 1.706198
v -28.262852 13.773792 2.165090
v -28.430328 15.477154 2.803484
v -28.478546 16.710258 3.301049
v -28.571371 17.573351 4.032835
v -28.818741 17.825865 4.893003
v -29.348915 16.810450 5.722935
v -29.767229 16.581013 6.339544
v -30.044441 16.842575 7.005961
v -30.248978 17.268007 7.549396
v -30.574347 17.643587 8.115471
v -31.046165 17.493710 8.778239
v -31.260670 16.753813 9.167177
v -25.302956 15.855310 4.085708
v -25.754871 16.555307 4.382997
v -26.238478 17.166855 4.708365
v -26.704229 17.725574 5.220225
v -27.262152 17.889339 5.801707
v -27.685226 17.025517 6.785528
v -28.019684 16.858166 7.409565
v -28.445457 17.078957 7.889538
v -28.828777 17.473379 8.230634
v -29.149158 17.755796 8.714962
v -29.393196 17.606531 9.369939
v -29.535231 17.126255 9.965851
v -29.501503 16.275240 10.547467
v -29.412888 15.270227 10.881871
v -29.323719 14.326272 11.281526
v -29.232733 13.447982 11.757367
v -30.711554 16.873173 3.947021
v -30.547665 17.460981 4.291575
v -30.186090 17.629930 4.836357
v -29.456043 17.439651 5.193935
v -29.038874 17.331408 5.349499
v -28.529673 17.254574 5.578282
v -27.992027 17.286297 5.917039
v -27.547976 17.472599 6.311115
v -27.219727 17.731504 6.646341
v -26.637650 17.981674 7.103685
v -25.809015 17.715254 7.354304
v -24.981882 17.079836 7.595700
v -24.508089 16.434698 7.828649
v -24.078178 14.893972 8.185836
v -29.602571 17.007559 3.505499
v -29.585070 17.562834 3.941876
v -29.637150 17.751949 4.603628
v -29.825651 17.544687 5.045979
v -30.129484 17.337425 5.406104
v -30.440025 17.270926 5.861830
v -30.676037 17.323130 6.387690
v -30.841951 17.341938 6.935208
v -31.192160 17.413183 7.432446
v -31.801485 17.232624 7.808795
v -32.400867 16.632744 8.263880
v -32.778473 15.682031 8.679982
v -26.155413 15.651987 9.363560
v -26.152084 15.071964 9.822968
v -26.134634 13.939308 10.317857
v -26.160954 16.274343 8.907733
v -26.057869 16.359867 8.564926
v -25.740271 16.208305 8.432915
v -25.501890 15.776375 8.343623
v -25.115639 14.545314 8.560617
v -24.462442 13.221915 8.157066
v -24.748756 14.537436 7.452704
v -24.986670 16.032490 6.921368
v -25.149994 16.374893 6.713809
v -25.290384 15.139638 8.402188
v -24.835464 15.449245 8.605440
v -24.235004 15.662186 8.030684
v -24.338913 15.523127 7.373177
v -24.901737 15.281220 7.264934
v -25.626356 16.415756 5.451082
v -28.136360 17.185652 9.729606
v -28.175158 17.832808 9.372468
v -28.161928 17.939337 8.874436
v -27.941694 17.829956 8.443985
v -27.669416 17.662350 8.095898
v -27.395203 17.603313 7.737951
v -27.163248 17.710075 7.333171
v -26.930510 17.920692 6.906017
v -26.582325 18.011595 6.479029
v -25.984808 17.755928 6.198194
v -25.477013 16.983290 6.043617
v -25.501667 16.644577 6.096036
v -25.531244 16.172626 5.165208
v -25.262360 15.602566 4.908225
v -25.131294 14.460477 4.165381
v -26.478632 16.082256 4.213272
v -26.138132 15.514335 3.993972
v -26.928467 16.418962 4.158536
v -27.766300 16.202061 3.747276
v -28.052931 15.425701 3.362446
v -27.704731 13.713462 2.967526
v -27.474102 12.457318 2.604498
v -27.397259 11.257585 1.927030
v -27.891653 10.116319 1.135643
v -28.387232 11.302493 1.588397
v -28.671345 12.556688 2.262582
v -28.892715 13.525475 2.593506
v -29.030003 15.276292 3.136699
v -29.252159 16.218626 3.459008
v -29.538122 16.567928 3.543365
v -30.154228 16.591818 3.699740
v -30.606817 16.396345 3.927358
v -30.984047 16.028355 4.139040
v -31.320070 14.802866 4.356092
v -32.061409 13.331253 4.490637
v -32.205067 14.885478 5.316768
v -32.079212 15.890435 5.780830
v -32.093655 15.992584 6.181936
v -32.292355 15.815685 6.858259
v -32.456635 15.144611 7.264041
v -32.274734 13.406459 8.568973
v -31.496639 15.500611 9.021338
v -31.385462 15.898533 8.849083
v -31.042341 16.504671 9.022840
v -30.616514 16.662914 9.215456
v -30.283541 16.453070 9.519390
v -29.850288 14.953111 9.938879
v -30.057774 15.973479 9.797946
v -29.748663 14.074312 10.235536
v -29.762003 12.780548 11.080753
v -28.958750 12.034278 11.704031
v -28.320438 12.899623 11.354265
v -28.527962 14.007641 10.485426
v -28.683052 14.952581 10.169819
v -28.728380 15.968492 9.897997
v -28.736679 16.865843 9.694630
v -28.191133 17.102987 9.653283
v -27.465986 16.979494 9.611088
v -28.763306 16.339832 9.793741
v -28.903818 16.660301 10.226169
v -29.525017 16.662405 10.347100
v -30.107763 16.525141 10.098135
v -30.114964 16.173298 9.657918
v -28.702454 15.496799 10.026392
v -28.904821 15.791348 10.606615
v -29.461506 15.810645 10.711818
v -29.958916 15.708698 10.500723
v -29.914467 15.504848 9.852880
v -28.605719 14.546417 10.310295
v -28.871792 14.812286 10.944956
v -29.371311 14.851265 11.030431
v -29.806879 14.773188 10.867783
v -29.793339 14.573575 10.066078
v -28.391171 13.412133 10.973635
v -28.745991 13.771415 11.513542
v -29.274984 13.849782 11.550871
v -29.751839 13.733026 11.417077
v -29.836462 13.370268 10.709330
v -29.671139 12.506770 11.278967
v -29.646673 12.998818 11.824927
v -29.176781 13.065377 11.927689
v -28.730051 12.995657 11.905237
v -28.426128 12.527571 11.569345
v -27.169577 15.953220 9.947981
v -26.257559 15.977224 9.084564
v -26.159584 16.421137 9.508504
v -26.506622 16.661407 9.820440
v -27.027523 16.672350 9.927938
v -27.275980 16.559620 9.746817
v -27.098227 14.826469 10.185480
v -27.207790 13.974823 10.755707
v -26.239143 14.456346 10.072244
v -26.164904 14.478928 10.529475
v -26.356468 14.495337 10.904190
v -26.802252 14.518410 10.953547
v -27.131960 14.366132 10.478356
v -27.169411 15.554109 10.045896
v -26.846382 15.661786 10.431309
v -26.400158 15.683629 10.378093
v -26.130848 15.609418 10.051191
v -26.133276 15.448370 9.532750
v -26.493473 12.607390 11.037984
v -32.852863 13.746644 8.516098
v -33.050308 13.942232 8.360934
v -33.117561 14.118305 8.256393
v -32.946896 14.236581 8.921245
v -32.917385 14.033036 8.918862
v -32.795341 13.766242 8.896888
v -32.455391 13.893108 4.140810
v -32.401043 14.062300 4.023485
v -32.350872 14.263078 3.954837
v -32.697334 14.222452 4.211876
v -32.703579 14.018398 4.214834
v -32.606705 13.842606 4.255846
v -27.710375 10.195296 1.162305
v -27.575830 10.379402 1.165430
v -27.528011 10.583925 1.211286
v -27.809271 10.572812 0.930032
v -27.824907 10.370445 0.922347
v -27.861807 10.203370 1.029536
v -24.921186 14.811620 4.244272
v -24.851229 15.100324 4.212955
v -24.900145 15.314074 4.257174
v -25.073877 15.201943 3.917866
v -25.003750 15.006443 3.906724
v -24.978600 14.819193 3.967296
v -29.327065 12.459201 11.919599
v -29.513504 12.711285 11.900225
v -29.621395 12.912402 11.862075
v -29.085800 12.495093 11.964748
v -29.113232 12.685146 12.022462
v -29.149935 12.883965 11.994525
v -26.677658 12.720269 11.409432
v -26.792351 13.079959 11.545503
v -26.811384 13.306862 11.563538
v -26.173170 12.953133 11.579572
v -26.204481 12.737044 11.558529
v -26.298603 12.631196 11.400126
v -24.442175 13.492351 8.383947
v -24.412336 13.589662 8.587273
v -24.432913 13.781012 8.676086
v -24.002003 13.871792 8.315784
v -24.034863 13.666028 8.319086
v -24.154980 13.495210 8.277799
v -25.839756 13.096772 11.201708
v -25.922560 12.879647 11.229151
v -26.255919 12.647552 11.147868
v -32.852322 14.162544 4.675078
v -32.809895 13.960242 4.596669
v -32.694546 13.809509 4.367701
v -28.238958 10.672965 0.996006
v -28.189249 10.460144 0.979676
v -28.054005 10.215299 1.095465
v -25.552334 15.143179 3.705845
v -25.437037 14.958688 3.718518
v -25.325960 14.783536 3.839159
v -28.738308 12.882410 11.933464
v -28.810829 12.674702 11.958497
v -28.934435 12.497262 11.928801
v -23.966484 13.927047 7.890275
v -24.008287 13.722013 7.981665
v -24.184698 13.562785 8.104253
v -32.539856 14.293866 9.265679
v -32.565113 14.093060 9.193257
v -32.555367 13.857939 9.039569
v -26.144924 13.165895 10.561199
v -26.180731 12.964515 10.653798
v -26.331432 12.668851 10.784391
v -24.601614 13.333019 8.417863
v -24.696415 13.449413 8.553863
v -24.780380 13.626463 8.598643
v -24.486200 13.657233 7.709113
v -24.447487 13.485306 7.797248
v -24.443884 13.353577 7.943654
v -24.994280 14.781932 4.595745
v -25.024952 14.943714 4.751400
v -25.072241 15.127619 4.828575
v -25.785233 14.804875 3.834420
v -25.659981 14.636347 3.835838
v -25.503525 14.544528 3.920345
v -27.716780 10.156672 1.242534
v -27.571381 10.240410 1.355309
v -27.503185 10.393255 1.462291
v -28.310013 10.553663 1.177171
v -28.243256 10.378137 1.106863
v -28.097281 10.184609 1.101199
v -31.754162 13.655862 4.332115
v -31.637268 13.813383 4.284060
v -31.559498 13.994252 4.279486
v -32.175587 13.717821 4.992065
v -32.158535 13.534099 4.894139
v -32.121216 13.421089 4.732683
v -32.513954 13.533244 8.228682
v -32.595886 13.742735 8.028358
v -32.610245 13.904653 7.907895
v -31.806200 14.097592 8.940154
v -31.873323 13.914026 8.900027
v -31.981020 13.664942 8.852437
v -29.349483 12.104234 11.602289
v -29.504250 12.264756 11.445601
v -29.613659 12.400522 11.347696
v -28.533066 12.338447 11.603713
v -28.661713 12.171897 11.641483
v -28.766338 12.070616 11.681533
v -26.728937 12.680574 11.201200
v -26.944304 12.963753 11.238330
v -27.025620 13.144713 11.187083
vt 1.000000 0.000000
vt 1.000000 1.000000
vt 0.000000 1.000000
vt 0.000000 0.000000
vt 1.000000 0.000000
vt 1.000000 1.000000
vt 0.000000 1.000000
vt 0.000000 0.000000
vt 0.000000 1.000000
vt 0.213285 0.000000
vt 0.213285 1.000000
vt 0.483013 1.000000
vt 0.483013 0.000000
vt 0.644574 1.000000
vt 0.644574 0.000000
vt 0.840704 1.000000
vt 0.000000 0.000000
vt 1.000000 0.000000
vt 1.000000 1.000000
vt 0.000000 1.000000
vt 0.000000 0.000000
vt 1.000000 0.000000
vt 1.000000 1.000000
vt 0.000000 1.000000
vt 0.000000 0.000000
vt 1.000000 0.000000
vt 1.000000 1.000000
vt 0.000000 1.000000
vt 0.000000 0.000000
vt 1.000000 0.000000
vt 1.000000 1.000000
vt 0.000000 1.000000
vt 1.000000 0.000000
vt 1.000000 1.000000
vt 0.307032 0.000000
vt 0.632250 1.000000
vt 0.632250 0.000000
vt 0.000000 0.000000
vt 1.000000 0.000000
vt 1.000000 1.000000
vt 0.000000 1.000000
vt 0.000000 0.000000
vt 1.000000 0.000000
vt 1.000000 1.000000
vt 0.000000 1.000000
vt 0.000000 0.000000
vt 1.000000 0.000000
vt 1.000000 1.000000
vt 0.000000 1.000000
vt 0.000000 0.000000
vt 1.000000 0.000000
vt 1.000000 1.000000
vt 0.000000 1.000000
vt 0.000000 0.000000
vt 1.000000 0.000000
vt 1.000000 1.000000
vt 0.000000 1.000000
vt 1.000000 0.000000
vt 1.000000 1.000000
vt 0.000000 0.000000
vt 1.000000 0.000000
vt 1.000000 1.000000
vt 0.000000 1.000000
vt 0.000000 0.000000
vt 1.000000 0.000000
vt 1.000000 1.000000
vt 0.000000 1.000000
vt 0.809503 0.000000
vt 0.809503 1.000000
vt 0.571140 0.000000
vt 0.571140 1.000000
vt 0.380759 0.000000
vt 0.380759 1.000000
vt 0.132180 0.000000
vt 0.132180 1.000000
vt 0.000000 0.000000
vt 1.000000 0.000000
vt 1.000000 1.000000
vt 0.000000 1.000000
vt 0.000000 0.000000
vt 1.000000 0.000000
vt 1.000000 1.000000
vt 0.000000 1.000000
vt 1.000000 0.000000
vt 1.000000 1.000000
vt 0.000000 0.000000
vt 1.000000 0.000000
vt 1.000000 1.000000
vt 0.000000 1.000000
vt 0.419473 0.000000
vt 0.397553 0.000000
vt 0.397553 1.000000
vt 0.000000 0.000000
vt 0.000000 1.000000
vt 0.600278 1.000000
vt 0.199849 0.000000
vt 0.199849 1.000000
vt 0.000000 0.000000
vt 1.000000 0.000000
vt 1.000000 1.000000
vt 0.000000 1.000000
vt 0.000000 0.000000
vt 1.000000 0.000000
vt 1.000000 1.000000
vt 0.000000 1.000000
vt 0.000000 0.000000
vt 1.000000 0.000000
vt 1.000000 1.000000
vt 0.000000 1.000000
vt 0.000000 0.000000
vt 1.000000 0.000000
vt 1.000000 1.000000
vt 0.000000 1.000000
vt 0.000000 0.000000
vt 1.000000 0.000000
vt 1.000000 1.000000
vt 0.000000 1.000000
vt 0.000000 0.000000
vt 1.000000 0.000000
vt 1.000000 1.000000
vt 0.000000 1.000000
vt 0.000000 0.000000
vt 1.000000 0.000000
vt 1.000000 1.000000
vt 0.000000 1.000000
vt 0.000000 0.000000
vt 1.000000 0.000000
vt 1.000000 1.000000
vt 0.000000 1.000000
vt 0.000000 0.000000
vt 1.000000 0.000000
vt 1.000000 1.000000
vt 0.000000 1.000000
vt 0.000000 0.000000
vt 1.000000 0.000000
vt 1.000000 1.000000
vt 0.000000 1.000000
vt 0.000000 0.000000
vt 1.000000 0.000000
vt 1.000000 1.000000
vt 0.000000 1.000000
vt 0.000000 0.000000
vt 1.000000 0.000000
vt 1.000000 1.000000
vt 0.000000 1.000000
vt 0.000000 0.000000
vt 1.000000 0.000000
vt 1.000000 1.000000
vt 0.000000 1.000000
vt 0.000000 0.000000
vt 1.000000 0.000000
vt 1.000000 1.000000
vt 0.000000 1.000000
vt 0.000000 0.000000
vt 1.000000 0.000000
vt 1.000000 1.000000
vt 0.000000 1.000000
vt 0.000000 0.000000
vt 1.000000 0.000000
vt 1.000000 1.000000
vt 0.000000 1.000000
vt 0.000000 0.000000
vt 1.000000 0.000000
vt 1.000000 1.000000
vt 0.000000 1.000000
vt 0.000000 0.000000
vt 1.000000 0.000000
vt 1.000000 1.000000
vt 0.000000 1.000000
vt 0.000000 0.000000
vt 1.000000 0.000000
vt 1.000000 1.000000
vt 0.000000 1.000000
vt 0.000000 0.000000
vt 1.000000 0.000000
vt 1.000000 1.000000
vt 0.000000 1.000000
vt 0.000000 0.000000
vt 1.000000 0.000000
vt 1.000000 1.000000
vt 0.000000 1.000000
vt 0.000000 0.000000
vt 1.000000 0.000000
vt 1.000000 1.000000
vt 0.000000 1.000000
vt 0.000000 0.000000
vt 1.000000 0.000000
vt 1.000000 1.000000
vt 0.000000 1.000000
vt 0.000000 0.000000
vt 1.000000 0.000000
vt 1.000000 1.000000
vt 0.000000 1.000000
vt 0.000000 0.000000
vt 1.000000 0.000000
vt 1.000000 1.000000
vt 0.000000 1.000000
vt 0.000000 0.000000
vt 1.000000 0.000000
vt 1.000000 1.000000
vt 0.000000 1.000000
vt 0.000000 0.000000
vt 1.000000 0.000000
vt 1.000000 1.000000
vt 0.000000 1.000000
vt 0.000000 0.000000
vt 1.000000 0.000000
vt 1.000000 1.000000
vt 0.000000 1.000000
vt 0.000000 0.000000
vt 1.000000 0.000000
vt 1.000000 1.000000
vt 0.000000 1.000000
vt 0.000000 0.000000
vt 1.000000 0.000000
vt 1.000000 1.000000
vt 0.000000 1.000000
vt 0.000000 0.000000
vt 1.000000 0.000000
vt 1.000000 1.000000
vt 0.000000 1.000000
vt 0.000000 0.000000
vt 1.000000 0.000000
vt 1.000000 1.000000
vt 0.000000 1.000000
vt 0.000000 0.000000
vt 1.000000 0.000000
vt 1.000000 1.000000
vt 0.000000 1.000000
vt 0.000000 0.000000
vt 1.000000 0.000000
vt 1.000000 1.000000
vt 0.000000 1.000000
vt 0.377549 0.000000
vt 0.377549 1.000000
vt 0.377549 0.000000
vt 0.377549 1.000000
vt 1.000000 0.377549
vt 0.377549 0.000000
vt 0.000000 0.377549
vt 0.377549 1.000000
vt 0.377549 0.000000
vt 0.377549 1.000000
vt 0.622451 1.000000
vt 0.622451 0.000000
vt 1.000000 0.377549
vt 0.000000 0.622451
vt 0.000000 0.377549
vt 0.377549 0.000000
vt 1.000000 0.622451
vt 0.377549 1.000000
vt 1.000000 0.377549
vt 0.397553 0.377549
vt 1.000000 0.377549
vt 0.000000 0.377549
vt 1.000000 0.538660
vt 0.000000 0.538660
vt 1.000000 0.538660
vt 0.000000 0.538660
vt 0.461340 1.000000
vt 0.461340 1.000000
vt 0.461340 0.000000
vt 0.538660 0.000000
vt 0.461340 0.000000
vt 0.538660 1.000000
vt 0.461340 1.000000
vt 1.000000 0.538660
vt 0.461340 0.000000
vt 0.461340 1.000000
vt 0.000000 0.538660
vt 0.461340 1.000000
vt 0.461340 0.000000
vt 0.000000 0.461340
vt 0.461340 0.000000
vt 1.000000 0.461340
vt 0.644574 0.445934
vt 0.483013 0.445934
vt 0.213285 0.445934
vt 0.000000 0.445934
vt 0.000000 0.554066
vt 1.000000 0.554066
vt 1.000000 0.445934
vt 0.000000 0.445934
vt 0.000000 0.554066
vt 1.000000 0.554066
vt 0.000000 0.554066
vt 0.461340 0.554066
vt 0.000000 0.554066
vt 1.000000 0.554066
vt 0.377549 0.554066
vt 0.445934 0.000000
vt 1.000000 0.554066
vt 0.445934 0.000000
vt 0.445934 1.000000
vt 0.445934 1.000000
vt 0.632250 0.596373
vt 1.000000 0.596373
vt 0.596373 1.000000
vt 0.596373 0.000000
vt 1.000000 0.403627
vt 0.000000 0.403627
vt 1.000000 0.403627
vt 0.000000 0.403627
vt 0.000000 0.596373
vt 0.461340 0.596373
vt 1.000000 0.403627
vt 1.000000 0.596373
vt 0.622451 0.403627
vt 0.403627 0.000000
vt 0.000000 0.403627
vt 0.403627 0.000000
vt 0.403627 1.000000
vt 1.000000 0.403627
vt 0.403627 1.000000
vt 0.809503 0.403627
vt 0.571140 0.403627
vt 0.380759 0.403627
vt 0.132180 0.403627
vt 0.455076 0.000000
vt 0.455076 1.000000
vt 0.455076 0.000000
vt 0.455076 1.000000
vt 1.000000 0.455076
vt 0.455076 0.000000
vt 0.000000 0.455076
vt 0.455076 0.554066
vt 0.455076 1.000000
vt 0.455076 0.000000
vt 0.455076 1.000000
vt 0.544924 1.000000
vt 0.544924 0.403627
vt 0.544924 0.000000
vt 1.000000 0.455076
vt 1.000000 0.455076
vt 0.000000 0.455076
vt 0.455076 0.000000
vt 0.000000 0.455076
vt 0.000000 0.544924
vt 0.455076 1.000000
vt 0.199849 0.544924
vt 0.566524 1.000000
vt 0.566524 0.000000
vt 1.000000 0.433476
vt 0.000000 0.433476
vt 0.433476 0.000000
vt 0.433476 0.455076
vt 0.433476 1.000000
vt 0.566524 1.000000
vt 0.566524 0.538660
vt 0.433476 0.000000
vt 0.566524 0.000000
vt 0.433476 0.377549
vt 0.433476 0.000000
vt 0.433476 1.000000
vt 0.433476 0.000000
vt 0.433476 1.000000
vt 0.566524 1.000000
vt 0.433476 1.000000
vt 0.566524 0.000000
vt 0.000000 0.000000
vt 1.000000 0.000000
vt 1.000000 1.000000
vt 0.000000 1.000000
vt 0.000000 0.000000
vt 1.000000 0.000000
vt 1.000000 1.000000
vt 0.000000 1.000000
vt 0.000000 0.000000
vt 1.000000 0.000000
vt 1.000000 1.000000
vt 0.000000 1.000000
vt 0.000000 0.000000
vt 1.000000 0.000000
vt 1.000000 1.000000
vt 0.000000 1.000000
vt 0.000000 0.000000
vt 1.000000 0.000000
vt 1.000000 1.000000
vt 0.000000 1.000000
vt 0.000000 0.000000
vt 1.000000 0.000000
vt 1.000000 1.000000
vt 0.000000 1.000000
vt 0.000000 0.000000
vt 1.000000 0.000000
vt 1.000000 1.000000
vt 0.000000 1.000000
vt 0.000000 0.000000
vt 1.000000 0.000000
vt 1.000000 1.000000
vt 0.000000 1.000000
vt 0.000000 0.000000
vt 1.000000 0.000000
vt 1.000000 1.000000
vt 0.000000 1.000000
vt 0.513262 0.000000
vt 0.405374 0.000000
vt 0.513262 1.000000
vt 0.405374 0.544924
vt 0.405374 1.000000
vt 0.486738 1.000000
vt 0.486738 0.000000
vt 0.000000 0.000000
vt 1.000000 0.000000
vt 1.000000 1.000000
vt 0.000000 1.000000
vt 0.503257 0.000000
vt 0.503257 1.000000
vt 0.496743 1.000000
vt 0.496743 0.000000
vt 0.496743 1.000000
vt 0.496743 0.377549
vt 0.496743 0.000000
vt 1.000000 0.503257
vt 0.461340 0.503257
vt 0.496743 1.000000
vt 0.000000 0.503257
vt 0.496743 0.455076
vt 1.000000 0.503257
vt 0.496743 0.000000
vt 0.503257 0.000000
vt 0.000000 0.503257
vt 0.503257 1.000000
vt 0.496743 1.000000
vt 0.496743 0.000000
vt 0.000000 0.000000
vt 1.000000 0.000000
vt 1.000000 1.000000
vt 0.000000 1.000000
vt 0.000000 0.000000
vt 1.000000 0.000000
vt 1.000000 1.000000
vt 0.000000 1.000000
vt 0.000000 0.000000
vt 1.000000 0.000000
vt 1.000000 1.000000
vt 0.000000 1.000000
vt 0.000000 0.000000
vt 1.000000 0.000000
vt 1.000000 1.000000
vt 0.000000 1.000000
vt 0.000000 0.000000
vt 1.000000 0.000000
vt 1.000000 1.000000
vt 0.000000 1.000000
vt 0.000000 0.000000
vt 1.000000 0.000000
vt 1.000000 1.000000
vt 0.000000 1.000000
vt 0.000000 0.000000
vt 1.000000 0.000000
vt 1.000000 1.000000
vt 0.000000 1.000000
vt 0.000000 0.000000
vt 1.000000 0.000000
vt 1.000000 1.000000
vt 0.000000 1.000000
vt 0.000000 0.000000
vt 1.000000 0.000000
vt 1.000000 1.000000
vt 0.000000 1.000000
vt 0.000000 0.000000
vt 1.000000 0.000000
vt 1.000000 1.000000
vt 0.000000 1.000000
vt 0.000000 0.000000
vt 1.000000 0.000000
vt 1.000000 1.000000
vt 0.000000 1.000000
vt 0.000000 0.000000
vt 1.000000 0.000000
vt 1.000000 1.000000
vt 0.000000 1.000000
vt 0.000000 0.000000
vt 1.000000 0.000000
vt 1.000000 1.000000
vt 0.000000 1.000000
vt 0.000000 0.000000
vt 1.000000 0.000000
vt 1.000000 1.000000
vt 0.000000 1.000000
vt 0.000000 0.000000
vt 1.000000 0.000000
vt 1.000000 1.000000
vt 0.000000 1.000000
vt 0.000000 0.000000
vt 1.000000 0.000000
vt 1.000000 1.000000
vt 0.000000 1.000000
vt 0.000000 0.000000
vt 1.000000 0.000000
vt 1.000000 1.000000
vt 0.000000 1.000000
vt 0.000000 0.000000
vt 1.000000 0.000000
vt 1.000000 1.000000
vt 0.000000 1.000000
vt 0.000000 0.000000
vt 1.000000 0.000000
vt 1.000000 1.000000
vt 0.000000 1.000000
vt 0.000000 0.000000
vt 1.000000 0.000000
vt 1.000000 1.000000
vt 0.000000 1.000000
vt 0.000000 0.000000
vt 1.000000 0.000000
vt 1.000000 1.000000
vt 0.000000 1.000000
vt 0.000000 0.000000
vt 1.000000 0.000000
vt 1.000000 1.000000
vt 0.000000 1.000000
vt 0.000000 0.000000
vt 1.000000 0.000000
vt 0.000000 1.000000
vt 0.000000 0.000000
vt 1.000000 0.000000
vt 1.000000 1.000000
vt 0.000000 1.000000
vt 0.000000 0.000000
vt 1.000000 0.000000
vt 1.000000 1.000000
vt 0.000000 1.000000
vt 0.000000 0.000000
vt 1.000000 0.000000
vt 1.000000 1.000000
vt 0.000000 1.000000
vt 0.000000 0.000000
vt 1.000000 0.000000
vt 1.000000 1.000000
vt 0.000000 1.000000
vt 0.000000 0.000000
vt 1.000000 0.000000
vt 1.000000 1.000000
vt 0.000000 1.000000
vt 0.000000 0.000000
vt 1.000000 0.000000
vt 1.000000 1.000000
vt 0.000000 1.000000
vt 0.000000 0.000000
vt 1.000000 0.000000
vt 1.000000 1.000000
vt 0.000000 1.000000
vt 0.000000 0.000000
vt 0.000000 1.000000
vt 0.000000 0.000000
vt 0.000000 1.000000
vt 0.000000 0.000000
vt 1.000000 0.000000
vt 1.000000 1.000000
vt 0.000000 1.000000
vt 0.000000 0.000000
vt 1.000000 0.000000
vt 1.000000 1.000000
vt 0.000000 1.000000
vt 0.000000 0.000000
vt 1.000000 0.000000
vt 1.000000 1.000000
vt 0.000000 1.000000
vt 0.000000 0.000000
vt 1.000000 0.000000
vt 1.000000 1.000000
vt 0.000000 1.000000
vt 0.000000 0.000000
vt 1.000000 0.000000
vt 1.000000 1.000000
vt 0.000000 1.000000
vt 0.000000 0.000000
vt 1.000000 0.000000
vt 1.000000 1.000000
vt 0.000000 1.000000
vt 0.422383 0.000000
vt 0.889966 0.000000
vt 0.422383 1.000000
vt 0.889966 0.403627
vt 0.889966 1.000000
vt 0.577617 1.000000
vt 0.577617 0.000000
vt 0.535014 0.000000
vt 0.698668 0.000000
vt 0.535014 1.000000
vt 0.698668 0.403627
vt 0.698668 1.000000
vt 0.464986 1.000000
vt 0.464986 0.000000
vt 0.567061 0.000000
vt 0.488717 0.000000
vt 0.567061 1.000000
vt 0.488717 0.403627
vt 0.488717 1.000000
vt 0.432939 1.000000
vt 0.432939 0.000000
vt 0.547872 1.000000
vt 0.244570 0.000000
vt 0.547872 0.000000
vt 0.244570 0.403627
vt 0.244570 1.000000
vt 0.547872 1.000000
vt 0.547872 0.000000
vt 0.505210 1.000000
vt 0.065401 0.000000
vt 0.505210 1.000000
vt 0.000000 0.000000
vt 1.000000 0.000000
vt 1.000000 1.000000
vt 0.000000 1.000000
vt 0.560188 0.000000
vt 0.735037 0.000000
vt 0.560188 1.000000
vt 0.735037 0.377549
vt 0.735037 1.000000
vt 0.439812 1.000000
vt 0.439812 0.000000
vt 0.000000 0.000000
vt 1.000000 0.000000
vt 1.000000 1.000000
vt 0.000000 1.000000
vt 0.000000 0.000000
vt 1.000000 0.000000
vt 1.000000 1.000000
vt 0.000000 1.000000
vt 0.467899 0.000000
vt 0.691101 0.000000
vt 0.467899 1.000000
vt 0.691101 0.377549
vt 0.691101 1.000000
vt 0.532101 1.000000
vt 0.532101 0.000000
vt 0.643340 1.000000
vt 0.255762 1.000000
vt 0.643340 0.000000
vt 0.255762 0.377549
vt 0.255762 0.000000
vt 0.643340 1.000000
vt 0.643340 0.000000
vt 0.844354 0.000000
vt 0.590206 0.269294
vt 0.000001 0.255482
vt 0.750908 0.000000
vt 0.255819 0.526365
vt 0.233058 1.000000
vt 0.965145 0.000000
vt 0.528201 0.314233
vt 0.999999 0.374307
vt 0.100297 1.000000
vt 0.478422 0.308856
vt 0.337348 1.000000
vt 0.115355 1.000000
vt 0.330927 0.555872
vt 1.000000 0.574411
vt 0.913023 0.000000
vt 0.499798 0.421590
vt 0.000001 0.355770
vt 0.000000 0.566524
vt 0.846606 0.999999
vt 0.000000 1.000000
vt 0.000000 0.461340
vt 0.796416 0.999999
vt 0.964178 0.445934
vt 0.840704 0.000000
vt 0.071994 0.596373
vt 0.307032 1.000000
vt 0.121168 0.000000
vt 0.419473 0.377549
vt 0.600278 0.544924
vt 0.914449 1.000000
vt 0.109185 0.377549
vt 0.419473 1.000000
vt 0.000000 0.000000
vt 0.805648 0.461341
vt 0.840704 0.445934
vt 0.959662 0.999999
vt 0.085544 0.000000
vt 0.307032 0.596373
vt 0.927714 0.544924
vt 0.600278 0.000000
vt 0.000000 0.000000
vt 0.861425 0.566523
vt 0.000000 0.000000
vt 0.771640 1.000000
vt 0.000000 1.000000
vt 0.217595 0.000000
vt 1.000000 0.000000
vt 1.000000 1.000000
vt 0.579062 1.000000
vt 0.000000 1.000000
vt 0.355770 -0.000000
vt 1.000000 0.000000
vt 0.000000 0.000000
vt 0.819564 1.000000
vt 0.000000 1.000000
vt 0.000000 0.000000
vt 0.673334 1.000000
vt 0.000000 1.000000
vt 1.000000 0.317165
vt 1.000000 1.000000
vt 0.000000 0.000000
vt 0.000001 0.662652
vt 0.000000 0.000000
vt 0.767980 1.000000
vt 0.000000 1.000000
vt 0.218808 0.000000
vt 1.000000 0.000000
vt 1.000000 1.000000
vt 0.520692 -0.000000
vt 1.000000 0.000000
vt 0.000000 0.000000
vt 0.000000 0.374307
vt 0.208312 0.000002
vt 1.000000 0.000000
vt 1.000000 1.000000
vt 0.000000 0.000000
vt 0.750909 0.999999
vt 0.000000 1.000000
vt 1.000000 0.309120
vt 1.000000 1.000000
vt 0.766942 1.000000
vt 0.000000 1.000000
vt 0.000000 0.000000
vt 0.839323 1.000000
vt 0.000000 1.000000
vt 0.000000 0.000000
vt 0.844353 0.999998
vt 0.000000 1.000000
vt 0.665498 0.999999
vt 0.744518 1.000000
vt 0.000000 1.000000
vt 0.126984 0.000000
vt 1.000000 0.000000
vt 1.000000 1.000000
vt 0.713281 0.999999
vt 0.000000 1.000000
vt 0.297494 0.000000
vt 1.000000 0.000000
vt 0.505210 0.000000
vt 0.646751 1.000000
vt 0.034588 0.403627
vt 0.065401 1.000000
vt 0.043496 0.000000
vt 0.065401 0.403627
vt 0.505210 0.000000
vt 0.744956 1.000000
vt 0.000000 0.000000
vt 0.725000 1.000000
vt 0.000000 1.000000
vt 0.999998 0.425589
vt 1.000000 1.000000
vt 0.354173 0.000001
vt 1.000000 0.000000
vt 0.865114 0.000002
vt 0.807189 -0.000000
vt 0.182339 1.000000
vt 0.707479 0.000001
vt 0.704311 0.000000
vt 0.046693 1.000000
vt 0.504308 0.663492
vt 1.000000 0.713281
vt 0.806309 0.000000
vt 0.187957 0.999998
vt 0.711144 0.000000
vt 0.454046 0.577854
vt 0.373489 0.999999
vt 0.796415 0.000001
vt 0.760306 0.633062
vt 0.000002 0.448980
vt 0.253226 1.000000
vt 0.462613 0.122792
vt 0.516595 -0.000000
vt 0.721384 0.000000
vt 0.647178 0.650021
vt 0.646254 0.000000
vt 0.670935 0.000001
vt 0.711654 0.767145
vt 0.000000 0.647129
vt 0.785974 -0.000000
vt 0.372796 0.445776
vt 1.000000 0.545110
vt 0.153395 1.000000
vt 0.746843 0.437771
vt 0.000000 0.306473
vt 1.000000 1.000000
vt 1.000000 0.000000
vt 1.000000 0.000000
vt 1.000000 1.000000
vt 1.000000 0.566524
vt 0.000000 0.000000
vt 1.000000 1.000000
vt 0.000000 0.000000
vt 1.000000 0.000000
vt 1.000000 1.000000
vt 1.000000 0.461340
vt 0.000000 1.000000
vt 0.000000 0.000000
vt 0.000000 1.000000
vt 1.000000 0.000000
vt 0.000000 1.000000
vt 1.000000 0.445934
vt 1.000000 1.000000
vt 1.000000 1.000000
vt 0.000000 0.000000
vt 0.000000 1.000000
vt 0.000000 1.000000
vt 0.000000 0.596373
vt 0.000000 1.000000
vt 0.000000 1.000000
vt 0.000000 1.000000
vt 1.000000 1.000000
vt 0.000000 0.403627
vt 1.000000 1.000000
vt 1.000000 1.000000
vt 1.000000 1.000000
vt 0.000000 1.000000
vt 0.000000 1.000000
vt 1.000000 0.000000
vt 0.000000 0.377549
vt 1.000000 1.000000
vt 0.000000 0.000000
vt 1.000000 0.000000
vt 1.000000 0.000000
vt 0.000000 0.000000
vt 1.000000 0.544924
vt 0.000000 0.000000
vt 0.000000 0.000000
vt 1.000000 0.000000
vt 0.000000 0.000000
vt 1.000000 0.000000
vt 1.000000 0.000000
vt 1.000000 1.000000
vt 1.000000 1.000000
vt 0.000000 1.000000
vt 1.000000 1.000000
vt 1.000000 1.000000
vt 1.000000 0.000000
vt 0.000000 0.000000
vt 1.000000 0.000000
vt 1.000000 0.000000
vt 0.000000 0.000000
vt 0.000000 1.000000
vt 1.000000 0.000000
vt 1.000000 1.000000
vt 1.000000 0.000000
vt 0.000000 1.000000
vt 1.000000 1.000000
vt 0.000000 1.000000
vt 0.000000 1.000000
vt 1.000000 1.000000
vt 1.000000 0.000000
vt 1.000000 0.000000
vt 0.000000 1.000000
vt 1.000000 0.000000
vt 1.000000 0.000000
vt 0.000000 0.000000
vt 1.000000 0.000000
vt 0.000000 0.000000
vt 1.000000 0.000000
vt 0.000000 0.000000
vt 1.000000 0.000000
vn -0.803529 0.567825 0.178651
vn -0.881641 0.320786 0.346130
vn -0.233807 0.195743 0.952375
vn -0.491409 0.472556 0.731579
vn -0.712683 0.472072 -0.518875
vn -0.737951 0.381254 -0.556842
vn -0.969345 0.220542 0.108311
vn -0.927499 0.354910 -0.117404
vn 0.468428 0.433539 -0.769818
vn 0.760890 0.265683 -0.591997
vn 0.189351 0.353016 -0.916256
vn 0.243311 0.466512 -0.850392
vn 0.082072 0.388479 -0.917795
vn 0.795603 0.343801 -0.498816
vn 0.102132 0.374696 -0.921505
vn 0.840797 0.295953 -0.453290
vn 0.219532 0.344437 -0.912781
vn 0.860017 0.210721 -0.464724
vn 0.163593 0.796441 -0.582168
vn 0.263955 0.787858 -0.556424
vn -0.553142 0.771062 -0.315433
vn -0.684508 0.722323 -0.098480
vn -0.372349 0.340148 -0.863514
vn -0.496286 0.318444 -0.807647
vn -0.425609 0.765304 -0.482874
vn -0.313785 0.744580 -0.589186
vn -0.189021 0.418196 -0.888473
vn -0.100238 0.787226 -0.608463
vn 0.034631 0.784248 -0.619480
vn -0.178971 0.381669 -0.906806
vn 0.857644 0.505701 -0.093348
vn 0.474039 0.593463 -0.650453
vn 0.412345 0.684673 -0.600994
vn 0.712094 0.612791 -0.342649
vn 0.891068 0.453780 -0.009042
vn 0.500515 0.518881 -0.692998
vn 0.256441 0.866639 -0.427990
vn 0.473608 0.828221 -0.299576
vn 0.241280 0.816458 -0.524576
vn 0.336998 0.519889 -0.784951
vn -0.497233 0.809041 0.313388
vn -0.615925 0.786352 0.047815
vn -0.962612 0.251928 -0.099552
vn -0.718781 0.695235 -0.001564
vn -0.300785 0.839082 0.453288
vn -0.382092 0.810384 0.444166
vn -0.369745 0.245453 0.896126
vn -0.503842 0.296184 0.811430
vn -0.074293 0.387295 0.918958
vn 0.575864 0.240918 0.781242
vn 0.627315 0.384032 0.677492
vn -0.096795 0.439316 0.893103
vn -0.080743 0.806561 0.585610
vn -0.160225 0.877069 0.452856
vn -0.141002 0.674661 0.724535
vn 0.170873 0.563167 0.808483
vn -0.234138 0.866780 0.440309
vn -0.488599 0.504755 0.711684
vn 0.561619 0.459227 0.688255
vn -0.144210 0.523421 0.839782
vn -0.162124 0.379553 0.910854
vn 0.644300 0.317192 0.695893
vn 0.700325 0.229819 0.675817
vn -0.124937 0.311812 0.941894
vn -0.088993 0.310743 0.946319
vn 0.722062 0.260908 0.640744
vn 0.714572 0.359199 0.600303
vn -0.093827 0.390847 0.915661
vn -0.103620 0.462023 0.880794
vn 0.718509 0.417345 0.556388
vn 0.681776 0.443072 0.582125
vn -0.101876 0.476750 0.873115
vn 0.104513 0.367864 0.923988
vn 0.034186 0.733368 0.678972
vn 0.495552 0.808920 0.316350
vn 0.431001 0.816812 0.383479
vn 0.491170 0.681302 0.542752
vn 0.778416 0.473702 0.411916
vn 0.460512 0.357108 0.812652
vn 0.938553 0.125586 0.321476
vn 0.943935 0.232056 0.234811
vn 0.446708 0.472209 0.759915
vn 0.965968 0.205160 0.157527
vn 0.488037 0.503636 0.712861
vn 0.469336 0.391300 0.791586
vn 0.973292 0.212962 0.085734
vn 0.927529 0.292415 0.232775
vn 0.461455 0.589665 0.662838
vn 0.699441 0.692041 0.178498
vn 0.835966 0.473350 0.277671
vn 0.847061 0.236472 -0.475993
vn 0.811316 0.489311 -0.319908
vn 0.876264 0.315655 0.364037
vn 0.792029 0.025478 -0.609952
vn 0.644224 0.746829 -0.164990
vn 0.510043 0.844071 0.165532
vn 0.617727 0.358860 0.699738
vn 0.375355 0.809172 0.452051
vn 0.631519 0.730555 -0.259755
vn 0.851958 0.387045 -0.352653
vn -0.094559 0.981375 0.167216
vn -0.172247 0.977230 0.123907
vn -0.113541 0.989080 -0.093963
vn -0.207547 0.978208 -0.005856
vn -0.152965 0.984423 0.086679
vn -0.193250 0.975332 -0.106687
vn -0.069507 0.988659 0.133124
vn -0.050212 0.996814 0.061966
vn -0.077393 0.996891 -0.014780
vn -0.227640 0.969463 0.091226
vn -0.119354 0.989300 0.083911
vn -0.024835 0.998869 0.040558
vn 0.093125 0.984436 -0.149043
vn -0.005715 0.989619 -0.143602
vn -0.118766 0.982853 -0.141050
vn -0.211737 0.970379 -0.116331
vn -0.188635 0.975183 -0.115911
vn -0.187661 0.954491 -0.231797
vn 0.015186 0.976298 -0.215895
vn -0.093101 0.995322 -0.025803
vn 0.246205 0.968989 -0.021064
vn 0.169857 0.985444 -0.007037
vn 0.062639 0.993164 -0.098498
vn 0.262684 0.964795 0.012957
vn 0.120042 0.974880 0.187613
vn 0.043512 0.986013 0.160889
vn -0.171615 0.669878 0.722365
vn -0.340095 0.645863 0.683518
vn -0.523202 0.659267 0.540024
vn -0.653700 0.682149 0.327642
vn -0.647422 0.747791 0.147152
vn 0.543548 0.805235 -0.236965
vn 0.387104 0.825732 -0.410265
vn 0.377339 0.779735 -0.499630
vn 0.351565 0.840055 -0.413170
vn 0.126648 0.741670 -0.658700
vn 0.016434 0.807887 -0.589109
vn -0.266856 0.675309 -0.687565
vn -0.181092 0.682961 -0.707651
vn -0.179541 0.778132 -0.601894
vn -0.316731 0.677807 -0.663520
vn -0.474657 0.877241 0.071753
vn 0.008335 0.860674 0.509088
vn -0.047386 0.753864 0.655319
vn -0.123766 0.884022 -0.450763
vn -0.262930 0.827247 -0.496518
vn 0.590960 0.806069 -0.031906
vn 0.405754 0.906283 0.118385
vn 0.202351 0.978803 -0.031603
vn 0.354437 0.902578 -0.244390
vn 0.432816 0.861123 0.266716
vn 0.525673 0.801174 0.285986
vn -0.268961 0.940874 -0.205951
vn 0.086481 0.996207 0.009655
vn 0.408475 0.889340 0.205480
vn -0.583806 0.703995 -0.404429
vn -0.502263 0.787552 -0.357064
vn -0.505562 0.810551 -0.295658
vn -0.900878 0.398969 -0.171005
vn -0.690232 0.720371 -0.068160
vn -0.329854 0.943690 -0.025413
vn 0.183448 0.980508 0.070363
vn 0.266693 0.752423 0.602274
vn 0.225388 0.575221 0.786334
vn -0.282729 0.389175 0.876702
vn -0.077552 0.518251 0.851705
vn -0.450001 0.295286 0.842796
vn -0.377378 0.374904 0.846778
vn -0.414968 0.519124 0.747203
vn 0.497383 0.576491 0.648282
vn 0.359369 0.830720 0.425156
vn 0.009885 0.968085 0.250428
vn -0.748209 0.662787 -0.029961
vn -0.608558 0.793208 -0.021880
vn -0.695558 0.711328 0.101056
vn -0.516432 0.800315 0.304621
vn -0.222133 0.834484 0.504276
vn 0.080658 0.775291 0.626433
vn 0.251512 0.847072 0.468199
vn 0.242785 0.759250 0.603816
vn -0.447188 0.782309 -0.433607
vn -0.048324 0.995970 0.075553
vn -0.448780 0.335922 -0.828102
vn -0.137486 0.153518 -0.978535
vn -0.611810 0.187053 -0.768570
vn -0.530040 0.244399 -0.811989
vn -0.600612 0.215167 -0.770044
vn -0.501203 0.230033 -0.834195
vn -0.015195 0.301034 -0.953492
vn 0.109967 0.406383 -0.907061
vn -0.817320 0.101562 0.567162
vn -0.711501 0.249448 0.656918
vn -0.899530 0.028980 0.435896
vn -0.878847 0.054558 0.473974
vn -0.927315 0.170212 0.333340
vn -0.919586 0.069457 0.386701
vn -0.873750 0.118935 0.471610
vn -0.908034 0.181708 0.377434
vn -0.800986 0.081115 0.593162
vn 0.419655 0.331686 0.844911
vn 0.280414 0.232470 0.931303
vn -0.965121 0.136292 -0.223529
vn 0.999732 -0.023057 -0.001972
vn 0.992095 0.024955 -0.122980
vn 0.964401 0.053551 -0.258966
vn 0.995298 0.004135 -0.096771
vn 0.994915 -0.008114 -0.100393
vn 0.075025 -0.137302 0.987684
vn 0.667685 -0.297386 0.682465
vn 0.964192 -0.173956 0.200185
vn -0.267096 -0.024220 0.963366
vn -0.378215 0.042275 0.924752
vn 0.342414 -0.224714 -0.912281
vn 0.459593 -0.223488 -0.859551
vn 0.681532 -0.166204 -0.712664
vn -0.319074 -0.000607 0.947730
vn 0.303659 0.135994 0.943026
vn 0.871604 0.215208 0.440444
vn 0.772746 -0.027860 -0.634104
vn 0.332204 -0.194755 -0.922882
vn 0.902568 -0.047794 -0.427888
vn 0.985166 0.162544 -0.055025
vn 0.904304 0.251372 0.345032
vn 0.884913 0.248297 0.394054
vn -0.504166 -0.019887 -0.863378
vn -0.338320 -0.015997 -0.940895
vn 0.314649 -0.041048 -0.948320
vn 0.631590 0.004617 -0.775289
vn 0.908329 0.197904 -0.368474
vn 0.936656 0.259313 -0.235441
vn 0.954327 0.220214 -0.201906
vn 0.970777 0.130804 -0.201201
vn -0.918816 0.011281 -0.394526
vn -0.919714 -0.034676 -0.391054
vn -0.899527 0.030017 -0.435833
vn -0.860523 0.048006 -0.507144
vn -0.782060 -0.050468 -0.621156
vn -0.449521 -0.142439 -0.881840
vn -0.355247 -0.046117 -0.933634
vn -0.433375 -0.052557 -0.899680
vn 0.060782 -0.055351 -0.996615
vn 0.258451 -0.052960 -0.964572
vn -0.768258 -0.058472 0.637464
vn -0.924034 -0.073219 0.375235
vn -0.955669 -0.226097 -0.188621
vn -0.832436 -0.140264 -0.536075
vn -0.688661 -0.192145 -0.699162
vn 0.203920 0.008202 0.978953
vn 0.304616 0.018308 0.952299
vn -0.071848 -0.392532 0.916928
vn -0.456194 -0.413884 0.787774
vn -0.836272 -0.217429 0.503363
vn -0.987674 -0.155110 0.021019
vn -0.989660 -0.143317 0.005838
vn -0.960398 -0.141288 0.240153
vn -0.977490 -0.181747 0.107151
vn -0.994165 -0.107832 0.002905
vn -0.999915 -0.012892 0.001919
vn -0.997846 0.020923 0.062178
vn -0.984975 -0.076408 0.154874
vn -0.963002 -0.169633 0.209410
vn 0.777485 0.068233 0.625190
vn 0.838751 0.264144 0.476156
vn 0.883129 0.341062 0.322118
vn 0.918146 0.294424 0.265183
vn 0.934542 0.238948 0.263695
vn 0.946653 0.162004 0.278575
vn 0.954577 0.104250 0.279132
vn 0.960588 0.118488 0.251461
vn 0.951283 0.145674 0.271735
vn 0.795177 -0.065161 0.602866
vn 0.165597 -0.441191 0.882002
vn -0.309319 -0.084729 0.947176
vn -0.618653 0.132181 0.774465
vn -0.719574 0.180283 0.670605
vn -0.807668 0.130677 0.574974
vn -0.826762 0.339751 0.448367
vn -0.826314 0.300229 0.476515
vn 0.997933 -0.063626 0.008993
vn 0.963633 0.072548 0.257195
vn 0.512451 0.354998 0.781902
vn -0.506463 0.329805 0.796695
vn -0.850675 0.180577 0.493704
vn -0.975750 -0.057381 -0.211232
vn -0.852063 -0.507814 -0.126940
vn -0.798942 -0.327063 0.504699
vn -0.889495 0.143273 0.433903
vn -0.655925 -0.754815 0.004068
vn -0.465981 -0.743362 0.479870
vn -0.001277 0.041151 -0.999152
vn -0.011114 -0.324728 -0.945742
vn -0.798024 -0.168680 -0.578537
vn -0.812709 0.236850 -0.532359
vn -0.054248 -0.523193 -0.850486
vn -0.406489 -0.673378 -0.617519
vn 0.882679 0.098643 -0.459507
vn 0.807681 -0.229178 -0.543258
vn 0.228653 -0.245256 -0.942108
vn 0.282430 0.258280 -0.923864
vn 0.605134 -0.589575 -0.534989
vn 0.134811 -0.593938 -0.793135
vn 0.937869 0.345311 -0.034084
vn 0.997287 0.071209 -0.018647
vn 0.663044 -0.000894 -0.748580
vn 0.520855 0.371800 -0.768424
vn 0.935028 -0.354365 0.012196
vn 0.705170 -0.444500 -0.552409
vn -0.078372 0.183469 0.979896
vn -0.067547 -0.049453 0.996490
vn 0.477289 -0.169016 0.862339
vn 0.505287 -0.010600 0.862886
vn -0.085965 -0.446316 0.890737
vn 0.309846 -0.369236 0.876162
vn -0.379095 0.169501 0.909701
vn -0.440550 -0.272023 0.855523
vn 0.244777 -0.518222 0.819470
vn 0.440231 0.160843 0.883361
vn -0.419711 -0.694101 0.584865
vn 0.107652 -0.880849 0.460995
vn 0.317505 0.009651 0.948208
vn 0.412199 -0.435358 0.800347
vn 0.786812 -0.419147 0.453038
vn 0.847938 0.090362 0.522337
vn 0.432393 -0.664440 0.609554
vn 0.620565 -0.754279 0.214388
vn -0.165244 0.026530 0.985896
vn -0.886180 0.001844 0.463338
vn 0.979224 0.092001 0.180708
vn 0.801166 -0.087562 -0.592001
vn -0.483954 0.278879 -0.829467
vn 0.009429 0.190061 -0.981727
vn 0.935230 -0.067495 -0.347547
vn -0.213610 -0.114000 0.970245
vn 0.449885 -0.644124 0.618634
vn 0.664726 -0.719973 0.199445
vn 0.662436 -0.662626 -0.349436
vn 0.674367 -0.671964 -0.306096
vn 0.386877 -0.224950 -0.894273
vn 0.903439 0.217821 0.369259
vn 0.949946 -0.266004 0.163843
vn 0.651683 -0.596004 -0.469136
vn 0.303928 -0.518023 -0.799550
vn 0.332984 -0.460172 -0.823021
vn -0.390379 -0.106017 -0.914530
vn 0.978388 -0.009576 -0.206554
vn 0.630339 -0.659848 -0.408991
vn 0.179464 -0.765037 -0.618475
vn -0.382553 -0.526318 -0.759369
vn -0.295044 -0.526410 -0.797397
vn -0.907434 0.106970 -0.406352
vn 0.363831 -0.094781 -0.926630
vn 0.026765 -0.524016 -0.851288
vn -0.281907 -0.725892 -0.627383
vn -0.619616 -0.778779 0.097875
vn -0.687595 -0.725932 0.015334
vn -0.641535 -0.169685 0.748091
vn -0.647572 -0.302670 -0.699315
vn -0.567180 -0.820296 -0.073629
vn -0.288695 -0.855178 0.430495
vn 0.071968 -0.603364 0.794212
vn -0.041855 -0.591212 0.805429
vn 0.297889 -0.097757 0.949582
vn 0.332195 -0.392908 0.857479
vn -0.043755 -0.535237 0.843568
vn -0.479520 -0.478184 0.735800
vn -0.512288 -0.541751 0.666383
vn -0.874600 -0.349013 0.336548
vn -0.726505 -0.109990 0.678301
vn 0.664807 -0.194058 0.721369
vn -0.866066 0.047164 0.497701
vn 0.546141 -0.822390 -0.159388
vn 0.000408 -0.998055 0.062341
vn 0.629898 -0.720846 -0.289152
vn -0.465704 -0.823460 0.324088
vn -0.633276 -0.640382 -0.434595
vn -0.054462 -0.349860 0.935218
vn 0.195464 -0.365920 -0.909888
vn -0.798049 -0.494793 0.343944
vn 0.893676 -0.348228 -0.282986
vn -0.396788 -0.164108 -0.903121
vn 0.953265 0.031481 0.300490
vn 0.175642 -0.114996 -0.977715
vn -0.678673 -0.287313 0.675910
vn -0.803187 -0.417341 0.425108
vn -0.799889 -0.353098 0.485283
vn 0.851756 -0.523118 -0.029311
vn 0.212388 -0.529684 0.821174
vn 0.781311 -0.437408 -0.445226
vn 0.777240 -0.496737 -0.386201
vn -0.636338 -0.637559 0.434273
vn -0.730860 -0.310642 -0.607738
vn 0.004346 -0.346030 -0.938213
vn 0.547818 -0.293116 0.783567
vn 0.574803 -0.541818 -0.613217
vn 0.256659 -0.374527 0.890986
s 1
g group3 polySurface3
usemtl initialShadingGroup
f 1908/4349/2870 1909/4351/2871 1740/3993/2872 1741/3994/2873
f 1852/4265/2874 1853/4267/2875 1745/3998/2876 1746/3999/2877
f 1749/4000/2878 1750/4002/2879 1857/4270/2880 1858/4271/2881
f 1856/4269/2882 1857/4270/2880 1750/4002/2879 1753/4005/2883
f 1855/4268/2884 1856/4269/2882 1753/4005/2883 1755/4007/2885
f 1854/4664/2886 1855/4268/2884 1755/4007/2885 1757/4653/2887
f 1858/4272/2881 1859/4273/2888 1759/4011/2889 1749/4012/2878
f 1851/4263/2890 1852/4266/2874 1746/4014/2877 1760/4015/2891
f 1763/4017/2892 1884/4311/2893 1885/4312/2894 1762/4020/2895
f 1898/4333/2896 1899/4334/2897 1758/4022/2898 1748/4023/2899
f 1768/4028/2900 1869/4288/2901 1870/4289/2902 1765/4026/2903
f 1767/4655/2904 1868/4667/2905 1869/4288/2901 1768/4028/2900
f 1870/4290/2902 1871/4291/2906 1770/4031/2907 1765/4032/2903
f 1759/4034/2889 1771/4035/2908 1764/4036/2909 1749/4037/2878
f 1773/4038/2910 1907/4347/2911 1908/4350/2870 1741/4041/2873
f 1746/4042/2877 1830/4226/2912 1831/4227/2913 1760/4045/2891
f 1775/4046/2914 1866/4285/2915 1867/4287/2916 1774/4049/2917
f 2008/4733/2918 2009/4594/2919 1786/4066/2920 1883/4310/2921
f 1779/4052/2922 1878/4303/2923 1879/4306/2924 1776/4055/2925
f 1778/4056/2926 1775/4057/2914 1774/4058/2917 1777/4059/2927
f 1987/4566/2928 1988/4568/2929 1880/4307/2930 1780/4060/2931
f 1992/4573/2932 1993/4575/2933 1881/4308/2934 1782/4062/2935
f 1997/4580/2936 1998/4582/2937 1882/4309/2938 1784/4064/2939
f 2002/4587/2940 2003/4589/2941 1883/4310/2921 1786/4066/2920
f 1776/4068/2925 1928/4399/2942 1929/4400/2943 1779/4071/2922
f 1791/4072/2944 1838/4241/2945 1839/4243/2946 1790/4075/2947
f 2026/4625/2948 2027/4626/2949 1796/4083/2950 1840/4245/2951
f 2020/4616/2952 2021/4618/2953 1842/4657/2954 1794/4082/2955
f 2013/4601/2956 2014/4603/2957 1840/4245/2951 1796/4083/2950
f 1895/4330/2958 1896/4332/2959 1803/4089/2960 1798/4086/2961
f 1803/4089/2960 1896/4332/2959 1924/4391/2962 1925/4392/2963
f 1805/4090/2964 1894/4328/2965 1895/4331/2958 1798/4093/2961
f 1791/4094/2944 1790/4095/2947 1843/4248/2966 1844/4249/2967
f 1770/4098/2907 1937/4413/2968 1938/4415/2969 1765/4101/2903
f 1759/4102/2889 1806/4103/2970 1807/4104/2971 1771/4105/2908
f 1808/4106/2972 1770/4107/2907 1871/4292/2906 1872/4293/2973
f 1762/4110/2895 1885/4313/2894 1886/4314/2974 1810/4113/2975
f 1806/4114/2970 1759/4115/2889 1859/4274/2888 1860/4275/2976
f 1811/4118/2977 1758/4119/2898 1899/4335/2897 1900/4336/2978
f 1760/4122/2891 1831/4228/2913 1832/4229/2979 1813/4125/2980
f 1850/4261/2981 1851/4264/2890 1760/4127/2891 1813/4128/2980
f 1815/4130/2982 1865/4283/2983 1866/4286/2915 1775/4133/2914
f 1814/4134/2984 1906/4345/2985 1907/4348/2911 1773/4137/2910
f 1817/4138/2986 1877/4301/2987 1878/4304/2923 1779/4141/2922
f 1778/4142/2926 1816/4143/2988 1815/4144/2982 1775/4145/2914
f 1929/4401/2943 1930/4402/2989 1817/4147/2986 1779/4148/2922
f 1837/4239/2990 1838/4242/2945 1791/4152/2944 1819/4153/2991
f 1770/4154/2907 1808/4155/2972 1936/4411/2992 1937/4414/2968
f 1805/4158/2964 1820/4159/2993 1893/4326/2994 1894/4329/2965
f 1819/4162/2991 1791/4163/2944 1844/4250/2967 1845/4251/2995
f 1860/4276/2976 1888/4318/2996 1889/4319/2997 1806/4169/2970
f 1806/4170/2970 1889/4320/2997 1890/4321/2998 1807/4173/2971
f 1891/4323/2999 1892/4324/3000 1808/4175/2972 1872/4294/2973
f 1863/4280/3001 1864/4282/3002 1834/4233/3003 1826/4181/3004
f 1826/4182/3004 1834/4234/3003 1835/4235/3005 1828/4185/3006
f 1875/4298/3007 1876/4300/3008 1836/4237/3009 1829/4187/3010
f 1935/4410/3011 1936/4412/2992 1808/4191/2972 1892/4325/3000
f 1811/4194/2977 1900/4337/2978 1901/4338/3012 1887/4317/3013
f 1931/4404/3014 1932/4405/3015 1829/4199/3010 1836/4238/3009
f 1827/4202/3016 1904/4342/3017 1905/4344/3018 1833/4232/3019
f 1903/4341/3020 1904/4343/3017 1827/4207/3016 1849/4259/3021
f 1828/4210/3006 1847/4255/3022 1848/4257/3023 1826/4213/3004
f 1848/4258/3023 1862/4279/3024 1863/4281/3001 1826/4216/3004
f 1846/4253/3025 1874/4297/3026 1875/4299/3007 1829/4220/3010
f 1932/4406/3015 1933/4407/3027 1846/4254/3025 1829/4223/3010
f 1831/4227/2913 1830/4226/2912 1742/4043/3028 1772/4044/3029
f 1832/4229/2979 1831/4228/2913 1772/4123/3029 1812/4124/3030
f 1833/4232/3019 1905/4344/3018 1906/4346/2985 1814/4205/2984
f 1834/4233/3003 1864/4282/3002 1865/4284/2983 1815/4180/2982
f 1835/4235/3005 1834/4234/3003 1815/4183/2982 1816/4184/2988
f 1817/4186/2986 1836/4237/3009 1876/4300/3008 1877/4302/2987
f 1930/4403/2989 1931/4404/3014 1836/4238/3009 1817/4200/2986
f 1818/4150/3031 1789/4151/3032 1838/4242/2945 1837/4239/2990
f 1839/4243/2946 1838/4241/2945 1789/4073/3032 1788/4074/3033
f 1797/4084/3034 1840/4245/2951 2014/4603/2957 2015/4604/3035
f 2025/4623/3036 2026/4625/2948 1840/4245/2951 1797/4084/3034
f 1795/4661/3037 1842/4657/2954 2021/4618/2953 2022/4619/3038
f 1844/4249/2967 1843/4248/2966 1799/4096/3039 1804/4097/3040
f 1845/4251/2995 1844/4250/2967 1804/4164/3040 1821/4165/3041
f 1825/4222/3042 1846/4254/3025 1933/4407/3027 1934/4409/3043
f 1873/4296/3044 1874/4297/3026 1846/4253/3025 1825/4221/3042
f 1848/4257/3023 1847/4255/3022 1824/4211/3045 1823/4212/3046
f 1861/4278/3047 1862/4279/3024 1848/4258/3023 1823/4217/3046
f 1902/4340/3048 1903/4341/3020 1849/4259/3021 1822/4208/3049
f 1761/4126/3050 1851/4264/2890 1850/4261/2981 1809/4129/3051
f 1747/4013/3052 1852/4266/2874 1851/4263/2890 1761/4016/3050
f 1747/3996/3052 1744/3997/3053 1853/4267/2875 1852/4265/2874
f 1754/4006/3054 1855/4268/2884 1854/4664/2886 1756/4008/3055
f 1752/4004/3056 1856/4269/2882 1855/4268/2884 1754/4006/3054
f 1751/4003/3057 1857/4270/2880 1856/4269/2882 1752/4004/3056
f 1858/4271/2881 1857/4270/2880 1751/4003/3057 1748/4001/2899
f 1748/4009/2899 1758/4010/2898 1859/4273/2888 1858/4272/2881
f 1860/4275/2976 1859/4274/2888 1758/4116/2898 1811/4117/2977
f 1811/4166/2977 1887/4316/3013 1888/4318/2996 1860/4276/2976
f 1822/4214/3049 1849/4260/3021 1862/4279/3024 1861/4278/3047
f 1863/4281/3001 1862/4279/3024 1849/4260/3021 1827/4215/3016
f 1827/4178/3016 1833/4231/3019 1864/4282/3002 1863/4280/3001
f 1865/4284/2983 1864/4282/3002 1833/4231/3019 1814/4179/2984
f 1866/4286/2915 1865/4283/2983 1814/4131/2984 1773/4132/2910
f 1867/4287/2916 1866/4285/2915 1773/4047/2910 1741/4048/2873
f 1869/4288/2901 1868/4667/2905 1766/4027/3058 1769/4029/3059
f 1870/4289/2902 1869/4288/2901 1769/4029/3059 1764/4025/2909
f 1771/4030/2908 1871/4291/2906 1870/4290/2902 1764/4033/2909
f 1872/4293/2973 1871/4292/2906 1771/4108/2908 1807/4109/2971
f 1890/4322/2998 1891/4323/2999 1872/4294/2973 1807/4176/2971
f 1824/4218/3045 1847/4256/3022 1874/4297/3026 1873/4296/3044
f 1875/4299/3007 1874/4297/3026 1847/4256/3022 1828/4219/3006
f 1835/4236/3005 1876/4300/3008 1875/4298/3007 1828/4188/3006
f 1877/4302/2987 1876/4300/3008 1835/4236/3005 1816/4189/2988
f 1878/4304/2923 1877/4301/2987 1816/4139/2988 1778/4140/2926
f 1879/4306/2924 1878/4303/2923 1778/4053/2926 1777/4054/2927
f 1781/4061/3060 1880/4307/2930 1988/4568/2929 1989/4569/3061
f 1783/4063/3062 1881/4308/2934 1993/4575/2933 1994/4576/3063
f 1785/4065/3064 1882/4309/2938 1998/4582/2937 1999/4583/3065
f 1787/4067/3066 1883/4310/2921 2003/4589/2941 2004/4590/3067
f 2007/4731/3068 2008/4733/2918 1883/4310/2921 1787/4067/3066
f 1885/4312/2894 1884/4311/2893 1747/4018/3052 1761/4019/3050
f 1886/4314/2974 1885/4313/2894 1761/4111/3050 1809/4112/3051
f 1887/4317/3013 1901/4338/3012 1902/4339/3048 1822/4197/3049
f 1888/4318/2996 1887/4316/3013 1822/4167/3049 1861/4277/3047
f 1889/4319/2997 1888/4318/2996 1861/4277/3047 1823/4168/3046
f 1890/4321/2998 1889/4320/2997 1823/4171/3046 1824/4172/3045
f 1873/4295/3044 1891/4323/2999 1890/4322/2998 1824/4177/3045
f 1825/4174/3042 1892/4324/3000 1891/4323/2999 1873/4295/3044
f 1934/4408/3043 1935/4410/3011 1892/4325/3000 1825/4192/3042
f 1894/4329/2965 1893/4326/2994 1821/4160/3041 1804/4161/3040
f 1895/4331/2958 1894/4328/2965 1804/4091/3040 1799/4092/3039
f 1799/4085/3039 1802/4088/3069 1896/4332/2959 1895/4330/2958
f 1923/4389/3070 1924/4391/2962 1896/4332/2959 1802/4088/3069
f 1762/4021/2895 1899/4334/2897 1898/4333/2896 1763/4024/2892
f 1900/4336/2978 1899/4335/2897 1762/4120/2895 1810/4121/2975
f 1901/4338/3012 1900/4337/2978 1810/4195/2975 1886/4315/2974
f 1902/4339/3048 1901/4338/3012 1886/4315/2974 1809/4196/3051
f 1850/4262/2981 1903/4341/3020 1902/4340/3048 1809/4209/3051
f 1813/4206/2980 1904/4343/3017 1903/4341/3020 1850/4262/2981
f 1905/4344/3018 1904/4342/3017 1813/4203/2980 1832/4230/2979
f 1906/4346/2985 1905/4344/3018 1832/4230/2979 1812/4204/3030
f 1907/4348/2911 1906/4345/2985 1812/4135/3030 1772/4136/3029
f 1908/4350/2870 1907/4347/2911 1772/4039/3029 1742/4040/3028
f 1743/4670/3071 1909/4351/2871 1908/4349/2870 1742/3995/3028
f 2027/4627/2949 2028/4628/3072 1910/4353/3073 1796/4354/2950
f 1912/4356/3074 2019/4615/3075 2020/4617/2952 1794/4359/2955
f 1910/4360/3073 2012/4600/3076 2013/4602/2956 1796/4363/2950
f 1915/4364/3077 1799/4365/3039 1843/4366/2966 1914/4367/3078
f 1913/4368/3079 1914/4369/3078 1843/4370/2966 1790/4371/2947
f 1915/4372/3077 1916/4373/3080 1802/4374/3069 1799/4375/3039
f 1916/4376/3080 1922/4388/3081 1923/4390/3070 1802/4379/3069
f 1925/4393/2963 1926/4394/3082 1920/4381/3083 1803/4382/2960
f 1920/4384/3083 1921/4385/3084 1798/4386/2961 1803/4387/2960
f 1923/4390/3070 1922/4388/3081 1917/4377/3085 1800/4378/3086
f 1897/4658/3087 1924/4391/2962 1923/4389/3070 1800/4669/3086
f 1925/4392/2963 1924/4391/2962 1897/4658/3087 1801/4087/3088
f 1919/4380/3089 1926/4394/3082 1925/4393/2963 1801/4383/3088
f 1938/4416/2969 1939/4417/3090 1927/4396/3091 1765/4397/2903
f 1929/4400/2943 1928/4399/2942 1788/4069/3033 1789/4070/3032
f 1818/4146/3031 1930/4402/2989 1929/4401/2943 1789/4149/3032
f 1837/4240/2990 1931/4404/3014 1930/4403/2989 1818/4201/3031
f 1819/4198/2991 1932/4405/3015 1931/4404/3014 1837/4240/2990
f 1845/4252/2995 1933/4407/3027 1932/4406/3015 1819/4224/2991
f 1934/4409/3043 1933/4407/3027 1845/4252/2995 1821/4225/3041
f 1893/4327/2994 1935/4410/3011 1934/4408/3043 1821/4193/3041
f 1820/4190/2993 1936/4412/2992 1935/4410/3011 1893/4327/2994
f 1937/4414/2968 1936/4411/2992 1820/4156/2993 1805/4157/2964
f 1938/4415/2969 1937/4413/2968 1805/4099/2964 1798/4100/2961
f 1921/4395/3084 1939/4417/3090 1938/4416/2969 1798/4398/2961
f 1765/4418/2903 1927/4419/3091 1940/4420/3092 1768/4421/2900
f 1940/4422/3092 1941/4423/3093 1767/4424/2904 1768/4425/2900
f 1944/4426/3094 1943/4427/3095 1769/4428/3059 1766/4429/3058
f 1943/4430/3095 1945/4431/3096 1764/4432/2909 1769/4433/3059
f 1945/4434/3096 1946/4435/3097 1749/4436/2878 1764/4437/2909
f 1946/4438/3097 1947/4439/3098 1750/4440/2879 1749/4441/2878
f 1947/4442/3098 1948/4443/3099 1753/4444/2883 1750/4445/2879
f 1948/4446/3099 1949/4447/3100 1755/4448/2885 1753/4449/2883
f 1949/4450/3100 1950/4451/3101 1757/4452/2887 1755/4453/2885
f 1754/4454/3054 1756/4455/3055 1952/4456/3102 1953/4457/3103
f 1953/4458/3103 1954/4459/3104 1752/4460/3056 1754/4461/3054
f 1751/4462/3057 1752/4463/3056 1954/4464/3104 1955/4465/3105
f 1748/4466/2899 1751/4467/3057 1955/4468/3105 1956/4469/3106
f 1956/4470/3106 1957/4471/3107 1898/4472/2896 1748/4473/2899
f 1957/4474/3107 1958/4475/3108 1763/4476/2892 1898/4477/2896
f 1884/4478/2893 1763/4479/2892 1958/4480/3108 1959/4481/3109
f 1747/4482/3052 1884/4483/2893 1959/4484/3109 1960/4485/3110
f 1960/4486/3110 1961/4487/3111 1744/4488/3053 1747/4489/3052
f 1963/4490/3112 1964/4491/3113 1746/4492/2877 1745/4493/2876
f 1746/4494/2877 1964/4495/3113 1965/4496/3114 1830/4497/2912
f 1965/4498/3114 1966/4499/3115 1742/4500/3028 1830/4501/2912
f 1966/4502/3115 1967/4503/3116 1743/4504/3071 1742/4505/3028
f 1970/4506/3117 1741/4507/2873 1740/4723/2872 1969/4508/3118
f 1970/4509/3117 1971/4510/3119 1867/4511/2916 1741/4512/2873
f 1971/4513/3119 1972/4514/3120 1774/4515/2917 1867/4516/2916
f 1972/4517/3120 1973/4518/3121 1777/4519/2927 1774/4520/2917
f 1994/4577/3063 1995/4578/3122 1974/4522/3123 1783/4523/3062
f 1989/4570/3061 1990/4571/3124 1975/4526/3125 1781/4527/3060
f 1999/4584/3065 2000/4585/3126 1976/4530/3127 1785/4531/3064
f 2004/4591/3067 2005/4592/3128 1977/4534/3129 1787/4535/3066
f 1977/4537/3129 2006/4728/3130 2007/4593/3068 1787/4538/3066
f 1786/4539/2920 2009/4734/2919 2010/4595/3131 1979/4540/3132
f 2001/4586/3133 2002/4588/2940 1786/4542/2920 1979/4543/3132
f 1980/4545/3134 1996/4579/3135 1997/4581/2936 1784/4548/2939
f 1981/4549/3136 1991/4572/3137 1992/4574/2932 1782/4552/2935
f 1982/4553/3138 1986/4565/3139 1987/4567/2928 1780/4556/2931
f 1983/4557/3140 1984/4558/3141 1928/4559/2942 1776/4560/2925
f 1984/4561/3141 1985/4562/3142 1788/4563/3033 1928/4564/2942
f 1987/4567/2928 1986/4565/3139 1983/4554/3140 1776/4555/2925
f 1879/4305/2924 1988/4568/2929 1987/4566/2928 1776/4050/2925
f 1989/4569/3061 1988/4568/2929 1879/4305/2924 1777/4051/2927
f 1973/4525/3121 1990/4571/3124 1989/4570/3061 1777/4528/2927
f 1992/4574/2932 1991/4572/3137 1982/4550/3138 1780/4551/2931
f 1880/4307/2930 1993/4575/2933 1992/4573/2932 1780/4060/2931
f 1994/4576/3063 1993/4575/2933 1880/4307/2930 1781/4061/3060
f 1975/4521/3125 1995/4578/3122 1994/4577/3063 1781/4524/3060
f 1997/4581/2936 1996/4579/3135 1981/4546/3136 1782/4547/2935
f 1881/4308/2934 1998/4582/2937 1997/4580/2936 1782/4062/2935
f 1999/4583/3065 1998/4582/2937 1881/4308/2934 1783/4063/3062
f 1974/4529/3123 2000/4585/3126 1999/4584/3065 1783/4532/3062
f 1784/4541/2939 2002/4588/2940 2001/4586/3133 1980/4544/3134
f 1882/4309/2938 2003/4589/2941 2002/4587/2940 1784/4064/2939
f 2004/4590/3067 2003/4589/2941 1882/4309/2938 1785/4065/3064
f 1976/4533/3127 2005/4592/3128 2004/4591/3067 1785/4536/3064
f 2015/4605/3035 2016/4606/3143 2011/4597/3144 1797/4598/3034
f 2013/4602/2956 2012/4600/3076 1913/4361/3079 1790/4362/2947
f 1839/4244/2946 2014/4603/2957 2013/4601/2956 1790/4079/2947
f 2015/4604/3035 2014/4603/2957 1839/4244/2946 1788/4080/3033
f 1985/4596/3142 2016/4606/3143 2015/4605/3035 1788/4599/3033
f 2024/4622/3145 2025/4624/3036 1797/4608/3034 2011/4609/3144
f 2022/4620/3038 2023/4621/3146 2018/4612/3147 1795/4613/3037
f 2020/4617/2952 2019/4615/3075 1911/4357/3148 1792/4358/3149
f 1841/4246/3150 2021/4618/2953 2020/4616/2952 1792/4076/3149
f 2022/4619/3038 2021/4618/2953 1841/4246/3150 1793/4077/3151
f 2017/4611/3152 2023/4621/3146 2022/4620/3038 1793/4614/3151
f 1793/4607/3151 2025/4624/3036 2024/4622/3145 2017/4610/3152
f 1841/4247/3150 2026/4625/2948 2025/4623/3036 1793/4081/3151
f 1792/4078/3149 2027/4626/2949 2026/4625/2948 1841/4247/3150
f 1911/4352/3148 2028/4628/3072 2027/4627/2949 1792/4355/3149
f 2032/4629/3153 2031/4776/3154 2034/4778/3155 2033/4671/3156
f 2031/4775/3154 2030/4630/3157 2035/4631/3158 2034/4779/3155
f 2038/4632/3159 2037/4782/3160 2040/4784/3161 2039/4663/3162
f 2037/4781/3160 2036/4633/3163 2041/4634/3164 2040/4785/3161
f 2044/4635/3165 2043/4788/3166 2046/4790/3167 2045/4652/3168
f 2043/4787/3166 2042/4636/3169 2047/4637/3170 2046/4791/3167
f 2050/4638/3171 2049/4794/3172 2052/4796/3173 2051/4654/3174
f 2049/4793/3172 2048/4639/3175 2053/4640/3176 2052/4797/3173
f 2059/4730/3177 2058/4801/3178 2085/4830/3179 2084/4732/3180
f 2058/4803/3178 2057/4724/3181 2086/4766/3182 2085/4828/3179
f 2062/4641/3183 2061/4806/3184 2064/4808/3185 2063/4660/3186
f 2061/4805/3184 2060/4642/3187 2065/4643/3188 2064/4809/3185
f 2068/4644/3189 2067/4812/3190 2070/4814/3191 2069/4668/3192
f 2067/4811/3190 2066/4645/3193 2071/4646/3194 2070/4815/3191
f 1909/4647/2871 2033/4671/3156 2090/4648/3195 1740/4649/2872
f 1853/4650/2875 2039/4663/3162 2075/4651/3196 1745/4493/2876
f 2045/4652/3168 1854/4664/2886 1757/4653/2887 2044/4635/3165
f 2051/4654/3174 1868/4667/2905 1767/4655/2904 2050/4638/3171
f 2072/4656/3197 1794/4082/2955 1842/4657/2954 2063/4660/3186
f 1801/4087/3088 1897/4658/3087 2069/4668/3192 2087/4659/3198
f 2063/4660/3186 1842/4657/2954 1795/4661/3037 2062/4641/3183
f 1744/4662/3053 2038/4632/3159 2039/4663/3162 1853/4650/2875
f 1756/4008/3055 1854/4664/2886 2045/4652/3168 2078/4665/3199
f 2081/4666/3200 1766/4027/3058 1868/4667/2905 2051/4654/3174
f 2069/4668/3192 1897/4658/3087 1800/4669/3086 2068/4644/3189
f 1743/4670/3071 2032/4629/3153 2033/4671/3156 1909/4647/2871
f 1794/4672/2955 2072/4753/3197 2093/4673/3201 1912/4674/3074
f 2068/4675/3189 1800/4676/3086 1917/4677/3085 2098/4752/3202
f 2071/4646/3194 2066/4645/3193 2096/4678/3203 1918/4679/3204
f 2071/4680/3194 1918/4681/3204 2101/4770/3205 2089/4769/3206
f 1801/4682/3088 2087/4768/3198 2099/4683/3207 1919/4684/3089
f 1941/4685/3093 2104/4746/3208 2050/4686/3171 1767/4687/2904
f 2048/4639/3175 2102/4688/3209 1942/4689/3210 2053/4640/3176
f 1942/4690/3210 2107/4764/3211 2083/4763/3212 2053/4691/3176
f 1766/4692/3058 2081/4762/3200 2105/4693/3213 1944/4694/3094
f 2044/4695/3165 1757/4696/2887 1950/4697/3101 2110/4745/3214
f 2042/4636/3169 2108/4698/3215 1951/4699/3216 2047/4637/3170
f 1951/4700/3216 2113/4761/3217 2080/4760/3218 2047/4701/3170
f 2078/4759/3199 2111/4702/3219 1952/4703/3102 1756/4704/3055
f 1961/4705/3111 2116/4744/3220 2038/4706/3159 1744/4707/3053
f 2036/4633/3163 2114/4708/3221 1962/4709/3222 2041/4634/3164
f 2119/4758/3223 2077/4757/3224 2041/4710/3164 1962/4711/3222
f 1745/4712/2876 2075/4756/3196 2117/4713/3225 1963/4714/3112
f 1967/4715/3116 2122/4743/3226 2032/4716/3153 1743/4717/3071
f 2035/4631/3158 2030/4630/3157 2120/4718/3227 1968/4720/3228
f 2125/4773/3229 2092/4772/3230 2035/4719/3158 1968/4720/3228
f 2090/4771/3195 2123/4721/3231 1969/4722/3118 1740/4723/2872
f 2131/4767/3232 2086/4766/3182 2057/4724/3181 1978/4725/3233
f 2054/4749/3234 2126/4726/3235 1978/4727/3233 2057/4750/3181
f 2007/4593/3068 2006/4728/3130 2128/4747/3236 2056/4729/3237
f 2059/4730/3177 2008/4733/2918 2007/4731/3068 2056/4748/3237
f 2084/4732/3180 2009/4594/2919 2008/4733/2918 2059/4730/3177
f 2010/4595/3131 2009/4734/2919 2084/4765/3180 2129/4735/3238
f 2018/4736/3147 2134/4751/3239 2062/4737/3183 1795/4738/3037
f 2074/4754/3240 2065/4739/3188 2029/4740/3241 2095/4755/3242
f 2060/4642/3187 2132/4741/3243 2029/4742/3241 2065/4643/3188
f 2030/4630/3157 2031/4775/3154 2121/4846/3244 2120/4718/3227
f 2031/4774/3154 2032/4716/3153 2122/4743/3226 2121/4846/3244
f 2033/4671/3156 2034/4778/3155 2091/4836/3245 2090/4648/3195
f 2034/4777/3155 2035/4719/3158 2092/4772/3230 2091/4834/3245
f 2036/4633/3163 2037/4781/3160 2115/4844/3246 2114/4708/3221
f 2037/4780/3160 2038/4706/3159 2116/4744/3220 2115/4844/3246
f 2039/4663/3162 2040/4784/3161 2076/4821/3247 2075/4651/3196
f 2040/4783/3161 2041/4710/3164 2077/4757/3224 2076/4819/3247
f 2042/4636/3169 2043/4787/3166 2109/4842/3248 2108/4698/3215
f 2043/4786/3166 2044/4695/3165 2110/4745/3214 2109/4842/3248
f 2045/4652/3168 2046/4790/3167 2079/4824/3249 2078/4665/3199
f 2046/4789/3167 2047/4701/3170 2080/4760/3218 2079/4822/3249
f 2048/4639/3175 2049/4793/3172 2103/4840/3250 2102/4688/3209
f 2049/4792/3172 2050/4686/3171 2104/4746/3208 2103/4840/3250
f 2051/4654/3174 2052/4796/3173 2082/4827/3251 2081/4666/3200
f 2052/4795/3173 2053/4691/3176 2083/4763/3212 2082/4825/3251
f 2054/4749/3234 2055/4798/3252 2127/4848/3253 2126/4726/3235
f 2055/4800/3252 2056/4729/3237 2128/4747/3236 2127/4848/3253
f 2056/4748/3237 2055/4799/3252 2058/4801/3178 2059/4730/3177
f 2055/4798/3252 2054/4749/3234 2057/4750/3181 2058/4802/3178
f 2060/4642/3187 2061/4805/3184 2133/4850/3254 2132/4741/3243
f 2061/4804/3184 2062/4737/3183 2134/4751/3239 2133/4850/3254
f 2063/4660/3186 2064/4808/3185 2073/4818/3255 2072/4656/3197
f 2064/4807/3185 2065/4739/3188 2074/4754/3240 2073/4816/3255
f 2066/4645/3193 2067/4811/3190 2097/4838/3256 2096/4678/3203
f 2067/4810/3190 2068/4675/3189 2098/4752/3202 2097/4838/3256
f 2069/4668/3192 2070/4814/3191 2088/4833/3257 2087/4659/3198
f 2070/4813/3191 2071/4680/3194 2089/4769/3206 2088/4831/3257
f 2072/4753/3197 2073/4817/3255 2094/4837/3258 2093/4673/3201
f 2073/4816/3255 2074/4754/3240 2095/4755/3242 2094/4837/3258
f 2075/4756/3196 2076/4820/3247 2118/4845/3259 2117/4713/3225
f 2076/4819/3247 2077/4757/3224 2119/4758/3223 2118/4845/3259
f 2078/4759/3199 2079/4823/3249 2112/4843/3260 2111/4702/3219
f 2079/4822/3249 2080/4760/3218 2113/4761/3217 2112/4843/3260
f 2081/4762/3200 2082/4826/3251 2106/4841/3261 2105/4693/3213
f 2082/4825/3251 2083/4763/3212 2107/4764/3211 2106/4841/3261
f 2084/4765/3180 2085/4829/3179 2130/4849/3262 2129/4735/3238
f 2085/4828/3179 2086/4766/3182 2131/4767/3232 2130/4849/3262
f 2087/4768/3198 2088/4832/3257 2100/4839/3263 2099/4683/3207
f 2088/4831/3257 2089/4769/3206 2101/4770/3205 2100/4839/3263
f 2090/4771/3195 2091/4835/3245 2124/4847/3264 2123/4721/3231
f 2091/4834/3245 2092/4772/3230 2125/4773/3229 2124/4847/3264
g default
v -32.177017 16.077602 6.682001
v -41.351524 -3.243496 7.971805
v -32.209969 -2.291304 21.176414
v -28.262844 16.671417 9.952541
v -29.260099 16.121412 3.403482
v -28.557709 -2.934789 -8.324763
v -25.275537 16.328197 5.977876
v -16.327572 -1.438621 6.556369
v -25.864660 16.544863 8.471539
v -22.663694 -1.483382 16.113224
v -26.757471 16.281858 4.113200
v -20.489676 -1.929654 -2.572103
v -36.963741 -2.559912 -2.558629
v -31.374435 15.851555 4.444036
v -39.226234 -3.116282 17.207462
v -30.950371 16.596489 9.189994
v -33.535275 12.746449 6.873495
v -32.286114 12.623266 3.745086
v -29.211199 12.792178 2.201042
v -25.595366 12.772790 3.044423
v -23.762505 12.975402 6.163704
v -25.107624 13.490163 9.708155
v -28.672220 13.458286 11.130985
v -32.078159 13.173417 10.125443
v -29.012350 11.689129 12.103385
v -24.779446 11.679860 10.589396
v -23.036285 11.110059 6.372031
v -25.132328 10.696769 2.546217
v -29.254284 10.989144 1.177670
v -33.114014 10.919765 2.975168
v -34.596947 10.692469 6.836545
v -32.995319 11.331904 10.623842
v -32.827202 14.664168 6.807591
v -31.715389 14.346805 4.201523
v -29.210318 14.546891 2.885561
v -26.149525 14.756656 3.563615
v -24.454536 14.730453 6.042020
v -25.413275 15.134011 9.012045
v -28.391308 15.112763 10.482342
v -31.406929 14.999804 9.662358
v -29.832588 7.589197 14.785728
v -24.219019 7.612879 12.445984
v -21.277704 7.261080 6.745422
v -23.815441 6.626360 1.193257
v -29.291149 6.731071 -1.150791
v -34.699215 6.894946 1.126093
v -37.022732 6.802337 6.769354
v -35.088161 6.968150 12.359693
v -24.493008 9.672458 11.542712
v -29.398916 9.701091 13.344438
v -33.985416 9.142538 11.352708
v -35.650795 8.771223 6.760268
v -33.957870 9.082044 2.039774
v -29.296953 8.994200 0.059613
v -24.656811 8.683382 2.073106
v -22.232536 9.220848 6.601409
v -30.277048 5.566135 16.334597
v -23.737999 5.674661 13.397539
v -20.119068 5.319852 6.744453
v -22.690878 4.518794 -0.080898
v -29.190231 4.453085 -2.795407
v -35.475388 4.534236 0.135420
v -38.524601 4.792561 6.858968
v -36.388824 5.054791 13.565935
v -30.726294 3.267034 17.833927
v -23.200428 3.450868 14.367213
v -18.717434 3.245691 6.665904
v -21.612602 2.025853 -1.363837
v -29.029112 2.104204 -4.941993
v -36.195087 1.860271 -0.903670
v -39.805908 2.144636 7.099548
v -37.818485 2.853249 14.911412
v -31.337564 0.644304 19.511333
v -22.863581 0.914455 15.223738
v -17.369652 0.814548 6.620924
v -20.912535 -0.333793 -2.163452
v -28.844387 -0.576284 -7.126986
v -36.735428 -0.966355 -1.911367
v -40.782753 -0.771510 7.530104
v -39.022411 -0.108109 16.374022
v -30.860846 17.193401 6.553279
v -30.229067 17.328518 7.987926
v -30.360035 17.388691 5.067092
v -28.930685 17.571909 4.383973
v -27.496613 17.618774 5.014946
v -26.815735 17.778273 6.393946
v -27.422701 17.440434 7.803998
v -28.774446 17.531084 8.527529
v -31.556913 16.944994 6.541408
v -30.532404 17.326399 8.602223
v -28.313244 17.499727 9.234573
v -26.511786 17.382553 8.006062
v -26.129745 17.373968 6.079322
v -27.266403 17.296059 4.701471
v -29.218744 17.178778 3.964650
v -31.023537 16.970110 4.689173
v -36.030109 -2.598751 19.988317
v -35.490829 0.338587 18.751411
v -34.627224 3.094015 17.181353
v -33.737247 5.399587 15.724039
v -32.795479 7.361136 14.163857
v -31.942877 9.519127 12.798473
v -31.209076 11.656027 11.838657
v -30.508093 13.437336 11.039948
v -29.936703 15.102567 10.313702
v -29.616554 16.674110 9.713297
v -29.421825 17.419998 9.071794
v -29.559034 17.442091 8.405699
v -41.769905 -3.434479 12.948121
v -41.283054 -0.404187 12.293088
v -39.722824 2.534737 11.312548
v -37.854118 4.767992 10.402938
v -36.143288 6.582453 9.637669
v -34.811378 8.657180 9.060769
v -33.892002 10.861631 8.734465
v -33.011520 12.950405 8.544381
v -32.326454 14.843353 8.291059
v -31.795773 16.308765 7.987278
v -31.181297 17.082287 7.591204
v -30.668980 17.188843 7.337925
v -39.301933 -2.891515 2.615746
v -38.961147 -0.965423 2.736228
v -38.310455 1.825814 2.967204
v -37.367313 4.474271 3.350204
v -36.275330 6.769639 3.821457
v -35.226212 8.897623 4.298717
v -34.245289 10.849598 4.789001
v -33.276718 12.716085 5.158740
v -32.544521 14.479870 5.370397
v -31.997034 15.916995 5.460979
v -31.509516 16.944889 5.538096
v -30.758333 17.268147 5.760623
v -33.183723 -2.616868 -6.299406
v -33.208454 -0.554976 -5.223505
v -32.979923 2.146343 -3.701035
v -32.667610 4.760900 -2.195179
v -32.264969 7.026272 -0.752926
v -31.848619 9.159757 0.510718
v -31.349489 11.028435 1.681343
v -30.891972 12.739741 2.680259
v -30.600342 14.441649 3.303338
v -30.444939 15.994863 3.694366
v -30.212851 17.114935 4.121128
v -29.722139 17.536629 4.572482
v -24.217556 -2.308943 -6.509047
v -24.686552 -0.548459 -5.621315
v -25.134502 1.824464 -3.982231
v -25.796799 4.209119 -2.022628
v -26.459637 6.453999 -0.324936
v -26.900667 8.689388 0.852327
v -27.150631 10.768205 1.703704
v -27.398670 12.741516 2.488115
v -27.683481 14.610704 3.104057
v -27.986675 16.171274 3.646137
v -28.230274 17.262493 4.231572
v -28.149075 17.577244 4.560333
v -17.706354 -1.480598 1.457926
v -18.295900 0.210477 1.736214
v -19.311674 2.617546 2.309153
v -20.673779 4.884395 3.060448
v -21.992397 6.859753 3.698076
v -23.109858 8.838693 4.090735
v -23.918480 10.798559 4.244352
v -24.518616 12.839311 4.386815
v -25.099064 14.807058 4.574318
v -25.857868 16.358158 4.891144
v -26.630028 17.355448 5.299534
v -27.024769 17.698647 5.640543
v -18.989208 -1.487963 10.969370
v -19.822660 0.840850 10.908487
v -20.601385 3.317595 10.667776
v -21.520161 5.466380 10.234973
v -22.381205 7.403417 9.725225
v -23.084145 9.396676 9.135597
v -23.643480 11.365628 8.490862
v -24.136501 13.230999 7.939806
v -24.556246 14.965128 7.526620
v -25.216375 16.491661 7.216849
v -26.070036 17.453470 7.029331
v -26.975544 17.649147 7.163402
v -26.410231 -1.779641 19.750977
v -26.532051 0.959239 18.422709
v -26.543060 3.572687 17.153797
v -26.633537 5.872693 15.821609
v -26.734392 7.830665 14.458399
v -26.743572 9.843607 13.098389
v -26.715967 11.835408 11.908692
v -26.708832 13.595383 10.860231
v -26.729847 15.200210 10.074162
v -26.903528 16.612741 9.459725
v -27.289499 17.438236 8.778339
v -28.018314 17.528183 8.321853
v -36.499805 0.366861 -1.435874
v -37.951191 -1.013305 0.315525
v -40.603245 1.117903 11.822229
v -40.342796 0.666740 7.301818
v -41.314293 -0.591734 9.944606
v -35.083214 1.757579 17.980183
v -38.509377 1.427637 15.680226
v -37.352875 0.114176 17.778273
v -26.481756 -0.403167 19.080887
v -31.753740 -0.800681 20.347712
v -29.297421 -2.041446 20.779175
v -19.412777 -0.340514 10.951693
v -22.754896 -0.300178 15.663967
v -20.824902 -1.471041 13.564425
v -17.969704 -0.697807 1.574617
v -16.823715 -0.332209 6.590960
v -16.642405 -1.420115 3.988791
v -24.456932 -1.480708 -6.124460
v -20.682680 -1.194328 -2.394321
v -22.253838 -2.098957 -4.642394
v -30.899746 -2.834025 -7.674542
v -33.216808 -1.641211 -5.799921
v -28.709562 -1.787849 -7.810043
v -39.154209 -2.003957 2.668523
v -36.873878 -1.870421 -2.265371
v -38.234138 -2.700168 -0.079350
v -41.613754 -1.920722 12.649273
v -41.098251 -2.047955 7.752442
v -41.888489 -3.384594 10.523889
v -35.788063 -1.120147 19.400423
v -39.206547 -1.618528 16.846159
v -37.658627 -2.847752 18.785898
v -30.914837 17.183603 7.451050
v -30.798731 17.175598 6.954576
v -31.215853 17.115465 6.534153
v -31.409426 16.993891 7.060852
v -30.717989 17.234331 4.867197
v -31.315193 16.947241 5.086570
v -31.157061 17.161726 5.636933
v -30.593235 17.322281 5.395306
v -29.725166 17.152115 3.987291
v -29.988276 17.379700 4.345656
v -29.335777 17.565357 4.434558
v -29.094429 17.425159 4.187397
v -28.216629 17.480310 4.418725
v -27.803146 17.592823 4.760265
v -27.403862 17.510328 4.882277
v -27.723854 17.280815 4.448737
v -26.347399 17.361530 5.665660
v -26.859528 17.576021 5.476859
v -26.879349 17.752499 6.006925
v -26.487326 17.623377 6.220674
v -26.947117 17.470484 7.883217
v -26.237890 17.421005 7.529779
v -26.520554 17.609194 7.070369
v -27.173264 17.525425 7.498786
v -27.627249 17.538105 8.529490
v -28.382891 17.546190 8.467000
v -28.510876 17.573231 8.877167
v -27.781391 17.481020 9.069647
v -29.463224 17.481197 8.739958
v -29.916763 17.389832 8.230360
v -30.371029 17.377735 8.295676
v -30.008743 17.384550 8.891403
v -31.488958 16.788824 7.785422
v -31.870096 16.589453 6.601423
v -29.489269 17.158197 9.398786
v -30.732601 17.073959 8.906363
v -27.058405 17.118790 9.109616
v -28.247501 17.194923 9.607515
v -25.628454 17.066200 7.092283
v -26.156973 17.058657 8.216152
v -26.272024 16.938972 5.094934
v -25.713835 16.935539 6.001813
v -28.136106 16.802906 3.953328
v -27.039532 16.870140 4.424387
v -30.354301 16.634510 3.901194
v -29.264215 16.733135 3.689562
v -31.769421 16.507212 5.488963
v -31.224293 16.486164 4.554888
v -33.509941 0.498793 19.341177
v -34.334045 -2.445170 20.848976
v -32.745678 3.169670 17.683725
v -32.074078 5.479294 16.190578
v -31.363317 7.479200 14.599883
v -30.703403 9.620929 13.169994
v -30.139854 11.679821 12.053257
v -29.614937 13.454925 11.154300
v -29.175314 15.106404 10.459501
v -28.939667 16.679804 9.893378
v -28.858360 17.468887 9.210736
v -29.172379 17.492779 8.505926
v -40.425777 -0.261938 14.490926
v -40.739571 -3.328449 15.218758
v -38.971348 2.703879 13.236856
v -37.235332 4.876593 12.068271
v -35.692322 6.724670 11.061889
v -34.466190 8.861469 10.257052
v -33.506172 11.085730 9.715630
v -32.610104 13.056534 9.379344
v -31.928335 14.925702 9.032684
v -31.436491 16.463734 8.644433
v -30.906105 17.209383 8.136909
v -30.479446 17.250669 7.686411
v -39.951687 -0.890449 5.134199
v -40.415199 -3.075880 5.317611
v -39.186596 1.957122 5.013789
v -38.115845 4.637766 5.085165
v -36.819489 6.801413 5.289969
v -35.585896 8.836077 5.535158
v -34.547695 10.758217 5.812829
v -33.508526 12.725906 6.000695
v -32.776104 14.571251 6.068543
v -32.152409 15.988927 6.053044
v -31.590181 16.936398 6.028433
v -30.847458 17.224720 6.150954
v -35.242661 -2.528821 -4.613041
v -35.127460 -0.756834 -3.727908
v -34.717190 2.009291 -2.467555
v -34.182838 4.679719 -1.202664
v -33.579178 6.993420 0.035901
v -32.991272 9.145103 1.160772
v -32.294796 10.977880 2.248153
v -31.630539 12.668249 3.157438
v -31.192093 14.376704 3.708352
v -30.945263 15.909130 4.024738
v -30.650862 17.040138 4.361224
v -30.066616 17.468939 4.788072
v -26.726576 -0.582120 -6.748661
v -26.324579 -2.673658 -7.836384
v -27.055922 1.946578 -4.715724
v -27.470924 4.279421 -2.561366
v -27.854685 6.553313 -0.850005
v -28.080223 8.828768 0.354563
v -28.203732 10.880734 1.360833
v -28.319773 12.767444 2.284407
v -28.459877 14.574667 2.942058
v -28.627567 16.146761 3.477861
v -28.724512 17.222025 4.058144
v -28.530018 17.573071 4.430400
v -19.441183 -0.095463 -0.308341
v -18.981312 -1.686990 -0.633851
v -20.281931 2.289778 0.357952
v -21.521770 4.695266 1.372627
v -22.786003 6.728377 2.339803
v -23.805538 8.733760 2.990852
v -24.461060 10.720966 3.302911
v -24.993746 12.801043 3.628005
v -25.567181 14.803289 3.997057
v -26.266144 16.333881 4.460425
v -26.919079 17.327280 4.981604
v -27.233837 17.654060 5.309128
v -18.329752 0.867071 8.808272
v -17.299971 -1.469197 8.758290
v -19.451984 3.318515 8.714446
v -20.639593 5.411724 8.527003
v -21.661995 7.349545 8.258567
v -22.507572 9.318527 7.872534
v -23.203831 11.238686 7.429708
v -23.832603 13.093671 7.050270
v -24.404491 14.827534 6.783530
v -25.163353 16.402792 6.585787
v -26.035643 17.421202 6.539862
v -26.852085 17.738625 6.787280
v -24.562103 0.967621 17.041151
v -24.362230 -1.589934 18.185534
v -24.757547 3.547670 15.965046
v -25.086929 5.814942 14.788889
v -25.389364 7.756741 13.614775
v -25.529715 9.790285 12.468954
v -25.665548 11.794261 11.384346
v -25.839460 13.573599 10.390856
v -26.019178 15.185495 9.615627
v -26.339701 16.575953 9.012555
v -26.864317 17.396854 8.423029
v -27.701317 17.467140 8.089602
v -33.441193 11.925666 8.636483
v -33.344757 12.834165 7.715244
v -34.045074 11.713613 6.865711
v -34.316986 10.728744 7.792597
v -30.319424 11.035281 1.304511
v -31.106281 11.891954 2.217109
v -30.077061 12.781998 2.347227
v -29.230000 11.903523 1.718467
v -27.270405 11.765073 2.108954
v -26.443777 12.748123 2.702956
v -25.354889 11.731449 2.787856
v -26.077839 10.709699 2.055990
v -23.901342 12.313360 8.198993
v -24.550741 13.369563 8.858453
v -24.944204 12.608659 10.131110
v -24.137058 11.524836 9.584496
v -27.851311 11.770679 12.101787
v -26.710155 12.741824 11.359415
v -27.678301 13.531028 11.069953
v -28.836790 12.596384 11.577965
v -23.359026 10.945802 5.288819
v -24.233854 11.813743 4.311980
v -24.049688 12.894023 5.253966
v -23.407513 12.050585 6.259633
v -33.745613 11.791184 4.993008
v -32.852039 12.660542 4.409529
v -32.681480 11.773599 3.392975
v -33.765789 10.890225 3.832616
v -30.850975 12.580773 11.428486
v -31.353329 13.321928 10.687986
v -32.517082 12.277526 10.358405
v -32.195255 11.531029 11.346851
v -32.881123 13.625017 5.282991
v -32.178577 14.393124 4.751798
v -31.966059 13.495223 4.009527
v -30.724316 13.596860 3.034687
v -29.931778 14.500465 3.017531
v -29.203398 13.679328 2.580030
v -27.537281 13.701079 2.814599
v -26.884163 14.681913 3.288596
v -25.861704 13.800974 3.302369
v -24.796160 13.854529 4.469383
v -24.707125 14.753203 5.280794
v -24.101645 13.866797 6.094337
v -24.335884 14.116171 7.717678
v -24.909073 15.063923 8.292584
v -25.253761 14.333469 9.336570
v -26.708349 14.414580 10.435515
v -27.548359 15.160001 10.358480
v -28.518139 14.291004 10.774860
v -30.195585 14.272131 10.663069
v -30.711811 15.062897 10.068675
v -31.709799 14.090885 9.892963
v -32.641838 13.933616 8.425821
v -32.651699 14.755524 7.548896
v -33.150921 13.748445 6.851282
v -28.252537 7.740584 14.793642
v -26.748550 8.828372 13.766736
v -28.056141 9.794598 13.355392
v -29.611820 8.642324 14.044267
v -22.753120 8.394742 9.440592
v -23.711885 9.527953 10.395292
v -24.369783 8.632562 11.995524
v -23.224922 7.493150 11.135250
v -21.438732 7.067568 5.195937
v -22.584812 7.848302 3.927945
v -22.509409 9.030979 5.317532
v -21.777191 8.243843 6.689320
v -26.709827 7.581098 0.321443
v -25.724028 8.654758 1.392719
v -24.283190 7.657753 1.691102
v -25.076603 6.506624 0.330581
v -30.798437 6.913774 -1.133460
v -32.063034 8.116099 -0.103252
v -30.585133 9.106992 0.127665
v -29.303749 7.880952 -0.513427
v -35.740993 7.854003 4.058299
v -34.693192 8.989580 3.109673
v -34.332790 8.021832 1.584954
v -35.583252 6.810585 2.410722
v -35.421772 7.586334 9.320457
v -35.299431 8.669345 7.915323
v -36.300854 7.787786 6.753863
v -36.692047 6.668847 8.212705
v -32.353462 8.419667 13.437467
v -33.090595 9.360710 12.196280
v -34.516258 8.028757 11.825339
v -34.079823 7.185545 13.405404
v -31.528156 15.135341 4.336303
v -32.252613 15.242539 5.425592
v -31.731367 15.862689 4.923713
v -30.517084 15.252447 3.509156
v -29.874556 16.068201 3.481465
v -29.235676 15.376792 3.147763
v -27.834539 15.437323 3.372141
v -27.347151 16.221981 3.849843
v -26.454460 15.580489 3.830085
v -25.459927 15.644560 4.716255
v -25.517355 16.334791 5.404977
v -24.850803 15.572043 5.997239
v -24.854357 15.774132 7.360653
v -25.470181 16.527891 7.859201
v -25.616837 15.887229 8.730268
v -26.794458 15.953074 9.765070
v -27.564356 16.646816 9.790522
v -28.308498 15.941800 10.226192
v -31.164467 15.870054 9.435014
v -29.754698 15.946064 10.007689
v -30.315260 16.656475 9.512559
v -32.499310 15.438198 6.750944
v -32.059685 15.647674 8.150352
v -32.050377 16.182137 7.329940
v -28.413557 5.743512 16.274223
v -26.690643 6.869209 15.143043
v -30.055670 6.586838 15.560218
v -21.966654 6.441737 9.988699
v -24.000093 6.651297 12.914685
v -22.551020 5.556250 11.869026
v -20.168339 5.118333 4.886662
v -21.351009 5.889477 3.404175
v -20.729387 6.293118 6.760609
v -26.144775 5.339592 -1.118052
v -23.270130 5.603879 0.585787
v -24.159674 4.322827 -1.204228
v -30.962936 4.649466 -2.699719
v -32.472309 5.923399 -1.458382
v -29.251387 5.590554 -1.908166
v -36.826965 5.654417 3.580978
v -35.086044 5.741663 0.640106
v -36.512024 4.452759 1.676666
v -36.962929 5.679991 10.000346
v -37.781479 5.841966 6.800694
v -38.360622 4.787975 8.649032
v -33.265427 6.386358 14.944096
v -35.715149 6.004957 12.943824
v -35.199146 5.243604 14.816841
v -26.729908 10.857645 12.483696
v -29.199409 10.720363 12.694844
v -31.567226 10.616697 12.280429
v -33.481598 10.265246 10.953743
v -34.325096 9.760542 8.870667
v -35.107502 9.725562 6.794613
v -34.733231 9.890616 4.549928
v -33.545544 10.035298 2.513640
v -31.603851 10.124118 1.109065
v -29.278534 10.024816 0.624015
v -27.037491 9.747368 1.298955
v -24.919746 9.688566 2.333055
v -23.549112 9.814493 4.183404
v -22.648430 10.171533 6.490802
v -23.376007 10.390186 8.811042
v -24.629305 10.694676 11.066967
v -28.595695 3.440257 17.717020
v -26.579309 4.769800 16.495039
v -30.492699 4.457971 17.075708
v -21.052395 4.434019 10.468013
v -23.457727 4.609813 13.890459
v -21.832952 3.367944 12.576743
v -18.730415 2.974109 4.471305
v -19.973835 3.791423 2.681100
v -19.433575 4.321176 6.706531
v -25.447298 3.033820 -3.003388
v -22.121281 3.299591 -0.756386
v -23.275093 1.860819 -2.837749
v -31.043839 2.174386 -4.564806
v -32.833435 3.492192 -2.938874
v -29.113474 3.312346 -3.822364
v -37.867786 3.195144 3.142477
v -35.849339 3.244918 -0.379539
v -37.353065 1.796321 0.951317
v -38.790260 3.735504 10.839895
v -39.199631 3.540014 6.955259
v -39.992828 2.342748 9.232956
v -34.184872 4.305078 16.449547
v -37.100788 4.033260 14.214225
v -36.344303 2.985918 16.241747
v -28.901073 0.824626 19.225641
v -26.539898 2.293512 17.788351
v -31.001497 1.998010 18.659601
v -20.205168 2.090046 10.814225
v -23.007233 2.191943 14.801561
v -21.308851 0.864421 13.113247
v -17.481878 0.554749 4.154771
v -18.747793 1.369745 1.987625
v -18.015175 2.041998 6.641637
v -24.896666 0.591818 -4.881056
v -21.216101 0.777163 -1.826408
v -22.704767 -0.475237 -4.013678
v -31.059553 -0.531014 -6.487566
v -33.117210 0.752415 -4.493227
v -28.945164 0.764531 -6.107252
v -38.677406 0.375063 2.833787
v -33.815487 11.786749 7.758559
v -30.190062 11.919678 1.859756
v -26.251715 11.732408 2.380615
v -24.350554 12.466644 9.204210
v -27.760832 12.674414 11.550557
v -23.717785 11.920775 5.266756
v -33.292412 11.781759 4.147255
v -31.759579 12.457027 11.005564
v -32.482449 13.544416 4.608000
v -29.990601 13.647940 2.723808
v -26.657085 13.747028 3.003617
v -24.368942 13.845362 5.257465
v -24.721279 14.237326 8.555984
v -27.601612 14.356454 10.680490
v -31.001156 14.192851 10.371769
v -32.969849 13.838673 7.641706
v -28.157930 8.763418 14.059456
v -23.485697 8.502095 10.771687
v -22.000645 8.050633 5.279810
v -25.441324 7.586511 0.923351
v -30.698345 8.030727 -0.478711
v -35.137165 7.928905 2.759624
v -35.945004 7.650862 8.043330
v -33.569500 8.249063 12.761765
v -31.935375 15.166397 4.850050
v -29.901688 15.322531 3.256428
v -27.117504 15.505568 3.563893
v -25.095821 15.595955 5.327496
v -25.161022 15.843343 8.064028
v -27.536119 15.950966 10.080233
v -30.494057 15.925159 9.790466
v -32.351208 15.539959 7.447764
v -28.335281 6.756341 15.536281
v -22.906462 6.531436 11.501506
v -20.829493 6.101104 5.061878
v -24.635509 5.436646 -0.395382
v -30.889254 5.795584 -1.875523
v -36.048416 5.659143 2.046787
v -37.511677 5.755136 8.413834
v -34.628944 6.213837 14.101948
v -27.951839 10.803879 12.703116
v -32.635719 10.476811 11.734200
v -34.784199 9.692455 7.838299
v -34.234386 9.968093 3.477046
v -30.454973 10.103115 0.724610
v -25.919071 9.689818 1.748479
v -22.959221 9.989286 5.313139
v -23.926586 10.540402 9.990541
v -28.494759 4.634919 16.994320
v -22.179306 4.506882 12.236376
v -19.450691 4.086348 4.679319
v -23.690725 3.111418 -2.045646
v -31.011642 3.448730 -3.600868
v -36.953457 3.169611 1.309205
v -39.195580 3.645613 8.920617
v -35.772697 4.184512 15.515528
v -28.733187 2.169223 18.462784
v -21.553598 2.124045 12.863313
v -18.061384 1.750574 4.294078
v -22.959202 0.629427 -3.498649
v -31.067999 0.807445 -5.577371
v -37.691200 0.319511 0.609911
v -40.728634 0.894081 9.590412
v -36.908665 1.597176 17.039236
v -29.093189 -0.590722 19.999626
v -21.066322 -0.321689 13.343704
v -17.030188 -0.474362 4.060517
v -22.473507 -1.345658 -4.368170
v -30.993940 -1.719910 -7.144396
v -38.116371 -1.954613 0.098698
v -41.661102 -2.006041 10.247158
v -37.564014 -1.367195 18.329130
v -31.100794 17.130911 6.993101
v -30.980434 17.190617 5.228630
v -29.549522 17.409527 4.216934
v -27.787716 17.494755 4.629739
v -26.638845 17.604048 5.831169
v -26.693699 17.532999 7.489939
v -28.051764 17.570290 8.755692
v -29.945139 17.436836 8.563194
v -31.731203 16.672207 7.187050
v -30.142803 17.133686 9.210365
v -27.632513 17.165012 9.434125
v -25.829594 17.069874 7.666992
v -25.954058 16.930882 5.520648
v -27.563131 16.835144 4.166781
v -29.824615 16.691534 3.733611
v -31.545073 16.480453 4.993742
v -33.918335 -0.954232 20.110630
v -33.116165 1.875993 18.509518
v -32.407135 4.372128 16.931862
v -31.720028 6.487101 15.396503
v -31.022285 8.539248 13.850951
v -30.413164 10.677925 12.577295
v -29.871773 12.596197 11.578280
v -29.375355 14.283872 10.783242
v -29.037100 15.945889 10.177471
v -28.861959 17.185631 9.563453
v -28.983248 17.535095 8.858269
v -40.676014 -1.797294 14.900906
v -39.802200 1.281817 13.896695
v -38.099319 3.874156 12.630054
v -36.428616 5.795137 11.543483
v -35.039604 7.760072 10.629681
v -33.967808 9.988981 9.954189
v -33.043011 12.094831 9.535904
v -32.239258 14.011080 9.210278
v -31.675224 15.767632 8.850538
v -31.168707 16.940872 8.394954
v -30.682922 17.279600 7.905101
v -40.205399 -2.041165 5.223001
v -39.610161 0.492270 5.057016
v -38.686775 3.354234 5.026854
v -37.478951 5.761875 5.177678
v -36.180870 7.831232 5.407616
v -35.057392 9.800694 5.677137
v -34.009140 11.741777 5.921510
v -33.112648 13.685125 6.047897
v -32.453522 15.336099 6.068055
v -31.880297 16.539001 6.030125
v -31.235069 17.131207 6.077103
v -35.208740 -1.728667 -4.202578
v -34.951477 0.558357 -3.124824
v -34.461002 3.388350 -1.830332
v -33.882629 5.867588 -0.574062
v -33.291298 8.098682 0.607649
v -32.651367 10.094410 1.714860
v -31.944763 11.826796 2.738888
v -31.381409 13.529329 3.474174
v -31.057320 15.177036 3.879226
v -30.824112 16.551785 4.182830
v -30.382515 17.309328 4.567642
v -26.533089 -1.668110 -7.370908
v -26.890018 0.664754 -5.812869
v -27.256786 3.137419 -3.609415
v -27.676647 5.414726 -1.638995
v -27.985773 7.705160 -0.202095
v -28.148346 9.882634 0.869798
v -28.259974 11.837049 1.844885
v -28.385836 13.687778 2.641849
v -28.543613 15.404726 3.209883
v -28.702255 16.769581 3.778527
v -28.651165 17.452932 4.262969
v -19.184305 -0.958087 -0.495194
v -19.805830 1.034606 -0.025093
v -20.873175 3.527715 0.844197
v -22.169930 5.739279 1.882226
v -23.338341 7.731179 2.712171
v -24.166193 9.722189 3.167370
v -24.730909 11.754597 3.458662
v -25.267569 13.838270 3.804321
v -25.907370 15.633112 4.215662
v -26.621506 16.911739 4.731642
v -27.104498 17.541100 5.162606
v -17.808243 -0.315807 8.794398
v -18.877731 2.108926 8.777677
v -20.052315 4.404592 8.630412
v -21.174704 6.384481 8.405640
v -22.105820 8.333602 8.078024
v -22.868656 10.286199 7.650615
v -23.527847 12.178060 7.227256
v -24.109980 13.974864 6.905768
v -24.760635 15.657566 6.673341
v -25.597588 17.001034 6.531457
v -26.449831 17.632204 6.640510
v -24.464518 -0.316828 17.606016
v -24.650291 2.274759 16.505592
v -24.912348 4.729442 15.385215
v -25.253534 6.799042 14.198853
v -25.471617 8.763038 13.036315
v -25.593071 10.810833 11.918165
v -25.751007 12.710145 10.867887
v -25.920925 14.399735 9.975310
v -26.158005 15.927816 9.306182
v -26.566566 17.079151 8.700326
v -27.258665 17.488510 8.234199
vt 0.161823 0.000000
vt 1.000000 1.000000
vt 1.000000 1.000000
vt 1.000000 1.000000
vt 0.552571 0.000000
vt 1.000000 0.000000
vt 1.000000 1.000000
vt 0.382378 1.000000
vt 1.000000 0.000000
vt 1.000000 1.000000
vt 0.000000 1.000000
vt 0.000000 0.654488
vt 0.000000 1.000000
vt 0.000000 0.000000
vt 0.000000 1.000000
vt 0.000000 0.000000
vt 0.000000 0.000000
vt 0.000000 1.000000
vt 1.000000 0.000000
vt 0.000000 1.000000
vt 1.000000 1.000000
vt 0.000000 0.000000
vt 1.000000 1.000000
vt 0.000000 1.000000
vt 0.444738 0.000000
vt 1.000000 0.000000
vt 0.000000 1.000000
vt 0.444738 1.000000
vt 0.651685 0.000000
vt 1.000000 1.000000
vt 0.000000 0.000000
vt 0.651685 1.000000
vt 0.551076 0.000000
vt 0.551076 1.000000
vt 1.000000 0.000000
vt 1.000000 0.000000
vt 0.447705 0.616159
vt 0.062114 0.403268
vt 1.000000 1.000000
vt 0.000000 1.000000
vt 0.360174 0.000000
vt 1.000000 0.492380
vt 0.544532 0.489101
vt 0.000000 0.492380
vt 0.000000 0.507620
vt 0.627135 0.510899
vt 1.000000 0.507620
vt 0.000000 0.507620
vt 0.444811 0.510899
vt 1.000000 0.507620
vt 0.194103 0.829877
vt 0.261553 0.499821
vt 1.000000 0.811744
vt 0.310393 0.934955
vt 0.444811 0.780675
vt 1.000000 0.811744
vt 0.000000 0.811744
vt 0.627135 0.780675
vt 0.000000 0.188256
vt 0.000000 0.811744
vt 0.544532 0.219325
vt 0.479010 0.000000
vt 1.000000 0.188256
vt 0.365610 0.555884
vt 0.251588 0.000000
vt 1.000000 0.770273
vt 0.544532 0.764252
vt 0.000000 0.770273
vt 0.000000 0.229727
vt 0.627135 0.235748
vt 1.000000 0.229727
vt 0.000000 0.229727
vt 0.444811 0.235748
vt 1.000000 0.229727
vt 0.087843 0.733861
vt 0.155424 0.442641
vt 1.000000 0.930198
vt 0.355687 0.975883
vt 0.444811 0.926495
vt 1.000000 0.930198
vt 0.000000 0.930198
vt 0.627135 0.926495
vt 0.000000 0.069802
vt 0.000000 0.930198
vt 0.544532 0.073505
vt 0.525296 0.000000
vt 1.000000 0.069802
vt 0.421854 0.586187
vt 0.444811 0.868230
vt 1.000000 0.867317
vt 0.331643 0.954156
vt 0.399381 0.574079
vt 0.500725 0.000000
vt 1.000000 0.132683
vt 0.544532 0.131770
vt 0.000000 0.132683
vt 0.000000 0.867317
vt 0.627135 0.868230
vt 1.000000 0.867317
vt 0.000000 0.867317
vt 1.000000 0.963451
vt 0.368403 0.987372
vt 0.444811 0.961755
vt 1.000000 0.963451
vt 0.000000 0.963451
vt 0.627135 0.961755
vt 0.000000 0.036549
vt 0.000000 0.963451
vt 0.544532 0.038245
vt 0.538289 0.000000
vt 1.000000 0.036549
vt 0.435454 0.593515
vt 1.000000 0.983132
vt 0.375928 0.994172
vt 0.444811 0.981811
vt 1.000000 0.983132
vt 0.000000 0.983132
vt 0.627135 0.981811
vt 0.000000 0.016868
vt 0.000000 0.983132
vt 0.544532 0.018189
vt 0.545979 0.000000
vt 1.000000 0.016868
vt 0.443190 0.597683
vt 1.000000 0.992246
vt 0.379413 0.997321
vt 0.444811 0.992076
vt 1.000000 0.992246
vt 0.000000 0.992246
vt 0.627135 0.992076
vt 0.000000 0.007754
vt 0.000000 0.992246
vt 0.544532 0.007924
vt 0.549541 0.000000
vt 1.000000 0.007754
vt 0.447150 0.599816
vt 0.000000 1.000000
vt 1.000000 0.000000
vt 0.000000 0.000000
vt 1.000000 0.000000
vt 1.000000 1.000000
vt 0.000000 0.000000
vt 0.000000 0.000000
vt 0.000000 1.000000
vt 1.000000 0.000000
vt 1.000000 0.000000
vt 0.000000 1.000000
vt 1.000000 1.000000
vt 0.000000 0.000000
vt 0.000000 0.000000
vt 0.000000 0.000000
vt 1.000000 0.000000
vt 1.000000 0.356231
vt 0.356231 1.000000
vt 1.000000 0.356231
vt 0.000000 0.356231
vt 1.000000 0.356231
vt 0.000000 0.356231
vt 0.356231 0.000000
vt 0.000000 0.356231
vt 0.643769 1.000000
vt 0.356231 1.000000
vt 1.000000 0.356231
vt 0.643769 0.000000
vt 0.000000 0.643769
vt 0.000000 0.356231
vt 0.356231 0.000000
vt 1.000000 0.643769
vt 0.413144 0.819226
vt 0.410577 0.814204
vt 0.406636 0.811308
vt 0.398936 0.805651
vt 0.385399 0.795704
vt 0.363030 0.779268
vt 0.329417 0.754570
vt 0.225846 0.678469
vt 0.120211 0.600852
vt 0.029253 0.536173
vt 0.470961 1.000000
vt 0.478221 0.392173
vt 0.470961 0.000000
vt 0.502275 0.295523
vt 0.498664 0.297845
vt 0.494679 0.296785
vt 0.486892 0.294716
vt 0.473202 0.291077
vt 0.450581 0.285065
vt 0.416588 0.276030
vt 0.311848 0.248191
vt 0.205021 0.219798
vt 0.114001 0.193416
vt 0.520378 1.000000
vt 0.515283 0.392173
vt 0.520378 0.000000
vt 0.773744 0.000000
vt 0.774193 0.007924
vt 0.774193 0.018189
vt 0.774193 0.038245
vt 0.774193 0.073505
vt 0.774193 0.131770
vt 0.774193 0.219325
vt 0.774193 0.489101
vt 0.774193 0.764252
vt 0.773744 1.000000
vt 1.000000 0.496004
vt 0.392173 0.497003
vt 0.000000 0.496004
vt 0.276057 0.000000
vt 0.275927 0.007924
vt 0.275927 0.018189
vt 0.275927 0.038245
vt 0.275927 0.073505
vt 0.275927 0.131770
vt 0.275927 0.219325
vt 0.275927 0.489101
vt 0.275927 0.764252
vt 0.276057 1.000000
vt 0.500941 0.000000
vt 0.500706 0.607827
vt 0.500941 1.000000
vt 0.300932 1.000000
vt 0.307160 0.992076
vt 0.307160 0.981811
vt 0.307160 0.961755
vt 0.307160 0.926495
vt 0.307160 0.868230
vt 0.307160 0.780675
vt 0.307160 0.510899
vt 0.307160 0.235748
vt 0.300932 0.000000
vt 0.461776 1.000000
vt 0.471332 0.392173
vt 0.461776 0.000000
vt 0.806033 1.000000
vt 0.810986 0.992076
vt 0.810986 0.981811
vt 0.810986 0.961755
vt 0.810986 0.926495
vt 0.810986 0.868230
vt 0.810986 0.780675
vt 0.810986 0.510899
vt 0.810986 0.235748
vt 0.806033 0.000000
vt 0.000000 0.443129
vt 0.607827 0.457347
vt 1.000000 0.443129
vt 0.192800 1.000000
vt 0.200192 0.992076
vt 0.200192 0.981811
vt 0.200192 0.961755
vt 0.200192 0.926495
vt 0.200192 0.868230
vt 0.200192 0.780675
vt 0.200192 0.510899
vt 0.200192 0.235748
vt 0.192800 0.000000
vt 1.000000 0.566487
vt 0.392173 0.549865
vt 0.000000 0.566487
vt 0.697263 1.000000
vt 0.703540 0.992076
vt 0.703540 0.981811
vt 0.703540 0.961755
vt 0.703540 0.926495
vt 0.703540 0.868230
vt 0.703540 0.780675
vt 0.703540 0.510899
vt 0.703540 0.235748
vt 0.697263 0.000000
vt 0.454786 1.000000
vt 0.466090 0.392173
vt 0.454786 0.000000
vt 0.394865 0.130387
vt 0.138028 0.340318
vt 0.476309 0.659682
vt 0.318769 0.659682
vt 0.848632 0.659682
vt 0.903017 0.659682
vt 0.662410 0.340318
vt 0.299490 0.633303
vt 0.662410 0.631326
vt 0.138028 0.631327
vt 0.476309 0.368673
vt 0.903017 0.368674
vt 0.318769 0.368673
vt 0.848632 0.368674
vt 0.187528 0.561141
vt 0.281514 0.115530
vt 0.848632 0.898757
vt 0.318769 0.898757
vt 0.903017 0.898757
vt 0.476309 0.898757
vt 0.138028 0.101243
vt 0.662410 0.101243
vt 0.487988 0.142593
vt 0.391472 0.692587
vt 0.662410 0.885136
vt 0.138028 0.885137
vt 0.476309 0.114863
vt 0.903017 0.114863
vt 0.318769 0.114863
vt 0.848632 0.114863
vt 0.089877 0.498204
vt 0.182652 0.102572
vt 0.848632 0.946825
vt 0.318769 0.946825
vt 0.903017 0.946825
vt 0.476309 0.946825
vt 0.138028 0.053175
vt 0.662410 0.053175
vt 0.506710 0.145047
vt 0.409966 0.704506
vt 0.848632 0.839530
vt 0.368685 0.677901
vt 0.464918 0.139569
vt 0.662410 0.160470
vt 0.138028 0.160470
vt 0.476309 0.839530
vt 0.903017 0.839530
vt 0.318769 0.839530
vt 0.848632 0.973292
vt 0.318769 0.973291
vt 0.903017 0.973292
vt 0.476309 0.973291
vt 0.138028 0.026709
vt 0.662410 0.026709
vt 0.517020 0.146398
vt 0.420149 0.711069
vt 0.848632 0.987689
vt 0.318769 0.987689
vt 0.903017 0.987689
vt 0.476309 0.987689
vt 0.138028 0.012311
vt 0.662410 0.012311
vt 0.522627 0.147133
vt 0.425688 0.714640
vt 0.848632 0.996123
vt 0.318769 0.996123
vt 0.903017 0.996123
vt 0.476309 0.996123
vt 0.138028 0.003877
vt 0.662410 0.003877
vt 0.525913 0.147564
vt 0.428933 0.716731
vt 0.760189 0.178115
vt 0.178116 0.248002
vt 0.250471 0.821885
vt 0.730888 0.178116
vt 0.821885 0.721565
vt 0.178116 0.283244
vt 0.727393 0.178116
vt 0.735480 0.178115
vt 0.760189 0.678115
vt 0.735480 0.678115
vt 0.727393 0.678115
vt 0.678115 0.283244
vt 0.321885 0.721565
vt 0.730888 0.678115
vt 0.250471 0.321885
vt 0.678115 0.248002
vt 0.396276 0.908394
vt 0.393044 0.905744
vt 0.387528 0.901219
vt 0.377388 0.892901
vt 0.358972 0.877794
vt 0.336280 0.859180
vt 0.267374 0.802657
vt 0.155878 0.711198
vt 0.058635 0.631430
vt 0.235480 0.678115
vt 0.235480 0.178115
vt 0.473490 0.455231
vt 0.470226 0.453902
vt 0.464655 0.451635
vt 0.454415 0.447466
vt 0.435816 0.439896
vt 0.412899 0.430567
vt 0.343310 0.402242
vt 0.230709 0.356408
vt 0.132502 0.316433
vt 0.260189 0.678115
vt 0.260189 0.178115
vt 0.886872 0.003877
vt 0.886872 0.012311
vt 0.886872 0.026709
vt 0.886872 0.053175
vt 0.886872 0.101243
vt 0.886872 0.160470
vt 0.886872 0.340318
vt 0.886872 0.631327
vt 0.886872 0.885136
vt 0.678115 0.748002
vt 0.178116 0.748002
vt 0.413566 0.003877
vt 0.413566 0.012311
vt 0.413566 0.026709
vt 0.413566 0.053175
vt 0.413566 0.101243
vt 0.413566 0.160470
vt 0.413566 0.340318
vt 0.413566 0.631327
vt 0.413566 0.885136
vt 0.750471 0.321885
vt 0.750471 0.821885
vt 0.150466 0.996123
vt 0.150466 0.987689
vt 0.150466 0.973291
vt 0.150466 0.946825
vt 0.150466 0.898757
vt 0.150466 0.839530
vt 0.150466 0.659682
vt 0.150466 0.368673
vt 0.150466 0.114863
vt 0.230888 0.678115
vt 0.230888 0.178116
vt 0.728859 0.996123
vt 0.728859 0.987689
vt 0.728859 0.973291
vt 0.728859 0.946825
vt 0.728859 0.898757
vt 0.728859 0.839530
vt 0.728859 0.659682
vt 0.728859 0.368674
vt 0.728859 0.114863
vt 0.321885 0.221565
vt 0.821885 0.221565
vt 0.096400 0.996123
vt 0.096400 0.987689
vt 0.096400 0.973291
vt 0.096400 0.946825
vt 0.096400 0.898757
vt 0.096400 0.839530
vt 0.096400 0.659682
vt 0.096400 0.368673
vt 0.096400 0.114863
vt 0.678115 0.783244
vt 0.178116 0.783244
vt 0.571001 0.996123
vt 0.571001 0.987689
vt 0.571001 0.973291
vt 0.571001 0.946825
vt 0.571001 0.898757
vt 0.571001 0.839530
vt 0.571001 0.659682
vt 0.571001 0.368674
vt 0.571001 0.114863
vt 0.227393 0.678115
vt 0.227393 0.178116
vt 0.369613 0.263544
vt 0.336913 0.122791
vt 0.419592 0.000000
vt 1.000000 0.340318
vt 0.441993 0.136564
vt 0.138028 0.219325
vt 0.275927 0.340318
vt 0.138028 0.489101
vt 0.000000 0.340318
vt 0.000000 0.659682
vt 0.307160 0.659682
vt 0.476309 0.510899
vt 0.627135 0.659682
vt 0.476309 0.780675
vt 0.200192 0.659682
vt 0.318769 0.510899
vt 0.444811 0.659682
vt 0.318769 0.780675
vt 0.848632 0.780675
vt 0.703540 0.659682
vt 0.848632 0.510899
vt 1.000000 0.659682
vt 0.252248 0.882416
vt 0.903017 0.780675
vt 0.810986 0.659682
vt 0.903017 0.510899
vt 1.000000 0.659682
vt 0.000000 0.659682
vt 0.774193 0.340318
vt 0.662410 0.489101
vt 0.544532 0.340318
vt 0.662410 0.219325
vt 0.282966 0.720439
vt 0.242248 0.596409
vt 0.318941 0.530740
vt 0.346041 0.663306
vt 0.774193 0.631327
vt 0.662410 0.764252
vt 0.544532 0.631327
vt 0.275927 0.631327
vt 0.138028 0.764252
vt 0.000000 0.631327
vt 0.000000 0.368673
vt 0.307160 0.368673
vt 0.476309 0.235748
vt 0.627135 0.368674
vt 0.810986 0.368674
vt 0.903017 0.235748
vt 1.000000 0.368673
vt 0.000000 0.368673
vt 0.200192 0.368673
vt 0.318769 0.235748
vt 0.444811 0.368674
vt 0.703540 0.368674
vt 0.848632 0.235748
vt 1.000000 0.368673
vt 0.140973 0.781869
vt 0.171243 0.638349
vt 0.136386 0.528180
vt 0.206695 0.470265
vt 0.256629 0.233515
vt 0.229738 0.108744
vt 0.305881 0.000000
vt 1.000000 0.631327
vt 0.848632 0.926494
vt 0.703540 0.898757
vt 0.848632 0.868230
vt 1.000000 0.898757
vt 0.343665 0.965019
vt 0.200192 0.898757
vt 0.318769 0.868230
vt 0.444811 0.898757
vt 0.318769 0.926494
vt 0.903017 0.926494
vt 0.810986 0.898757
vt 0.903017 0.868230
vt 1.000000 0.898757
vt 0.000000 0.898757
vt 0.307160 0.898757
vt 0.476309 0.868230
vt 0.627135 0.898757
vt 0.476309 0.926494
vt 0.138028 0.073506
vt 0.275927 0.101243
vt 0.138028 0.131770
vt 0.000000 0.101243
vt 0.000000 0.898757
vt 0.774193 0.101243
vt 0.662410 0.131770
vt 0.544532 0.101243
vt 0.662410 0.073505
vt 0.462433 0.288215
vt 0.476097 0.141034
vt 0.513010 0.000000
vt 1.000000 0.101243
vt 0.498792 0.144009
vt 0.374750 0.787880
vt 0.379727 0.685017
vt 0.411155 0.580423
vt 0.402144 0.699465
vt 0.544532 0.885136
vt 0.774193 0.885136
vt 0.662410 1.000000
vt 1.000000 0.248002
vt 0.275927 0.885136
vt 0.138028 1.000000
vt 0.250471 0.000000
vt 0.000000 0.885137
vt 0.000000 0.114863
vt 0.307160 0.114863
vt 0.476309 0.000000
vt 0.730888 1.000000
vt 0.627135 0.114863
vt 0.810986 0.114863
vt 0.903017 0.000000
vt 0.000000 0.721565
vt 1.000000 0.114863
vt 0.000000 0.114863
vt 0.200192 0.114863
vt 0.318769 0.000000
vt 1.000000 0.283244
vt 0.444811 0.114863
vt 0.703540 0.114863
vt 0.848632 0.000000
vt 0.727393 1.000000
vt 1.000000 0.114863
vt 0.043921 0.694174
vt 0.108797 0.417520
vt 0.073802 0.566751
vt 0.045684 0.469721
vt 0.735480 1.000000
vt 0.206706 0.000000
vt 1.000000 0.885137
vt 0.158088 0.207324
vt 0.137912 0.096708
vt 0.760189 1.000000
vt 0.848632 0.961755
vt 0.703540 0.946825
vt 1.000000 0.946825
vt 0.362045 0.981627
vt 0.200192 0.946825
vt 0.444811 0.946825
vt 0.318769 0.961755
vt 0.903017 0.961755
vt 0.810986 0.946825
vt 1.000000 0.946825
vt 0.000000 0.946825
vt 0.307160 0.946825
vt 0.627135 0.946825
vt 0.476309 0.961755
vt 0.138028 0.038245
vt 0.275927 0.053175
vt 0.000000 0.053175
vt 0.000000 0.946825
vt 0.774193 0.053175
vt 0.544532 0.053175
vt 0.662410 0.038245
vt 0.481095 0.293175
vt 0.531793 0.000000
vt 1.000000 0.053175
vt 0.512526 0.145809
vt 0.393204 0.801439
vt 0.429696 0.590412
vt 0.415710 0.708209
vt 0.703540 0.839530
vt 1.000000 0.839530
vt 0.321018 0.944556
vt 0.352012 0.771172
vt 0.388311 0.568115
vt 0.439439 0.282103
vt 0.489868 0.000000
vt 1.000000 0.160470
vt 0.774193 0.160470
vt 0.544532 0.160470
vt 0.275927 0.160470
vt 0.000000 0.160470
vt 0.000000 0.839530
vt 0.307160 0.839530
vt 0.627135 0.839530
vt 0.810986 0.839530
vt 1.000000 0.839530
vt 0.000000 0.839530
vt 0.200192 0.839530
vt 0.444811 0.839530
vt 0.848632 0.981811
vt 0.703540 0.973291
vt 1.000000 0.973291
vt 0.372165 0.990772
vt 0.200192 0.973291
vt 0.444811 0.973291
vt 0.318769 0.981811
vt 0.903017 0.981811
vt 0.810986 0.973291
vt 1.000000 0.973291
vt 0.000000 0.973291
vt 0.307160 0.973291
vt 0.627135 0.973291
vt 0.476309 0.981811
vt 0.138028 0.018189
vt 0.275927 0.026709
vt 0.000000 0.026709
vt 0.000000 0.973291
vt 0.774193 0.026709
vt 0.544532 0.026709
vt 0.662410 0.018189
vt 0.491371 0.295906
vt 0.542134 0.000000
vt 1.000000 0.026709
vt 0.520338 0.146833
vt 0.403365 0.808905
vt 0.439904 0.595913
vt 0.423427 0.713182
vt 0.848632 0.992076
vt 0.703540 0.987689
vt 1.000000 0.987689
vt 0.377670 0.995746
vt 0.200192 0.987689
vt 0.444811 0.987689
vt 0.318769 0.992076
vt 0.903017 0.992076
vt 0.810986 0.987689
vt 1.000000 0.987689
vt 0.000000 0.987689
vt 0.307160 0.987689
vt 0.627135 0.987689
vt 0.476309 0.992076
vt 0.138028 0.007924
vt 0.275927 0.012311
vt 0.000000 0.012311
vt 0.000000 0.987689
vt 0.774193 0.012311
vt 0.544532 0.012311
vt 0.662410 0.007924
vt 0.496961 0.297392
vt 0.547760 0.000000
vt 1.000000 0.012311
vt 0.524336 0.147357
vt 0.408892 0.812966
vt 0.445458 0.598904
vt 0.427376 0.715727
vt 0.703540 0.996123
vt 1.000000 0.996123
vt 0.380895 0.998660
vt 0.848632 1.000000
vt 0.200192 0.996123
vt 0.444811 0.996123
vt 0.318769 1.000000
vt 0.810986 0.996123
vt 1.000000 0.996123
vt 0.000000 0.996123
vt 0.903017 1.000000
vt 0.307160 0.996123
vt 0.627135 0.996123
vt 0.476309 1.000000
vt 0.138028 0.000000
vt 0.275927 0.003877
vt 0.000000 0.003877
vt 0.000000 0.996123
vt 0.774193 0.003877
vt 0.544532 0.003877
vt 0.662410 0.000000
vt 0.500235 0.298262
vt 0.551056 0.000000
vt 1.000000 0.003877
vt 0.527423 0.147762
vt 0.412130 0.815346
vt 0.448711 0.600657
vt 0.430425 0.717692
vt 0.515284 0.178115
vt 0.760189 0.000000
vt 1.000000 0.178116
vt 0.178116 1.000000
vt 0.760189 0.392173
vt 0.178116 0.000000
vt 1.000000 0.821885
vt 0.392173 0.248002
vt 0.178116 0.497003
vt 0.000000 0.248002
vt 0.250471 0.607827
vt 0.500706 0.821885
vt 0.250471 1.000000
vt 0.000000 0.821885
vt 0.000000 0.178116
vt 0.471332 0.178116
vt 0.730888 0.000000
vt 1.000000 0.178116
vt 0.821885 0.000000
vt 0.730888 0.392173
vt 0.607827 0.721565
vt 0.821885 0.457347
vt 1.000000 0.721565
vt 0.821885 1.000000
vt 0.178116 1.000000
vt 0.178116 0.000000
vt 0.000000 0.178116
vt 0.392173 0.283244
vt 0.178116 0.549865
vt 0.000000 0.283244
vt 0.466090 0.178116
vt 0.727393 0.000000
vt 1.000000 0.178116
vt 0.000000 0.178116
vt 0.727393 0.392173
vt 0.478221 0.178115
vt 0.735480 0.000000
vt 1.000000 0.178115
vt 0.000000 0.178115
vt 0.735480 0.392173
vt 0.515284 0.678115
vt 1.000000 0.678115
vt 0.678115 1.000000
vt 0.478221 0.678115
vt 1.000000 0.678115
vt 0.000000 0.678115
vt 0.466090 0.678115
vt 1.000000 0.678115
vt 0.000000 0.678115
vt 0.678115 0.549865
vt 0.678115 0.000000
vt 0.000000 0.678115
vt 0.321885 0.457347
vt 0.321885 1.000000
vt 0.678115 1.000000
vt 0.471332 0.678115
vt 1.000000 0.678115
vt 0.321885 0.000000
vt 0.500706 0.321885
vt 0.000000 0.321885
vt 0.000000 0.678115
vt 0.678115 0.497003
vt 0.678115 0.000000
vt 1.000000 0.321885
vt 0.394725 0.907122
vt 0.397761 0.909613
vt 0.390792 0.903896
vt 0.383108 0.897593
vt 0.369599 0.886511
vt 0.347276 0.868200
vt 0.313730 0.840683
vt 0.210370 0.755897
vt 0.104950 0.669422
vt 0.014627 0.595330
vt 0.235481 1.000000
vt 0.235480 0.392173
vt 0.235481 0.000000
vt 0.471924 0.454593
vt 0.474990 0.455841
vt 0.467952 0.452976
vt 0.460191 0.449818
vt 0.446548 0.444264
vt 0.424004 0.435088
vt 0.390126 0.421298
vt 0.285741 0.378808
vt 0.179276 0.335472
vt 0.088057 0.298342
vt 0.260189 1.000000
vt 0.260189 0.392173
vt 0.260189 0.000000
vt 0.886872 0.007924
vt 0.886872 0.000000
vt 0.886872 0.018189
vt 0.886872 0.038245
vt 0.886872 0.073506
vt 0.886872 0.131770
vt 0.886872 0.219325
vt 0.886872 0.489101
vt 0.886872 0.764252
vt 0.886872 1.000000
vt 1.000000 0.748002
vt 0.392173 0.748002
vt 0.000000 0.748002
vt 0.413566 0.000000
vt 0.413566 0.007924
vt 0.413566 0.018189
vt 0.413566 0.038245
vt 0.413566 0.073505
vt 0.413566 0.131770
vt 0.413566 0.219325
vt 0.413566 0.489101
vt 0.413566 0.764252
vt 0.413566 1.000000
vt 0.750471 0.000000
vt 0.750471 0.607827
vt 0.750471 1.000000
vt 0.150466 0.992076
vt 0.150466 1.000000
vt 0.150466 0.981811
vt 0.150466 0.961755
vt 0.150466 0.926495
vt 0.150466 0.868230
vt 0.150466 0.780675
vt 0.150466 0.510899
vt 0.150466 0.235748
vt 0.150466 0.000000
vt 0.230888 1.000000
vt 0.230888 0.392173
vt 0.230888 0.000000
vt 0.728859 0.992076
vt 0.728859 1.000000
vt 0.728859 0.981811
vt 0.728859 0.961755
vt 0.728859 0.926495
vt 0.728859 0.868230
vt 0.728859 0.780675
vt 0.728859 0.510899
vt 0.728859 0.235748
vt 0.728859 0.000000
vt 0.000000 0.221565
vt 0.607827 0.221565
vt 1.000000 0.221565
vt 0.096400 0.992076
vt 0.096400 1.000000
vt 0.096400 0.981811
vt 0.096400 0.961755
vt 0.096400 0.926495
vt 0.096400 0.868230
vt 0.096400 0.780675
vt 0.096400 0.510899
vt 0.096400 0.235748
vt 0.096400 0.000000
vt 1.000000 0.783244
vt 0.392173 0.783244
vt 0.000000 0.783244
vt 0.571001 0.992076
vt 0.571001 1.000000
vt 0.571001 0.981811
vt 0.571001 0.961755
vt 0.571001 0.926495
vt 0.571001 0.868230
vt 0.571001 0.780675
vt 0.571001 0.510899
vt 0.571001 0.235748
vt 0.571001 0.000000
vt 0.227393 1.000000
vt 0.227393 0.392173
vt 0.227393 0.000000
vn -0.868713 0.403021 0.287943
vn -0.861841 0.408015 0.301254
vn -0.872732 0.417034 0.253815
vn -0.863899 0.414511 0.286111
vn -0.861367 0.387629 0.328315
vn -0.890200 0.385900 0.242126
vn -0.911330 0.405941 0.068477
vn -0.887562 0.452010 0.089005
vn -0.882298 0.456526 0.114603
vn 0.063015 0.498512 -0.864589
vn -0.182502 0.538984 -0.822307
vn -0.217437 0.522429 -0.824493
vn 0.020106 0.490469 -0.871227
vn -0.365614 0.564547 -0.740009
vn -0.396227 0.540713 -0.742047
vn -0.432087 0.469999 -0.769677
vn -0.252721 0.457807 -0.852376
vn -0.020600 0.436396 -0.899519
vn 0.317018 0.383413 -0.867464
vn 0.261656 0.384880 -0.885101
vn 0.325116 0.340623 -0.882199
vn 0.375672 0.332898 -0.864898
vn 0.215286 0.361878 -0.907026
vn 0.281463 0.334836 -0.899257
vn 0.506275 0.320200 -0.800723
vn 0.547441 0.312695 -0.776228
vn 0.577784 0.303234 -0.757769
vn 0.874478 0.350624 0.335187
vn 0.884829 0.338375 0.320281
vn 0.844377 0.351446 0.404369
vn 0.842185 0.353571 0.407077
vn 0.897886 0.314266 0.308281
vn 0.845874 0.333779 0.416039
vn 0.732278 0.384114 0.562339
vn 0.729615 0.398880 0.555479
vn 0.728116 0.393230 0.561443
vn -0.040217 0.509033 0.859807
vn 0.045301 0.516683 0.854977
vn 0.058633 0.499070 0.864576
vn -0.010318 0.483506 0.875280
vn 0.271480 0.492216 0.827056
vn 0.277916 0.489618 0.826460
vn 0.304386 0.457349 0.835572
vn 0.092624 0.452954 0.886710
vn 0.015616 0.436221 0.899704
vn 0.927322 0.357356 -0.111224
vn 0.857443 0.323982 -0.399784
vn 0.865252 0.298359 -0.402891
vn 0.931470 0.338102 -0.134351
vn 0.815315 0.308474 -0.490006
vn 0.824536 0.282344 -0.490329
vn 0.823230 0.276292 -0.495938
vn 0.870881 0.291763 -0.395525
vn 0.932620 0.326847 -0.152940
vn -0.816226 0.501332 -0.287126
vn -0.811974 0.492529 -0.313231
vn -0.711963 0.520993 -0.470823
vn -0.727742 0.535435 -0.428604
vn -0.822074 0.446796 -0.352941
vn -0.715753 0.465742 -0.520366
vn -0.633336 0.479054 -0.607777
vn -0.616408 0.546387 -0.567012
vn -0.620196 0.568477 -0.540547
vn -0.319677 0.480985 0.816370
vn -0.286848 0.485262 0.825978
vn -0.526661 0.497339 0.689407
vn -0.546591 0.489913 0.679135
vn -0.260283 0.471435 0.842616
vn -0.495786 0.477326 0.725504
vn -0.689038 0.454617 0.564402
vn -0.715273 0.483632 0.504465
vn -0.742176 0.480133 0.467596
vn -0.833573 0.388379 -0.392833
vn -0.732206 0.393248 -0.556084
vn -0.837977 0.356051 -0.413548
vn -0.752750 0.337937 -0.564948
vn -0.687394 0.317945 -0.652993
vn -0.660476 0.390363 -0.641396
vn -0.279389 0.371165 -0.885539
vn -0.048655 0.363747 -0.930227
vn -0.461832 0.376391 -0.803145
vn -0.477553 0.300355 -0.825670
vn -0.289263 0.306191 -0.906959
vn -0.057284 0.316470 -0.946871
vn 0.189461 0.334916 -0.923004
vn 0.253824 0.330538 -0.909020
vn 0.186517 0.331291 -0.924909
vn 0.245231 0.348488 -0.904665
vn 0.422130 0.373640 -0.825954
vn 0.461482 0.335002 -0.821467
vn 0.870656 0.310897 -0.381184
vn 0.926596 0.333351 -0.174057
vn 0.809955 0.299318 -0.504363
vn 0.778701 0.364960 -0.510323
vn 0.855376 0.365077 -0.367492
vn 0.906775 0.370525 -0.201174
vn 0.908004 0.305299 0.286918
vn 0.842232 0.325151 0.430026
vn 0.904534 0.347976 0.246438
vn 0.828840 0.359408 0.428778
vn 0.729090 0.382366 0.567648
vn 0.733117 0.368790 0.571431
vn 0.144281 0.392154 0.908514
vn 0.033819 0.378048 0.925168
vn 0.348793 0.410998 0.842273
vn 0.402411 0.379212 0.833225
vn 0.205709 0.345105 0.915744
vn 0.046739 0.329874 0.942867
vn -0.242503 0.440312 0.864475
vn -0.450602 0.439487 0.777052
vn -0.237891 0.392652 0.888387
vn -0.403009 0.394014 0.826037
vn -0.630093 0.378303 0.678137
vn -0.659904 0.412487 0.627998
vn -0.861004 0.361834 0.357419
vn -0.901997 0.351403 0.250833
vn -0.859177 0.353629 0.369813
vn -0.899586 0.356754 0.251936
vn -0.931658 0.361443 0.037052
vn -0.933310 0.354971 0.054119
vn -0.096308 0.608112 0.787988
vn 0.041607 0.590151 0.806220
vn 0.042916 0.568527 0.821545
vn -0.101031 0.577346 0.810225
vn 0.313209 0.548146 0.775523
vn 0.303240 0.526706 0.794119
vn 0.289625 0.505809 0.812573
vn 0.046318 0.546784 0.835991
vn -0.091323 0.551086 0.829436
vn 0.802215 0.432313 0.411773
vn 0.825649 0.399389 0.398487
vn 0.799726 0.369000 0.473580
vn 0.771069 0.411658 0.485788
vn 0.846412 0.376651 0.376458
vn 0.821633 0.352982 0.447574
vn 0.721576 0.368628 0.586039
vn 0.717381 0.374287 0.587601
vn 0.705769 0.415244 0.573988
vn 0.874385 0.484733 0.022001
vn 0.814336 0.520835 -0.256099
vn 0.828014 0.471219 -0.303885
vn 0.893791 0.448413 -0.008006
vn 0.725202 0.557737 -0.403746
vn 0.744508 0.499044 -0.443468
vn 0.768639 0.428686 -0.474787
vn 0.838707 0.418353 -0.348642
vn 0.908706 0.415274 -0.042430
vn 0.328384 0.565815 -0.756318
vn 0.366534 0.487512 -0.792455
vn 0.409732 0.501333 -0.762092
vn 0.375955 0.582492 -0.720667
vn 0.382437 0.425995 -0.819921
vn 0.428385 0.416675 -0.801791
vn 0.569432 0.415957 -0.709032
vn 0.535488 0.511414 -0.672093
vn 0.500669 0.589701 -0.633706
vn 0.140193 0.528584 -0.837225
vn -0.064907 0.534782 -0.842494
vn -0.086787 0.503505 -0.859623
vn 0.141773 0.478244 -0.866708
vn -0.319004 0.533909 -0.783057
vn -0.322340 0.518740 -0.791837
vn -0.328874 0.533762 -0.779064
vn -0.116249 0.508118 -0.853406
vn 0.128552 0.469663 -0.873437
vn -0.805007 0.481177 -0.347035
vn -0.819422 0.480763 -0.312114
vn -0.782682 0.460363 -0.418898
vn -0.777234 0.456256 -0.433287
vn -0.826739 0.485453 -0.284321
vn -0.774207 0.487485 -0.403686
vn -0.667503 0.509173 -0.543307
vn -0.687955 0.470491 -0.552590
vn -0.694745 0.465485 -0.548319
vn -0.722007 0.649872 0.237427
vn -0.784364 0.567377 0.250711
vn -0.763723 0.572193 0.298869
vn -0.722734 0.640239 0.260289
vn -0.836006 0.482662 0.261021
vn -0.809631 0.494487 0.316196
vn -0.848243 0.513488 0.129668
vn -0.818297 0.565769 0.101465
vn -0.794473 0.605241 0.049952
vn -0.360002 0.650534 0.668733
vn -0.369725 0.594558 0.714006
vn -0.549586 0.586661 0.594797
vn -0.535619 0.645373 0.544615
vn -0.366908 0.536991 0.759618
vn -0.554985 0.532553 0.639045
vn -0.755292 0.512417 0.408611
vn -0.732309 0.564076 0.381500
vn -0.689606 0.629736 0.357598
vn -0.726103 0.270297 -0.632230
vn -0.712577 0.271047 -0.647123
vn -0.778531 0.303365 -0.549417
vn -0.800655 0.298563 -0.519435
vn -0.846827 0.346442 -0.403561
vn -0.861995 0.351047 -0.365692
vn -0.281312 0.282668 -0.917040
vn -0.048081 0.309727 -0.949609
vn -0.478685 0.262281 -0.837896
vn -0.462202 0.292822 -0.837033
vn -0.256096 0.328320 -0.909187
vn -0.026691 0.364837 -0.930689
vn 0.202157 0.358205 -0.911494
vn 0.254229 0.393275 -0.883574
vn 0.225736 0.424599 -0.876789
vn 0.273664 0.466216 -0.841279
vn 0.380707 0.512425 -0.769729
vn 0.395029 0.435654 -0.808800
vn 0.817837 0.442401 -0.367999
vn 0.871785 0.430774 -0.233291
vn 0.726397 0.455922 -0.514279
vn 0.658104 0.549657 -0.514564
vn 0.754492 0.532361 -0.383840
vn 0.815812 0.513201 -0.266599
vn 0.882893 0.425837 0.197894
vn 0.806081 0.428171 0.408537
vn 0.835759 0.527762 0.151571
vn 0.763019 0.529174 0.371183
vn 0.687979 0.525974 0.500036
vn 0.719201 0.430558 0.545316
vn 0.264691 0.351480 0.897998
vn 0.059579 0.332184 0.941331
vn 0.451305 0.394337 0.800513
vn 0.475870 0.496954 0.725662
vn 0.308760 0.462404 0.831174
vn 0.075966 0.443928 0.892837
vn -0.581223 0.491679 0.648407
vn -0.607145 0.384472 0.695382
vn -0.370379 0.384795 0.845430
vn -0.346272 0.481744 0.804996
vn -0.242467 0.378217 0.893399
vn -0.241643 0.470060 0.848913
vn -0.882784 0.469637 0.011562
vn -0.912285 0.409220 0.016617
vn -0.887550 0.402435 0.224280
vn -0.851523 0.492649 0.179462
vn -0.854425 0.383487 0.350564
vn -0.821461 0.490684 0.290570
vn -0.061667 0.585561 0.808279
vn 0.069101 0.562068 0.824200
vn 0.051061 0.593437 0.803259
vn -0.079948 0.618502 0.781705
vn 0.336356 0.524778 0.781967
vn 0.323256 0.552360 0.768378
vn 0.777172 0.460890 0.428468
vn 0.784554 0.458072 0.417906
vn 0.749390 0.448006 0.487551
vn 0.744852 0.448557 0.493956
vn 0.693506 0.453060 0.560167
vn 0.692104 0.451648 0.563033
vn 0.834893 0.546454 0.065899
vn 0.793041 0.578190 -0.191788
vn 0.800878 0.558695 -0.215531
vn 0.853371 0.519240 0.046338
vn 0.722916 0.592478 -0.355474
vn 0.716300 0.591825 -0.369673
vn 0.290366 0.651329 -0.701040
vn 0.294661 0.626411 -0.721654
vn 0.356215 0.630869 -0.689286
vn 0.373547 0.631451 -0.679509
vn 0.486745 0.627681 -0.607532
vn 0.508445 0.612167 -0.605586
vn 0.090106 0.638479 -0.764347
vn -0.102005 0.592167 -0.799333
vn -0.065678 0.572031 -0.817599
vn 0.122594 0.589387 -0.798495
vn -0.360932 0.530522 -0.766991
vn -0.329198 0.546257 -0.770216
vn -0.815080 0.418566 -0.400558
vn -0.799800 0.465256 -0.379284
vn -0.775295 0.449255 -0.443945
vn -0.786795 0.420573 -0.451743
vn -0.701545 0.462744 -0.541944
vn -0.714936 0.439267 -0.543978
vn -0.693273 0.692859 0.198290
vn -0.679965 0.699708 0.219218
vn -0.715786 0.668207 0.202855
vn -0.765766 0.629557 0.131380
vn -0.799291 0.600671 -0.018097
vn -0.843828 0.529261 -0.088529
vn -0.343057 0.644368 0.683449
vn -0.347290 0.675986 0.649948
vn -0.519662 0.680075 0.517155
vn -0.512994 0.666759 0.540619
vn -0.644987 0.678688 0.351245
vn -0.621130 0.686219 0.378551
vn 0.045432 0.527739 0.848191
vn -0.069134 0.528062 0.846387
vn 0.277538 0.491445 0.825503
vn -0.349493 0.491052 0.797949
vn -0.555334 0.493419 0.669434
vn -0.758519 0.480846 0.439812
vn -0.866312 0.416631 0.275540
vn -0.847927 0.428345 0.312313
vn -0.874600 0.466345 0.132651
vn -0.824695 0.493677 -0.275973
vn -0.751986 0.520921 -0.403930
vn -0.639335 0.554178 -0.533046
vn -0.148398 0.529188 -0.835427
vn 0.101318 0.485507 -0.868342
vn -0.342064 0.558535 -0.755666
vn 0.363933 0.388801 -0.846396
vn 0.416630 0.349095 -0.839376
vn 0.587610 0.329681 -0.738935
vn 0.848444 0.366219 -0.382133
vn 0.919843 0.384263 -0.078936
vn 0.795327 0.357918 -0.489233
vn 0.862633 0.361145 0.354173
vn 0.835353 0.351784 0.422415
vn 0.724780 0.380575 0.574331
vn -0.037764 0.538418 0.841832
vn 0.110525 0.499436 0.859272
vn 0.087934 0.523556 0.847442
vn -0.048767 0.548098 0.834992
vn 0.366783 0.440522 0.819397
vn 0.349696 0.483384 0.802529
vn 0.791388 0.369922 0.486686
vn 0.780070 0.433137 0.451534
vn 0.754137 0.414464 0.509409
vn 0.773195 0.346814 0.530933
vn 0.700782 0.417260 0.578618
vn 0.718044 0.354763 0.598796
vn 0.855280 0.507313 0.105494
vn 0.833193 0.518913 -0.191101
vn 0.802030 0.567597 -0.185960
vn 0.833177 0.546531 0.084378
vn 0.778376 0.500443 -0.379061
vn 0.743422 0.562517 -0.361797
vn 0.369488 0.609036 -0.701822
vn 0.318616 0.646029 -0.693636
vn 0.419977 0.601906 -0.679212
vn 0.483750 0.545106 -0.684723
vn 0.549049 0.566200 -0.614787
vn 0.599962 0.496092 -0.627645
vn 0.006261 0.653254 -0.757113
vn -0.239673 0.583081 -0.776256
vn -0.167664 0.595592 -0.785595
vn 0.047721 0.662283 -0.747732
vn -0.451273 0.487361 -0.747551
vn -0.405465 0.505890 -0.761363
vn -0.867233 0.294677 -0.401339
vn -0.840683 0.358315 -0.406033
vn -0.807475 0.377149 -0.453589
vn -0.833114 0.323810 -0.448406
vn -0.731095 0.404843 -0.549183
vn -0.751024 0.365935 -0.549595
vn -0.802823 0.576851 0.150727
vn -0.742494 0.647367 0.172100
vn -0.829117 0.556937 0.048845
vn -0.878989 0.475918 -0.029678
vn -0.886046 0.437716 -0.152733
vn -0.910483 0.357454 -0.207963
vn -0.334244 0.575731 0.746200
vn -0.338683 0.598362 0.726125
vn -0.505900 0.630651 0.588511
vn -0.499807 0.593841 0.630512
vn -0.616169 0.660312 0.429330
vn -0.625864 0.610193 0.485756
vn -0.014460 0.507627 0.861456
vn 0.163345 0.465249 0.869978
vn 0.139162 0.482161 0.864960
vn -0.024452 0.531316 0.846821
vn 0.394393 0.408018 0.823393
vn 0.384754 0.411536 0.826197
vn 0.786840 0.295541 0.541792
vn 0.794704 0.313838 0.519569
vn 0.786368 0.289108 0.545933
vn 0.787827 0.274141 0.551521
vn 0.733275 0.302244 0.609062
vn 0.741223 0.289638 0.605556
vn 0.893514 0.427286 0.138056
vn 0.879293 0.425924 -0.213151
vn 0.862075 0.464835 -0.201879
vn 0.878468 0.461271 0.124593
vn 0.820655 0.394181 -0.413698
vn 0.806889 0.436564 -0.397922
vn 0.462256 0.517002 -0.720436
vn 0.422215 0.560657 -0.712319
vn 0.544001 0.483878 -0.685511
vn 0.586212 0.447151 -0.675582
vn 0.644633 0.425372 -0.635222
vn 0.671888 0.385190 -0.632610
vn -0.046226 0.542929 -0.838505
vn -0.336052 0.488693 -0.805139
vn -0.297140 0.551931 -0.779154
vn -0.025210 0.617656 -0.786044
vn -0.514028 0.431461 -0.741361
vn -0.489111 0.466771 -0.736814
vn -0.900226 0.212310 -0.380155
vn -0.887188 0.243841 -0.391713
vn -0.855232 0.280623 -0.435694
vn -0.871204 0.256312 -0.418698
vn -0.770475 0.335737 -0.541893
vn -0.784345 0.320371 -0.531192
vn -0.925359 0.339959 0.167744
vn -0.863525 0.482447 0.146867
vn -0.917929 0.387653 -0.084446
vn -0.954510 0.278794 -0.105758
vn -0.924865 0.288064 -0.248284
vn -0.937204 0.222141 -0.268891
vn -0.380998 0.484288 0.787595
vn -0.345016 0.547539 0.762342
vn -0.511661 0.539049 0.669051
vn -0.549999 0.433842 0.713640
vn -0.652250 0.531828 0.540120
vn -0.698426 0.392082 0.598726
vn 0.371235 0.418494 0.828883
vn 0.394387 0.413688 0.820562
vn 0.173886 0.452892 0.874444
vn 0.155648 0.452550 0.878050
vn -0.015745 0.486135 0.873742
vn -0.046943 0.483844 0.873894
vn 0.772113 0.294551 0.563100
vn 0.777449 0.294294 0.555846
vn 0.784474 0.277746 0.554488
vn 0.782825 0.278761 0.556306
vn 0.747045 0.293446 0.596501
vn 0.745728 0.297702 0.596040
vn 0.831862 0.349826 -0.430846
vn 0.829055 0.363516 -0.424881
vn 0.890696 0.396653 -0.222096
vn 0.895053 0.385289 -0.224574
vn 0.903943 0.402481 0.144555
vn 0.909380 0.394474 0.131976
vn 0.492100 0.460462 -0.738791
vn 0.489772 0.476727 -0.729969
vn 0.616669 0.426411 -0.661735
vn 0.626209 0.420250 -0.656698
vn 0.691271 0.364271 -0.624060
vn 0.699377 0.356634 -0.619422
vn -0.039659 0.416811 -0.908127
vn -0.330803 0.381689 -0.863066
vn -0.352411 0.411260 -0.840638
vn -0.053772 0.450731 -0.891039
vn -0.507043 0.370382 -0.778284
vn -0.521990 0.388781 -0.759194
vn -0.914230 0.178260 -0.363879
vn -0.910036 0.189318 -0.368774
vn -0.884294 0.239186 -0.401016
vn -0.888628 0.232793 -0.395156
vn -0.793405 0.311499 -0.522950
vn -0.786073 0.313081 -0.532982
vn -0.960177 0.143931 0.239468
vn -0.959454 0.195074 0.203456
vn -0.979558 0.176740 -0.096075
vn -0.987971 0.139968 -0.065749
vn -0.948678 0.165657 -0.269385
vn -0.956449 0.143848 -0.253995
vn -0.479767 0.389845 0.786031
vn -0.442075 0.416409 0.794464
vn -0.602418 0.317607 0.732270
vn -0.627999 0.274641 0.728141
vn -0.736090 0.239644 0.633043
vn -0.746083 0.184958 0.639649
vn -0.550783 0.829783 0.089989
vn -0.253964 0.966290 -0.042257
vn -0.298094 0.954179 0.026106
vn -0.587242 0.804043 0.093069
vn -0.084044 0.991547 -0.098847
vn -0.141883 0.989883 -0.000005
vn -0.206807 0.977227 0.047530
vn -0.347746 0.936462 0.045950
vn -0.644098 0.763416 0.048312
vn -0.338080 0.934711 -0.109627
vn -0.428575 0.872146 -0.235975
vn -0.417030 0.894769 -0.159606
vn -0.304358 0.951018 -0.054143
vn -0.626179 0.605000 -0.491808
vn -0.677319 0.633685 -0.373741
vn -0.705086 0.675850 -0.214665
vn -0.401105 0.913745 -0.064686
vn -0.269310 0.963040 0.005067
vn 0.007490 0.574699 -0.818331
vn -0.180329 0.588488 -0.788140
vn -0.149029 0.787647 -0.597831
vn -0.001290 0.732596 -0.680663
vn -0.376482 0.598306 -0.707313
vn -0.297851 0.833771 -0.464877
vn -0.245459 0.905721 -0.345571
vn -0.121581 0.860239 -0.495183
vn 0.010702 0.804549 -0.593790
vn 0.258638 0.571872 -0.778504
vn 0.256029 0.668378 -0.698370
vn 0.321425 0.704436 -0.632815
vn 0.316567 0.611392 -0.725249
vn 0.259720 0.750092 -0.608200
vn 0.308353 0.788234 -0.532546
vn 0.322807 0.831995 -0.451198
vn 0.356920 0.760475 -0.542481
vn 0.376884 0.661329 -0.648538
vn 0.605636 0.753695 -0.255242
vn 0.567414 0.738219 -0.364794
vn 0.444638 0.851812 -0.276972
vn 0.445418 0.883704 -0.143773
vn 0.511098 0.728594 -0.455992
vn 0.415493 0.831320 -0.369153
vn 0.350827 0.885459 -0.304768
vn 0.377243 0.903708 -0.202484
vn 0.364545 0.930570 -0.033861
vn -0.038260 0.999198 -0.011777
vn 0.081749 0.989132 0.122206
vn 0.138100 0.963317 0.230106
vn -0.015467 0.978247 0.206868
vn 0.388209 0.871785 0.298804
vn 0.449091 0.853068 0.265691
vn 0.540185 0.834280 0.110344
vn 0.260148 0.949350 0.176232
vn 0.113078 0.960573 0.253994
vn 0.323896 0.878895 0.350194
vn 0.115793 0.993123 0.017273
vn 0.067746 0.995535 0.065738
vn 0.233869 0.878188 0.417243
vn 0.023308 0.992631 -0.118918
vn -0.014247 0.996548 -0.081788
vn -0.065883 0.995461 -0.068678
vn -0.026755 0.995126 0.094912
vn 0.058313 0.877814 0.475439
vn -0.184228 0.876882 0.444003
vn -0.117362 0.990536 0.071169
vn -0.118691 0.992694 0.021681
vn -0.231621 0.892630 0.386734
vn -0.074572 0.991398 -0.107562
vn -0.054123 0.987571 -0.147560
vn -0.062029 0.981826 -0.179359
vn -0.176255 0.983549 -0.039578
vn -0.386979 0.883016 0.265577
vn -0.729288 0.654256 0.200219
vn -0.765223 0.628251 0.140477
vn -0.819376 0.572424 0.030875
vn -0.224295 0.662427 0.714761
vn -0.307349 0.680136 0.665546
vn -0.520362 0.686483 0.507902
vn 0.449307 0.671176 0.589615
vn 0.315923 0.657960 0.683580
vn 0.090358 0.650185 0.754384
vn 0.739163 0.663693 0.114670
vn 0.667080 0.672294 0.320974
vn 0.601553 0.675673 0.426145
vn 0.584124 0.639602 -0.499708
vn 0.668122 0.631555 -0.393385
vn 0.729785 0.621260 -0.285393
vn 0.246302 0.503664 -0.828044
vn 0.295951 0.544029 -0.785140
vn 0.376336 0.589101 -0.715075
vn -0.218569 0.430722 -0.875618
vn -0.003817 0.459323 -0.888261
vn -0.428123 0.395976 -0.812351
vn -0.849917 0.425930 -0.310203
vn -0.793812 0.374923 -0.478848
vn -0.713527 0.354417 -0.604374
vn -0.196144 0.517365 0.832983
vn -0.239004 0.485134 0.841143
vn -0.279362 0.472651 0.835798
vn -0.162839 0.559204 0.812880
vn -0.172263 0.550391 0.816943
vn -0.166661 0.612699 0.772544
vn -0.161796 0.569148 0.806159
vn -0.201239 0.631987 0.748395
vn -0.180248 0.649256 0.738902
vn -0.206280 0.543318 0.813790
vn -0.214562 0.587193 0.780492
vn -0.119981 0.485767 0.865815
vn -0.170751 0.505729 0.845625
vn -0.057631 0.441621 0.895349
vn -0.076584 0.470434 0.879106
vn -0.100261 0.359566 0.927718
vn -0.068190 0.403247 0.912547
vn -0.132672 0.353693 0.925905
vn -0.147487 0.453403 0.879018
vn -0.125017 0.868513 0.479641
vn -0.139152 0.649344 0.747655
vn -0.095252 0.992815 -0.072428
vn -0.108488 0.989069 0.099862
vn -0.823252 0.370608 0.430007
vn -0.854384 0.208281 0.476075
vn -0.854504 0.150221 0.497249
vn -0.718913 0.614220 0.325420
vn -0.766099 0.523134 0.373395
vn -0.668016 0.702457 0.245580
vn -0.682289 0.674619 0.281729
vn -0.748688 0.629854 0.206763
vn -0.689864 0.689941 0.219247
vn -0.850497 0.479673 0.215799
vn -0.810717 0.548449 0.204795
vn -0.851914 0.433854 0.293281
vn -0.864668 0.436391 0.248820
vn -0.811408 0.416281 0.410278
vn -0.828143 0.440020 0.347221
vn -0.795181 0.360241 0.487765
vn -0.801109 0.382656 0.460217
vn -0.788912 0.377319 0.485024
vn -0.761845 0.487444 0.426603
vn -0.511813 0.849550 0.127722
vn -0.681123 0.667231 0.301454
vn -0.067846 0.982457 -0.173708
vn -0.229351 0.969961 -0.081081
vn -0.914673 0.198042 -0.352353
vn -0.922121 0.167260 -0.348881
vn -0.926622 0.153904 -0.343053
vn -0.891126 0.294454 -0.345241
vn -0.905479 0.238319 -0.351158
vn -0.837815 0.447119 -0.313289
vn -0.868375 0.366078 -0.334533
vn -0.814121 0.537421 -0.219968
vn -0.811696 0.516411 -0.272893
vn -0.853305 0.504194 -0.132890
vn -0.833811 0.525321 -0.169695
vn -0.868822 0.482442 -0.111346
vn -0.867190 0.484540 -0.114899
vn -0.893302 0.426313 -0.142371
vn -0.872393 0.474073 -0.119099
vn -0.908289 0.362186 -0.209363
vn -0.911396 0.370866 -0.178373
vn -0.896977 0.386490 -0.214609
vn -0.890764 0.415435 -0.184266
vn -0.692357 0.719274 -0.057336
vn -0.857918 0.497604 -0.127931
vn -0.380631 0.924610 0.014724
vn -0.243034 0.968991 0.044628
vn -0.653381 0.365803 -0.662783
vn -0.651672 0.380476 -0.656172
vn -0.637540 0.361805 -0.680176
vn -0.639872 0.396535 -0.658274
vn -0.621555 0.415521 -0.664087
vn -0.602970 0.440948 -0.664825
vn -0.584303 0.473733 -0.658914
vn -0.563897 0.500157 -0.657163
vn -0.547902 0.500600 -0.670226
vn -0.533376 0.499717 -0.682490
vn -0.514052 0.531126 -0.673540
vn -0.500509 0.568715 -0.652728
vn -0.504619 0.577664 -0.641610
vn -0.523998 0.551659 -0.648921
vn -0.556605 0.479129 -0.678695
vn -0.588900 0.383610 -0.711365
vn -0.612045 0.304286 -0.729939
vn -0.625842 0.256990 -0.736395
vn -0.623916 0.269917 -0.733399
vn -0.600832 0.365512 -0.710917
vn -0.535907 0.598893 -0.595089
vn -0.401350 0.855793 -0.326398
vn -0.329851 0.923616 -0.195275
vn 0.265508 0.554611 -0.788614
vn 0.278562 0.481299 -0.831116
vn 0.273900 0.450367 -0.849793
vn 0.227120 0.655505 -0.720229
vn 0.247431 0.616072 -0.747819
vn 0.216585 0.657423 -0.721724
vn 0.213129 0.674230 -0.707100
vn 0.279036 0.541699 -0.792907
vn 0.241017 0.610347 -0.754578
vn 0.323238 0.438698 -0.838488
vn 0.312095 0.472769 -0.824067
vn 0.262916 0.439759 -0.858771
vn 0.305198 0.432750 -0.848282
vn 0.163896 0.399310 -0.902047
vn 0.210856 0.437923 -0.873936
vn 0.126901 0.323407 -0.937712
vn 0.134523 0.348892 -0.927458
vn 0.154174 0.393565 -0.906277
vn 0.136791 0.333316 -0.932839
vn 0.164431 0.562101 -0.810559
vn 0.166229 0.477980 -0.862498
vn 0.150557 0.757083 -0.635735
vn 0.143929 0.683677 -0.715451
vn 0.755801 0.342540 -0.558061
vn 0.758254 0.329539 -0.562543
vn 0.747243 0.371109 -0.551277
vn 0.733050 0.414939 -0.538947
vn 0.702717 0.485525 -0.520053
vn 0.665224 0.555890 -0.498462
vn 0.636755 0.600484 -0.483696
vn 0.621237 0.614897 -0.485764
vn 0.632742 0.582174 -0.510598
vn 0.664161 0.513507 -0.543324
vn 0.704175 0.426374 -0.567752
vn 0.742896 0.341233 -0.575904
vn 0.762396 0.299351 -0.573709
vn 0.759745 0.290435 -0.581752
vn 0.736840 0.294094 -0.608749
vn 0.695027 0.318280 -0.644697
vn 0.639374 0.377072 -0.670087
vn 0.579839 0.459158 -0.673024
vn 0.526383 0.544317 -0.653177
vn 0.483398 0.624941 -0.613005
vn 0.447025 0.704007 -0.551854
vn 0.385972 0.804998 -0.450560
vn 0.332440 0.865965 -0.373616
vn 0.813467 0.356054 0.459888
vn 0.808417 0.340398 0.480199
vn 0.813758 0.339292 0.471889
vn 0.815417 0.435259 0.381635
vn 0.818907 0.384565 0.426030
vn 0.810905 0.495699 0.310993
vn 0.806635 0.484388 0.338686
vn 0.842057 0.453954 0.291319
vn 0.825247 0.479913 0.297744
vn 0.875624 0.401669 0.268226
vn 0.859578 0.425489 0.282994
vn 0.904998 0.365189 0.218211
vn 0.891035 0.381400 0.246151
vn 0.932610 0.329330 0.147582
vn 0.917988 0.349811 0.186898
vn 0.933018 0.359477 0.015923
vn 0.941961 0.323506 0.089744
vn 0.851391 0.514562 -0.101780
vn 0.903618 0.425163 -0.052060
vn 0.600101 0.793769 -0.099048
vn 0.760825 0.636502 -0.126535
vn 0.380097 0.924759 0.018654
vn 0.262812 0.955375 0.134860
vn 0.625370 0.352517 0.696164
vn 0.610759 0.362825 0.703798
vn 0.619775 0.341132 0.706759
vn 0.613159 0.343122 0.711550
vn 0.601175 0.383583 0.701036
vn 0.588864 0.437651 0.679486
vn 0.581555 0.475058 0.660389
vn 0.576716 0.488618 0.654714
vn 0.572392 0.468053 0.673271
vn 0.560073 0.439279 0.702390
vn 0.541242 0.429903 0.722662
vn 0.530375 0.433150 0.728754
vn 0.529473 0.444389 0.722618
vn 0.534554 0.450277 0.715194
vn 0.548612 0.430531 0.716706
vn 0.569728 0.402158 0.716714
vn 0.592945 0.392937 0.702863
vn 0.610237 0.422689 0.670033
vn 0.601535 0.518762 0.607488
vn 0.362425 0.881746 0.301948
vn 0.537879 0.677872 0.501174
vn 0.010167 0.989839 -0.141830
vn 0.102774 0.994675 0.007682
s 1
g group3 polySurface2
usemtl initialShadingGroup
f 2249/5038/3265 2503/5299/3266 2695/5123/3267 2506/5303/3268
f 2503/5299/3266 2250/5039/3269 2504/5300/3270 2695/5123/3267
f 2695/5123/3267 2504/5300/3270 2151/4891/3271 2505/5301/3272
f 2506/5303/3268 2695/5123/3267 2505/5301/3272 2165/4912/3273
f 2163/4909/3274 2507/5304/3275 2696/5124/3276 2510/5307/3277
f 2507/5304/3275 2273/5064/3278 2508/5305/3279 2696/5124/3276
f 2696/5124/3276 2508/5305/3279 2274/5065/3280 2509/5306/3281
f 2510/5307/3277 2696/5124/3276 2509/5306/3281 2153/4894/3282
f 2285/5077/3283 2511/5309/3284 2697/5125/3285 2514/5312/3286
f 2511/5309/3284 2286/5078/3287 2512/5310/3288 2697/5125/3285
f 2697/5125/3285 2512/5310/3288 2154/4896/3289 2513/5311/3290
f 2514/5312/3286 2697/5125/3285 2513/5311/3290 2162/4908/3291
f 2309/5103/3292 2515/5313/3293 2698/5126/3294 2518/5316/3295
f 2515/5313/3293 2310/5104/3296 2516/5314/3297 2698/5126/3294
f 2698/5126/3294 2516/5314/3297 2156/4899/3298 2517/5315/3299
f 2518/5316/3295 2698/5126/3294 2517/5315/3299 2160/4905/3300
f 2159/4903/3301 2519/5317/3302 2699/5127/3303 2522/5320/3304
f 2519/5317/3302 2321/5116/3305 2520/5318/3306 2699/5127/3303
f 2699/5127/3303 2520/5318/3306 2322/5117/3307 2521/5319/3308
f 2522/5320/3304 2699/5127/3303 2521/5319/3308 2157/4900/3309
f 2161/4906/3310 2523/5322/3311 2700/5128/3312 2526/5325/3313
f 2523/5322/3311 2297/5090/3314 2524/5323/3315 2700/5128/3312
f 2700/5128/3312 2524/5323/3315 2298/5091/3316 2525/5324/3317
f 2526/5325/3313 2700/5128/3312 2525/5324/3317 2155/4897/3318
f 2261/5051/3319 2527/5327/3320 2701/5129/3321 2530/5330/3322
f 2527/5327/3320 2262/5052/3323 2528/5328/3324 2701/5129/3321
f 2701/5129/3321 2528/5328/3324 2152/4893/3325 2529/5329/3326
f 2530/5330/3322 2701/5129/3321 2529/5329/3326 2164/4911/3327
f 2237/5025/3328 2531/5331/3329 2702/5130/3330 2534/5334/3331
f 2531/5331/3329 2238/5026/3332 2532/5332/3333 2702/5130/3330
f 2702/5130/3330 2532/5332/3333 2158/4902/3334 2533/5333/3335
f 2534/5334/3331 2702/5130/3330 2533/5333/3335 2166/4914/3336
f 2262/5052/3323 2535/5335/3337 2703/5131/3338 2528/5328/3324
f 2535/5335/3337 2263/5053/3339 2536/5336/3340 2703/5131/3338
f 2703/5131/3338 2536/5336/3340 2168/4917/3341 2537/5337/3342
f 2528/5328/3324 2703/5131/3338 2537/5337/3342 2152/4893/3325
f 2153/4894/3282 2509/5306/3281 2704/5132/3343 2540/5340/3344
f 2509/5306/3281 2274/5065/3280 2538/5338/3345 2704/5132/3343
f 2704/5132/3343 2538/5338/3345 2275/5066/3346 2539/5339/3347
f 2540/5340/3344 2704/5132/3343 2539/5339/3347 2169/4918/3348
f 2286/5078/3287 2541/5342/3349 2705/5133/3350 2512/5310/3288
f 2541/5342/3349 2287/5079/3351 2542/5343/3352 2705/5133/3350
f 2705/5133/3350 2542/5343/3352 2170/4920/3353 2543/5344/3354
f 2512/5310/3288 2705/5133/3350 2543/5344/3354 2154/4896/3289
f 2155/4897/3318 2525/5324/3317 2706/5134/3355 2546/5347/3356
f 2525/5324/3317 2298/5091/3316 2544/5345/3357 2706/5134/3355
f 2706/5134/3355 2544/5345/3357 2299/5092/3358 2545/5346/3359
f 2546/5347/3356 2706/5134/3355 2545/5346/3359 2171/4921/3360
f 2310/5104/3296 2547/5349/3361 2707/5135/3362 2516/5314/3297
f 2547/5349/3361 2311/5105/3363 2548/5350/3364 2707/5135/3362
f 2707/5135/3362 2548/5350/3364 2172/4923/3365 2549/5351/3366
f 2516/5314/3297 2707/5135/3362 2549/5351/3366 2156/4899/3298
f 2157/4900/3309 2521/5319/3308 2708/5136/3367 2552/5354/3368
f 2521/5319/3308 2322/5117/3307 2550/5352/3369 2708/5136/3367
f 2708/5136/3367 2550/5352/3369 2323/5118/3370 2551/5353/3371
f 2552/5354/3368 2708/5136/3367 2551/5353/3371 2173/4924/3372
f 2238/5026/3332 2553/5356/3373 2709/5137/3374 2532/5332/3333
f 2553/5356/3373 2239/5027/3375 2554/5357/3376 2709/5137/3374
f 2709/5137/3374 2554/5357/3376 2174/4926/3377 2555/5358/3378
f 2532/5332/3333 2709/5137/3374 2555/5358/3378 2158/4902/3334
f 2250/5039/3269 2556/5359/3379 2710/5138/3380 2504/5300/3270
f 2556/5359/3379 2251/5040/3381 2557/5360/3382 2710/5138/3380
f 2710/5138/3380 2557/5360/3382 2167/4915/3383 2558/5361/3384
f 2504/5300/3270 2710/5138/3380 2558/5361/3384 2151/4891/3271
f 2175/4927/3385 2559/5363/3386 2711/5139/3387 2562/5366/3388
f 2559/5363/3386 2319/5114/3389 2560/5364/3390 2711/5139/3387
f 2711/5139/3387 2560/5364/3390 2320/5115/3391 2561/5365/3392
f 2562/5366/3388 2711/5139/3387 2561/5365/3392 2184/4940/3393
f 2307/5101/3394 2563/5368/3395 2712/5140/3396 2566/5371/3397
f 2563/5368/3395 2308/5102/3398 2564/5369/3399 2712/5140/3396
f 2712/5140/3396 2564/5369/3399 2183/4939/3400 2565/5370/3401
f 2566/5371/3397 2712/5140/3396 2565/5370/3401 2176/4929/3402
f 2177/4930/3403 2567/5372/3404 2713/5141/3405 2570/5375/3406
f 2567/5372/3404 2295/5088/3407 2568/5373/3408 2713/5141/3405
f 2713/5141/3405 2568/5373/3408 2296/5089/3409 2569/5374/3410
f 2570/5375/3406 2713/5141/3405 2569/5374/3410 2190/4949/3411
f 2283/5075/3412 2571/5377/3413 2714/5142/3414 2574/5380/3415
f 2571/5377/3413 2284/5076/3416 2572/5378/3417 2714/5142/3414
f 2714/5142/3414 2572/5378/3417 2189/4948/3418 2573/5379/3419
f 2574/5380/3415 2714/5142/3414 2573/5379/3419 2178/4932/3420
f 2179/4933/3421 2575/5381/3422 2715/5143/3423 2578/5384/3424
f 2575/5381/3422 2271/5062/3425 2576/5382/3426 2715/5143/3423
f 2715/5143/3423 2576/5382/3426 2272/5063/3427 2577/5383/3428
f 2578/5384/3424 2715/5143/3423 2577/5383/3428 2188/4946/3429
f 2259/5049/3430 2579/5386/3431 2716/5144/3432 2582/5389/3433
f 2579/5386/3431 2260/5050/3434 2580/5387/3435 2716/5144/3432
f 2716/5144/3432 2580/5387/3435 2187/4945/3436 2581/5388/3437
f 2582/5389/3433 2716/5144/3432 2581/5388/3437 2180/4935/3438
f 2247/5036/3439 2583/5390/3440 2717/5145/3441 2586/5394/3442
f 2583/5390/3440 2248/5037/3443 2584/5391/3444 2717/5145/3441
f 2717/5145/3441 2584/5391/3444 2186/4943/3445 2585/5392/3446
f 2586/5394/3442 2717/5145/3441 2585/5392/3446 2181/4936/3447
f 2235/5023/3448 2587/5395/3449 2718/5146/3450 2590/5398/3451
f 2587/5395/3449 2236/5024/3452 2588/5396/3453 2718/5146/3450
f 2718/5146/3450 2588/5396/3453 2185/4942/3454 2589/5397/3455
f 2590/5398/3451 2718/5146/3450 2589/5397/3455 2182/4938/3456
f 2148/4884/3457 2591/5399/3458 2719/5147/3459 2593/5401/3460
f 2591/5399/3458 2168/4917/3341 2536/5336/3340 2719/5147/3459
f 2719/5147/3459 2536/5336/3340 2263/5053/3339 2592/5400/3461
f 2593/5401/3460 2719/5147/3459 2592/5400/3461 2264/5054/3462
f 2169/4918/3348 2539/5339/3347 2720/5148/3463 2596/5406/3464
f 2539/5339/3347 2275/5066/3346 2594/5403/3465 2720/5148/3463
f 2720/5148/3463 2594/5403/3465 2276/5067/3466 2595/5404/3467
f 2596/5406/3464 2720/5148/3463 2595/5404/3467 2139/4863/3468
f 2287/5079/3351 2597/5408/3469 2721/5149/3470 2542/5343/3352
f 2597/5408/3469 2288/5080/3471 2598/5409/3472 2721/5149/3470
f 2721/5149/3470 2598/5409/3472 2145/4879/3473 2599/5411/3474
f 2542/5343/3352 2721/5149/3470 2599/5411/3474 2170/4920/3353
f 2171/4921/3360 2545/5346/3359 2722/5150/3475 2602/5415/3476
f 2545/5346/3359 2299/5092/3358 2600/5412/3477 2722/5150/3475
f 2722/5150/3475 2600/5412/3477 2300/5093/3478 2601/5413/3479
f 2602/5415/3476 2722/5150/3475 2601/5413/3479 2141/4869/3480
f 2311/5105/3363 2603/5417/3481 2723/5151/3482 2548/5350/3364
f 2603/5417/3481 2312/5106/3483 2604/5418/3484 2723/5151/3482
f 2723/5151/3482 2604/5418/3484 2143/4875/3485 2605/5420/3486
f 2548/5350/3364 2723/5151/3482 2605/5420/3486 2172/4923/3365
f 2173/4924/3372 2551/5353/3371 2724/5152/3487 2608/5424/3488
f 2551/5353/3371 2323/5118/3370 2606/5421/3489 2724/5152/3487
f 2724/5152/3487 2606/5421/3489 2324/5119/3490 2607/5422/3491
f 2608/5424/3488 2724/5152/3487 2607/5422/3491 2138/4859/3492
f 2150/4888/3493 2609/5426/3494 2725/5153/3495 2611/5428/3496
f 2609/5426/3494 2174/4926/3377 2554/5357/3376 2725/5153/3495
f 2725/5153/3495 2554/5357/3376 2239/5027/3375 2610/5427/3497
f 2611/5428/3496 2725/5153/3495 2610/5427/3497 2240/5028/3498
f 2135/4851/3499 2612/5430/3500 2726/5154/3501 2614/5433/3502
f 2612/5430/3500 2167/4915/3383 2557/5360/3382 2726/5154/3501
f 2726/5154/3501 2557/5360/3382 2251/5040/3381 2613/5432/3503
f 2614/5433/3502 2726/5154/3501 2613/5432/3503 2252/5041/3504
f 2191/4951/3505 2615/5435/3506 2727/5155/3507 2617/5437/3508
f 2615/5435/3506 2318/5113/3509 2616/5436/3510 2727/5155/3507
f 2727/5155/3507 2616/5436/3510 2319/5114/3389 2559/5363/3386
f 2617/5437/3508 2727/5155/3507 2559/5363/3386 2175/4927/3385
f 2306/5100/3511 2618/5439/3512 2728/5156/3513 2620/5441/3514
f 2618/5439/3512 2307/5101/3394 2566/5371/3397 2728/5156/3513
f 2728/5156/3513 2566/5371/3397 2176/4929/3402 2619/5440/3515
f 2620/5441/3514 2728/5156/3513 2619/5440/3515 2192/4953/3516
f 2193/4954/3517 2621/5442/3518 2729/5157/3519 2623/5444/3520
f 2621/5442/3518 2294/5087/3521 2622/5443/3522 2729/5157/3519
f 2729/5157/3519 2622/5443/3522 2295/5088/3407 2567/5372/3404
f 2623/5444/3520 2729/5157/3519 2567/5372/3404 2177/4930/3403
f 2282/5074/3523 2624/5446/3524 2730/5158/3525 2626/5448/3526
f 2624/5446/3524 2283/5075/3412 2574/5380/3415 2730/5158/3525
f 2730/5158/3525 2574/5380/3415 2178/4932/3420 2625/5447/3527
f 2626/5448/3526 2730/5158/3525 2625/5447/3527 2194/4956/3528
f 2195/4957/3529 2627/5449/3530 2731/5159/3531 2629/5451/3532
f 2627/5449/3530 2270/5061/3533 2628/5450/3534 2731/5159/3531
f 2731/5159/3531 2628/5450/3534 2271/5062/3425 2575/5381/3422
f 2629/5451/3532 2731/5159/3531 2575/5381/3422 2179/4933/3421
f 2258/5048/3535 2630/5453/3536 2732/5160/3537 2632/5455/3538
f 2630/5453/3536 2259/5049/3430 2582/5389/3433 2732/5160/3537
f 2732/5160/3537 2582/5389/3433 2180/4935/3438 2631/5454/3539
f 2632/5455/3538 2732/5160/3537 2631/5454/3539 2196/4959/3540
f 2246/5035/3541 2633/5456/3542 2733/5161/3543 2635/5459/3544
f 2633/5456/3542 2247/5036/3439 2586/5394/3442 2733/5161/3543
f 2733/5161/3543 2586/5394/3442 2181/4936/3447 2634/5457/3545
f 2635/5459/3544 2733/5161/3543 2634/5457/3545 2197/4960/3546
f 2234/5022/3547 2636/5460/3548 2734/5162/3549 2638/5462/3550
f 2636/5460/3548 2235/5023/3448 2590/5398/3451 2734/5162/3549
f 2734/5162/3549 2590/5398/3451 2182/4938/3456 2637/5461/3551
f 2638/5462/3550 2734/5162/3549 2637/5461/3551 2198/4962/3552
f 2184/4940/3393 2561/5365/3392 2735/5163/3553 2640/5464/3554
f 2561/5365/3392 2320/5115/3391 2639/5463/3555 2735/5163/3553
f 2735/5163/3553 2639/5463/3555 2321/5116/3305 2519/5317/3302
f 2640/5464/3554 2735/5163/3553 2519/5317/3302 2159/4903/3301
f 2236/5024/3452 2641/5466/3556 2736/5164/3557 2588/5396/3453
f 2641/5466/3556 2237/5025/3328 2534/5334/3331 2736/5164/3557
f 2736/5164/3557 2534/5334/3331 2166/4914/3336 2642/5467/3558
f 2588/5396/3453 2736/5164/3557 2642/5467/3558 2185/4942/3454
f 2248/5037/3443 2643/5468/3559 2737/5165/3560 2584/5391/3444
f 2643/5468/3559 2249/5038/3265 2506/5303/3268 2737/5165/3560
f 2737/5165/3560 2506/5303/3268 2165/4912/3273 2644/5469/3561
f 2584/5391/3444 2737/5165/3560 2644/5469/3561 2186/4943/3445
f 2260/5050/3434 2645/5471/3562 2738/5166/3563 2580/5387/3435
f 2645/5471/3562 2261/5051/3319 2530/5330/3322 2738/5166/3563
f 2738/5166/3563 2530/5330/3322 2164/4911/3327 2646/5472/3564
f 2580/5387/3435 2738/5166/3563 2646/5472/3564 2187/4945/3436
f 2188/4946/3429 2577/5383/3428 2739/5167/3565 2648/5474/3566
f 2577/5383/3428 2272/5063/3427 2647/5473/3567 2739/5167/3565
f 2739/5167/3565 2647/5473/3567 2273/5064/3278 2507/5304/3275
f 2648/5474/3566 2739/5167/3565 2507/5304/3275 2163/4909/3274
f 2284/5076/3416 2649/5476/3568 2740/5168/3569 2572/5378/3417
f 2649/5476/3568 2285/5077/3283 2514/5312/3286 2740/5168/3569
f 2740/5168/3569 2514/5312/3286 2162/4908/3291 2650/5477/3570
f 2572/5378/3417 2740/5168/3569 2650/5477/3570 2189/4948/3418
f 2190/4949/3411 2569/5374/3410 2741/5169/3571 2652/5479/3572
f 2569/5374/3410 2296/5089/3409 2651/5478/3573 2741/5169/3571
f 2741/5169/3571 2651/5478/3573 2297/5090/3314 2523/5322/3311
f 2652/5479/3572 2741/5169/3571 2523/5322/3311 2161/4906/3310
f 2308/5102/3398 2653/5481/3574 2742/5170/3575 2564/5369/3399
f 2653/5481/3574 2309/5103/3292 2518/5316/3295 2742/5170/3575
f 2742/5170/3575 2518/5316/3295 2160/4905/3300 2654/5482/3576
f 2564/5369/3399 2742/5170/3575 2654/5482/3576 2183/4939/3400
f 2199/4963/3577 2655/5483/3578 2743/5171/3579 2657/5485/3580
f 2655/5483/3578 2317/5112/3581 2656/5484/3582 2743/5171/3579
f 2743/5171/3579 2656/5484/3582 2318/5113/3509 2615/5435/3506
f 2657/5485/3580 2743/5171/3579 2615/5435/3506 2191/4951/3505
f 2305/5099/3583 2658/5487/3584 2744/5172/3585 2660/5489/3586
f 2658/5487/3584 2306/5100/3511 2620/5441/3514 2744/5172/3585
f 2744/5172/3585 2620/5441/3514 2192/4953/3516 2659/5488/3587
f 2660/5489/3586 2744/5172/3585 2659/5488/3587 2200/4965/3588
f 2201/4966/3589 2661/5490/3590 2745/5173/3591 2663/5492/3592
f 2661/5490/3590 2293/5086/3593 2662/5491/3594 2745/5173/3591
f 2745/5173/3591 2662/5491/3594 2294/5087/3521 2621/5442/3518
f 2663/5492/3592 2745/5173/3591 2621/5442/3518 2193/4954/3517
f 2281/5073/3595 2664/5494/3596 2746/5174/3597 2666/5496/3598
f 2664/5494/3596 2282/5074/3523 2626/5448/3526 2746/5174/3597
f 2746/5174/3597 2626/5448/3526 2194/4956/3528 2665/5495/3599
f 2666/5496/3598 2746/5174/3597 2665/5495/3599 2202/4968/3600
f 2203/4969/3601 2667/5497/3602 2747/5175/3603 2669/5499/3604
f 2667/5497/3602 2269/5060/3605 2668/5498/3606 2747/5175/3603
f 2747/5175/3603 2668/5498/3606 2270/5061/3533 2627/5449/3530
f 2669/5499/3604 2747/5175/3603 2627/5449/3530 2195/4957/3529
f 2257/5047/3607 2670/5501/3608 2748/5176/3609 2672/5503/3610
f 2670/5501/3608 2258/5048/3535 2632/5455/3538 2748/5176/3609
f 2748/5176/3609 2632/5455/3538 2196/4959/3540 2671/5502/3611
f 2672/5503/3610 2748/5176/3609 2671/5502/3611 2204/4971/3612
f 2245/5034/3613 2673/5504/3614 2749/5177/3615 2675/5507/3616
f 2673/5504/3614 2246/5035/3541 2635/5459/3544 2749/5177/3615
f 2749/5177/3615 2635/5459/3544 2197/4960/3546 2674/5505/3617
f 2675/5507/3616 2749/5177/3615 2674/5505/3617 2205/4972/3618
f 2233/5021/3619 2676/5508/3620 2750/5178/3621 2678/5510/3622
f 2676/5508/3620 2234/5022/3547 2638/5462/3550 2750/5178/3621
f 2750/5178/3621 2638/5462/3550 2198/4962/3552 2677/5509/3623
f 2678/5510/3622 2750/5178/3621 2677/5509/3623 2206/4974/3624
f 2207/4975/3625 2679/5511/3626 2751/5179/3627 2681/5513/3628
f 2679/5511/3626 2316/5111/3629 2680/5512/3630 2751/5179/3627
f 2751/5179/3627 2680/5512/3630 2317/5112/3581 2655/5483/3578
f 2681/5513/3628 2751/5179/3627 2655/5483/3578 2199/4963/3577
f 2304/5098/3631 2682/5515/3632 2752/5180/3633 2684/5517/3634
f 2682/5515/3632 2305/5099/3583 2660/5489/3586 2752/5180/3633
f 2752/5180/3633 2660/5489/3586 2200/4965/3588 2683/5516/3635
f 2684/5517/3634 2752/5180/3633 2683/5516/3635 2208/4977/3636
f 2209/4978/3637 2685/5518/3638 2753/5181/3639 2687/5520/3640
f 2685/5518/3638 2292/5085/3641 2686/5519/3642 2753/5181/3639
f 2753/5181/3639 2686/5519/3642 2293/5086/3593 2661/5490/3590
f 2687/5520/3640 2753/5181/3639 2661/5490/3590 2201/4966/3589
f 2280/5072/3643 2688/5522/3644 2754/5182/3645 2690/5524/3646
f 2688/5522/3644 2281/5073/3595 2666/5496/3598 2754/5182/3645
f 2754/5182/3645 2666/5496/3598 2202/4968/3600 2689/5523/3647
f 2690/5524/3646 2754/5182/3645 2689/5523/3647 2210/4980/3648
f 2211/4981/3649 2691/5525/3650 2755/5183/3651 2693/5527/3652
f 2691/5525/3650 2268/5059/3653 2692/5526/3654 2755/5183/3651
f 2755/5183/3651 2692/5526/3654 2269/5060/3605 2667/5497/3602
f 2693/5527/3652 2755/5183/3651 2667/5497/3602 2203/4969/3601
f 2256/5046/3655 2694/5529/3656 2756/5184/3657 2328/5531/3658
f 2694/5529/3656 2257/5047/3607 2672/5503/3610 2756/5184/3657
f 2756/5184/3657 2672/5503/3610 2204/4971/3612 2327/5530/3659
f 2328/5531/3658 2756/5184/3657 2327/5530/3659 2212/4983/3660
f 2244/5033/3661 2329/5532/3662 2757/5185/3663 2331/5535/3664
f 2329/5532/3662 2245/5034/3613 2675/5507/3616 2757/5185/3663
f 2757/5185/3663 2675/5507/3616 2205/4972/3618 2330/5533/3665
f 2331/5535/3664 2757/5185/3663 2330/5533/3665 2213/4984/3666
f 2232/5020/3667 2332/5536/3668 2758/5186/3669 2334/5538/3670
f 2332/5536/3668 2233/5021/3619 2678/5510/3622 2758/5186/3669
f 2758/5186/3669 2678/5510/3622 2206/4974/3624 2333/5537/3671
f 2334/5538/3670 2758/5186/3669 2333/5537/3671 2214/4986/3672
f 2315/5110/3673 2335/5539/3674 2759/5187/3675 2337/5542/3676
f 2335/5539/3674 2316/5111/3629 2679/5511/3626 2759/5187/3675
f 2759/5187/3675 2679/5511/3626 2207/4975/3625 2336/5540/3677
f 2337/5542/3676 2759/5187/3675 2336/5540/3677 2137/4857/3678
f 2303/5097/3679 2338/5543/3680 2760/5188/3681 2340/5545/3682
f 2338/5543/3680 2304/5098/3631 2684/5517/3634 2760/5188/3681
f 2760/5188/3681 2684/5517/3634 2208/4977/3636 2339/5544/3683
f 2340/5545/3682 2760/5188/3681 2339/5544/3683 2144/4878/3684
f 2291/5084/3685 2341/5546/3686 2761/5189/3687 2343/5549/3688
f 2341/5546/3686 2292/5085/3641 2685/5518/3638 2761/5189/3687
f 2761/5189/3687 2685/5518/3638 2209/4978/3637 2342/5547/3689
f 2343/5549/3688 2761/5189/3687 2342/5547/3689 2142/4873/3690
f 2279/5071/3691 2344/5550/3692 2762/5190/3693 2346/5552/3694
f 2344/5550/3692 2280/5072/3643 2690/5524/3646 2762/5190/3693
f 2762/5190/3693 2690/5524/3646 2210/4980/3648 2345/5551/3695
f 2346/5552/3694 2762/5190/3693 2345/5551/3695 2146/4882/3696
f 2140/4867/3697 2347/5553/3698 2763/5191/3699 2349/5555/3700
f 2347/5553/3698 2267/5058/3701 2348/5554/3702 2763/5191/3699
f 2763/5191/3699 2348/5554/3702 2268/5059/3653 2691/5525/3650
f 2349/5555/3700 2763/5191/3699 2691/5525/3650 2211/4981/3649
f 2255/5045/3703 2350/5557/3704 2764/5192/3705 2352/5559/3706
f 2350/5557/3704 2256/5046/3655 2328/5531/3658 2764/5192/3705
f 2764/5192/3705 2328/5531/3658 2212/4983/3660 2351/5558/3707
f 2352/5559/3706 2764/5192/3705 2351/5558/3707 2147/4883/3708
f 2243/5032/3709 2353/5560/3710 2765/5193/3711 2355/5563/3712
f 2353/5560/3710 2244/5033/3661 2331/5535/3664 2765/5193/3711
f 2765/5193/3711 2331/5535/3664 2213/4984/3666 2354/5561/3713
f 2355/5563/3712 2765/5193/3711 2354/5561/3713 2136/4855/3714
f 2231/5019/3715 2356/5564/3716 2766/5194/3717 2358/5566/3718
f 2356/5564/3716 2232/5020/3667 2334/5538/3670 2766/5194/3717
f 2766/5194/3717 2334/5538/3670 2214/4986/3672 2357/5565/3719
f 2358/5566/3718 2766/5194/3717 2357/5565/3719 2149/4887/3720
f 2253/5043/3721 2359/5567/3722 2767/5195/3723 2362/5571/3724
f 2359/5567/3722 2254/5044/3725 2360/5568/3726 2767/5195/3723
f 2767/5195/3723 2360/5568/3726 2215/4988/3727 2361/5569/3728
f 2362/5571/3724 2767/5195/3723 2361/5569/3728 2223/5003/3729
f 2217/4992/3730 2363/5572/3731 2768/5196/3732 2366/5576/3733
f 2363/5572/3731 2230/5017/3734 2364/5574/3735 2768/5196/3732
f 2768/5196/3732 2364/5574/3735 2265/5056/3736 2365/5575/3737
f 2366/5576/3733 2768/5196/3732 2365/5575/3737 2266/5057/3738
f 2229/5015/3739 2367/5577/3740 2769/5197/3741 2370/5580/3742
f 2367/5577/3740 2277/5069/3743 2368/5578/3744 2769/5197/3741
f 2769/5197/3741 2368/5578/3744 2278/5070/3745 2369/5579/3746
f 2370/5580/3742 2769/5197/3741 2369/5579/3746 2218/4994/3747
f 2289/5082/3748 2371/5582/3749 2770/5198/3750 2374/5586/3751
f 2371/5582/3749 2290/5083/3752 2372/5583/3753 2770/5198/3750
f 2770/5198/3750 2372/5583/3753 2219/4996/3754 2373/5584/3755
f 2374/5586/3751 2770/5198/3750 2373/5584/3755 2228/5013/3756
f 2227/5011/3757 2375/5587/3758 2771/5199/3759 2378/5590/3760
f 2375/5587/3758 2301/5095/3761 2376/5588/3762 2771/5199/3759
f 2771/5199/3759 2376/5588/3762 2302/5096/3763 2377/5589/3764
f 2378/5590/3760 2771/5199/3759 2377/5589/3764 2220/4998/3765
f 2221/5000/3766 2379/5592/3767 2772/5200/3768 2382/5596/3769
f 2379/5592/3767 2226/5009/3770 2380/5594/3771 2772/5200/3768
f 2772/5200/3768 2380/5594/3771 2313/5108/3772 2381/5595/3773
f 2382/5596/3769 2772/5200/3768 2381/5595/3773 2314/5109/3774
f 2325/5121/3775 2383/5597/3776 2773/5201/3777 2386/5601/3778
f 2383/5597/3776 2326/5122/3779 2384/5598/3780 2773/5201/3777
f 2773/5201/3777 2384/5598/3780 2222/5002/3781 2385/5599/3782
f 2386/5601/3778 2773/5201/3777 2385/5599/3782 2225/5007/3783
f 2241/5030/3784 2387/5602/3785 2774/5202/3786 2390/5606/3787
f 2387/5602/3785 2242/5031/3788 2388/5603/3789 2774/5202/3786
f 2774/5202/3786 2388/5603/3789 2216/4990/3790 2389/5604/3791
f 2390/5606/3787 2774/5202/3786 2389/5604/3791 2224/5005/3792
f 2252/5042/3504 2391/5607/3793 2775/5203/3794 2614/5434/3502
f 2391/5607/3793 2253/5043/3721 2362/5571/3724 2775/5203/3794
f 2775/5203/3794 2362/5571/3724 2223/5003/3729 2392/5608/3795
f 2614/5434/3502 2775/5203/3794 2392/5608/3795 2135/4852/3499
f 2240/5029/3498 2393/5610/3796 2776/5204/3797 2611/5429/3496
f 2393/5610/3796 2241/5030/3784 2390/5606/3787 2776/5204/3797
f 2776/5204/3797 2390/5606/3787 2224/5005/3792 2394/5611/3798
f 2611/5429/3496 2776/5204/3797 2394/5611/3798 2150/4889/3493
f 2324/5120/3490 2395/5613/3799 2777/5205/3800 2607/5423/3491
f 2395/5613/3799 2325/5121/3775 2386/5601/3778 2777/5205/3800
f 2777/5205/3800 2386/5601/3778 2225/5007/3783 2396/5614/3801
f 2607/5423/3491 2777/5205/3800 2396/5614/3801 2138/4860/3492
f 2312/5107/3483 2397/5616/3802 2778/5206/3803 2604/5419/3484
f 2397/5616/3802 2313/5108/3772 2380/5594/3771 2778/5206/3803
f 2778/5206/3803 2380/5594/3771 2226/5009/3770 2398/5617/3804
f 2604/5419/3484 2778/5206/3803 2398/5617/3804 2143/4876/3485
f 2300/5094/3478 2399/5619/3805 2779/5207/3806 2601/5414/3479
f 2399/5619/3805 2301/5095/3761 2375/5587/3758 2779/5207/3806
f 2779/5207/3806 2375/5587/3758 2227/5011/3757 2400/5620/3807
f 2601/5414/3479 2779/5207/3806 2400/5620/3807 2141/4870/3480
f 2288/5081/3471 2401/5622/3808 2780/5208/3809 2598/5410/3472
f 2401/5622/3808 2289/5082/3748 2374/5586/3751 2780/5208/3809
f 2780/5208/3809 2374/5586/3751 2228/5013/3756 2402/5623/3810
f 2598/5410/3472 2780/5208/3809 2402/5623/3810 2145/4880/3473
f 2139/4864/3468 2595/5405/3467 2781/5209/3811 2404/5626/3812
f 2595/5405/3467 2276/5068/3466 2403/5625/3813 2781/5209/3811
f 2781/5209/3811 2403/5625/3813 2277/5069/3743 2367/5577/3740
f 2404/5626/3812 2781/5209/3811 2367/5577/3740 2229/5015/3739
f 2264/5055/3462 2405/5628/3814 2782/5210/3815 2593/5402/3460
f 2405/5628/3814 2265/5056/3736 2364/5574/3735 2782/5210/3815
f 2782/5210/3815 2364/5574/3735 2230/5017/3734 2406/5629/3816
f 2593/5402/3460 2782/5210/3815 2406/5629/3816 2148/4885/3457
f 2207/4976/3625 2407/5631/3817 2783/5211/3818 2336/5541/3677
f 2407/5631/3817 2232/5020/3667 2356/5564/3716 2783/5211/3818
f 2783/5211/3818 2356/5564/3716 2231/5019/3715 2408/5632/3819
f 2336/5541/3677 2783/5211/3818 2408/5632/3819 2137/4858/3678
f 2199/4964/3577 2409/5633/3820 2784/5212/3821 2681/5514/3628
f 2409/5633/3820 2233/5021/3619 2332/5536/3668 2784/5212/3821
f 2784/5212/3821 2332/5536/3668 2232/5020/3667 2407/5631/3817
f 2681/5514/3628 2784/5212/3821 2407/5631/3817 2207/4976/3625
f 2191/4952/3505 2410/5634/3822 2785/5213/3823 2657/5486/3580
f 2410/5634/3822 2234/5022/3547 2676/5508/3620 2785/5213/3823
f 2785/5213/3823 2676/5508/3620 2233/5021/3619 2409/5633/3820
f 2657/5486/3580 2785/5213/3823 2409/5633/3820 2199/4964/3577
f 2175/4928/3385 2411/5635/3824 2786/5214/3825 2617/5438/3508
f 2411/5635/3824 2235/5023/3448 2636/5460/3548 2786/5214/3825
f 2786/5214/3825 2636/5460/3548 2234/5022/3547 2410/5634/3822
f 2617/5438/3508 2786/5214/3825 2410/5634/3822 2191/4952/3505
f 2184/4941/3393 2412/5636/3826 2787/5215/3827 2562/5367/3388
f 2412/5636/3826 2236/5024/3452 2587/5395/3449 2787/5215/3827
f 2787/5215/3827 2587/5395/3449 2235/5023/3448 2411/5635/3824
f 2562/5367/3388 2787/5215/3827 2411/5635/3824 2175/4928/3385
f 2159/4904/3301 2413/5637/3828 2788/5216/3829 2640/5465/3554
f 2413/5637/3828 2237/5025/3328 2641/5466/3556 2788/5216/3829
f 2788/5216/3829 2641/5466/3556 2236/5024/3452 2412/5636/3826
f 2640/5465/3554 2788/5216/3829 2412/5636/3826 2184/4941/3393
f 2157/4901/3309 2414/5638/3830 2789/5217/3831 2522/5321/3304
f 2414/5638/3830 2238/5026/3332 2531/5331/3329 2789/5217/3831
f 2789/5217/3831 2531/5331/3329 2237/5025/3328 2413/5637/3828
f 2522/5321/3304 2789/5217/3831 2413/5637/3828 2159/4904/3301
f 2173/4925/3372 2415/5639/3832 2790/5218/3833 2552/5355/3368
f 2415/5639/3832 2239/5027/3375 2553/5356/3373 2790/5218/3833
f 2790/5218/3833 2553/5356/3373 2238/5026/3332 2414/5638/3830
f 2552/5355/3368 2790/5218/3833 2414/5638/3830 2157/4901/3309
f 2240/5028/3498 2610/5427/3497 2791/5219/3834 2416/5640/3835
f 2610/5427/3497 2239/5027/3375 2415/5639/3832 2791/5219/3834
f 2791/5219/3834 2415/5639/3832 2173/4925/3372 2608/5425/3488
f 2416/5640/3835 2791/5219/3834 2608/5425/3488 2138/4862/3492
f 2225/5008/3783 2417/5642/3836 2792/5220/3837 2396/5615/3801
f 2417/5642/3836 2241/5030/3784 2393/5610/3796 2792/5220/3837
f 2792/5220/3837 2393/5610/3796 2240/5029/3498 2416/5641/3835
f 2396/5615/3801 2792/5220/3837 2416/5641/3835 2138/4861/3492
f 2222/5001/3781 2418/5643/3838 2793/5221/3839 2385/5600/3782
f 2418/5643/3838 2242/5031/3788 2387/5602/3785 2793/5221/3839
f 2793/5221/3839 2387/5602/3785 2241/5030/3784 2417/5642/3836
f 2385/5600/3782 2793/5221/3839 2417/5642/3836 2225/5008/3783
f 2214/4986/3672 2419/5644/3840 2794/5222/3841 2357/5565/3719
f 2419/5644/3840 2244/5033/3661 2353/5560/3710 2794/5222/3841
f 2794/5222/3841 2353/5560/3710 2243/5032/3709 2420/5645/3842
f 2357/5565/3719 2794/5222/3841 2420/5645/3842 2149/4887/3720
f 2206/4974/3624 2421/5646/3843 2795/5223/3844 2333/5537/3671
f 2421/5646/3843 2245/5034/3613 2329/5532/3662 2795/5223/3844
f 2795/5223/3844 2329/5532/3662 2244/5033/3661 2419/5644/3840
f 2333/5537/3671 2795/5223/3844 2419/5644/3840 2214/4986/3672
f 2198/4962/3552 2422/5647/3845 2796/5224/3846 2677/5509/3623
f 2422/5647/3845 2246/5035/3541 2673/5504/3614 2796/5224/3846
f 2796/5224/3846 2673/5504/3614 2245/5034/3613 2421/5646/3843
f 2677/5509/3623 2796/5224/3846 2421/5646/3843 2206/4974/3624
f 2182/4938/3456 2423/5648/3847 2797/5225/3848 2637/5461/3551
f 2423/5648/3847 2247/5036/3439 2633/5456/3542 2797/5225/3848
f 2797/5225/3848 2633/5456/3542 2246/5035/3541 2422/5647/3845
f 2637/5461/3551 2797/5225/3848 2422/5647/3845 2198/4962/3552
f 2185/4942/3454 2424/5649/3849 2798/5226/3850 2589/5397/3455
f 2424/5649/3849 2248/5037/3443 2583/5390/3440 2798/5226/3850
f 2798/5226/3850 2583/5390/3440 2247/5036/3439 2423/5648/3847
f 2589/5397/3455 2798/5226/3850 2423/5648/3847 2182/4938/3456
f 2166/4914/3336 2425/5650/3851 2799/5227/3852 2642/5467/3558
f 2425/5650/3851 2249/5038/3265 2643/5468/3559 2799/5227/3852
f 2799/5227/3852 2643/5468/3559 2248/5037/3443 2424/5649/3849
f 2642/5467/3558 2799/5227/3852 2424/5649/3849 2185/4942/3454
f 2158/4902/3334 2426/5651/3853 2800/5228/3854 2533/5333/3335
f 2426/5651/3853 2250/5039/3269 2503/5299/3266 2800/5228/3854
f 2800/5228/3854 2503/5299/3266 2249/5038/3265 2425/5650/3851
f 2533/5333/3335 2800/5228/3854 2425/5650/3851 2166/4914/3336
f 2174/4926/3377 2427/5652/3855 2801/5229/3856 2555/5358/3378
f 2427/5652/3855 2251/5040/3381 2556/5359/3379 2801/5229/3856
f 2801/5229/3856 2556/5359/3379 2250/5039/3269 2426/5651/3853
f 2555/5358/3378 2801/5229/3856 2426/5651/3853 2158/4902/3334
f 2252/5041/3504 2613/5432/3503 2802/5230/3857 2428/5653/3858
f 2613/5432/3503 2251/5040/3381 2427/5652/3855 2802/5230/3857
f 2802/5230/3857 2427/5652/3855 2174/4926/3377 2609/5426/3494
f 2428/5653/3858 2802/5230/3857 2609/5426/3494 2150/4888/3493
f 2224/5006/3792 2429/5655/3859 2803/5231/3860 2394/5612/3798
f 2429/5655/3859 2253/5043/3721 2391/5607/3793 2803/5231/3860
f 2803/5231/3860 2391/5607/3793 2252/5042/3504 2428/5654/3858
f 2394/5612/3798 2803/5231/3860 2428/5654/3858 2150/4890/3493
f 2216/4989/3790 2430/5656/3861 2804/5232/3862 2389/5605/3791
f 2430/5656/3861 2254/5044/3725 2359/5567/3722 2804/5232/3862
f 2804/5232/3862 2359/5567/3722 2253/5043/3721 2429/5655/3859
f 2389/5605/3791 2804/5232/3862 2429/5655/3859 2224/5006/3792
f 2213/4985/3666 2431/5657/3863 2805/5233/3864 2354/5562/3713
f 2431/5657/3863 2256/5046/3655 2350/5557/3704 2805/5233/3864
f 2805/5233/3864 2350/5557/3704 2255/5045/3703 2432/5658/3865
f 2354/5562/3713 2805/5233/3864 2432/5658/3865 2136/4856/3714
f 2205/4973/3618 2433/5659/3866 2806/5234/3867 2330/5534/3665
f 2433/5659/3866 2257/5047/3607 2694/5529/3656 2806/5234/3867
f 2806/5234/3867 2694/5529/3656 2256/5046/3655 2431/5657/3863
f 2330/5534/3665 2806/5234/3867 2431/5657/3863 2213/4985/3666
f 2197/4961/3546 2434/5660/3868 2807/5235/3869 2674/5506/3617
f 2434/5660/3868 2258/5048/3535 2670/5501/3608 2807/5235/3869
f 2807/5235/3869 2670/5501/3608 2257/5047/3607 2433/5659/3866
f 2674/5506/3617 2807/5235/3869 2433/5659/3866 2205/4973/3618
f 2181/4937/3447 2435/5661/3870 2808/5236/3871 2634/5458/3545
f 2435/5661/3870 2259/5049/3430 2630/5453/3536 2808/5236/3871
f 2808/5236/3871 2630/5453/3536 2258/5048/3535 2434/5660/3868
f 2634/5458/3545 2808/5236/3871 2434/5660/3868 2197/4961/3546
f 2186/4944/3445 2436/5662/3872 2809/5237/3873 2585/5393/3446
f 2436/5662/3872 2260/5050/3434 2579/5386/3431 2809/5237/3873
f 2809/5237/3873 2579/5386/3431 2259/5049/3430 2435/5661/3870
f 2585/5393/3446 2809/5237/3873 2435/5661/3870 2181/4937/3447
f 2165/4913/3273 2437/5663/3874 2810/5238/3875 2644/5470/3561
f 2437/5663/3874 2261/5051/3319 2645/5471/3562 2810/5238/3875
f 2810/5238/3875 2645/5471/3562 2260/5050/3434 2436/5662/3872
f 2644/5470/3561 2810/5238/3875 2436/5662/3872 2186/4944/3445
f 2151/4892/3271 2438/5664/3876 2811/5239/3877 2505/5302/3272
f 2438/5664/3876 2262/5052/3323 2527/5327/3320 2811/5239/3877
f 2811/5239/3877 2527/5327/3320 2261/5051/3319 2437/5663/3874
f 2505/5302/3272 2811/5239/3877 2437/5663/3874 2165/4913/3273
f 2167/4916/3383 2439/5665/3878 2812/5240/3879 2558/5362/3384
f 2439/5665/3878 2263/5053/3339 2535/5335/3337 2812/5240/3879
f 2812/5240/3879 2535/5335/3337 2262/5052/3323 2438/5664/3876
f 2558/5362/3384 2812/5240/3879 2438/5664/3876 2151/4892/3271
f 2264/5054/3462 2592/5400/3461 2813/5241/3880 2440/5666/3881
f 2592/5400/3461 2263/5053/3339 2439/5665/3878 2813/5241/3880
f 2813/5241/3880 2439/5665/3878 2167/4916/3383 2612/5431/3500
f 2440/5666/3881 2813/5241/3880 2612/5431/3500 2135/4854/3499
f 2223/5004/3729 2441/5668/3882 2814/5242/3883 2392/5609/3795
f 2441/5668/3882 2265/5056/3736 2405/5628/3814 2814/5242/3883
f 2814/5242/3883 2405/5628/3814 2264/5055/3462 2440/5667/3881
f 2392/5609/3795 2814/5242/3883 2440/5667/3881 2135/4853/3499
f 2266/5057/3738 2365/5575/3737 2815/5243/3884 2442/5669/3885
f 2365/5575/3737 2265/5056/3736 2441/5668/3882 2815/5243/3884
f 2815/5243/3884 2441/5668/3882 2223/5004/3729 2361/5570/3728
f 2442/5669/3885 2815/5243/3884 2361/5570/3728 2215/4987/3727
f 2268/5059/3653 2348/5554/3702 2816/5244/3886 2444/5671/3887
f 2348/5554/3702 2267/5058/3701 2443/5670/3888 2816/5244/3886
f 2816/5244/3886 2443/5670/3888 2147/4883/3708 2351/5558/3707
f 2444/5671/3887 2816/5244/3886 2351/5558/3707 2212/4983/3660
f 2269/5060/3605 2692/5526/3654 2817/5245/3889 2445/5672/3890
f 2692/5526/3654 2268/5059/3653 2444/5671/3887 2817/5245/3889
f 2817/5245/3889 2444/5671/3887 2212/4983/3660 2327/5530/3659
f 2445/5672/3890 2817/5245/3889 2327/5530/3659 2204/4971/3612
f 2270/5061/3533 2668/5498/3606 2818/5246/3891 2446/5673/3892
f 2668/5498/3606 2269/5060/3605 2445/5672/3890 2818/5246/3891
f 2818/5246/3891 2445/5672/3890 2204/4971/3612 2671/5502/3611
f 2446/5673/3892 2818/5246/3891 2671/5502/3611 2196/4959/3540
f 2271/5062/3425 2628/5450/3534 2819/5247/3893 2447/5674/3894
f 2628/5450/3534 2270/5061/3533 2446/5673/3892 2819/5247/3893
f 2819/5247/3893 2446/5673/3892 2196/4959/3540 2631/5454/3539
f 2447/5674/3894 2819/5247/3893 2631/5454/3539 2180/4935/3438
f 2272/5063/3427 2576/5382/3426 2820/5248/3895 2448/5675/3896
f 2576/5382/3426 2271/5062/3425 2447/5674/3894 2820/5248/3895
f 2820/5248/3895 2447/5674/3894 2180/4935/3438 2581/5388/3437
f 2448/5675/3896 2820/5248/3895 2581/5388/3437 2187/4945/3436
f 2273/5064/3278 2647/5473/3567 2821/5249/3897 2449/5676/3898
f 2647/5473/3567 2272/5063/3427 2448/5675/3896 2821/5249/3897
f 2821/5249/3897 2448/5675/3896 2187/4945/3436 2646/5472/3564
f 2449/5676/3898 2821/5249/3897 2646/5472/3564 2164/4911/3327
f 2274/5065/3280 2508/5305/3279 2822/5250/3899 2450/5677/3900
f 2508/5305/3279 2273/5064/3278 2449/5676/3898 2822/5250/3899
f 2822/5250/3899 2449/5676/3898 2164/4911/3327 2529/5329/3326
f 2450/5677/3900 2822/5250/3899 2529/5329/3326 2152/4893/3325
f 2275/5066/3346 2538/5338/3345 2823/5251/3901 2451/5678/3902
f 2538/5338/3345 2274/5065/3280 2450/5677/3900 2823/5251/3901
f 2823/5251/3901 2450/5677/3900 2152/4893/3325 2537/5337/3342
f 2451/5678/3902 2823/5251/3901 2537/5337/3342 2168/4917/3341
f 2276/5067/3466 2594/5403/3465 2824/5252/3903 2452/5679/3904
f 2594/5403/3465 2275/5066/3346 2451/5678/3902 2824/5252/3903
f 2824/5252/3903 2451/5678/3902 2168/4917/3341 2591/5399/3458
f 2452/5679/3904 2824/5252/3903 2591/5399/3458 2148/4884/3457
f 2277/5069/3743 2403/5625/3813 2825/5253/3905 2453/5681/3906
f 2403/5625/3813 2276/5068/3466 2452/5680/3904 2825/5253/3905
f 2825/5253/3905 2452/5680/3904 2148/4886/3457 2406/5630/3816
f 2453/5681/3906 2825/5253/3905 2406/5630/3816 2230/5018/3734
f 2278/5070/3745 2368/5578/3744 2826/5254/3907 2454/5682/3908
f 2368/5578/3744 2277/5069/3743 2453/5681/3906 2826/5254/3907
f 2826/5254/3907 2453/5681/3906 2230/5018/3734 2363/5573/3731
f 2454/5682/3908 2826/5254/3907 2363/5573/3731 2217/4991/3730
f 2211/4982/3649 2455/5683/3909 2827/5255/3910 2349/5556/3700
f 2455/5683/3909 2280/5072/3643 2344/5550/3692 2827/5255/3910
f 2827/5255/3910 2344/5550/3692 2279/5071/3691 2456/5684/3911
f 2349/5556/3700 2827/5255/3910 2456/5684/3911 2140/4868/3697
f 2203/4970/3601 2457/5685/3912 2828/5256/3913 2693/5528/3652
f 2457/5685/3912 2281/5073/3595 2688/5522/3644 2828/5256/3913
f 2828/5256/3913 2688/5522/3644 2280/5072/3643 2455/5683/3909
f 2693/5528/3652 2828/5256/3913 2455/5683/3909 2211/4982/3649
f 2195/4958/3529 2458/5686/3914 2829/5257/3915 2669/5500/3604
f 2458/5686/3914 2282/5074/3523 2664/5494/3596 2829/5257/3915
f 2829/5257/3915 2664/5494/3596 2281/5073/3595 2457/5685/3912
f 2669/5500/3604 2829/5257/3915 2457/5685/3912 2203/4970/3601
f 2179/4934/3421 2459/5687/3916 2830/5258/3917 2629/5452/3532
f 2459/5687/3916 2283/5075/3412 2624/5446/3524 2830/5258/3917
f 2830/5258/3917 2624/5446/3524 2282/5074/3523 2458/5686/3914
f 2629/5452/3532 2830/5258/3917 2458/5686/3914 2195/4958/3529
f 2188/4947/3429 2460/5688/3918 2831/5259/3919 2578/5385/3424
f 2460/5688/3918 2284/5076/3416 2571/5377/3413 2831/5259/3919
f 2831/5259/3919 2571/5377/3413 2283/5075/3412 2459/5687/3916
f 2578/5385/3424 2831/5259/3919 2459/5687/3916 2179/4934/3421
f 2163/4910/3274 2461/5689/3920 2832/5260/3921 2648/5475/3566
f 2461/5689/3920 2285/5077/3283 2649/5476/3568 2832/5260/3921
f 2832/5260/3921 2649/5476/3568 2284/5076/3416 2460/5688/3918
f 2648/5475/3566 2832/5260/3921 2460/5688/3918 2188/4947/3429
f 2153/4895/3282 2462/5690/3922 2833/5261/3923 2510/5308/3277
f 2462/5690/3922 2286/5078/3287 2511/5309/3284 2833/5261/3923
f 2833/5261/3923 2511/5309/3284 2285/5077/3283 2461/5689/3920
f 2510/5308/3277 2833/5261/3923 2461/5689/3920 2163/4910/3274
f 2169/4919/3348 2463/5691/3924 2834/5262/3925 2540/5341/3344
f 2463/5691/3924 2287/5079/3351 2541/5342/3349 2834/5262/3925
f 2834/5262/3925 2541/5342/3349 2286/5078/3287 2462/5690/3922
f 2540/5341/3344 2834/5262/3925 2462/5690/3922 2153/4895/3282
f 2139/4866/3468 2464/5692/3926 2835/5263/3927 2596/5407/3464
f 2464/5692/3926 2288/5080/3471 2597/5408/3469 2835/5263/3927
f 2835/5263/3927 2597/5408/3469 2287/5079/3351 2463/5691/3924
f 2596/5407/3464 2835/5263/3927 2463/5691/3924 2169/4919/3348
f 2229/5016/3739 2465/5694/3928 2836/5264/3929 2404/5627/3812
f 2465/5694/3928 2289/5082/3748 2401/5622/3808 2836/5264/3929
f 2836/5264/3929 2401/5622/3808 2288/5081/3471 2464/5693/3926
f 2404/5627/3812 2836/5264/3929 2464/5693/3926 2139/4865/3468
f 2218/4993/3747 2466/5695/3930 2837/5265/3931 2370/5581/3742
f 2466/5695/3930 2290/5083/3752 2371/5582/3749 2837/5265/3931
f 2837/5265/3931 2371/5582/3749 2289/5082/3748 2465/5694/3928
f 2370/5581/3742 2837/5265/3931 2465/5694/3928 2229/5016/3739
f 2146/4882/3696 2345/5551/3695 2838/5266/3932 2468/5697/3933
f 2345/5551/3695 2210/4980/3648 2467/5696/3934 2838/5266/3932
f 2838/5266/3932 2467/5696/3934 2292/5085/3641 2341/5546/3686
f 2468/5697/3933 2838/5266/3932 2341/5546/3686 2291/5084/3685
f 2293/5086/3593 2686/5519/3642 2839/5267/3935 2469/5698/3936
f 2686/5519/3642 2292/5085/3641 2467/5696/3934 2839/5267/3935
f 2839/5267/3935 2467/5696/3934 2210/4980/3648 2689/5523/3647
f 2469/5698/3936 2839/5267/3935 2689/5523/3647 2202/4968/3600
f 2294/5087/3521 2662/5491/3594 2840/5268/3937 2470/5699/3938
f 2662/5491/3594 2293/5086/3593 2469/5698/3936 2840/5268/3937
f 2840/5268/3937 2469/5698/3936 2202/4968/3600 2665/5495/3599
f 2470/5699/3938 2840/5268/3937 2665/5495/3599 2194/4956/3528
f 2295/5088/3407 2622/5443/3522 2841/5269/3939 2471/5700/3940
f 2622/5443/3522 2294/5087/3521 2470/5699/3938 2841/5269/3939
f 2841/5269/3939 2470/5699/3938 2194/4956/3528 2625/5447/3527
f 2471/5700/3940 2841/5269/3939 2625/5447/3527 2178/4932/3420
f 2296/5089/3409 2568/5373/3408 2842/5270/3941 2472/5701/3942
f 2568/5373/3408 2295/5088/3407 2471/5700/3940 2842/5270/3941
f 2842/5270/3941 2471/5700/3940 2178/4932/3420 2573/5379/3419
f 2472/5701/3942 2842/5270/3941 2573/5379/3419 2189/4948/3418
f 2297/5090/3314 2651/5478/3573 2843/5271/3943 2473/5702/3944
f 2651/5478/3573 2296/5089/3409 2472/5701/3942 2843/5271/3943
f 2843/5271/3943 2472/5701/3942 2189/4948/3418 2650/5477/3570
f 2473/5702/3944 2843/5271/3943 2650/5477/3570 2162/4908/3291
f 2298/5091/3316 2524/5323/3315 2844/5272/3945 2474/5703/3946
f 2524/5323/3315 2297/5090/3314 2473/5702/3944 2844/5272/3945
f 2844/5272/3945 2473/5702/3944 2162/4908/3291 2513/5311/3290
f 2474/5703/3946 2844/5272/3945 2513/5311/3290 2154/4896/3289
f 2299/5092/3358 2544/5345/3357 2845/5273/3947 2475/5704/3948
f 2544/5345/3357 2298/5091/3316 2474/5703/3946 2845/5273/3947
f 2845/5273/3947 2474/5703/3946 2154/4896/3289 2543/5344/3354
f 2475/5704/3948 2845/5273/3947 2543/5344/3354 2170/4920/3353
f 2300/5093/3478 2600/5412/3477 2846/5274/3949 2476/5705/3950
f 2600/5412/3477 2299/5092/3358 2475/5704/3948 2846/5274/3949
f 2846/5274/3949 2475/5704/3948 2170/4920/3353 2599/5411/3474
f 2476/5705/3950 2846/5274/3949 2599/5411/3474 2145/4879/3473
f 2145/4881/3473 2402/5624/3810 2847/5275/3951 2476/5706/3950
f 2402/5624/3810 2228/5014/3756 2477/5707/3952 2847/5275/3951
f 2847/5275/3951 2477/5707/3952 2301/5095/3761 2399/5619/3805
f 2476/5706/3950 2847/5275/3951 2399/5619/3805 2300/5094/3478
f 2302/5096/3763 2376/5588/3762 2848/5276/3953 2478/5708/3954
f 2376/5588/3762 2301/5095/3761 2477/5707/3952 2848/5276/3953
f 2848/5276/3953 2477/5707/3952 2228/5014/3756 2373/5585/3755
f 2478/5708/3954 2848/5276/3953 2373/5585/3755 2219/4995/3754
f 2209/4979/3637 2479/5709/3955 2849/5277/3956 2342/5548/3689
f 2479/5709/3955 2304/5098/3631 2338/5543/3680 2849/5277/3956
f 2849/5277/3956 2338/5543/3680 2303/5097/3679 2480/5710/3957
f 2342/5548/3689 2849/5277/3956 2480/5710/3957 2142/4874/3690
f 2201/4967/3589 2481/5711/3958 2850/5278/3959 2687/5521/3640
f 2481/5711/3958 2305/5099/3583 2682/5515/3632 2850/5278/3959
f 2850/5278/3959 2682/5515/3632 2304/5098/3631 2479/5709/3955
f 2687/5521/3640 2850/5278/3959 2479/5709/3955 2209/4979/3637
f 2193/4955/3517 2482/5712/3960 2851/5279/3961 2663/5493/3592
f 2482/5712/3960 2306/5100/3511 2658/5487/3584 2851/5279/3961
f 2851/5279/3961 2658/5487/3584 2305/5099/3583 2481/5711/3958
f 2663/5493/3592 2851/5279/3961 2481/5711/3958 2201/4967/3589
f 2177/4931/3403 2483/5713/3962 2852/5280/3963 2623/5445/3520
f 2483/5713/3962 2307/5101/3394 2618/5439/3512 2852/5280/3963
f 2852/5280/3963 2618/5439/3512 2306/5100/3511 2482/5712/3960
f 2623/5445/3520 2852/5280/3963 2482/5712/3960 2193/4955/3517
f 2190/4950/3411 2484/5714/3964 2853/5281/3965 2570/5376/3406
f 2484/5714/3964 2308/5102/3398 2563/5368/3395 2853/5281/3965
f 2853/5281/3965 2563/5368/3395 2307/5101/3394 2483/5713/3962
f 2570/5376/3406 2853/5281/3965 2483/5713/3962 2177/4931/3403
f 2161/4907/3310 2485/5715/3966 2854/5282/3967 2652/5480/3572
f 2485/5715/3966 2309/5103/3292 2653/5481/3574 2854/5282/3967
f 2854/5282/3967 2653/5481/3574 2308/5102/3398 2484/5714/3964
f 2652/5480/3572 2854/5282/3967 2484/5714/3964 2190/4950/3411
f 2155/4898/3318 2486/5716/3968 2855/5283/3969 2526/5326/3313
f 2486/5716/3968 2310/5104/3296 2515/5313/3293 2855/5283/3969
f 2855/5283/3969 2515/5313/3293 2309/5103/3292 2485/5715/3966
f 2526/5326/3313 2855/5283/3969 2485/5715/3966 2161/4907/3310
f 2171/4922/3360 2487/5717/3970 2856/5284/3971 2546/5348/3356
f 2487/5717/3970 2311/5105/3363 2547/5349/3361 2856/5284/3971
f 2856/5284/3971 2547/5349/3361 2310/5104/3296 2486/5716/3968
f 2546/5348/3356 2856/5284/3971 2486/5716/3968 2155/4898/3318
f 2141/4872/3480 2488/5718/3972 2857/5285/3973 2602/5416/3476
f 2488/5718/3972 2312/5106/3483 2603/5417/3481 2857/5285/3973
f 2857/5285/3973 2603/5417/3481 2311/5105/3363 2487/5717/3970
f 2602/5416/3476 2857/5285/3973 2487/5717/3970 2171/4922/3360
f 2227/5012/3757 2489/5720/3974 2858/5286/3975 2400/5621/3807
f 2489/5720/3974 2313/5108/3772 2397/5616/3802 2858/5286/3975
f 2858/5286/3975 2397/5616/3802 2312/5107/3483 2488/5719/3972
f 2400/5621/3807 2858/5286/3975 2488/5719/3972 2141/4871/3480
f 2314/5109/3774 2381/5595/3773 2859/5287/3976 2490/5721/3977
f 2381/5595/3773 2313/5108/3772 2489/5720/3974 2859/5287/3976
f 2859/5287/3976 2489/5720/3974 2227/5012/3757 2378/5591/3760
f 2490/5721/3977 2859/5287/3976 2378/5591/3760 2220/4997/3765
f 2144/4878/3684 2339/5544/3683 2860/5288/3978 2492/5723/3979
f 2339/5544/3683 2208/4977/3636 2491/5722/3980 2860/5288/3978
f 2860/5288/3978 2491/5722/3980 2316/5111/3629 2335/5539/3674
f 2492/5723/3979 2860/5288/3978 2335/5539/3674 2315/5110/3673
f 2317/5112/3581 2680/5512/3630 2861/5289/3981 2493/5724/3982
f 2680/5512/3630 2316/5111/3629 2491/5722/3980 2861/5289/3981
f 2861/5289/3981 2491/5722/3980 2208/4977/3636 2683/5516/3635
f 2493/5724/3982 2861/5289/3981 2683/5516/3635 2200/4965/3588
f 2318/5113/3509 2656/5484/3582 2862/5290/3983 2494/5725/3984
f 2656/5484/3582 2317/5112/3581 2493/5724/3982 2862/5290/3983
f 2862/5290/3983 2493/5724/3982 2200/4965/3588 2659/5488/3587
f 2494/5725/3984 2862/5290/3983 2659/5488/3587 2192/4953/3516
f 2319/5114/3389 2616/5436/3510 2863/5291/3985 2495/5726/3986
f 2616/5436/3510 2318/5113/3509 2494/5725/3984 2863/5291/3985
f 2863/5291/3985 2494/5725/3984 2192/4953/3516 2619/5440/3515
f 2495/5726/3986 2863/5291/3985 2619/5440/3515 2176/4929/3402
f 2320/5115/3391 2560/5364/3390 2864/5292/3987 2496/5727/3988
f 2560/5364/3390 2319/5114/3389 2495/5726/3986 2864/5292/3987
f 2864/5292/3987 2495/5726/3986 2176/4929/3402 2565/5370/3401
f 2496/5727/3988 2864/5292/3987 2565/5370/3401 2183/4939/3400
f 2321/5116/3305 2639/5463/3555 2865/5293/3989 2497/5728/3990
f 2639/5463/3555 2320/5115/3391 2496/5727/3988 2865/5293/3989
f 2865/5293/3989 2496/5727/3988 2183/4939/3400 2654/5482/3576
f 2497/5728/3990 2865/5293/3989 2654/5482/3576 2160/4905/3300
f 2322/5117/3307 2520/5318/3306 2866/5294/3991 2498/5729/3992
f 2520/5318/3306 2321/5116/3305 2497/5728/3990 2866/5294/3991
f 2866/5294/3991 2497/5728/3990 2160/4905/3300 2517/5315/3299
f 2498/5729/3992 2866/5294/3991 2517/5315/3299 2156/4899/3298
f 2323/5118/3370 2550/5352/3369 2867/5295/3993 2499/5730/3994
f 2550/5352/3369 2322/5117/3307 2498/5729/3992 2867/5295/3993
f 2867/5295/3993 2498/5729/3992 2156/4899/3298 2549/5351/3366
f 2499/5730/3994 2867/5295/3993 2549/5351/3366 2172/4923/3365
f 2324/5119/3490 2606/5421/3489 2868/5296/3995 2500/5731/3996
f 2606/5421/3489 2323/5118/3370 2499/5730/3994 2868/5296/3995
f 2868/5296/3995 2499/5730/3994 2172/4923/3365 2605/5420/3486
f 2500/5731/3996 2868/5296/3995 2605/5420/3486 2143/4875/3485
f 2226/5010/3770 2501/5733/3997 2869/5297/3998 2398/5618/3804
f 2501/5733/3997 2325/5121/3775 2395/5613/3799 2869/5297/3998
f 2869/5297/3998 2395/5613/3799 2324/5120/3490 2500/5732/3996
f 2398/5618/3804 2869/5297/3998 2500/5732/3996 2143/4877/3485
f 2221/4999/3766 2502/5734/3999 2870/5298/4000 2379/5593/3767
f 2502/5734/3999 2326/5122/3779 2383/5597/3776 2870/5298/4000
f 2870/5298/4000 2383/5597/3776 2325/5121/3775 2501/5733/3997
f 2379/5593/3767 2870/5298/4000 2501/5733/3997 2226/5010/3770
g default
v 32.407700 -0.437535 1.309502
v 27.460932 -0.437535 -3.496901
v 20.723481 -0.437535 -4.804286
v 14.359227 -0.437535 -3.914023
v 9.428533 -0.437535 0.775646
v 7.594726 -0.437535 7.408893
v 9.428533 -0.437535 13.787641
v 14.438596 -0.437535 17.097360
v 21.282465 -0.437535 18.586907
v 28.088754 -0.437535 17.341357
v 32.801535 -0.437535 13.057505
v 34.186946 -0.437535 7.322639
v 23.651166 12.178854 6.008429
v 22.667957 12.188826 5.067724
v 21.264496 12.193810 4.798775
v 19.885858 12.187833 5.092331
v 18.956303 12.177381 6.044945
v 18.784538 12.163966 7.383121
v 18.912439 12.151170 8.704596
v 19.875079 12.144693 9.540453
v 21.257441 12.137091 9.823884
v 22.629193 12.140670 9.640182
v 23.644705 12.148949 8.759641
v 23.827893 12.163772 7.387953
v 21.260496 12.301622 7.386304
v 16.881581 7.283240 13.632412
v 14.348920 7.132134 10.917583
v 12.982688 6.957971 7.402294
v 13.897007 6.747849 3.313924
v 17.141373 6.602759 0.436364
v 21.025071 6.569076 -0.358548
v 25.137178 6.609458 0.524583
v 28.169958 6.757110 3.428948
v 29.671000 6.957506 7.397250
v 28.487353 7.157954 11.336985
v 25.029751 7.280911 13.773860
v 20.687482 7.334370 14.790368
v 21.150253 10.027616 12.570082
v 18.433238 10.063440 11.289910
v 16.371188 10.076035 9.856049
v 15.930800 10.121655 7.361656
v 16.557499 10.164887 4.691337
v 18.537365 10.201675 2.667980
v 21.249760 10.230925 1.664941
v 24.142373 10.208582 2.533407
v 26.446607 10.175024 4.490075
v 27.305095 10.120440 7.390031
v 26.453883 10.067385 10.250540
v 23.892489 10.039583 11.892167
v 11.785515 3.557922 12.405226
v 10.115917 3.526762 7.405817
v 11.501370 3.489506 1.959975
v 15.667345 3.463582 -1.869030
v 20.852685 3.456973 -2.681846
v 26.339433 3.464534 -1.597398
v 30.356954 3.490803 2.311723
v 32.037548 3.526717 7.357374
v 30.737899 3.562596 12.252334
v 26.611466 3.584468 15.658000
v 20.940489 3.593975 16.808355
v 15.563994 3.584186 15.513047
v 15.468411 7.214948 12.413681
v 17.647362 8.765948 12.447230
v 17.246423 10.069580 10.635591
v 15.357545 8.686799 10.361465
v 13.456069 7.048920 9.256436
v 15.977826 10.096128 8.707960
v 14.452534 8.613345 7.379938
v 13.121600 6.851948 5.327211
v 16.094571 10.144413 5.987466
v 15.225514 8.517980 4.002041
v 15.333106 6.662670 1.645167
v 17.407951 10.183560 3.579215
v 17.848285 8.456093 1.540804
v 19.033281 6.574466 -0.197061
v 19.837185 10.220472 1.974511
v 21.149258 8.453560 0.584887
v 23.132986 6.577874 -0.151533
v 22.717439 10.224010 1.905407
v 24.662147 8.463868 1.494657
v 26.817802 6.672432 1.770407
v 25.426712 10.193497 3.386440
v 27.360354 8.529064 3.927317
v 29.188745 6.853810 5.343218
v 27.078204 10.149430 5.869883
v 28.582496 8.612386 7.396799
v 29.413560 7.063169 9.475075
v 27.110864 10.091778 8.914685
v 27.518673 8.696610 10.838533
v 26.963305 7.229014 12.743267
v 25.292517 10.051202 11.204291
v 24.437888 8.750984 12.861674
v 22.875026 7.318205 14.508698
v 22.519519 10.028883 12.430396
v 20.892335 8.774694 13.739051
v 18.655469 7.322881 14.461456
v 19.761337 10.044293 12.062330
v 21.246209 11.241414 11.184325
v 19.184019 11.271823 10.370522
v 17.635094 11.297729 9.289435
v 17.419565 11.348915 7.368531
v 17.810550 11.402574 5.385463
v 19.227136 11.444381 3.898524
v 21.274430 11.468288 3.212684
v 23.423190 11.448352 3.800094
v 25.080226 11.408466 5.239399
v 25.556495 11.348135 7.387859
v 25.054384 11.288846 9.509615
v 23.268134 11.255730 10.769439
v 13.100062 5.414155 11.636298
v 11.519183 5.289515 7.407637
v 12.654392 5.140491 2.623330
v 16.398107 5.036796 -0.725971
v 20.929350 5.010357 -1.496426
v 25.722135 5.040601 -0.536075
v 29.223905 5.145682 2.872791
v 30.852910 5.289336 7.380473
v 29.598518 5.432849 11.809288
v 25.793501 5.520340 14.724624
v 20.750719 5.558365 15.823172
v 16.191087 5.519210 14.635384
v 30.266572 -0.437535 -1.419479
v 26.911493 1.588493 -2.569463
v 28.597413 3.475760 0.085674
v 31.403862 1.588493 1.798621
v 24.174436 -0.437535 -4.508706
v 20.785671 1.588493 -3.767907
v 23.665514 3.458678 -2.436859
v 17.424468 -0.437535 -4.733039
v 14.997946 1.588493 -2.915639
v 18.177974 3.458195 -2.581494
v 11.609584 -0.437535 -1.966301
v 10.441630 1.588493 1.353572
v 13.346764 3.474370 -0.277676
v 8.069064 -0.437535 3.977334
v 8.826788 1.588493 7.406684
v 10.416307 3.507937 4.611337
v 8.069064 -0.437535 10.840451
v 10.579813 1.588493 13.111977
v 10.624536 3.543083 10.072823
v 11.609584 -0.437535 15.766094
v 14.988416 1.588493 16.322305
v 13.442206 3.572303 14.195895
v 17.741946 -0.437535 18.102985
v 21.115233 1.588493 17.716813
v 18.120263 3.591528 16.424897
v 24.822985 -0.437535 18.353060
v 27.365974 1.588493 16.518018
v 23.854147 3.591167 16.540339
v 30.805022 -0.437535 15.491707
v 31.791231 1.588493 12.663011
v 28.962677 3.575240 14.198493
v 33.908040 -0.437535 10.292148
v 33.134234 1.588493 7.338860
v 31.767260 3.545650 9.910037
v 33.700662 -0.437535 4.275982
v 31.535556 3.508112 4.780112
v 23.287496 12.184441 5.423173
v 22.040034 12.301621 6.109298
v 22.549378 12.301621 6.630307
v 22.004653 12.192373 4.805099
v 21.261185 12.301621 5.993876
v 20.530963 12.191864 4.817723
v 20.481792 12.301621 6.109298
v 19.294426 12.183016 5.458485
v 19.966398 12.301621 6.630307
v 18.757984 12.170897 6.674695
v 19.891432 12.301621 7.387985
v 18.729138 12.156992 8.092636
v 19.966398 12.301621 8.144502
v 19.263201 12.147697 9.233329
v 20.481792 12.301621 8.651087
v 20.528584 12.140279 9.792201
v 21.261185 12.301621 8.730860
v 21.978810 12.137770 9.854372
v 22.040034 12.301621 8.651087
v 23.261654 12.144145 9.321387
v 22.549378 12.301621 8.144502
v 23.859460 12.155839 8.121211
v 22.610482 12.301621 7.387985
v 23.859460 12.171704 6.654695
v 29.449385 1.588492 -0.684667
v 23.924557 1.588492 -3.497049
v 17.791927 1.588492 -3.682520
v 12.458347 1.588492 -1.142015
v 9.216295 1.588492 4.286341
v 9.317557 1.588492 10.464990
v 12.504761 1.588492 14.998365
v 17.926786 1.588492 17.281947
v 24.349117 1.588492 17.466417
v 29.903340 1.588492 14.858868
v 32.859660 1.588492 10.104489
v 32.640557 1.588492 4.521684
v 22.511583 12.301621 6.164876
v 21.727434 12.301621 5.809972
v 20.794936 12.301621 5.809972
v 20.008610 12.301621 6.164876
v 19.693587 12.301621 6.936084
v 19.693587 12.301621 7.839885
v 20.008610 12.301621 8.606452
v 20.794936 12.301621 8.922225
v 21.727434 12.301621 8.922225
v 22.511583 12.301621 8.606452
v 22.811112 12.301621 7.839885
v 22.811112 12.301621 6.936084
v 16.352601 8.730433 11.496275
v 14.713952 8.650729 8.968558
v 14.604004 8.565766 5.657995
v 16.374216 8.479976 2.611391
v 19.445895 8.450667 0.845045
v 22.940583 8.454636 0.821101
v 26.156224 8.491233 2.546522
v 28.212077 8.569697 5.587664
v 28.342718 8.656386 9.223958
v 26.136296 8.727968 12.009911
v 22.665754 8.766181 13.517402
v 19.190072 8.777659 13.288574
v 20.195780 11.254163 10.867887
v 18.279548 11.283838 9.895492
v 17.403386 11.321017 8.398991
v 17.518771 11.376638 6.342427
v 18.404447 11.425113 4.562422
v 20.205294 11.460504 3.418986
v 22.370058 11.462541 3.368492
v 24.364838 11.430811 4.421176
v 25.454578 11.379865 6.262427
v 25.454578 11.316405 8.513290
v 24.261467 11.269628 10.247725
v 22.266688 11.244130 11.116574
v 12.048485 5.354798 9.647248
v 11.721889 5.214213 4.968310
v 14.314486 5.079948 0.666764
v 18.601200 5.015248 -1.379458
v 23.388143 5.017180 -1.279605
v 27.675876 5.085506 0.927079
v 30.340762 5.214916 5.063996
v 30.586817 5.365066 9.702001
v 27.944049 5.483426 13.483044
v 23.316970 5.547135 15.535388
v 18.331012 5.548581 15.495815
v 14.464184 5.471680 13.323944
vt 0.375000 0.312500
vt 0.625000 0.312500
vt 0.395833 0.312500
vt 0.416667 0.312500
vt 0.437500 0.312500
vt 0.458333 0.312500
vt 0.479167 0.312500
vt 0.500000 0.312500
vt 0.520833 0.312500
vt 0.541667 0.312500
vt 0.562500 0.312500
vt 0.583333 0.312500
vt 0.604167 0.312500
vt 0.635316 0.921875
vt 0.625000 0.688440
vt 0.375000 0.688440
vt 0.578125 0.979066
vt 0.395833 0.688440
vt 0.500000 1.000000
vt 0.416667 0.688440
vt 0.421875 0.979066
vt 0.437500 0.688440
vt 0.364684 0.921875
vt 0.458333 0.688440
vt 0.343750 0.843750
vt 0.479167 0.688440
vt 0.364684 0.765625
vt 0.500000 0.688440
vt 0.421875 0.708434
vt 0.520833 0.688440
vt 0.500000 0.687500
vt 0.541667 0.688440
vt 0.578125 0.708434
vt 0.562500 0.688440
vt 0.635316 0.765625
vt 0.583333 0.688440
vt 0.656250 0.843750
vt 0.604167 0.688440
vt 0.500000 0.838368
vt 0.520833 0.385433
vt 0.500000 0.385433
vt 0.479167 0.385433
vt 0.458333 0.385433
vt 0.437500 0.385433
vt 0.416667 0.385433
vt 0.395833 0.385433
vt 0.375000 0.378193
vt 0.625000 0.378193
vt 0.604167 0.385433
vt 0.583333 0.385433
vt 0.562500 0.385433
vt 0.541667 0.385433
vt 0.541667 0.488064
vt 0.520833 0.488064
vt 0.500000 0.488064
vt 0.479167 0.488064
vt 0.458333 0.488064
vt 0.437500 0.488064
vt 0.416667 0.488064
vt 0.395833 0.488064
vt 0.375000 0.472980
vt 0.625000 0.472980
vt 0.604167 0.488064
vt 0.583333 0.488064
vt 0.562500 0.488064
vt 0.500000 0.342329
vt 0.479167 0.342329
vt 0.458333 0.342329
vt 0.437500 0.342329
vt 0.416667 0.342329
vt 0.395833 0.342329
vt 0.375000 0.341324
vt 0.625000 0.341324
vt 0.604167 0.342329
vt 0.583333 0.342329
vt 0.562500 0.342329
vt 0.541667 0.342329
vt 0.520833 0.342329
vt 0.385417 0.326912
vt 0.406250 0.326912
vt 0.427083 0.326912
vt 0.447917 0.326912
vt 0.468750 0.326912
vt 0.489583 0.326912
vt 0.510417 0.326912
vt 0.531250 0.326912
vt 0.552083 0.326912
vt 0.572917 0.326912
vt 0.593750 0.326912
vt 0.614583 0.326912
vt 0.571147 0.912814
vt 0.526042 0.938856
vt 0.473958 0.938856
vt 0.428853 0.912814
vt 0.402811 0.867708
vt 0.402811 0.815625
vt 0.428853 0.770519
vt 0.473958 0.744478
vt 0.526042 0.744478
vt 0.571147 0.770519
vt 0.597189 0.815625
vt 0.597189 0.867708
vt 0.510417 0.425587
vt 0.489583 0.425587
vt 0.468750 0.425587
vt 0.447917 0.425587
vt 0.427083 0.425587
vt 0.406250 0.425587
vt 0.385417 0.425587
vt 0.614583 0.425587
vt 0.593750 0.425587
vt 0.572917 0.425587
vt 0.552083 0.425587
vt 0.531250 0.425587
vt 0.531250 0.580710
vt 0.510417 0.580710
vt 0.489583 0.580710
vt 0.468750 0.580710
vt 0.447917 0.580710
vt 0.427083 0.580710
vt 0.406250 0.580710
vt 0.385417 0.580710
vt 0.614583 0.580710
vt 0.593750 0.580710
vt 0.572917 0.580710
vt 0.552083 0.580710
vt 0.489583 0.359758
vt 0.468750 0.359758
vt 0.447917 0.359758
vt 0.427083 0.359758
vt 0.406250 0.359758
vt 0.385417 0.359758
vt 0.614583 0.359758
vt 0.593750 0.359758
vt 0.572917 0.359758
vt 0.552083 0.359758
vt 0.531250 0.359758
vt 0.510417 0.359758
vt 0.385417 0.312500
vt 0.395833 0.326912
vt 0.385417 0.342329
vt 0.375000 0.326912
vt 0.625000 0.326912
vt 0.406250 0.312500
vt 0.416667 0.326912
vt 0.406250 0.342329
vt 0.427083 0.312500
vt 0.437500 0.326912
vt 0.427083 0.342329
vt 0.447917 0.312500
vt 0.458333 0.326912
vt 0.447917 0.342329
vt 0.468750 0.312500
vt 0.479167 0.326912
vt 0.468750 0.342329
vt 0.489583 0.312500
vt 0.500000 0.326912
vt 0.489583 0.342329
vt 0.510417 0.312500
vt 0.520833 0.326912
vt 0.510417 0.342329
vt 0.531250 0.312500
vt 0.541667 0.326912
vt 0.531250 0.342329
vt 0.552083 0.312500
vt 0.562500 0.326912
vt 0.552083 0.342329
vt 0.572917 0.312500
vt 0.583333 0.326912
vt 0.572917 0.342329
vt 0.593750 0.312500
vt 0.604167 0.326912
vt 0.593750 0.342329
vt 0.614583 0.312500
vt 0.614583 0.342329
vt 0.606721 0.950471
vt 0.385417 0.688440
vt 0.543828 0.917059
vt 0.575913 0.884974
vt 0.539062 0.989533
vt 0.406250 0.688440
vt 0.500000 0.928803
vt 0.460938 0.989533
vt 0.427083 0.688440
vt 0.456172 0.917059
vt 0.393279 0.950471
vt 0.447917 0.688440
vt 0.424087 0.884974
vt 0.354217 0.882812
vt 0.468750 0.688440
vt 0.412343 0.841146
vt 0.354217 0.804688
vt 0.489583 0.688440
vt 0.424087 0.797317
vt 0.393279 0.737029
vt 0.510417 0.688440
vt 0.456172 0.765233
vt 0.460938 0.697967
vt 0.531250 0.688440
vt 0.500000 0.753489
vt 0.539062 0.697967
vt 0.552083 0.688440
vt 0.543828 0.765233
vt 0.606721 0.737029
vt 0.572917 0.688440
vt 0.575913 0.797317
vt 0.645783 0.804688
vt 0.593750 0.688440
vt 0.587657 0.841146
vt 0.645783 0.882812
vt 0.614583 0.688440
vt 0.510417 0.385433
vt 0.520833 0.425587
vt 0.510417 0.488064
vt 0.500000 0.425587
vt 0.489583 0.385433
vt 0.489583 0.488064
vt 0.479167 0.425587
vt 0.468750 0.385433
vt 0.468750 0.488064
vt 0.458333 0.425587
vt 0.447917 0.385433
vt 0.447917 0.488064
vt 0.437500 0.425587
vt 0.427083 0.385433
vt 0.427083 0.488064
vt 0.416667 0.425587
vt 0.406250 0.385433
vt 0.406250 0.488064
vt 0.395833 0.425587
vt 0.385417 0.385433
vt 0.385417 0.488064
vt 0.375000 0.425587
vt 0.625000 0.425587
vt 0.614583 0.385433
vt 0.614583 0.488064
vt 0.604167 0.425587
vt 0.593750 0.385433
vt 0.593750 0.488064
vt 0.583333 0.425587
vt 0.572917 0.385433
vt 0.572917 0.488064
vt 0.562500 0.425587
vt 0.552083 0.385433
vt 0.552083 0.488064
vt 0.541667 0.425587
vt 0.531250 0.385433
vt 0.531250 0.488064
vt 0.541667 0.580710
vt 0.520833 0.580710
vt 0.500000 0.580710
vt 0.479167 0.580710
vt 0.458333 0.580710
vt 0.437500 0.580710
vt 0.416667 0.580710
vt 0.395833 0.580710
vt 0.375000 0.580710
vt 0.625000 0.580710
vt 0.604167 0.580710
vt 0.583333 0.580710
vt 0.562500 0.580710
vt 0.500000 0.359758
vt 0.479167 0.359758
vt 0.458333 0.359758
vt 0.437500 0.359758
vt 0.416667 0.359758
vt 0.395833 0.359758
vt 0.375000 0.359758
vt 0.625000 0.359758
vt 0.604167 0.359758
vt 0.583333 0.359758
vt 0.562500 0.359758
vt 0.541667 0.359758
vt 0.520833 0.359758
vn 0.751812 0.477673 -0.454540
vn 0.614222 0.475175 -0.630032
vn 0.605692 0.494234 -0.623595
vn 0.740400 0.495297 -0.454410
vn 0.401799 0.468736 -0.786667
vn 0.395482 0.488555 -0.777758
vn 0.376633 0.555848 -0.741067
vn 0.576399 0.557935 -0.597054
vn 0.703820 0.553536 -0.445235
vn 0.171069 0.457481 -0.872609
vn 0.168397 0.478335 -0.861881
vn 0.026966 0.456666 -0.889229
vn 0.026585 0.478165 -0.877868
vn 0.022069 0.550097 -0.834809
vn 0.161027 0.548581 -0.820444
vn -0.130878 0.474996 -0.870201
vn -0.125993 0.495775 -0.859263
vn -0.377344 0.498863 -0.780223
vn -0.367042 0.519144 -0.771862
vn -0.345857 0.588109 -0.731102
vn -0.125874 0.567544 -0.813664
vn -0.593545 0.503510 -0.627839
vn -0.582431 0.523450 -0.621912
vn -0.742377 0.502485 -0.443154
vn -0.732454 0.521250 -0.437961
vn -0.695190 0.582484 -0.421217
vn -0.544637 0.589208 -0.596829
vn -0.831238 0.507759 -0.226327
vn -0.822218 0.524902 -0.220080
vn -0.853100 0.521704 0.006698
vn -0.843365 0.537184 0.013006
vn -0.809247 0.586895 0.025946
vn -0.788021 0.580351 -0.205463
vn -0.807438 0.538591 0.240756
vn -0.797051 0.552417 0.244019
vn -0.689303 0.538280 0.484889
vn -0.682904 0.550400 0.480314
vn -0.668382 0.590446 0.452370
vn -0.762557 0.596778 0.249727
vn -0.504643 0.489632 0.711052
vn -0.509069 0.500274 0.700410
vn -0.340481 0.423116 0.839670
vn -0.350168 0.433125 0.830533
vn -0.382359 0.467873 0.796804
vn -0.536300 0.540782 0.648026
vn -0.199728 0.389959 0.898911
vn -0.203589 0.398870 0.894122
vn -0.024095 0.396624 0.917665
vn -0.026298 0.404883 0.913990
vn -0.018027 0.432516 0.901446
vn -0.212736 0.426545 0.879092
vn 0.174939 0.426823 0.887253
vn 0.169282 0.434853 0.884447
vn 0.389972 0.455897 0.800050
vn 0.376022 0.464189 0.801958
vn 0.363202 0.493529 0.790262
vn 0.176607 0.464329 0.867876
vn 0.593535 0.467141 0.655359
vn 0.577621 0.476612 0.662718
vn 0.757440 0.468930 0.454301
vn 0.745339 0.479896 0.462784
vn 0.719221 0.515239 0.466101
vn 0.550233 0.507393 0.663171
vn 0.859005 0.466907 0.210019
vn 0.850909 0.479753 0.213988
vn 0.884053 0.466291 -0.031975
vn 0.876063 0.480937 -0.034830
vn 0.848194 0.527969 -0.042609
vn 0.826170 0.520866 0.214806
vn 0.843605 0.472672 -0.254779
vn 0.832631 0.488792 -0.260400
vn 0.796565 0.541113 -0.269594
vn 0.319841 0.935306 -0.151341
vn 0.253956 0.930356 -0.264470
vn 0.051400 0.997587 -0.046664
vn 0.040866 0.999045 -0.015462
vn 0.168598 0.933181 -0.317409
vn 0.018388 0.999200 -0.035513
vn 0.000000 1.000000 0.000000
vn 0.086147 0.935005 -0.344012
vn 0.012245 0.997897 -0.063652
vn -0.006350 0.941001 -0.338345
vn -0.000264 0.999269 -0.038217
vn -0.104209 0.931528 -0.348420
vn -0.013606 0.997854 -0.064046
vn -0.198575 0.924781 -0.324575
vn -0.019310 0.999180 -0.035583
vn -0.301888 0.913584 -0.272447
vn -0.055028 0.997342 -0.047762
vn -0.376831 0.912636 -0.158410
vn -0.041980 0.998990 -0.016042
vn -0.418805 0.906594 -0.051864
vn -0.081457 0.996671 -0.003275
vn -0.408839 0.912604 -0.002185
vn -0.049663 0.998765 0.001308
vn -0.420348 0.905597 0.056578
vn -0.085917 0.996237 0.011435
vn -0.374788 0.903238 0.209032
vn -0.047050 0.998628 0.022978
vn -0.289012 0.871137 0.396979
vn -0.062315 0.995281 0.074377
vn -0.211175 0.860033 0.464487
vn -0.022941 0.998223 0.054994
vn -0.137898 0.865989 0.480674
vn -0.012856 0.994574 0.103237
vn -0.036069 0.887641 0.459121
vn -0.001258 0.998184 0.060233
vn 0.074004 0.884655 0.460336
vn 0.009791 0.994788 0.101493
vn 0.173273 0.887401 0.427196
vn 0.021925 0.998237 0.055148
vn 0.264269 0.894988 0.359387
vn 0.061994 0.995405 0.072971
vn 0.336650 0.917093 0.213556
vn 0.047671 0.998565 0.024411
vn 0.366752 0.926505 0.084152
vn 0.082547 0.996501 0.013075
vn 0.352496 0.935682 0.015670
vn 0.048782 0.998807 0.002408
vn 0.355739 0.933518 -0.044647
vn 0.076693 0.997053 -0.001657
vn -0.666302 0.626991 0.403638
vn -0.567575 0.624473 0.536556
vn -0.520727 0.659428 0.542216
vn -0.662639 0.629661 0.405508
vn -0.423548 0.613890 0.666143
vn -0.389300 0.692955 0.606843
vn -0.349270 0.710167 0.611289
vn -0.441884 0.692323 0.570463
vn -0.608830 0.692133 0.387657
vn -0.751952 0.658601 0.028497
vn -0.726721 0.642745 0.242395
vn -0.733901 0.646506 0.208372
vn -0.741029 0.671414 0.008943
vn -0.688915 0.709682 0.147474
vn -0.690934 0.722836 -0.010891
vn -0.637425 0.654763 -0.406171
vn -0.725535 0.660999 -0.191519
vn -0.717000 0.672572 -0.183188
vn -0.644897 0.654445 -0.394727
vn -0.677348 0.719505 -0.153338
vn -0.621813 0.703739 -0.343657
vn -0.347657 0.615849 -0.707011
vn -0.501654 0.639716 -0.582329
vn -0.526081 0.622526 -0.579396
vn -0.394612 0.583983 -0.709397
vn -0.517056 0.681129 -0.518379
vn -0.400062 0.662850 -0.632914
vn 0.007025 0.537285 -0.843372
vn -0.167768 0.573421 -0.801899
vn -0.224678 0.534538 -0.814732
vn -0.004266 0.495854 -0.868395
vn -0.244591 0.648766 -0.720609
vn -0.012230 0.636856 -0.770886
vn 0.376066 0.555129 -0.741894
vn 0.177137 0.539235 -0.823315
vn 0.211214 0.497723 -0.841226
vn 0.399319 0.514884 -0.758577
vn 0.212419 0.635404 -0.742388
vn 0.368348 0.640126 -0.674210
vn 0.689858 0.542905 -0.478904
vn 0.562223 0.551706 -0.616057
vn 0.569747 0.513899 -0.641324
vn 0.705600 0.514902 -0.486831
vn 0.504749 0.643918 -0.574976
vn 0.630498 0.658701 -0.410591
vn 0.822202 0.565647 -0.063457
vn 0.776594 0.549578 -0.308002
vn 0.786781 0.545347 -0.289088
vn 0.808792 0.586356 -0.045194
vn 0.692724 0.690962 -0.206652
vn 0.694118 0.719815 -0.008235
vn 0.667383 0.572873 0.475832
vn 0.791153 0.573125 0.213553
vn 0.763518 0.608388 0.216573
vn 0.630797 0.613681 0.474859
vn 0.656952 0.728141 0.195512
vn 0.549741 0.716773 0.428976
vn 0.336255 0.561198 0.756300
vn 0.486256 0.567865 0.664142
vn 0.446805 0.610457 0.653994
vn 0.320832 0.609208 0.725212
vn 0.393738 0.693870 0.602922
vn 0.291068 0.684360 0.668529
vn -0.021050 0.551376 0.833991
vn 0.190303 0.547503 0.814878
vn 0.189719 0.611569 0.768108
vn -0.043628 0.643250 0.764412
vn 0.169361 0.692775 0.700985
vn -0.067052 0.714931 0.695973
vn -0.245336 0.583236 0.774368
vn -0.261681 0.684847 0.680079
vn -0.269982 0.722610 0.636352
vn -0.236894 0.749250 0.618470
vn -0.311034 0.726488 0.612759
vn -0.070277 0.771927 0.631815
vn -0.384989 0.741666 0.549285
vn -0.526258 0.782841 0.331983
vn -0.594251 0.798497 0.096271
vn -0.600576 0.799478 -0.011973
vn -0.595225 0.796648 -0.105163
vn -0.549810 0.792400 -0.264218
vn -0.448243 0.791424 -0.415604
vn -0.331823 0.797954 -0.503153
vn -0.192694 0.815117 -0.546310
vn -0.013231 0.825295 -0.564547
vn 0.158555 0.820835 -0.548717
vn 0.280995 0.813040 -0.509910
vn 0.386428 0.817203 -0.427612
vn 0.484818 0.829277 -0.277939
vn 0.528370 0.841960 -0.109217
vn 0.531875 0.846672 0.015983
vn 0.520701 0.840820 0.147956
vn 0.459478 0.818651 0.344514
vn 0.345824 0.784399 0.514902
vn 0.250498 0.765599 0.592544
vn 0.129247 0.771727 0.622682
vn -0.727069 0.639642 0.249456
vn -0.767274 0.640456 0.033252
vn -0.656828 0.627609 0.417952
vn -0.742859 0.640797 -0.193752
vn -0.647485 0.645661 -0.404826
vn -0.499986 0.650822 -0.571353
vn -0.323637 0.647828 -0.689622
vn -0.130094 0.624750 -0.769911
vn 0.015901 0.602794 -0.797738
vn 0.155350 0.601830 -0.783369
vn 0.356628 0.609630 -0.707932
vn 0.545708 0.606438 -0.578304
vn 0.668290 0.595834 -0.445387
vn 0.760645 0.582665 -0.286218
vn 0.818456 0.571834 -0.055999
vn 0.798856 0.563243 0.211156
vn 0.689025 0.554223 0.466992
vn 0.517527 0.543238 0.661104
vn 0.348318 0.529615 0.773422
vn 0.183962 0.503549 0.844154
vn -0.012815 0.478125 0.878198
vn -0.226838 0.482116 0.846232
vn -0.415624 0.526126 0.741922
vn -0.562483 0.587481 0.581790
s 1
g group3 pCylinder1
usemtl initialShadingGroup
f 2871/5735/4001 2992/5873/4002 3052/5813/4003 2995/5876/4004
f 2992/5873/4002 2872/5737/4005 2993/5874/4006 3052/5813/4003
f 3052/5813/4003 2993/5874/4006 2925/5805/4007 2994/5875/4008
f 2995/5876/4004 3052/5813/4003 2994/5875/4008 2926/5806/4009
f 2872/5737/4005 2996/5878/4010 3053/5814/4011 2993/5874/4006
f 2996/5878/4010 2873/5738/4012 2997/5879/4013 3053/5814/4011
f 3053/5814/4011 2997/5879/4013 2924/5804/4014 2998/5880/4015
f 2993/5874/4006 3053/5814/4011 2998/5880/4015 2925/5805/4007
f 2873/5738/4012 2999/5881/4016 3054/5815/4017 2997/5879/4013
f 2999/5881/4016 2874/5739/4018 3000/5882/4019 3054/5815/4017
f 3054/5815/4017 3000/5882/4019 2923/5803/4020 3001/5883/4021
f 2997/5879/4013 3054/5815/4017 3001/5883/4021 2924/5804/4014
f 2874/5739/4018 3002/5884/4022 3055/5816/4023 3000/5882/4019
f 3002/5884/4022 2875/5740/4024 3003/5885/4025 3055/5816/4023
f 3055/5816/4023 3003/5885/4025 2922/5802/4026 3004/5886/4027
f 3000/5882/4019 3055/5816/4023 3004/5886/4027 2923/5803/4020
f 2875/5740/4024 3005/5887/4028 3056/5817/4029 3003/5885/4025
f 3005/5887/4028 2876/5741/4030 3006/5888/4031 3056/5817/4029
f 3056/5817/4029 3006/5888/4031 2921/5801/4032 3007/5889/4033
f 3003/5885/4025 3056/5817/4029 3007/5889/4033 2922/5802/4026
f 2876/5741/4030 3008/5890/4034 3057/5818/4035 3006/5888/4031
f 3008/5890/4034 2877/5742/4036 3009/5891/4037 3057/5818/4035
f 3057/5818/4035 3009/5891/4037 2920/5800/4038 3010/5892/4039
f 3006/5888/4031 3057/5818/4035 3010/5892/4039 2921/5801/4032
f 2877/5742/4036 3011/5893/4040 3058/5819/4041 3009/5891/4037
f 3011/5893/4040 2878/5743/4042 3012/5894/4043 3058/5819/4041
f 3058/5819/4041 3012/5894/4043 2931/5812/4044 3013/5895/4045
f 3009/5891/4037 3058/5819/4041 3013/5895/4045 2920/5800/4038
f 2878/5743/4042 3014/5896/4046 3059/5820/4047 3012/5894/4043
f 3014/5896/4046 2879/5744/4048 3015/5897/4049 3059/5820/4047
f 3059/5820/4047 3015/5897/4049 2930/5811/4050 3016/5898/4051
f 3012/5894/4043 3059/5820/4047 3016/5898/4051 2931/5812/4044
f 2879/5744/4048 3017/5899/4052 3060/5821/4053 3015/5897/4049
f 3017/5899/4052 2880/5745/4054 3018/5900/4055 3060/5821/4053
f 3060/5821/4053 3018/5900/4055 2929/5810/4056 3019/5901/4057
f 3015/5897/4049 3060/5821/4053 3019/5901/4057 2930/5811/4050
f 2880/5745/4054 3020/5902/4058 3061/5822/4059 3018/5900/4055
f 3020/5902/4058 2881/5746/4060 3021/5903/4061 3061/5822/4059
f 3061/5822/4059 3021/5903/4061 2928/5809/4062 3022/5904/4063
f 3018/5900/4055 3061/5822/4059 3022/5904/4063 2929/5810/4056
f 2881/5746/4060 3023/5905/4064 3062/5823/4065 3021/5903/4061
f 3023/5905/4064 2882/5747/4066 3024/5906/4067 3062/5823/4065
f 3062/5823/4065 3024/5906/4067 2927/5808/4068 3025/5907/4069
f 3021/5903/4061 3062/5823/4065 3025/5907/4069 2928/5809/4062
f 2882/5747/4066 3026/5908/4070 3063/5824/4071 3024/5906/4067
f 3026/5908/4070 2871/5736/4001 2995/5877/4004 3063/5824/4071
f 3063/5824/4071 2995/5877/4004 2926/5807/4009 3027/5909/4072
f 3024/5906/4067 3063/5824/4071 3027/5909/4072 2927/5808/4068
f 2883/5748/4073 3028/5910/4074 3064/5825/4075 3030/5913/4076
f 2884/5751/4077 3029/5912/4078 3064/5825/4075 3028/5910/4074
f 2895/5773/4079 3030/5913/4076 3064/5825/4075 3029/5912/4078
f 2884/5751/4077 3031/5914/4080 3065/5826/4081 3029/5912/4078
f 2885/5753/4082 3032/5916/4083 3065/5826/4081 3031/5914/4080
f 2895/5773/4079 3029/5912/4078 3065/5826/4081 3032/5916/4083
f 2885/5753/4082 3033/5917/4084 3066/5827/4085 3032/5916/4083
f 2886/5755/4086 3034/5919/4087 3066/5827/4085 3033/5917/4084
f 2895/5773/4079 3032/5916/4083 3066/5827/4085 3034/5919/4087
f 2886/5755/4086 3035/5920/4088 3067/5828/4089 3034/5919/4087
f 2887/5757/4090 3036/5922/4091 3067/5828/4089 3035/5920/4088
f 2895/5773/4079 3034/5919/4087 3067/5828/4089 3036/5922/4091
f 2887/5757/4090 3037/5923/4092 3068/5829/4093 3036/5922/4091
f 2888/5759/4094 3038/5925/4095 3068/5829/4093 3037/5923/4092
f 2895/5773/4079 3036/5922/4091 3068/5829/4093 3038/5925/4095
f 2888/5759/4094 3039/5926/4096 3069/5830/4097 3038/5925/4095
f 2889/5761/4098 3040/5928/4099 3069/5830/4097 3039/5926/4096
f 2895/5773/4079 3038/5925/4095 3069/5830/4097 3040/5928/4099
f 2889/5761/4098 3041/5929/4100 3070/5831/4101 3040/5928/4099
f 2890/5763/4102 3042/5931/4103 3070/5831/4101 3041/5929/4100
f 2895/5773/4079 3040/5928/4099 3070/5831/4101 3042/5931/4103
f 2890/5763/4102 3043/5932/4104 3071/5832/4105 3042/5931/4103
f 2891/5765/4106 3044/5934/4107 3071/5832/4105 3043/5932/4104
f 2895/5773/4079 3042/5931/4103 3071/5832/4105 3044/5934/4107
f 2891/5765/4106 3045/5935/4108 3072/5833/4109 3044/5934/4107
f 2892/5767/4110 3046/5937/4111 3072/5833/4109 3045/5935/4108
f 2895/5773/4079 3044/5934/4107 3072/5833/4109 3046/5937/4111
f 2892/5767/4110 3047/5938/4112 3073/5834/4113 3046/5937/4111
f 2893/5769/4114 3048/5940/4115 3073/5834/4113 3047/5938/4112
f 2895/5773/4079 3046/5937/4111 3073/5834/4113 3048/5940/4115
f 2893/5769/4114 3049/5941/4116 3074/5835/4117 3048/5940/4115
f 2894/5771/4118 3050/5943/4119 3074/5835/4117 3049/5941/4116
f 2895/5773/4079 3048/5940/4115 3074/5835/4117 3050/5943/4119
f 2894/5771/4118 3051/5944/4120 3075/5836/4121 3050/5943/4119
f 2883/5748/4073 3030/5913/4076 3075/5836/4121 3051/5944/4120
f 2895/5773/4079 3050/5943/4119 3075/5836/4121 3030/5913/4076
f 2897/5775/4122 2932/5946/4123 3076/5837/4124 2935/5949/4125
f 2932/5946/4123 2896/5774/4126 2933/5947/4127 3076/5837/4124
f 3076/5837/4124 2933/5947/4127 2909/5788/4128 2934/5948/4129
f 2935/5949/4125 3076/5837/4124 2934/5948/4129 2910/5789/4130
f 2898/5776/4131 2936/5950/4132 3077/5838/4133 2938/5952/4134
f 2936/5950/4132 2897/5775/4122 2935/5949/4125 3077/5838/4133
f 3077/5838/4133 2935/5949/4125 2910/5789/4130 2937/5951/4135
f 2938/5952/4134 3077/5838/4133 2937/5951/4135 2911/5790/4136
f 2899/5777/4137 2939/5953/4138 3078/5839/4139 2941/5955/4140
f 2939/5953/4138 2898/5776/4131 2938/5952/4134 3078/5839/4139
f 3078/5839/4139 2938/5952/4134 2911/5790/4136 2940/5954/4141
f 2941/5955/4140 3078/5839/4139 2940/5954/4141 2912/5791/4142
f 2900/5778/4143 2942/5956/4144 3079/5840/4145 2944/5958/4146
f 2942/5956/4144 2899/5777/4137 2941/5955/4140 3079/5840/4145
f 3079/5840/4145 2941/5955/4140 2912/5791/4142 2943/5957/4147
f 2944/5958/4146 3079/5840/4145 2943/5957/4147 2913/5792/4148
f 2901/5779/4149 2945/5959/4150 3080/5841/4151 2947/5961/4152
f 2945/5959/4150 2900/5778/4143 2944/5958/4146 3080/5841/4151
f 3080/5841/4151 2944/5958/4146 2913/5792/4148 2946/5960/4153
f 2947/5961/4152 3080/5841/4151 2946/5960/4153 2914/5793/4154
f 2902/5780/4155 2948/5962/4156 3081/5842/4157 2950/5964/4158
f 2948/5962/4156 2901/5779/4149 2947/5961/4152 3081/5842/4157
f 3081/5842/4157 2947/5961/4152 2914/5793/4154 2949/5963/4159
f 2950/5964/4158 3081/5842/4157 2949/5963/4159 2915/5794/4160
f 2903/5781/4161 2951/5965/4162 3082/5843/4163 2953/5967/4164
f 2951/5965/4162 2902/5780/4155 2950/5964/4158 3082/5843/4163
f 3082/5843/4163 2950/5964/4158 2915/5794/4160 2952/5966/4165
f 2953/5967/4164 3082/5843/4163 2952/5966/4165 2916/5795/4166
f 2904/5783/4167 2954/5969/4168 3083/5844/4169 2956/5971/4170
f 2954/5969/4168 2903/5782/4161 2953/5968/4164 3083/5844/4169
f 3083/5844/4169 2953/5968/4164 2916/5796/4166 2955/5970/4171
f 2956/5971/4170 3083/5844/4169 2955/5970/4171 2917/5797/4172
f 2905/5784/4173 2957/5972/4174 3084/5845/4175 2959/5974/4176
f 2957/5972/4174 2904/5783/4167 2956/5971/4170 3084/5845/4175
f 3084/5845/4175 2956/5971/4170 2917/5797/4172 2958/5973/4177
f 2959/5974/4176 3084/5845/4175 2958/5973/4177 2918/5798/4178
f 2906/5785/4179 2960/5975/4180 3085/5846/4181 2962/5977/4182
f 2960/5975/4180 2905/5784/4173 2959/5974/4176 3085/5846/4181
f 3085/5846/4181 2959/5974/4176 2918/5798/4178 2961/5976/4183
f 2962/5977/4182 3085/5846/4181 2961/5976/4183 2919/5799/4184
f 2907/5786/4185 2963/5978/4186 3086/5847/4187 2965/5980/4188
f 2963/5978/4186 2906/5785/4179 2962/5977/4182 3086/5847/4187
f 3086/5847/4187 2962/5977/4182 2919/5799/4184 2964/5979/4189
f 2965/5980/4188 3086/5847/4187 2964/5979/4189 2908/5787/4190
f 2896/5774/4126 2966/5981/4191 3087/5848/4192 2933/5947/4127
f 2966/5981/4191 2907/5786/4185 2965/5980/4188 3087/5848/4192
f 3087/5848/4192 2965/5980/4188 2908/5787/4190 2967/5982/4193
f 2933/5947/4127 3087/5848/4192 2967/5982/4193 2909/5788/4128
f 2909/5788/4128 2967/5982/4193 3088/5849/4194 2969/5984/4195
f 2967/5982/4193 2908/5787/4190 2968/5983/4196 3088/5849/4194
f 3088/5849/4194 2968/5983/4196 2891/5766/4106 3043/5933/4104
f 2969/5984/4195 3088/5849/4194 3043/5933/4104 2890/5764/4102
f 2910/5789/4130 2934/5948/4129 3089/5850/4197 2970/5985/4198
f 2934/5948/4129 2909/5788/4128 2969/5984/4195 3089/5850/4197
f 3089/5850/4197 2969/5984/4195 2890/5764/4102 3041/5930/4100
f 2970/5985/4198 3089/5850/4197 3041/5930/4100 2889/5762/4098
f 2911/5790/4136 2937/5951/4135 3090/5851/4199 2971/5986/4200
f 2937/5951/4135 2910/5789/4130 2970/5985/4198 3090/5851/4199
f 3090/5851/4199 2970/5985/4198 2889/5762/4098 3039/5927/4096
f 2971/5986/4200 3090/5851/4199 3039/5927/4096 2888/5760/4094
f 2912/5791/4142 2940/5954/4141 3091/5852/4201 2972/5987/4202
f 2940/5954/4141 2911/5790/4136 2971/5986/4200 3091/5852/4201
f 3091/5852/4201 2971/5986/4200 2888/5760/4094 3037/5924/4092
f 2972/5987/4202 3091/5852/4201 3037/5924/4092 2887/5758/4090
f 2913/5792/4148 2943/5957/4147 3092/5853/4203 2973/5988/4204
f 2943/5957/4147 2912/5791/4142 2972/5987/4202 3092/5853/4203
f 3092/5853/4203 2972/5987/4202 2887/5758/4090 3035/5921/4088
f 2973/5988/4204 3092/5853/4203 3035/5921/4088 2886/5756/4086
f 2914/5793/4154 2946/5960/4153 3093/5854/4205 2974/5989/4206
f 2946/5960/4153 2913/5792/4148 2973/5988/4204 3093/5854/4205
f 3093/5854/4205 2973/5988/4204 2886/5756/4086 3033/5918/4084
f 2974/5989/4206 3093/5854/4205 3033/5918/4084 2885/5754/4082
f 2915/5794/4160 2949/5963/4159 3094/5855/4207 2975/5990/4208
f 2949/5963/4159 2914/5793/4154 2974/5989/4206 3094/5855/4207
f 3094/5855/4207 2974/5989/4206 2885/5754/4082 3031/5915/4080
f 2975/5990/4208 3094/5855/4207 3031/5915/4080 2884/5752/4077
f 2916/5795/4166 2952/5966/4165 3095/5856/4209 2976/5991/4210
f 2952/5966/4165 2915/5794/4160 2975/5990/4208 3095/5856/4209
f 3095/5856/4209 2975/5990/4208 2884/5752/4077 3028/5911/4074
f 2976/5991/4210 3095/5856/4209 3028/5911/4074 2883/5750/4073
f 2917/5797/4172 2955/5970/4171 3096/5857/4211 2977/5993/4212
f 2955/5970/4171 2916/5796/4166 2976/5992/4210 3096/5857/4211
f 3096/5857/4211 2976/5992/4210 2883/5749/4073 3051/5945/4120
f 2977/5993/4212 3096/5857/4211 3051/5945/4120 2894/5772/4118
f 2918/5798/4178 2958/5973/4177 3097/5858/4213 2978/5994/4214
f 2958/5973/4177 2917/5797/4172 2977/5993/4212 3097/5858/4213
f 3097/5858/4213 2977/5993/4212 2894/5772/4118 3049/5942/4116
f 2978/5994/4214 3097/5858/4213 3049/5942/4116 2893/5770/4114
f 2919/5799/4184 2961/5976/4183 3098/5859/4215 2979/5995/4216
f 2961/5976/4183 2918/5798/4178 2978/5994/4214 3098/5859/4215
f 3098/5859/4215 2978/5994/4214 2893/5770/4114 3047/5939/4112
f 2979/5995/4216 3098/5859/4215 3047/5939/4112 2892/5768/4110
f 2908/5787/4190 2964/5979/4189 3099/5860/4217 2968/5983/4196
f 2964/5979/4189 2919/5799/4184 2979/5995/4216 3099/5860/4217
f 3099/5860/4217 2979/5995/4216 2892/5768/4110 3045/5936/4108
f 2968/5983/4196 3099/5860/4217 3045/5936/4108 2891/5766/4106
f 2921/5801/4032 3010/5892/4039 3100/5861/4218 2981/5997/4219
f 3010/5892/4039 2920/5800/4038 2980/5996/4220 3100/5861/4218
f 3100/5861/4218 2980/5996/4220 2897/5775/4122 2936/5950/4132
f 2981/5997/4219 3100/5861/4218 2936/5950/4132 2898/5776/4131
f 2922/5802/4026 3007/5889/4033 3101/5862/4221 2982/5998/4222
f 3007/5889/4033 2921/5801/4032 2981/5997/4219 3101/5862/4221
f 3101/5862/4221 2981/5997/4219 2898/5776/4131 2939/5953/4138
f 2982/5998/4222 3101/5862/4221 2939/5953/4138 2899/5777/4137
f 2923/5803/4020 3004/5886/4027 3102/5863/4223 2983/5999/4224
f 3004/5886/4027 2922/5802/4026 2982/5998/4222 3102/5863/4223
f 3102/5863/4223 2982/5998/4222 2899/5777/4137 2942/5956/4144
f 2983/5999/4224 3102/5863/4223 2942/5956/4144 2900/5778/4143
f 2924/5804/4014 3001/5883/4021 3103/5864/4225 2984/6000/4226
f 3001/5883/4021 2923/5803/4020 2983/5999/4224 3103/5864/4225
f 3103/5864/4225 2983/5999/4224 2900/5778/4143 2945/5959/4150
f 2984/6000/4226 3103/5864/4225 2945/5959/4150 2901/5779/4149
f 2925/5805/4007 2998/5880/4015 3104/5865/4227 2985/6001/4228
f 2998/5880/4015 2924/5804/4014 2984/6000/4226 3104/5865/4227
f 3104/5865/4227 2984/6000/4226 2901/5779/4149 2948/5962/4156
f 2985/6001/4228 3104/5865/4227 2948/5962/4156 2902/5780/4155
f 2926/5806/4009 2994/5875/4008 3105/5866/4229 2986/6002/4230
f 2994/5875/4008 2925/5805/4007 2985/6001/4228 3105/5866/4229
f 3105/5866/4229 2985/6001/4228 2902/5780/4155 2951/5965/4162
f 2986/6002/4230 3105/5866/4229 2951/5965/4162 2903/5781/4161
f 2927/5808/4068 3027/5909/4072 3106/5867/4231 2987/6004/4232
f 3027/5909/4072 2926/5807/4009 2986/6003/4230 3106/5867/4231
f 3106/5867/4231 2986/6003/4230 2903/5782/4161 2954/5969/4168
f 2987/6004/4232 3106/5867/4231 2954/5969/4168 2904/5783/4167
f 2928/5809/4062 3025/5907/4069 3107/5868/4233 2988/6005/4234
f 3025/5907/4069 2927/5808/4068 2987/6004/4232 3107/5868/4233
f 3107/5868/4233 2987/6004/4232 2904/5783/4167 2957/5972/4174
f 2988/6005/4234 3107/5868/4233 2957/5972/4174 2905/5784/4173
f 2929/5810/4056 3022/5904/4063 3108/5869/4235 2989/6006/4236
f 3022/5904/4063 2928/5809/4062 2988/6005/4234 3108/5869/4235
f 3108/5869/4235 2988/6005/4234 2905/5784/4173 2960/5975/4180
f 2989/6006/4236 3108/5869/4235 2960/5975/4180 2906/5785/4179
f 2930/5811/4050 3019/5901/4057 3109/5870/4237 2990/6007/4238
f 3019/5901/4057 2929/5810/4056 2989/6006/4236 3109/5870/4237
f 3109/5870/4237 2989/6006/4236 2906/5785/4179 2963/5978/4186
f 2990/6007/4238 3109/5870/4237 2963/5978/4186 2907/5786/4185
f 2931/5812/4044 3016/5898/4051 3110/5871/4239 2991/6008/4240
f 3016/5898/4051 2930/5811/4050 2990/6007/4238 3110/5871/4239
f 3110/5871/4239 2990/6007/4238 2907/5786/4185 2966/5981/4191
f 2991/6008/4240 3110/5871/4239 2966/5981/4191 2896/5774/4126
f 2920/5800/4038 3013/5895/4045 3111/5872/4241 2980/5996/4220
f 3013/5895/4045 2931/5812/4044 2991/6008/4240 3111/5872/4241
f 3111/5872/4241 2991/6008/4240 2896/5774/4126 2932/5946/4123
f 2980/5996/4220 3111/5872/4241 2932/5946/4123 2897/5775/4122
