# This file uses centimeters as units for non-parametric coordinates.

mtllib IslaPuebloV2.mtl
g default
v -15.454984 21.225254 24.561239
v -15.843231 21.358143 26.380281
v -13.650173 21.209145 26.877382
v -13.241643 21.018967 24.949509
v -25.518387 13.498385 20.245955
v -27.982935 13.699906 23.297068
v -23.964573 16.803402 24.452894
v -22.154465 16.100016 20.662872
v -23.661346 16.902437 28.499832
v -28.095675 14.097315 26.479313
v -15.775225 21.313181 25.456539
v -13.280670 21.116262 25.988411
v -14.810913 21.296289 26.786554
v -14.606822 21.224245 25.771196
v -14.388386 21.117271 24.646339
v -16.120348 21.169462 23.592962
v -17.074953 21.365879 25.073004
v -16.898273 21.392195 26.821650
v -12.086232 20.712685 24.176344
v -14.092563 20.865280 23.203075
v -11.696683 20.874693 26.156023
v -12.920297 21.081360 27.753569
v -15.181010 21.275122 27.986225
v -32.760120 2.641456 17.944967
v -36.433064 2.504330 23.605844
v -38.369137 2.564132 28.883991
v -14.838476 15.782388 18.207865
v -8.967796 15.663069 20.781477
v -16.703543 16.587757 32.626640
v -9.858053 16.094917 31.438366
v -6.735799 15.925067 26.300552
v -20.284111 20.270958 24.267612
v -19.824535 20.305668 27.856176
v -16.213568 19.715496 30.519129
v -11.348376 19.256115 30.038754
v -8.919862 19.223171 26.464809
v -10.182637 18.828827 22.320526
v -14.136443 18.989759 20.170872
v -18.358536 19.732628 21.192171
v -17.235487 20.737108 22.207481
v -13.941373 20.067356 21.395090
v -10.684216 19.792299 23.140608
v -9.791718 20.063646 26.484228
v -11.854078 20.310709 29.099615
v -15.754062 20.799147 29.293634
v -18.452637 21.125736 27.316504
v -18.830978 21.133499 24.560682
v -22.084244 18.508337 24.230385
v -21.622145 18.708094 28.289286
v -16.551783 18.069801 31.756580
v -10.871292 17.863848 30.791952
v -8.003547 17.882765 26.342405
v -9.634517 17.456469 21.560677
v -14.443876 17.588858 19.163589
v -19.871840 18.148211 20.693211
v -24.543491 15.293242 21.311590
v -25.873314 15.650414 23.993025
v -26.174080 15.757443 26.502554
v -24.866117 14.835626 30.865618
v -16.918856 14.717935 34.090141
v -21.407648 13.442461 18.135557
v -14.714322 13.156594 16.854778
v -7.797915 14.358891 32.572769
v -4.610349 13.689802 26.274998
v -7.941150 13.069827 19.698652
v -23.865242 3.641194 13.250560
v -15.078898 3.815540 12.360899
v -5.295637 4.146322 14.413850
v -39.676357 2.768588 34.829189
v -27.488230 11.283792 33.179661
v -29.879040 9.785952 26.834789
v -29.150179 9.466779 23.168756
v -26.530260 9.810638 19.894810
v -21.875662 10.033734 16.772058
v -14.819276 9.507845 15.434609
v -7.056544 9.798462 18.067253
v -6.315756 6.504364 16.097221
v -14.987467 6.149499 14.171439
v -22.598173 6.631738 15.468646
v -27.966642 6.113013 19.237425
v -30.701920 5.690389 23.141623
v -32.216743 6.032376 27.497751
v -32.441872 6.810490 33.431908
v -17.520926 12.842280 36.177628
v -6.228498 13.475776 35.597359
v -1.785555 12.059644 26.815277
v -24.468458 -7.591115 -49.461620
v -35.495262 -7.347366 -48.676571
v -11.207987 -6.956706 -48.508511
v -44.961014 -7.471761 -48.815865
v 1.768938 8.738595 23.240799
v 6.136119 4.192763 21.007555
v 2.933653 -6.425219 -45.619232
v -40.644985 1.337274 -25.828136
v -30.684980 1.179896 -27.081202
v -20.086180 1.121565 -27.505121
v -8.637781 1.095726 -26.328856
v 3.213572 -0.537663 -23.938690
v -37.081833 1.953219 4.206554
v -26.499264 1.950648 2.415636
v -16.423708 1.947469 2.076463
v -6.108464 1.997285 3.353450
v 4.613228 1.930714 5.777516
v -39.203873 1.985683 -9.964783
v -28.832834 1.912700 -11.632923
v -18.420212 1.888843 -12.051791
v -7.671065 1.856483 -10.878367
v 3.015893 1.494448 -8.878993
v -67.419991 -7.045469 -38.288483
v -73.683250 -7.247628 -17.268620
v 7.451320 -6.775190 -41.795246
v 14.709858 -7.347538 -20.427174
v 12.785475 0.144645 -6.702987
v -75.157333 -7.870575 -0.156878
v -75.556580 -7.731021 14.472099
v 14.826756 1.494731 7.726355
v 22.340546 -7.328208 -10.823790
v 29.081669 -6.346078 -2.255323
v 32.828854 -5.677633 10.459721
v 35.773293 -5.897824 26.467848
v 16.791451 2.001677 22.927895
v -80.255173 -6.805241 29.001284
v -52.124268 -7.038617 -47.621002
v -49.972069 1.409816 -24.138309
v -49.863808 1.947125 -7.713896
v -48.972004 1.776812 6.455978
v -48.428894 1.786659 19.917088
v -57.816441 -6.919355 -44.600471
v -58.240093 0.812493 -22.251650
v -59.048893 1.164057 -5.701127
v -59.332630 0.976932 8.826182
v -60.854168 1.515065 22.121016
v 6.284625 9.417830 31.413509
v 11.411948 4.356603 31.131496
v 2.478607 9.821875 48.387779
v 8.190907 4.548020 50.331985
v -19.808167 17.100359 51.887917
v -22.479872 16.932611 51.924149
v -22.250240 16.943108 54.697887
v -19.516779 17.074425 54.704109
v -23.042624 16.718534 55.870640
v -18.432150 16.862534 55.959122
v -23.520414 16.713993 51.005775
v -19.058399 17.066341 51.231289
v -24.030006 16.754911 53.346622
v -22.537752 16.934053 53.262821
v -19.531391 17.114834 53.193924
v -18.134184 17.095791 53.452484
v -20.627569 16.790979 56.668869
v -20.869631 17.022741 54.848461
v -21.019453 17.031498 53.241116
v -21.123137 17.026598 51.784321
v -21.204775 16.927286 50.498249
v -25.270706 7.263309 62.072521
v -19.067730 7.213357 63.569958
v -13.312879 9.011306 61.426426
v -11.606891 12.636127 55.605667
v -12.962646 13.970399 48.683804
v -20.380428 13.370760 45.668190
v -27.993608 11.137366 47.698841
v -29.811821 10.297181 54.850861
v -24.147173 15.306067 57.843685
v -25.844227 15.936191 53.619095
v -24.903353 15.718878 49.812115
v -21.210892 16.459154 49.017170
v -18.016819 16.737612 50.360336
v -16.506840 16.640722 54.011169
v -17.169987 15.660430 57.817871
v -20.350773 15.309225 59.029205
v -19.963661 12.474439 60.959366
v -16.130117 13.444863 59.463840
v -14.724697 15.396536 54.572842
v -16.866695 15.929736 49.416325
v -21.021223 15.549711 47.673569
v -25.736168 14.210999 48.994781
v -27.190567 14.136140 54.006062
v -24.815928 12.519216 59.565342
v -19.550816 9.523195 62.360634
v -15.287248 11.183104 60.569019
v -13.314065 13.974450 55.053841
v -15.653988 14.898589 48.622654
v -20.807777 14.467586 46.610188
v -26.365566 12.680090 48.388863
v -28.051790 12.215943 54.437477
v -25.055084 9.752603 60.856461
v -11.579939 13.306010 44.473213
v -19.483368 11.898380 43.087711
v -26.678951 10.207434 43.396935
v -9.501146 13.146928 40.336620
v -18.498701 11.701421 39.466370
v -26.419601 10.241968 38.955914
v 1.921303 11.311580 31.721542
v 11.535251 3.730287 44.511093
v 5.861609 9.481336 43.206268
v 7.046441 9.407277 37.606441
v 12.690079 3.743526 38.347961
v -1.416612 11.938374 41.714607
v 0.637711 11.574090 36.568890
v -4.179807 11.986466 46.473423
v 1.875220 4.936023 56.342705
v -2.770329 9.672346 53.630943
v -8.612767 9.503419 58.561874
v -5.898787 4.923658 61.430305
v -12.021725 4.744254 64.497604
v -9.206424 11.669442 55.232479
v -7.069304 12.094952 51.157158
v -26.368698 4.506345 63.953384
v -35.063877 9.075988 50.453560
v -35.196480 8.931715 52.832619
v -38.672188 4.384074 50.387314
v -37.524174 4.256551 55.250401
v -33.137066 7.848678 47.198597
v -32.289753 6.575900 39.559940
v -39.942799 2.910654 40.802204
v -18.453621 4.671558 65.672806
v -32.649147 7.035069 44.176380
v -39.704773 3.169747 46.100269
v -32.099010 6.467358 57.152157
v -33.569733 3.396286 61.102551
v -49.491398 1.826141 25.735825
v -50.469788 1.917777 31.245928
v -61.468117 1.764080 28.028236
v -62.037998 1.793843 33.540035
v -80.560043 -6.091185 33.784050
v -80.095444 -5.955111 37.765751
v -51.222805 2.047782 36.894047
v -51.146931 2.208735 42.541321
v -50.095695 2.312343 48.042751
v -47.734707 2.307314 53.278263
v -43.521835 1.931014 58.671104
v -55.112816 1.224262 55.687847
v -49.136784 0.362303 61.771687
v -59.173187 1.697896 49.904602
v -61.693504 1.796383 44.370193
v -62.672028 1.741721 39.007359
v -79.441536 -5.873826 41.973839
v -78.637863 -5.736228 46.330219
v -77.585640 -5.549606 50.982327
v -75.004959 -5.699994 57.471333
v -65.130341 -6.855173 67.205673
v 18.627607 1.949296 31.535843
v 18.945938 1.805232 39.178444
v 36.621220 -6.431815 35.578381
v 35.541771 -6.919495 43.262772
v 13.746007 1.939059 52.343925
v 17.558176 1.735460 46.020332
v 33.408478 -6.784505 49.306854
v 30.358587 -6.564895 55.002655
v 6.519084 2.209177 58.369110
v 20.890261 -7.024288 63.263908
v -2.405155 1.934902 63.472569
v 4.326100 -6.891940 70.236832
v -18.977293 1.755373 69.037148
v -27.607798 1.058093 68.233566
v -10.766702 1.866271 67.207687
v -8.832619 -6.266552 75.291504
v -18.715225 -6.039009 77.445999
v -31.048389 -5.748773 75.736450
v -36.427322 1.418334 63.843300
v 16.651731 -7.972938 -15.203160
v 20.537865 -1.811123 -4.681142
v 23.629171 0.032587 9.080979
v 25.013048 0.275831 24.299820
v 26.023634 0.126432 32.706699
v 25.670834 -0.013472 40.521339
v 23.206041 0.019988 47.473900
v 18.791498 0.007372 54.018089
v 10.886500 -0.146415 60.097878
v 0.686168 -0.441341 65.270027
v -9.485531 -0.366321 69.298500
v -19.319780 -0.404307 71.491043
v -29.459822 -1.243860 70.742622
v -40.203846 -0.801703 67.089493
v -46.298866 -6.469209 73.091660
v -75.319633 -7.815971 7.901035
v -59.033184 1.064167 1.966750
v -49.046780 1.865545 -0.051877
v -37.789658 1.942009 -2.438446
v -27.582062 1.889701 -4.344943
v -17.390455 1.864201 -4.675016
v -6.849359 1.877795 -3.451686
v 3.878524 1.752306 -1.343514
v 14.161052 1.095798 0.715670
v 22.883980 -0.694230 2.411734
v 31.446526 -5.689195 4.530591
v 25.634083 -7.314446 -6.975743
v 18.422659 -3.870676 -10.796840
v 12.442471 -1.968064 -13.767035
v 2.814380 0.761584 -16.443439
v -8.242556 1.744656 -18.553389
v -19.281822 1.841575 -19.680107
v -29.813814 1.873930 -19.228519
v -40.096783 1.939200 -17.831717
v -50.233757 1.894048 -15.908154
v -59.015598 1.146023 -13.881639
v -74.581131 -7.704400 -9.184504
v 13.000343 -6.900585 -26.919863
v 2.729383 -1.508188 -31.255468
v -9.271512 -0.132028 -33.898682
v -20.951273 -0.192613 -34.982826
v -31.672049 -0.170502 -34.726730
v -41.432533 -0.016758 -33.772854
v -50.079578 0.011544 -32.232094
v -57.586525 -0.507746 -30.370380
v -70.965103 -6.768692 -27.132622
v -77.479759 -7.405055 20.914078
v -59.864277 1.130043 15.495529
v -48.681293 1.735738 13.111553
v -35.518467 2.063344 10.719758
v -25.217300 2.290598 8.337990
v -15.591246 2.382263 7.899895
v -5.452353 2.461086 9.581229
v 5.371562 2.340945 12.800388
v 15.600990 1.736917 14.905250
v 24.137022 0.268219 16.246899
v 34.130821 -5.735787 17.212349
v -62.110909 -7.011688 -41.843372
v -63.583450 -1.877487 -28.676767
v -64.843094 -1.125035 -20.479647
v -65.859413 -1.007292 -12.062519
v -66.437759 -1.230059 -3.706761
v -66.785545 -1.383836 4.032204
v -67.184624 -1.430086 10.971729
v -68.220680 -1.099783 17.611708
v -69.719139 -0.344775 24.259754
v -70.371948 0.101214 30.060080
v -70.748581 -0.019540 35.392082
v -70.871048 -0.224777 40.554623
v -69.269676 0.067424 45.654465
v -66.095482 0.340649 51.218800
v -61.141777 -0.090061 57.483692
v -53.849506 -1.364100 64.148582
v -43.093575 -2.937825 69.727432
v -30.665255 -3.363058 73.040749
v -19.344059 -2.781298 73.922104
v -8.669564 -2.825747 71.670197
v 2.894097 -3.036535 67.343849
v 14.942261 -2.862342 61.691528
v 23.887335 -2.454359 55.178566
v 28.487635 -2.927232 48.672958
v 31.511566 -3.463179 42.040367
v 32.526951 -3.037984 34.260571
v 31.324406 -2.372236 25.389727
v 30.124458 -2.423360 16.955452
v 29.219074 -2.726092 9.913395
v 27.886730 -3.039574 3.497567
v 25.536581 -3.951774 -3.384968
v 22.408838 -5.174366 -8.929890
v 19.936493 -7.225210 -12.851023
v 10.083981 -6.508695 -35.689224
v 2.016208 -3.298742 -39.124386
v -10.184383 -2.621060 -41.514297
v -22.323860 -2.942482 -42.378479
v -33.174904 -2.916228 -42.014370
v -42.761929 -2.768814 -41.494621
v -50.818176 -2.675313 -40.080589
v -57.559128 -3.006952 -37.853039
v -62.753727 -3.735772 -35.857216
v -69.133247 -6.881510 -33.247070
v -64.990639 -7.138449 -40.006775
v -66.434258 -5.025553 -34.426376
v -67.943977 -4.125500 -27.516069
v -69.856781 -3.964393 -18.900347
v -71.140808 -4.321023 -10.390046
v -71.999611 -4.849586 -1.600207
v -72.231247 -4.925384 6.240318
v -72.598770 -4.899494 13.017091
v -74.128998 -4.493297 19.576906
v -76.319504 -3.692271 26.844679
v -76.811409 -3.110920 32.159359
v -76.567680 -3.040240 36.819035
v -75.995316 -2.988686 41.427269
v -74.845177 -2.697964 46.180344
v -72.502815 -2.160570 51.539310
v -67.721306 -2.179504 58.272953
v -58.714561 -3.557604 65.870003
v -44.687492 -4.628398 71.520416
v -30.930822 -4.619646 74.477554
v -19.049902 -4.465102 75.755333
v -8.667648 -4.559732 73.587616
v 3.765708 -4.918945 68.958336
v 18.048540 -4.921068 62.611900
v 27.360146 -4.429700 55.249756
v 31.216967 -4.896010 49.078693
v 33.847267 -5.319184 42.733166
v 34.956970 -4.828964 34.998760
v 33.882271 -4.191174 25.967999
v 32.441471 -4.166223 17.120377
v 31.358360 -4.350836 10.229691
v 29.994387 -4.485515 4.064006
v 27.684769 -5.229140 -2.785932
v 24.362980 -6.169203 -7.992284
v 21.328156 -7.191415 -11.771230
v 1.418115 11.441476 33.835068
v -2.737695 11.976131 44.121849
v -0.735136 11.191385 47.440334
v -0.489678 7.326086 55.019279
v 5.355084 4.809340 53.366184
v 0.028718 9.782290 50.997444
v -5.778519 9.612648 56.269753
v -7.471837 7.257936 60.120308
v -2.061053 4.966456 59.085064
v -9.083035 4.830646 63.215488
v -10.889987 9.244873 60.155327
v -12.749146 6.712525 63.082848
v -9.053919 10.923230 56.724270
v -10.328671 12.081858 55.456898
v -8.297748 11.926333 53.451260
v -4.864635 11.112667 52.348972
v -5.660168 12.070534 48.824875
v -2.557220 12.542546 36.021141
v -5.345363 12.783520 40.979637
v -7.794392 12.862481 45.455421
v -9.681047 13.067098 50.039280
v -33.142128 9.839744 53.289677
v -32.621964 10.125926 49.550598
v -35.630497 9.460854 51.583721
v -36.572639 7.323924 50.452038
v -38.969036 4.320189 52.918793
v -36.431664 7.130700 53.464729
v -35.406792 6.513816 48.339123
v -31.205584 9.355484 47.258186
v -32.913872 7.577112 45.954254
v -35.827572 4.918190 45.055504
v -39.431282 3.598375 48.301647
v -39.912525 2.845560 37.857822
v -35.700081 4.503705 40.113407
v -32.343872 6.729358 36.596123
v -22.081690 4.504710 65.464111
v -18.684387 6.004963 64.450516
v -25.451353 6.026099 62.830620
v -15.122777 4.721315 65.333672
v -29.404028 8.611962 39.138962
v -32.416306 6.689568 42.065815
v -39.874420 2.979611 43.575073
v -29.708485 8.819751 43.688622
v -34.562035 5.660266 56.011654
v -31.458313 8.086172 56.129257
v -30.068424 5.692449 59.713768
v -35.509335 3.672417 58.671230
v -30.659582 3.837564 62.362968
v -44.038975 1.978995 30.002321
v -42.521961 1.925439 24.539553
v -50.010857 1.865500 28.490965
v -40.808708 1.997432 18.924095
v -48.869930 1.804872 22.924185
v -55.113869 1.732269 21.011293
v -61.201061 1.666696 25.155483
v -55.841900 1.877815 26.910925
v -56.537365 1.961077 32.436756
v -61.728531 1.800443 30.805777
v -65.640335 0.815853 23.160563
v -70.132187 -0.055202 27.254908
v -66.264694 1.168553 29.051149
v -70.568909 0.089937 32.760483
v -66.768028 1.101020 34.520973
v -45.142971 2.118535 35.815521
v -51.301392 2.129940 39.726704
v -45.325710 2.312025 41.629185
v -50.909691 1.977800 34.057037
v -43.275688 2.922367 51.888584
v -44.741737 2.490371 47.084949
v -49.103725 2.342578 50.664421
v -50.760895 2.268633 45.324192
v -45.938297 2.154529 55.973316
v -40.495564 2.798916 56.917622
v -46.429672 1.140082 60.300476
v -51.657024 1.763071 54.549366
v -52.441036 0.845514 58.750931
v -54.923889 2.067940 49.006882
v -57.347130 1.509983 52.751438
v -56.704575 2.101705 43.485592
v -60.620235 1.783220 47.110268
v -57.205288 2.017400 37.987122
v -62.398285 1.767810 41.686169
v -62.452217 1.762333 36.282932
v -70.936546 -0.157720 37.990829
v -67.204620 0.935075 39.867348
v -70.290344 -0.120886 43.081348
v -65.808624 1.098217 45.103336
v -67.884308 0.253622 48.357437
v -62.790470 1.142946 50.663162
v -63.864483 0.231449 54.267105
v -58.172264 0.625512 56.679691
v -57.877800 -0.639963 60.849892
v -51.560867 -0.466139 63.050632
v 14.853482 2.859966 31.233105
v 17.760714 2.006292 27.260765
v 11.897132 2.902312 22.159315
v 19.006388 1.877550 35.485947
v 15.725331 2.425388 38.719513
v 25.589378 0.212259 28.520506
v 29.627171 -1.455156 33.521458
v 32.068947 -2.661706 29.874886
v 28.552500 -1.038452 24.899546
v 26.084808 0.041097 36.718857
v 28.908848 -1.740171 41.332554
v 32.316422 -3.345838 38.315258
v 14.530500 2.380127 45.250851
v 11.010736 2.952806 51.354187
v 16.039249 1.806133 49.224915
v 18.495134 1.746514 42.680710
v 24.679649 -0.006997 44.078526
v 26.047804 -1.439776 48.146729
v 30.186579 -3.267922 45.437340
v 21.344788 0.026951 50.790974
v 21.442312 -1.220571 54.707390
v 26.560902 -2.608275 51.913998
v 4.222262 3.364290 57.429955
v 10.486103 2.114763 55.426857
v 15.241774 -0.045269 57.143616
v 13.000169 -1.527105 60.948395
v 19.947878 -2.608790 58.484776
v -4.161280 3.237455 62.522602
v 2.104494 2.098233 61.066120
v 9.070213 -3.005787 64.657745
v 5.916557 -0.311511 62.811222
v 1.942847 -1.772659 66.314575
v -23.231640 1.373136 69.060196
v -18.640589 3.177035 67.341698
v -26.640203 2.652372 66.402519
v -14.847832 1.873549 68.396004
v -11.382957 3.164313 65.911209
v -6.657348 1.872152 65.543152
v -14.029678 -2.731359 73.136574
v -8.985119 -1.626684 70.486885
v -14.411358 -0.298986 70.698784
v -19.373253 -1.616074 72.736420
v -3.023734 -2.951998 69.710304
v -4.450441 -0.436692 67.460686
v -24.852684 -3.088034 73.839386
v -24.302649 -0.851904 71.504807
v -30.175804 -2.365360 71.951035
v -32.102699 1.141502 66.325691
v -34.719872 2.594516 62.282463
v -40.292603 1.683560 61.293095
v 15.803788 -3.039650 -12.228971
v 16.965519 -0.776536 -5.635295
v 18.868263 0.328869 1.626620
v 20.126108 1.161322 15.654992
v 19.517445 0.942971 8.471183
v 22.354052 1.149684 32.035938
v 21.128059 1.207695 23.642000
v 22.305485 1.080304 39.791183
v 20.413092 1.013573 46.763226
v 16.282827 1.008914 53.231087
v 8.733317 1.068977 59.248272
v -0.776252 0.751575 64.355537
v -10.106810 0.743695 68.271118
v -19.195742 0.640551 70.339111
v -28.575748 -0.171680 69.591873
v -45.005051 -0.236810 64.581116
v -38.331760 0.296733 65.489098
v -34.891167 -1.182257 69.207092
v -36.891464 -3.317864 71.678452
v -41.814240 -1.908391 68.514137
v -48.833843 -2.208311 67.162621
v -66.940140 -1.435183 7.576614
v -59.150356 1.004050 5.464463
v -48.964321 1.818374 3.273063
v -37.429001 1.939283 0.962194
v -27.038944 1.903368 -0.875118
v -16.893730 1.883544 -1.199760
v -6.467721 1.919243 0.025234
v 4.259331 1.839264 2.262088
v 14.551341 1.338511 4.250604
v 23.397306 -0.276386 5.759909
v 28.650551 -2.841957 6.723410
v 21.107365 -6.131787 -11.008714
v 18.335262 -7.651843 -13.735382
v 17.514978 -5.759657 -13.131034
v 15.526741 -7.755633 -17.561832
v 12.865553 -4.026947 -17.007162
v 3.036982 0.116087 -20.218552
v -8.435579 1.488640 -22.452641
v -19.686287 1.559226 -23.605366
v -30.249897 1.608065 -23.151022
v -40.375256 1.719282 -21.824736
v -50.121582 1.736098 -20.032318
v -58.679291 1.061330 -18.069492
v -65.403336 -1.004925 -16.278580
v 11.610161 -6.659280 -31.336536
v 6.402728 -4.702016 -37.477108
v 2.261562 -2.242969 -35.244831
v -3.780844 -2.702280 -40.490456
v -9.702830 -1.158671 -37.744526
v -16.390358 -2.763514 -42.134880
v -21.546179 -1.333026 -38.704155
v -27.909983 -2.970806 -42.271366
v -32.329006 -1.327795 -38.438251
v -38.144802 -2.846492 -41.808327
v -41.999069 -1.159585 -37.677750
v -46.968555 -2.690411 -40.914631
v -50.367912 -1.128568 -36.194611
v -54.364296 -2.787550 -39.004707
v -57.509617 -1.581970 -34.207329
v -60.354851 -3.313348 -36.791599
v -63.121456 -2.631754 -32.423958
v -69.002319 -0.732968 20.989386
v -60.354256 1.315959 18.858337
v -48.450748 1.756471 16.575577
v -34.319336 2.224016 14.246413
v -24.543886 2.780016 11.044741
v -15.281322 2.975947 10.406631
v -5.248323 3.180716 12.328447
v 5.721021 3.007576 16.581545
v 16.105562 1.888583 18.804430
v 24.525654 0.294401 20.184189
v 30.675299 -2.324806 21.036661
v -67.147507 -4.440950 -31.193468
v -65.962372 -2.918378 -28.004595
v -64.757996 -4.303260 -35.086693
v -68.913742 -3.970876 -23.303848
v -67.532349 -2.462307 -19.681292
v -70.573097 -4.093364 -14.649101
v -68.724365 -2.590073 -11.184997
v -71.638077 -4.610604 -5.963121
v -69.504616 -3.010952 -2.614170
v -72.160156 -4.925449 2.466814
v -69.820602 -3.139665 5.166147
v -72.324394 -4.936583 9.722688
v -70.217751 -3.150946 12.040732
v -73.213501 -4.754567 16.226706
v -71.506386 -2.765071 18.646585
v -75.305695 -4.107182 23.293070
v -73.337326 -1.946229 25.548433
v -76.746353 -3.344613 29.701210
v -73.930275 -1.427960 31.135426
v -76.739746 -3.037903 34.515785
v -74.000809 -1.469983 36.165855
v -76.331497 -3.032608 39.117626
v -73.739304 -1.560077 41.056705
v -75.523254 -2.882154 43.763676
v -72.296463 -1.235778 45.993019
v -73.890923 -2.421068 48.730743
v -69.407967 -0.771436 51.507740
v -70.523148 -2.025572 54.730476
v -64.327766 -0.979340 58.058617
v -63.866669 -2.785794 62.135464
v -56.150280 -2.350435 65.076805
v -52.020340 -4.208095 69.028564
v -43.972496 -3.804499 70.693825
v -37.619522 -4.709643 73.254776
v -30.869740 -4.063833 73.835442
v -24.735798 -4.526220 75.434624
v -19.220100 -3.686524 74.894936
v -13.888597 -4.472024 75.069016
v -8.602856 -3.751867 72.682350
v -2.802821 -4.740966 71.523109
v 3.440237 -4.027126 68.212540
v 11.097764 -4.996887 65.976158
v 16.580704 -3.941373 62.219009
v 23.473225 -4.637765 58.900860
v 25.778629 -3.473439 55.311214
v 29.697620 -4.579597 52.065323
v 30.074760 -4.003893 48.943825
v 32.649487 -5.187498 46.021027
v 32.971035 -4.545886 42.460339
v 34.662403 -5.156190 39.055950
v 34.085247 -4.064955 34.704399
v 34.593044 -4.467953 30.570992
v 32.906734 -3.362607 25.718939
v 33.136272 -4.116641 21.385147
v 31.568920 -3.390661 17.076271
v 31.884270 -4.261791 13.471637
v 30.552471 -3.657366 10.110115
v 30.757442 -4.380851 7.185302
v 29.156435 -3.850695 3.819128
v 28.982069 -4.798510 0.591335
v 26.843115 -4.666758 -3.038083
v 26.066772 -5.686712 -5.621014
v 23.566195 -5.678647 -8.412706
v 22.808290 -6.674585 -9.978118
v 20.814583 -7.125904 -12.242608
v 8.725680 -6.585176 -39.002171
v 6.025943 -6.528524 -43.763794
v 2.334115 -4.760487 -42.498238
v -10.690135 -4.647796 -45.065933
v -3.492464 -6.608634 -47.248459
v -18.168497 -7.347372 -49.256420
v -23.337234 -5.123827 -45.946606
v -34.272224 -5.006370 -45.394470
v -30.202335 -7.498425 -49.093552
v -40.472366 -7.416007 -48.735050
v -43.794136 -4.971838 -45.186493
v -48.788567 -7.282037 -48.465874
v -51.430664 -4.729984 -43.873947
v -55.137367 -6.933281 -46.217155
v -57.671951 -4.856910 -41.281151
v -62.423046 -5.266942 -38.938328
v -60.150063 -6.950165 -43.117096
v -65.714157 -5.987632 -37.305115
v -63.671658 -7.089903 -40.855637
v -67.849098 -5.912394 -33.822590
v -66.226173 -7.110966 -39.149689
v -68.283974 -6.967759 -35.799683
v -69.548752 -5.424201 -27.264984
v -69.953094 -6.778185 -30.566833
v -72.390869 -6.963941 -22.318077
v -71.852257 -5.578104 -18.091469
v -73.000229 -6.020564 -9.748839
v -74.295090 -7.503454 -13.129667
v -74.896118 -7.823448 -4.716414
v -73.761703 -6.425709 -0.820083
v -73.948730 -6.438763 7.119440
v -75.282005 -7.855758 4.062628
v -74.258095 -6.381814 13.794367
v -75.319695 -7.788189 11.317272
v -75.993835 -6.003645 20.297838
v -76.304688 -7.603075 17.526272
v -78.490189 -5.286667 27.966568
v -78.997528 -7.137665 25.069809
v -80.649864 -6.412119 31.716318
v -78.887085 -4.639618 33.014019
v -78.492157 -4.520240 37.328354
v -80.364136 -5.975323 35.773621
v -79.787262 -5.921123 39.841187
v -77.825012 -4.428463 41.720013
v -79.060204 -5.813685 44.137619
v -76.871986 -4.205707 46.277756
v -78.169113 -5.636979 48.549309
v -75.154915 -3.794011 51.322834
v -71.313477 -3.827733 57.995174
v -76.819107 -5.507780 53.816696
v -61.793732 -5.118065 66.562912
v -71.278641 -6.314746 62.365170
v -56.050255 -6.824414 70.700317
v -45.475040 -5.529502 72.314224
v -38.136650 -6.036294 74.622299
v -30.990067 -5.182459 75.109535
v -24.518852 -5.829745 76.878365
v -18.881994 -5.250380 76.603683
v -13.804684 -6.136359 76.837311
v -8.746595 -5.404033 74.450218
v 4.054959 -5.886507 69.618889
v -2.844422 -6.574344 73.047783
v 12.845140 -7.051544 66.989334
v 19.478794 -5.958294 62.951279
v 26.639027 -6.781301 59.019188
v 28.875826 -5.475030 55.138626
v 32.316086 -6.617376 51.961788
v 32.322010 -5.829831 49.196934
v 34.532715 -6.912043 46.448120
v 34.700321 -6.113968 42.999577
v 36.288612 -6.726369 39.627991
v 35.797012 -5.622906 35.289478
v 36.387566 -6.134981 31.148544
v 34.833786 -5.039547 26.217752
v 33.291721 -4.949162 17.165985
v 34.964046 -5.782303 21.665663
v 33.444618 -5.705648 13.578266
v 32.107735 -5.020249 10.345617
v 30.742834 -5.093950 4.299616
v 32.206947 -5.637488 7.553017
v 30.415215 -5.936735 1.064878
v 28.411861 -5.788392 -2.523258
v 27.414536 -6.883193 -4.841212
v 25.030781 -6.725411 -7.501583
v 23.960579 -7.406201 -8.941868
v 21.835827 -7.259234 -11.297977
v -15.623777 21.269011 24.948612
v -15.197302 21.269772 25.622938
v -14.507034 21.177202 25.236378
v -15.001410 21.178291 24.575769
v -23.694260 15.606957 21.032810
v -25.131392 15.507830 22.369621
v -24.890680 16.217745 24.300003
v -23.408182 16.587162 22.618242
v -26.143454 15.742999 25.521006
v -25.345482 16.218346 27.344490
v -24.150763 16.977823 26.308556
v -14.699364 21.264294 26.271946
v -15.836847 21.343836 25.975683
v -15.407334 21.334543 26.587681
v -13.968449 21.174171 25.892775
v -14.163067 21.251476 26.874258
v -13.451870 21.170933 26.508228
v -13.229702 21.062941 25.418112
v -13.748043 21.062057 24.799305
v -15.716024 21.223976 24.170668
v -16.738497 21.287621 24.243580
v -16.375927 21.356899 25.280548
v -17.160667 21.399490 25.966764
v -16.263603 21.391882 26.572580
v -18.272434 20.985107 23.264391
v -17.779568 20.310287 21.640160
v -19.626709 20.051657 22.571455
v -19.560797 20.810158 24.382473
v -20.411276 20.367914 26.078686
v -19.122208 20.807650 27.588110
v -18.917414 21.175884 25.958187
v -12.975788 20.754381 23.526840
v -14.239267 21.038572 23.979910
v -12.768038 20.933552 24.637318
v -15.189561 21.016163 23.235622
v -11.670898 20.769426 25.121010
v -12.541989 21.047228 26.058842
v -12.130496 20.978590 27.076550
v -13.357419 21.200317 27.226942
v -14.014057 21.183268 28.058027
v -14.967731 21.319181 27.362923
v -16.190403 21.347755 27.534452
v -28.071373 9.604275 21.537098
v -27.076880 7.939120 19.616550
v -29.575394 5.832958 21.191385
v -29.672979 7.504836 23.139647
v -31.608711 5.763043 25.173546
v -30.797428 7.851506 27.110674
v -29.797600 9.486594 24.801842
v -16.399048 19.336496 20.331722
v -15.713844 20.395895 21.528118
v -14.009587 19.562435 20.721872
v -12.151934 19.857384 21.977161
v -10.369326 19.332802 22.708851
v -11.958909 18.818928 20.890387
v -17.357546 20.996521 28.495237
v -18.340204 20.047356 29.451578
v -16.000843 20.340307 29.906700
v -13.764111 20.544527 29.510941
v -13.699895 19.432621 30.713057
v -11.550938 19.816692 29.615116
v -9.708208 19.243374 28.501606
v -9.277347 19.668411 26.510767
v -10.490364 20.175739 28.012131
v -9.123813 19.024281 24.291557
v -9.876907 19.898443 24.751673
v -22.333399 18.682888 26.234177
v -20.705791 19.567688 28.096714
v -21.147745 19.451797 24.206400
v -19.469217 18.421150 30.351889
v -16.403509 18.910479 31.169216
v -13.547002 17.901798 31.837940
v -11.139346 18.608599 30.434340
v -8.941063 17.902662 28.814587
v -8.493197 18.630510 26.399656
v -8.305965 17.668692 23.811979
v -9.927391 18.195436 21.937807
v -11.775392 17.442133 19.925854
v -14.272582 18.332253 19.650801
v -17.355255 17.859818 19.529936
v -19.044065 19.001886 20.859148
v -21.355944 18.347250 22.321705
v -16.654625 21.015339 22.898489
v -13.981147 20.521591 22.281813
v -11.324073 20.292269 23.653605
v -10.689047 20.506285 26.331900
v -12.364859 20.758547 28.428446
v -15.461954 21.106266 28.641638
v -17.669640 21.312037 27.065317
v -17.947834 21.305077 24.811956
v -22.429750 17.841272 28.413435
v -23.026138 17.596235 24.371119
v -20.379175 16.829832 31.042875
v -16.639500 17.338030 32.180836
v -13.031056 16.317282 32.677727
v -10.491667 17.011560 31.101669
v -7.457094 16.972271 26.320156
v -7.680864 15.997168 29.150803
v -9.334945 16.635759 21.189096
v -7.259170 15.779637 23.373138
v -11.578499 15.677549 18.938511
v -14.676190 16.758514 18.711170
v -20.877539 17.201754 20.746460
v -18.494915 15.936893 18.953192
v -24.882456 14.681813 20.672329
v -26.979492 13.577137 21.712086
v -26.981323 14.912552 23.612530
v -27.017187 15.251462 26.562939
v -28.386021 13.851315 24.795654
v -27.018814 14.503855 28.619511
v -24.082594 15.967155 29.850727
v -21.348246 14.857307 32.867016
v -16.780792 15.691582 33.278664
v -21.602173 14.815161 19.208546
v -23.742308 13.479036 19.103924
v -14.799675 14.601634 17.567995
v -18.270786 13.312037 17.190420
v -12.031599 14.566544 34.001446
v -8.828028 15.157087 31.876915
v -5.329247 14.050738 29.775942
v -5.721619 14.767197 26.251247
v -5.625983 13.323801 22.733963
v -8.472189 14.468153 20.296232
v -11.120853 13.044976 17.714890
v -24.495926 9.997430 18.229816
v -22.192093 8.310882 16.162437
v -25.613184 6.452822 17.194317
v -19.004763 6.429112 14.466987
v -18.576761 9.788639 15.751454
v -14.913028 7.730468 14.800967
v -10.700796 6.097443 14.564104
v -10.823262 9.437054 16.088116
v -6.712335 8.083551 17.043064
v -32.446980 6.479844 30.324827
v -30.128798 8.976570 33.152821
v -29.259918 10.487090 29.666037
v -25.912701 13.222343 31.807327
v -29.014042 12.071682 26.597134
v -28.646357 11.708226 23.185188
v -26.039207 11.769195 20.045696
v -21.556496 11.796457 17.376581
v -14.736950 11.387611 16.131430
v -7.467710 11.486909 18.954054
v -15.011850 4.858956 13.486958
v -5.747485 5.223079 15.445463
v -10.326200 3.957571 12.940084
v -23.186279 5.000139 14.611607
v -19.593227 3.765612 12.398378
v -27.890997 3.275696 15.115462
v -29.487129 4.290688 18.783922
v -35.039570 2.601727 21.115013
v -32.724163 3.891434 23.218445
v -34.584518 4.092588 28.068998
v -37.507027 2.501355 26.173460
v -35.533524 4.536867 34.012672
v -39.127075 2.663994 31.803574
v -22.648611 12.334457 35.102669
v -17.165342 13.735250 35.014301
v -12.034748 13.342540 36.421089
v -7.164039 13.861137 33.681381
v -3.197605 12.992425 31.552334
v -3.597787 12.884031 26.474556
v -3.986955 10.814263 21.727285
v -26.432543 -0.207542 -34.981335
v -31.141535 0.626218 -30.940411
v -25.481617 1.129976 -27.453339
v -20.486223 0.581601 -31.273714
v -14.456592 1.171971 -27.098494
v -8.916461 0.587470 -30.118837
v -15.216204 -0.110469 -34.624710
v -35.738358 1.254018 -26.526789
v -36.681808 -0.096738 -34.325527
v -40.989288 0.787061 -29.816912
v 0.035629 10.445580 24.614973
v -2.003354 7.601678 19.223040
v 3.559580 6.542619 22.288780
v 0.052290 4.336415 17.060099
v -3.161371 -0.428209 -32.796482
v -2.674684 0.707361 -25.291616
v 3.078880 -1.009420 -27.552212
v -33.980934 1.947664 -10.917576
v -29.354277 1.940700 -15.392347
v -34.964893 1.906421 -18.618296
v -39.726261 2.003143 -13.874068
v -24.601585 1.852654 -19.621473
v -23.659851 1.895273 -12.032637
v -18.868061 1.915601 -15.835028
v -13.072158 1.886871 -11.625471
v -7.991413 1.842218 -14.694310
v -13.808125 1.839674 -19.287388
v -2.647174 1.454229 -17.588188
v -2.272318 1.764806 -9.935178
v 2.811038 1.208586 -12.664998
v -30.084549 2.193923 9.409222
v -25.880569 2.046933 5.474146
v -31.641108 1.961112 3.190910
v -36.442142 1.983826 7.416107
v -21.454988 1.942846 2.042068
v -20.422308 2.344427 7.842949
v -15.980794 2.076572 5.116427
v -10.615786 2.430957 8.484623
v -5.754538 2.122254 6.564173
v -11.320839 1.974278 2.525081
v -0.748660 1.990500 4.527097
v -0.057383 2.443224 11.173816
v 4.993134 2.039966 9.244664
v -32.592094 1.917978 -3.529307
v -28.211063 1.894256 -7.940666
v -38.469814 1.961390 -6.116840
v -22.522963 1.870560 -4.721208
v -17.913481 1.868838 -8.312074
v -12.160197 1.874269 -4.223280
v -7.270427 1.862608 -7.108523
v -1.475112 1.851807 -2.445917
v 3.417883 1.656527 -5.081187
v -45.894920 0.038932 -33.063839
v -49.952847 0.846319 -28.209114
v -45.408108 1.414602 -25.023281
v 13.950651 -7.096264 -23.414963
v 8.015919 -3.881143 -29.213028
v 8.807858 -3.183887 -22.222004
v 12.429790 -0.663533 -10.315363
v 7.978466 -0.540083 -15.170790
v 8.085378 0.928017 -7.792909
v -45.251450 1.961340 -16.909697
v -50.140968 1.952551 -11.782833
v -44.601368 2.012272 -8.852728
v -49.422840 1.913293 -3.758887
v -43.411343 1.948413 -1.236504
v 9.127525 1.535290 -0.282013
v 13.467495 0.714465 -2.980751
v 23.971519 -4.488948 -6.378036
v 20.659336 -4.576979 -9.710873
v 19.419216 -2.630292 -7.938509
v 23.414858 -2.934716 -3.931844
v 21.811808 -1.185789 -1.149839
v 25.843023 -1.902231 3.031909
v 26.845194 -3.439080 0.017504
v 23.856970 0.197535 12.561236
v 27.558485 -1.065204 16.679689
v 29.674715 -2.571841 13.285885
v 26.887178 -1.343271 9.566032
v 10.636913 2.117817 13.998957
v 15.175680 1.616584 11.245230
v 9.831858 1.794719 6.836201
v -48.866344 1.745893 9.736914
v -42.013466 1.907802 11.932713
v -43.022732 1.905951 5.301234
v -53.997128 -0.157711 -31.311209
v -57.852924 0.289938 -26.368549
v -54.281223 1.246733 -23.199297
v -54.848579 1.658534 -14.883007
v -59.094120 1.176146 -9.747641
v -54.681564 1.709937 -6.680766
v -59.013973 1.122117 -1.775722
v -54.285625 1.621761 0.987038
v -59.547169 1.017982 12.160674
v -54.633698 1.555595 14.319752
v -54.437817 1.523309 7.651815
v -60.786732 -1.077473 -29.478800
v -64.196899 -1.395568 -24.653854
v -61.753197 -0.005766 -21.340765
v -62.654526 0.247744 -12.951437
v -66.193123 -1.104185 -7.843325
v -62.960064 0.172834 -4.722769
v -66.626656 -1.319369 0.261414
v -63.194778 0.039871 2.973772
v -67.613121 -1.325221 14.294622
v -64.366623 0.221753 16.577101
v -63.568905 -0.030830 9.916514
v 4.533644 9.264324 27.449745
v 8.683279 6.914120 31.234802
v 9.442710 4.475444 26.526775
v 10.195057 4.113675 47.416611
v 8.777607 6.568653 43.857361
v 4.439326 9.670483 45.820496
v 5.400409 7.222564 49.347420
v -21.784733 16.983192 53.254627
v -21.074636 17.032616 52.487911
v -21.910233 16.975271 51.827305
v -22.552824 16.933689 52.474350
v -20.756014 16.998138 55.700600
v -21.674850 16.977770 54.805279
v -22.592638 16.915382 55.163025
v -21.930262 16.747875 56.482563
v -23.257448 16.885193 53.286869
v -22.920837 16.890217 51.529160
v -23.999123 16.722137 52.022026
v -21.168255 17.005651 51.145973
v -22.480083 16.805490 50.549995
v -19.643517 17.114325 52.392658
v -18.840775 17.135044 53.278748
v -18.445778 17.108894 52.203861
v -19.477346 17.106194 51.572460
v -22.429060 16.937454 54.084030
v -23.726854 16.737293 54.727406
v -20.954281 17.031033 54.028305
v -19.484303 17.103521 54.051186
v -19.041803 17.051723 55.217140
v -18.074537 16.985149 54.817890
v -20.079107 17.061808 54.805508
v -19.372349 16.813505 56.535255
v -20.262980 17.077847 53.201130
v -20.349939 17.073875 51.778687
v -20.021141 17.010021 50.694042
v -22.358019 15.232631 58.801697
v -24.547401 14.000768 58.761021
v -22.479195 12.300085 60.737797
v -20.166756 13.992575 60.067070
v -17.811007 12.820753 60.609734
v -16.610550 14.622293 58.696831
v -18.533237 15.412911 58.748608
v -15.029878 14.452593 57.296654
v -15.595227 16.084652 54.303825
v -16.525612 16.168520 56.095009
v -15.428995 15.829273 51.757065
v -17.441242 16.383579 49.894939
v -17.020407 16.780571 51.997498
v -18.761719 15.876843 48.117588
v -21.129515 16.045979 48.316673
v -19.446581 16.661385 49.406013
v -23.552349 14.827450 47.896965
v -25.377228 14.999431 49.362495
v -23.210926 16.038191 49.076420
v -26.953737 14.201295 51.174019
v -26.589748 15.110160 53.804493
v -25.744822 15.821603 51.452606
v -25.310463 15.652465 55.932808
v -26.432175 13.353339 57.062302
v -24.941622 16.461510 53.461918
v -23.603189 16.197041 56.822212
v -24.232834 16.306973 50.396648
v -21.227482 16.749023 49.766495
v -18.563713 16.954342 50.816517
v -17.354685 16.954391 53.712006
v -17.792702 16.402973 56.865669
v -20.498434 16.235018 57.837444
v -17.186104 10.143751 61.897758
v -15.744427 12.284443 60.080215
v -19.758776 10.944185 61.714451
v -13.869949 12.637275 58.169090
v -14.000109 14.686723 54.801029
v -13.999452 14.662826 51.579128
v -16.322878 15.413575 48.920486
v -18.005548 14.877934 47.062069
v -20.923868 15.010567 47.096386
v -23.814306 13.534269 46.979782
v -26.061871 13.415951 48.655979
v -27.801968 12.507154 51.055454
v -27.659061 13.166856 54.211781
v -27.043304 11.006934 57.992893
v -24.964800 11.099470 60.247765
v -22.365700 9.325417 62.162952
v -14.592352 10.182914 60.953308
v -19.338505 8.332844 62.926231
v -16.154680 7.856219 62.986290
v -12.559175 13.278955 55.396683
v -12.137006 11.148382 58.562943
v -11.832355 13.519610 52.278511
v -14.704219 14.448258 48.738064
v -20.643253 13.959806 46.240032
v -16.726488 13.930272 46.492264
v -26.658476 12.069218 48.236252
v -23.922089 12.417480 46.042824
v -28.425312 11.297034 54.699024
v -29.440676 11.125831 51.212399
v -27.734245 8.650229 58.939960
v -25.147835 8.489680 61.439590
v -22.244137 6.900037 63.440609
v -12.359909 13.588388 46.480923
v -15.537492 12.803627 43.613708
v -19.969416 12.583973 44.576904
v -10.651511 13.163958 42.414429
v -13.990141 12.585649 39.852680
v -18.995428 11.612909 41.322140
v -23.233881 11.133312 43.106049
v -27.020470 10.635467 45.325520
v -22.713173 11.095989 39.116253
v -26.432419 10.092319 41.291981
v -8.055369 13.239621 38.271854
v -17.986290 12.137772 37.706596
v -26.779242 10.608219 36.334000
v 0.431204 11.704978 29.866529
v 3.833138 10.753045 31.538113
v 9.886590 6.562401 37.997383
v 12.431031 4.050539 34.980766
v 7.015739 9.438076 34.695713
v 12.379204 3.621840 41.506474
v 6.696189 9.407649 40.455769
v -0.299337 11.772041 39.196182
v 2.391290 11.054445 42.474422
v 3.901206 10.803420 37.113800
v -15.080439 21.226177 25.120985
v -24.278427 16.034702 22.576237
v -25.103397 16.343079 25.980850
v -15.268761 21.304302 26.110130
v -14.084533 21.218506 26.379333
v -13.894507 21.127029 25.364782
v -16.146103 21.300741 24.649277
v -16.447748 21.388187 25.950424
v -18.945358 20.614803 22.869812
v -19.655682 20.874104 26.006588
v -13.414387 20.964233 24.200306
v -15.043447 21.130869 23.958790
v -12.499457 20.972218 25.308292
v -12.828970 21.125572 26.734581
v -14.124348 21.264530 27.427362
v -15.725540 21.365257 27.060703
v -28.600519 7.669418 21.386436
v -30.447477 7.545805 24.940107
v -16.033623 19.918859 20.865078
v -12.009524 19.362930 21.387852
v -17.852570 20.611805 28.973003
v -13.721116 20.046890 30.134651
v -10.027856 19.734833 28.306360
v -9.424885 19.484516 24.530708
v -21.345854 19.590712 26.150831
v -18.906651 19.271336 29.935074
v -13.651454 18.693947 31.302444
v -9.356049 18.641300 28.664473
v -8.742431 18.414690 24.046715
v -11.871732 18.174347 20.405111
v -16.827080 18.649979 19.877052
v -20.432384 19.262342 22.372385
v -15.422758 20.766417 22.371849
v -12.514496 20.353315 22.737978
v -10.711146 20.369125 24.941956
v -11.271101 20.626152 27.552296
v -13.877867 20.933292 28.785643
v -16.768948 21.233341 28.014175
v -18.034817 21.339867 25.957132
v -17.492044 21.195894 23.752136
v -23.247898 17.784843 26.339874
v -19.945227 17.634212 30.630421
v -13.357750 17.127110 32.254669
v -8.432941 17.001499 28.971579
v -7.839653 16.799234 23.603165
v -11.697298 16.635227 19.446440
v -18.021112 16.966515 19.319260
v -22.390951 17.406767 22.468533
v -26.096792 14.764992 22.025524
v -27.308571 15.039978 25.093281
v -26.045830 15.651192 28.116653
v -20.815573 15.927340 31.861450
v -23.565802 14.747522 19.893009
v -18.446922 14.737773 18.139908
v -12.514281 15.419717 33.232212
v -6.534019 14.949033 29.367613
v -6.480192 14.583223 23.074764
v -11.360056 14.493025 18.373705
v -24.948841 8.213512 17.766066
v -18.782318 8.049520 15.133134
v -10.777733 7.654772 15.288760
v -30.596235 8.481118 29.974203
v -28.078810 12.638578 29.175219
v -29.163073 11.794308 24.726101
v -27.584356 11.715205 21.597466
v -24.073050 11.824139 18.612650
v -18.360157 11.602568 16.415745
v -10.939778 11.296720 16.924927
v -10.490052 4.912639 13.951397
v -19.272022 4.971324 13.659225
v -26.670338 4.695794 16.487505
v -31.399590 4.017215 20.997856
v -33.777298 3.929404 25.534817
v -35.171352 4.342449 30.943007
v -22.071030 13.550318 33.840424
v -11.807184 13.889882 35.068768
v -4.403386 13.495934 30.529726
v -4.819804 12.115184 22.376631
v -25.922977 0.580663 -31.253899
v -14.804596 0.644863 -30.880417
v -36.168591 0.702438 -30.452681
v -3.052736 9.277933 20.510427
v -0.825014 5.880987 18.362082
v -2.860188 0.226445 -29.033794
v -34.525890 1.971265 -14.736226
v -24.150431 1.924217 -15.790597
v -13.460886 1.908637 -15.429695
v -2.522153 1.655236 -13.748583
v -30.956650 2.027918 6.323077
v -20.925091 2.060222 5.068249
v -10.938251 2.104769 5.629722
v -0.386729 2.106467 7.875817
v -33.274895 1.927411 -7.160892
v -23.099951 1.875466 -8.330396
v -12.623581 1.872175 -7.867696
v -1.894201 1.817272 -6.145820
v -45.588795 0.857824 -29.059303
v 8.615402 -3.691331 -25.600994
v 7.872305 0.363159 -11.516035
v -45.016380 2.023566 -12.857712
v -43.974182 1.982654 -4.934284
v 8.578609 1.300734 -4.016227
v 22.013958 -3.614595 -7.039538
v 24.754250 -2.359806 -0.478698
v 27.214134 -1.176057 12.998551
v 10.213013 1.905310 10.350721
v -42.625874 1.895304 8.554302
v -54.067204 0.684135 -27.295618
v -54.844788 1.710114 -10.745116
v -54.450626 1.675398 -2.736314
v -54.522072 1.519128 10.963193
v -61.231091 -0.417606 -25.477654
v -62.855278 0.230536 -8.793492
v -63.069305 0.106599 -0.786264
v -63.895767 0.045426 13.256892
v 6.688511 6.864233 26.813076
v 7.399379 6.892932 46.607002
v -21.820755 16.984900 52.518028
v -21.759176 16.955841 55.584991
v -23.250402 16.877705 52.291126
v -22.145596 16.940609 51.196815
v -19.042419 17.134121 52.305664
v -23.065126 16.894793 54.320580
v -21.709732 16.983852 54.022766
v -18.785578 17.098116 54.342327
v -19.774418 17.024248 55.623936
v -20.209837 17.076042 53.992142
v -20.334906 17.078125 52.449764
v -20.232399 17.062107 51.228546
v -22.460068 13.864063 59.840225
v -18.151073 14.203094 59.747868
v -15.742706 15.376851 56.728168
v -16.215794 16.363581 51.885769
v -19.108404 16.314587 48.752304
v -23.416821 15.467139 48.446899
v -26.417656 15.064220 51.282982
v -25.945145 14.585905 56.523140
v -24.523165 16.346390 55.299522
v -24.884621 16.372173 51.720737
v -22.866938 16.494495 49.810329
v -19.755014 16.884823 50.069904
v -17.767754 17.010027 52.102333
v -17.312052 16.689953 55.430183
v -18.949474 16.279720 57.627270
v -22.155643 16.183687 57.618637
v -17.521057 11.436385 61.318871
v -14.453667 13.533401 57.767475
v -14.735083 15.247869 51.601311
v -18.427774 15.380579 47.510727
v -23.685255 14.165234 47.401802
v -27.403664 13.334100 51.087852
v -26.776499 12.161400 57.542053
v -22.432791 10.762807 61.497986
v -16.711010 9.036618 62.368893
v -13.134601 11.782210 58.529984
v -13.087492 14.117599 51.851173
v -17.394020 14.421053 46.902000
v -23.938288 12.988344 46.649227
v -28.183186 11.764978 51.107758
v -27.297775 9.886795 58.445305
v -22.322762 8.061113 62.774853
v -16.136253 13.325929 45.294598
v -14.844379 12.558976 41.754269
v -23.630600 11.711702 44.793224
v -22.901989 10.944616 41.186867
v -12.907998 12.877315 38.045341
v -22.745687 11.537808 36.974731
v 2.387326 10.794160 28.280811
v 9.665382 6.760566 34.853771
v 9.598671 6.478453 40.993034
v 3.326950 10.922071 39.824627
v 4.203851 10.751605 34.417038
v 1.004437 11.147421 44.988098
v 2.717121 7.328824 52.184074
v -4.059175 7.328730 57.755337
v -10.208126 7.034887 61.842209
v -10.766552 10.915960 57.980743
v -7.029784 11.008486 54.734406
v -2.728956 11.176718 49.905781
v -1.153071 12.248011 32.767139
v -3.972963 12.707876 38.667034
v -6.619480 12.808992 43.233788
v -8.869183 13.022175 47.670460
v -10.067189 12.776282 52.722248
v -32.467815 10.607971 51.337006
v -37.294624 6.933940 52.054672
v -33.963097 8.417013 48.871742
v -35.868641 5.448920 46.991390
v -35.666756 4.533726 37.133816
v -22.069983 5.772328 64.267174
v -15.576004 6.343790 64.004013
v -29.680000 8.879795 36.268658
v -35.762535 4.617489 42.758404
v -29.455061 8.594240 41.580982
v -30.039684 9.281614 45.555748
v -34.286369 7.797844 54.467300
v -28.547052 7.146485 59.517509
v -32.630592 4.605004 59.064541
v -43.351681 1.935361 27.239021
v -41.461803 1.966032 21.852013
v -55.467587 1.812988 24.046846
v -56.184135 1.925848 29.688763
v -66.016632 1.042309 26.185574
v -66.501045 1.173323 31.815369
v -45.345047 2.217526 38.744225
v -44.671841 2.039539 32.881355
v -44.129086 2.726808 49.519493
v -45.132614 2.377542 44.432137
v -42.162582 2.912561 54.345016
v -49.359222 1.489563 57.443680
v -53.496895 1.954040 51.755909
v -55.983055 2.110238 46.245834
v -57.118622 2.063116 40.738953
v -56.944641 1.987491 35.211300
v -67.107941 0.996046 37.210728
v -66.741905 0.994779 42.473557
v -64.493576 1.168447 47.830662
v -60.692993 0.959193 53.608479
v -55.199417 0.150231 59.889908
v 13.387027 2.979506 26.746805
v 15.590939 2.639457 35.166252
v 29.195181 -1.219343 29.240812
v 29.541847 -1.655168 37.559532
v 13.136820 2.631617 48.318291
v 15.382595 2.325164 42.066151
v 27.697836 -1.630956 44.818039
v 24.097759 -1.278880 51.449379
v 7.961438 3.216869 54.444252
v 17.676079 -1.337150 57.902176
v 0.026546 3.335553 60.152786
v 7.615685 -1.688925 63.760696
v -22.560638 2.923899 67.241005
v -14.942794 3.210784 66.886887
v -7.876784 3.176789 64.449265
v -14.195966 -1.538289 71.932152
v -3.598135 -1.728359 68.585495
v -24.659554 -2.012936 72.714828
v -30.816536 2.563450 64.643951
v -37.980438 2.682952 59.635231
v 16.251627 -1.653977 -9.076653
v 17.964060 -0.137704 -2.004573
v 19.783909 1.087870 11.979432
v 21.803028 1.185674 27.856241
v 22.538666 1.115050 36.015572
v 21.603119 1.043977 43.358791
v 18.716928 0.996600 50.049309
v 12.878999 1.066376 56.322575
v 4.073661 0.916710 61.932644
v -5.492706 0.715569 66.496765
v -14.649668 0.770959 69.593353
v -23.819492 0.195661 70.384026
v -42.694527 0.721189 62.981373
v -33.519333 -0.069439 67.826416
v -36.042934 -2.309830 70.528732
v -47.043011 -1.223087 65.973396
v -63.348274 -0.019310 6.515087
v -54.320175 1.564292 4.388089
v -43.189373 1.923250 2.106484
v -32.116879 1.926839 -0.085963
v -21.981129 1.886323 -1.242403
v -11.727053 1.902874 -0.759137
v -1.102360 1.907582 1.099120
v 9.507651 1.685665 3.313709
v 19.299147 0.689532 5.069392
v 26.492071 -1.574358 6.311986
v 19.458782 -5.999401 -11.854943
v 15.603400 -5.203178 -14.992580
v 8.442930 -1.927952 -18.742355
v -2.650848 1.127447 -21.456139
v -14.132231 1.582179 -23.205568
v -25.043236 1.570940 -23.542456
v -35.353088 1.661342 -22.565239
v -45.338840 1.770396 -20.969151
v -54.601208 1.537803 -19.048080
v -62.257420 0.192497 -17.149612
v 7.159763 -4.184186 -33.391781
v -3.532244 -1.369504 -36.693481
v -15.731373 -1.205351 -38.404736
v -27.075554 -1.365179 -38.672829
v -37.316044 -1.246855 -38.127941
v -46.340488 -1.103206 -37.023544
v -54.108986 -1.286522 -35.220245
v -60.515747 -2.019816 -33.262730
v -65.019241 0.510448 19.918030
v -54.833435 1.636557 17.719025
v -41.200169 1.959933 15.503485
v -29.045870 2.525794 12.548025
v -19.977505 2.901435 10.372972
v -10.389940 3.089450 11.019619
v 0.198562 3.188517 14.449628
v 11.089357 2.532617 17.922594
v 20.571623 1.200421 19.558714
v 28.005772 -1.003204 20.679596
v -65.320839 -3.449477 -31.728531
v -66.745537 -2.601016 -23.928078
v -68.184792 -2.467169 -15.446547
v -69.172516 -2.805488 -6.857798
v -69.696037 -3.104002 1.396667
v -69.952164 -3.172967 8.685699
v -70.744492 -3.020637 15.316648
v -72.477455 -2.367282 22.163692
v -73.765610 -1.620868 28.481279
v -73.999329 -1.404265 33.684074
v -73.962784 -1.545314 38.619400
v -73.184448 -1.444093 43.489750
v -71.073608 -0.973549 48.640984
v -67.191620 -0.743468 54.667374
v -60.719597 -1.568746 61.620186
v -50.402992 -3.163155 68.153168
v -37.353573 -4.072063 72.543350
v -24.844517 -3.877794 74.703827
v -13.938687 -3.662600 74.155182
v -2.815183 -3.900170 70.674240
v 10.179303 -4.052352 65.379005
v 21.823126 -3.659714 58.777931
v 28.319279 -3.648617 52.074299
v 31.674786 -4.357915 45.796444
v 33.815189 -4.403008 38.763680
v 33.659195 -3.667404 30.280422
v 32.197567 -3.302819 21.247110
v 31.058023 -3.528755 13.417746
v 29.939857 -3.716758 6.991968
v 28.138458 -4.202940 0.347419
v 25.227585 -5.135414 -5.952305
v 22.133272 -6.366197 -10.436748
v 6.100607 -5.536185 -40.808846
v -3.715213 -4.531377 -43.953049
v -17.233410 -4.908689 -45.729527
v -28.993811 -5.102979 -45.719948
v -39.241577 -4.994226 -45.315094
v -47.822174 -4.844502 -44.713348
v -54.724590 -4.746048 -42.646580
v -60.240753 -5.026781 -40.027573
v -64.210892 -5.588674 -38.065903
v -67.042732 -6.459474 -36.550785
v -68.635071 -5.574139 -30.835802
v -70.738235 -5.442074 -22.784695
v -72.539551 -5.782639 -13.881840
v -73.434402 -6.256764 -5.285503
v -73.901718 -6.461862 3.319169
v -73.996964 -6.429948 10.567919
v -74.943779 -6.240756 16.928543
v -77.348068 -5.667355 24.229641
v -78.903915 -4.916364 30.751242
v -78.737595 -4.539599 35.185265
v -78.187546 -4.485473 39.506695
v -77.405792 -4.342379 43.968040
v -76.165665 -3.996936 48.676121
v -73.707840 -3.674876 54.377579
v -67.460869 -4.440784 62.330399
v -53.955776 -5.463611 69.872353
v -37.879562 -5.367819 73.944077
v -24.627275 -5.177316 76.158279
v -13.845015 -5.299644 75.959091
v -2.816989 -5.642477 72.302750
v 11.980406 -6.007657 66.500854
v 25.069565 -5.690790 58.972775
v 31.020676 -5.580904 52.022110
v 33.597721 -6.043233 46.236782
v 35.482330 -5.934898 39.343220
v 35.497623 -5.294875 30.860125
v 34.055126 -4.945670 21.524960
v 32.673656 -4.985941 13.525066
v 31.500761 -5.016324 7.371055
v 29.724049 -5.372913 0.829535
v 26.773716 -6.275565 -5.242835
v 23.404211 -7.028910 -9.471890
vt 0.867778 0.654679
vt 0.866909 0.652221
vt 0.870326 0.651424
vt 0.870576 0.654809
vt 0.866202 0.649034
vt 0.869827 0.648288
vt 0.873522 0.647660
vt 0.873902 0.650990
vt 0.874379 0.654672
vt 0.740436 0.460351
vt 0.746599 0.456910
vt 0.753458 0.463019
vt 0.750148 0.465943
vt 0.820106 0.613246
vt 0.823558 0.608903
vt 0.828504 0.602401
vt 0.760109 0.468082
vt 0.756946 0.471589
vt 0.833483 0.597293
vt 0.765318 0.473714
vt 0.770806 0.472152
vt 0.770478 0.478360
vt 0.767608 0.487129
vt 0.762500 0.478076
vt 0.872719 0.641338
vt 0.873173 0.644544
vt 0.869604 0.645267
vt 0.868968 0.642276
vt 0.866055 0.645823
vt 0.866199 0.643342
vt 0.881767 0.646958
vt 0.877498 0.647217
vt 0.876997 0.644176
vt 0.880939 0.643685
vt 0.876734 0.641104
vt 0.879885 0.641327
vt 0.877724 0.650494
vt 0.878385 0.654041
vt 0.881837 0.650487
vt 0.881567 0.653364
vt 0.866003 0.656952
vt 0.726299 0.497811
vt 0.723866 0.493747
vt 0.727647 0.495022
vt 0.730918 0.497207
vt 0.728941 0.499658
vt 0.733642 0.500025
vt 0.862295 0.645691
vt 0.735306 0.503526
vt 0.732573 0.504568
vt 0.735907 0.491028
vt 0.731218 0.487901
vt 0.732832 0.484623
vt 0.738126 0.488353
vt 0.725511 0.486079
vt 0.726406 0.482420
vt 0.727598 0.478703
vt 0.734758 0.481204
vt 0.740700 0.485491
vt 0.745489 0.491033
vt 0.742325 0.493250
vt 0.748472 0.498055
vt 0.744903 0.499434
vt 0.741756 0.500600
vt 0.739563 0.495243
vt 0.706453 0.500654
vt 0.710037 0.497438
vt 0.880190 0.657890
vt 0.884353 0.655516
vt 0.714627 0.495071
vt 0.716197 0.498187
vt 0.719387 0.493796
vt 0.870053 0.658580
vt 0.704409 0.509203
vt 0.704717 0.504755
vt 0.886286 0.651516
vt 0.886340 0.646879
vt 0.707845 0.517223
vt 0.705458 0.513450
vt 0.884868 0.642593
vt 0.881839 0.639323
vt 0.733924 0.512356
vt 0.711697 0.520190
vt 0.877223 0.637736
vt 0.872021 0.637736
vt 0.735395 0.507852
vt 0.867233 0.639231
vt 0.785787 0.422840
vt 0.773030 0.418521
vt 0.778482 0.407241
vt 0.792670 0.412300
vt 0.757809 0.416120
vt 0.761639 0.404361
vt 0.766872 0.392213
vt 0.785692 0.396003
vt 0.801430 0.402264
vt 0.815608 0.410915
vt 0.804939 0.419782
vt 0.828982 0.422797
vt 0.816210 0.431361
vt 0.805526 0.439967
vt 0.796120 0.429198
vt 0.709811 0.480391
vt 0.718866 0.478391
vt 0.718647 0.482043
vt 0.710538 0.483696
vt 0.718674 0.485757
vt 0.711479 0.487138
vt 0.704719 0.490797
vt 0.703103 0.487899
vt 0.699280 0.496061
vt 0.697181 0.493962
vt 0.695395 0.491835
vt 0.701747 0.485095
vt 0.740345 0.514652
vt 0.742077 0.507231
vt 0.745467 0.507146
vt 0.715035 0.532223
vt 0.749264 0.507105
vt 0.747636 0.517147
vt 0.701023 0.521515
vt 0.707761 0.525924
vt 0.705884 0.528804
vt 0.698377 0.523489
vt 0.703852 0.531800
vt 0.695950 0.525409
vt 0.691668 0.517403
vt 0.694187 0.516675
vt 0.690384 0.508769
vt 0.692743 0.509190
vt 0.695460 0.509403
vt 0.697031 0.515816
vt 0.691625 0.500085
vt 0.693751 0.501412
vt 0.696231 0.502585
vt 0.748340 0.478095
vt 0.754194 0.484652
vt 0.749625 0.487995
vt 0.744207 0.481885
vt 0.757715 0.493410
vt 0.752951 0.495916
vt 0.753864 0.506822
vt 0.711965 0.540284
vt 0.758557 0.506315
vt 0.709960 0.544344
vt 0.701385 0.535015
vt 0.693242 0.527372
vt 0.698617 0.538072
vt 0.690054 0.529267
vt 0.685097 0.518614
vt 0.688703 0.518033
vt 0.683669 0.507524
vt 0.687371 0.508187
vt 0.685469 0.496916
vt 0.688830 0.498572
vt 0.690340 0.487038
vt 0.693060 0.489526
vt 0.700071 0.482126
vt 0.709028 0.476919
vt 0.698197 0.478949
vt 0.708282 0.473207
vt 0.720274 0.470404
vt 0.719344 0.474535
vt 0.732007 0.470398
vt 0.729373 0.474671
vt 0.737475 0.477228
vt 0.741049 0.473075
vt 0.718950 0.489847
vt 0.712954 0.491159
vt 0.724630 0.489999
vt 0.702694 0.498384
vt 0.707227 0.494130
vt 0.700247 0.503683
vt 0.699742 0.509324
vt 0.701153 0.514629
vt 0.704452 0.519317
vt 0.737001 0.513516
vt 0.709801 0.522977
vt 0.738662 0.507568
vt 0.738477 0.502084
vt 0.736566 0.497647
vt 0.733392 0.494136
vt 0.729404 0.491515
vt 0.762164 0.490973
vt 0.758646 0.481537
vt 0.752805 0.474771
vt 0.762636 0.505714
vt 0.708164 0.547565
vt 0.766927 0.505609
vt 0.763340 0.522690
vt 0.695690 0.540612
vt 0.686182 0.530971
vt 0.692192 0.542934
vt 0.681304 0.532284
vt 0.673905 0.505940
vt 0.679237 0.506852
vt 0.680666 0.519163
vt 0.675221 0.519398
vt 0.683870 0.481278
vt 0.687393 0.484368
vt 0.681633 0.495152
vt 0.677060 0.493071
vt 0.696248 0.475526
vt 0.707670 0.469181
vt 0.693851 0.471644
vt 0.706550 0.464680
vt 0.735843 0.465980
vt 0.721884 0.465921
vt 0.722428 0.460959
vt 0.745612 0.469252
vt 0.819176 0.605406
vt 0.823597 0.598676
vt 0.749805 0.450983
vt 0.750734 0.444907
vt 0.813729 0.601468
vt 0.817959 0.594420
vt 0.829110 0.585523
vt 0.775183 0.470639
vt 0.828241 0.593812
vt 0.822578 0.589434
vt 0.775538 0.478669
vt 0.782106 0.477002
vt 0.781799 0.490415
vt 0.774462 0.489907
vt 0.778965 0.507778
vt 0.772372 0.506588
vt 0.772756 0.526724
vt 0.703824 0.554881
vt 0.743273 0.451656
vt 0.734484 0.453371
vt 0.730751 0.446602
vt 0.741669 0.445330
vt 0.719917 0.455334
vt 0.704186 0.459565
vt 0.701119 0.453466
vt 0.716392 0.448844
vt 0.687714 0.545347
vt 0.674984 0.533095
vt 0.683266 0.548340
vt 0.668791 0.534670
vt 0.668438 0.519117
vt 0.667441 0.504571
vt 0.661731 0.519512
vt 0.660884 0.503456
vt 0.665478 0.487534
vt 0.671472 0.490452
vt 0.674396 0.472889
vt 0.679436 0.477538
vt 0.690591 0.467107
vt 0.686715 0.461540
vt 0.739981 0.415711
vt 0.741163 0.403792
vt 0.719908 0.417954
vt 0.718307 0.406231
vt 0.717034 0.394426
vt 0.743205 0.391370
vt 0.662739 0.415818
vt 0.689820 0.401955
vt 0.693512 0.412809
vt 0.668344 0.425201
vt 0.697396 0.423900
vt 0.674453 0.435510
vt 0.619209 0.465724
vt 0.637943 0.436565
vt 0.645513 0.444911
vt 0.629443 0.472780
vt 0.653916 0.454399
vt 0.640162 0.480712
vt 0.842174 0.439088
vt 0.827090 0.449444
vt 0.855651 0.457147
vt 0.838093 0.469650
vt 0.819600 0.485427
vt 0.813754 0.458753
vt 0.791322 0.474730
vt 0.822320 0.577957
vt 0.798396 0.489303
vt 0.815271 0.582979
vt 0.810632 0.588823
vt 0.751644 0.437124
vt 0.767166 0.430548
vt 0.728781 0.438985
vt 0.738739 0.427690
vt 0.713834 0.441193
vt 0.697922 0.446000
vt 0.682386 0.454500
vt 0.669120 0.467127
vt 0.545773 0.594620
vt 0.657522 0.407673
vt 0.631185 0.430753
vt 0.556767 0.631122
vt 0.609746 0.461808
vt 0.600904 0.456343
vt 0.540788 0.524140
vt 0.716440 0.381804
vt 0.686442 0.391473
vt 0.540118 0.559015
vt 0.747239 0.377682
vt 0.775433 0.378713
vt 0.549027 0.489422
vt 0.563477 0.446332
vt 0.797340 0.383458
vt 0.815316 0.390960
vt 0.584922 0.423639
vt 0.602341 0.408927
vt 0.640909 0.385948
vt 0.847203 0.412640
vt 0.831640 0.400592
vt 0.620881 0.396692
vt 0.685825 0.366899
vt 0.878222 0.443882
vt 0.862832 0.427488
vt 0.662781 0.375713
vt 0.812219 0.517249
vt 0.786612 0.508397
vt 0.807982 0.541614
vt 0.759052 0.536479
vt 0.737775 0.565183
vt 0.679703 0.552514
vt 0.704275 0.584245
vt 0.701405 0.569962
vt 0.675037 0.563652
vt 0.656034 0.544168
vt 0.672014 0.574255
vt 0.645965 0.552667
vt 0.648367 0.516270
vt 0.637522 0.514534
vt 0.164061 0.612194
vt 0.156725 0.569684
vt 0.187331 0.568732
vt 0.194418 0.610909
vt 0.151818 0.528702
vt 0.182907 0.527872
vt 0.214111 0.526350
vt 0.218068 0.567187
vt 0.224817 0.609121
vt 0.235451 0.652327
vt 0.205096 0.654454
vt 0.248884 0.696687
vt 0.218625 0.699220
vt 0.188083 0.701314
vt 0.174641 0.656163
vt 0.210836 0.447570
vt 0.211818 0.486481
vt 0.180178 0.488293
vt 0.178905 0.450153
vt 0.148499 0.489317
vt 0.146750 0.451806
vt 0.624261 0.509235
vt 0.625397 0.545872
vt 0.607185 0.543283
vt 0.609660 0.503883
vt 0.594937 0.501424
vt 0.587451 0.542898
vt 0.562707 0.544140
vt 0.603035 0.706837
vt 0.221728 0.792827
vt 0.204039 0.747518
vt 0.234273 0.745215
vt 0.251555 0.791373
vt 0.264030 0.742224
vt 0.280465 0.788334
vt 0.336698 0.436709
vt 0.336451 0.478798
vt 0.305891 0.479882
vt 0.305534 0.438221
vt 0.337828 0.519965
vt 0.307732 0.521055
vt 0.277081 0.522669
vt 0.274965 0.481825
vt 0.274180 0.440909
vt 0.287475 0.605240
vt 0.280928 0.563728
vt 0.311534 0.562146
vt 0.318127 0.603441
vt 0.341595 0.560915
vt 0.348320 0.601930
vt 0.358539 0.643293
vt 0.328280 0.645225
vt 0.371170 0.684756
vt 0.340903 0.687219
vt 0.310399 0.690147
vt 0.297653 0.647465
vt 0.339841 0.775272
vt 0.324676 0.733064
vt 0.354953 0.729119
vt 0.369761 0.769994
vt 0.385183 0.726016
vt 0.399901 0.766279
vt 0.502921 0.435407
vt 0.500495 0.480207
vt 0.475142 0.477842
vt 0.475854 0.433024
vt 0.498941 0.520221
vt 0.475549 0.519085
vt 0.450779 0.518569
vt 0.449741 0.476998
vt 0.449948 0.432711
vt 0.461508 0.598377
vt 0.454629 0.558802
vt 0.479032 0.558748
vt 0.485906 0.597691
vt 0.501527 0.558837
vt 0.508328 0.596943
vt 0.519427 0.635407
vt 0.496489 0.636741
vt 0.534758 0.674595
vt 0.510519 0.676271
vt 0.484818 0.677802
vt 0.471634 0.637939
vt 0.517565 0.758565
vt 0.500877 0.718276
vt 0.527733 0.716672
vt 0.545428 0.757029
vt 0.554260 0.714904
vt 0.574080 0.755430
vt 0.397248 0.436872
vt 0.396003 0.479186
vt 0.366732 0.479008
vt 0.367671 0.436890
vt 0.396465 0.519607
vt 0.367522 0.519708
vt 0.371299 0.560252
vt 0.378244 0.600876
vt 0.400295 0.559809
vt 0.407389 0.600037
vt 0.417658 0.640522
vt 0.388523 0.641805
vt 0.430423 0.681220
vt 0.401208 0.682866
vt 0.415417 0.723836
vt 0.430356 0.764084
vt 0.445040 0.722051
vt 0.460422 0.762467
vt 0.146564 0.416353
vt 0.178834 0.413605
vt 0.147541 0.382931
vt 0.179643 0.378801
vt 0.211514 0.373242
vt 0.210814 0.409668
vt 0.312968 0.893285
vt 0.289169 0.888005
vt 0.270344 0.838772
vt 0.297830 0.836427
vt 0.260956 0.882184
vt 0.240953 0.837180
vt 0.429155 0.840687
vt 0.399612 0.844419
vt 0.384729 0.809078
vt 0.414674 0.804868
vt 0.370986 0.852120
vt 0.355330 0.816211
vt 0.274287 0.399643
vt 0.306086 0.395636
vt 0.275025 0.359602
vt 0.307079 0.354235
vt 0.338962 0.350282
vt 0.337757 0.393006
vt 0.370217 0.347733
vt 0.369058 0.392113
vt 0.399471 0.345050
vt 0.398560 0.391031
vt 0.445247 0.803046
vt 0.475470 0.801969
vt 0.489811 0.839872
vt 0.459694 0.839949
vt 0.469882 0.942112
vt 0.443798 0.935777
vt 0.436717 0.919451
vt 0.463669 0.924027
vt 0.420389 0.930034
vt 0.412106 0.916340
vt 0.400852 0.899028
vt 0.426787 0.898581
vt 0.454703 0.900566
vt 0.484455 0.904280
vt 0.492747 0.928454
vt 0.513782 0.907095
vt 0.521598 0.931540
vt 0.526938 0.949594
vt 0.498411 0.946606
vt 0.566613 0.904034
vt 0.593914 0.901894
vt 0.600669 0.930077
vt 0.573624 0.931381
vt 0.622906 0.900206
vt 0.629687 0.928810
vt 0.634316 0.951524
vt 0.605210 0.952182
vt 0.578414 0.952488
vt 0.590172 0.795286
vt 0.560780 0.796457
vt 0.603197 0.833322
vt 0.573889 0.834244
vt 0.545795 0.835796
vt 0.532553 0.797917
vt 0.449991 0.335806
vt 0.475590 0.331742
vt 0.475701 0.382654
vt 0.449858 0.384364
vt 0.502067 0.328224
vt 0.502871 0.382466
vt 0.181020 0.345838
vt 0.212711 0.338709
vt 0.149298 0.351448
vt 0.151318 0.322348
vt 0.182563 0.315241
vt 0.214056 0.306699
vt 0.308089 0.316102
vt 0.339708 0.311119
vt 0.276160 0.322330
vt 0.277396 0.288359
vt 0.309121 0.281346
vt 0.340403 0.275324
vt 0.370781 0.269372
vt 0.370534 0.306802
vt 0.399708 0.263286
vt 0.399580 0.302312
vt 0.452440 0.250229
vt 0.478045 0.243587
vt 0.476513 0.285276
vt 0.450957 0.290885
vt 0.503571 0.236363
vt 0.502420 0.279511
vt 0.183849 0.287373
vt 0.215192 0.277595
vt 0.153057 0.296006
vt 0.154178 0.272364
vt 0.184703 0.262074
vt 0.216076 0.250988
vt 0.310170 0.249801
vt 0.341415 0.242394
vt 0.278458 0.257979
vt 0.279433 0.230025
vt 0.311421 0.220465
vt 0.342973 0.211637
vt 0.373406 0.203617
vt 0.371684 0.235167
vt 0.402422 0.196188
vt 0.400623 0.228105
vt 0.455810 0.181852
vt 0.481202 0.173701
vt 0.479568 0.206670
vt 0.453991 0.214147
vt 0.506511 0.164708
vt 0.504907 0.198469
vt 0.608684 0.578118
vt 0.587050 0.581231
vt 0.612653 0.607032
vt 0.599269 0.630812
vt 0.728059 0.780401
vt 0.689381 0.769405
vt 0.880146 0.741463
vt 0.858246 0.759484
vt 0.674367 0.706699
vt 0.697246 0.712890
vt 0.835939 0.772487
vt 0.654646 0.698207
vt 0.671438 0.676419
vt 0.690053 0.684334
vt 0.711242 0.690119
vt 0.895118 0.680807
vt 0.894319 0.676245
vt 0.898804 0.675633
vt 0.899893 0.680012
vt 0.893539 0.671602
vt 0.898145 0.671088
vt 0.902446 0.670591
vt 0.903073 0.675398
vt 0.903132 0.678954
vt 0.878061 0.627928
vt 0.877182 0.632170
vt 0.880228 0.678719
vt 0.872292 0.628133
vt 0.883672 0.672510
vt 0.884839 0.677328
vt 0.886135 0.680685
vt 0.883713 0.683281
vt 0.866915 0.629645
vt 0.858237 0.638049
vt 0.860967 0.639982
vt 0.901785 0.684028
vt 0.855040 0.642931
vt 0.906014 0.681182
vt 0.853689 0.647644
vt 0.858424 0.651590
vt 0.906352 0.670152
vt 0.858598 0.656862
vt 0.855315 0.652309
vt 0.900340 0.662760
vt 0.897108 0.662331
vt 0.889803 0.646741
vt 0.866692 0.660622
vt 0.892148 0.662556
vt 0.890858 0.658483
vt 0.891774 0.640752
vt 0.892361 0.646290
vt 0.891475 0.651148
vt 0.890040 0.681075
vt 0.864178 0.636142
vt 0.862303 0.633295
vt 0.888716 0.672095
vt 0.889600 0.676656
vt 0.884374 0.659355
vt 0.890353 0.634993
vt 0.886922 0.663240
vt 0.883017 0.664178
vt 0.879380 0.661896
vt 0.887870 0.630474
vt 0.883041 0.667686
vt 0.881927 0.632585
vt 0.883533 0.628482
vt 0.888096 0.667554
vt 0.892928 0.666984
vt 0.897542 0.666573
vt 0.901609 0.665910
vt 0.904799 0.664587
vt 0.862237 0.660686
vt 0.879700 0.615916
vt 0.871563 0.616102
vt 0.871146 0.608867
vt 0.880598 0.608818
vt 0.863834 0.618689
vt 0.862069 0.612041
vt 0.860419 0.605110
vt 0.870813 0.601312
vt 0.881505 0.601420
vt 0.890533 0.603788
vt 0.888820 0.610580
vt 0.897732 0.609229
vt 0.895309 0.615034
vt 0.892760 0.620711
vt 0.887028 0.617137
vt 0.903137 0.619048
vt 0.899694 0.623437
vt 0.906129 0.631011
vt 0.902023 0.633737
vt 0.898043 0.636369
vt 0.896228 0.627711
vt 0.906620 0.643490
vt 0.902520 0.644278
vt 0.904615 0.655108
vt 0.864657 0.672826
vt 0.897366 0.653122
vt 0.898635 0.645067
vt 0.854979 0.671948
vt 0.856959 0.668915
vt 0.847768 0.665269
vt 0.850451 0.663005
vt 0.853153 0.660774
vt 0.858842 0.665963
vt 0.840628 0.656645
vt 0.844085 0.655411
vt 0.836574 0.646746
vt 0.840567 0.646913
vt 0.844700 0.647109
vt 0.847661 0.654215
vt 0.838715 0.636495
vt 0.842711 0.638269
vt 0.844349 0.626073
vt 0.847936 0.629470
vt 0.851538 0.632660
vt 0.846748 0.639953
vt 0.857254 0.624943
vt 0.854351 0.619896
vt 0.851500 0.614578
vt 0.854995 0.635527
vt 0.859926 0.629436
vt 0.865497 0.624620
vt 0.850973 0.641536
vt 0.849267 0.647394
vt 0.851556 0.653197
vt 0.855933 0.658711
vt 0.860619 0.663186
vt 0.894213 0.652098
vt 0.895290 0.645733
vt 0.894697 0.638716
vt 0.893142 0.631595
vt 0.890266 0.625919
vt 0.885256 0.623184
vt 0.878878 0.622359
vt 0.871995 0.622600
vt 0.883242 0.587645
vt 0.893727 0.591349
vt 0.892049 0.597288
vt 0.882376 0.594243
vt 0.902265 0.598834
vt 0.899859 0.603794
vt 0.909189 0.611055
vt 0.906158 0.614946
vt 0.913349 0.625774
vt 0.909833 0.628464
vt 0.914470 0.641625
vt 0.910568 0.642875
vt 0.861836 0.684251
vt 0.862267 0.680355
vt 0.851514 0.678020
vt 0.852926 0.674949
vt 0.842686 0.669440
vt 0.845109 0.667403
vt 0.834038 0.658667
vt 0.837210 0.657748
vt 0.829024 0.646219
vt 0.832622 0.646554
vt 0.831430 0.632927
vt 0.834914 0.634752
vt 0.838152 0.619335
vt 0.841101 0.622731
vt 0.849101 0.609505
vt 0.859149 0.598593
vt 0.847030 0.604541
vt 0.858134 0.592404
vt 0.870669 0.594098
vt 0.870625 0.587385
vt 0.856068 0.697322
vt 0.905593 0.594509
vt 0.895970 0.586315
vt 0.879092 0.696343
vt 0.884136 0.582039
vt 0.898436 0.689401
vt 0.818810 0.668078
vt 0.916874 0.622650
vt 0.912704 0.607352
vt 0.835001 0.683519
vt 0.806858 0.648758
vt 0.918436 0.638925
vt 0.800349 0.623843
vt 0.863560 0.688456
vt 0.795953 0.577662
vt 0.840713 0.671413
vt 0.851424 0.681348
vt 0.800806 0.594524
vt 0.888952 0.563935
vt 0.826080 0.645603
vt 0.831329 0.659336
vt 0.860028 0.571695
vt 0.924601 0.597637
vt 0.835479 0.615814
vt 0.828444 0.630907
vt 0.909236 0.578206
vt 0.845169 0.599598
vt 0.857239 0.586511
vt 0.929149 0.629732
vt 0.928121 0.657878
vt 0.870562 0.581389
vt 0.916361 0.677177
vt 0.790994 0.593318
vt 0.832095 0.578712
vt 0.783920 0.616662
vt 0.769457 0.609971
vt 0.780622 0.588163
vt 0.791207 0.570017
vt 0.770853 0.581466
vt 0.818384 0.564332
vt 0.755323 0.603081
vt 0.740679 0.596685
vt 0.760379 0.575061
vt 0.813172 0.555105
vt 0.854448 0.564101
vt 0.875431 0.552356
vt 0.846979 0.555504
vt 0.866798 0.541739
vt 0.831300 0.536267
vt 0.839196 0.546397
vt 0.847520 0.518047
vt 0.857490 0.530716
vt 0.748510 0.570183
vt 0.810583 0.547160
vt 0.724741 0.591420
vt 0.822967 0.525285
vt 0.835845 0.502978
vt 0.644885 0.578543
vt 0.626952 0.575937
vt 0.643506 0.595496
vt 0.632889 0.604086
vt 0.641394 0.651775
vt 0.623226 0.671443
vt 0.610790 0.653647
vt 0.629086 0.636330
vt 0.787060 0.785632
vt 0.759734 0.785591
vt 0.637734 0.686351
vt 0.655343 0.665371
vt 0.812317 0.781194
vt 0.671377 0.617754
vt 0.687757 0.628096
vt 0.671280 0.646558
vt 0.656555 0.634502
vt 0.704586 0.636991
vt 0.687590 0.656746
vt 0.643421 0.621235
vt 0.655485 0.605705
vt 0.705591 0.664510
vt 0.725197 0.670656
vt 0.721938 0.644542
vt 0.739763 0.651232
vt 0.761285 0.698425
vt 0.753537 0.720972
vt 0.723981 0.717838
vt 0.735201 0.694827
vt 0.279328 0.123498
vt 0.303229 0.122798
vt 0.784507 0.721976
vt 0.254425 0.126133
vt 0.788551 0.700834
vt 0.813024 0.702001
vt 0.822748 0.722929
vt 0.231199 0.129579
vt 0.201233 0.134313
vt 0.212400 0.132744
vt 0.844355 0.719180
vt 0.863344 0.714952
vt 0.837637 0.701329
vt 0.825596 0.687119
vt 0.811342 0.673590
vt 0.808597 0.687166
vt 0.804150 0.677673
vt 0.775452 0.663918
vt 0.791588 0.671451
vt 0.789656 0.684784
vt 0.767999 0.680533
vt 0.746256 0.675915
vt 0.757914 0.657488
vt 0.665314 0.589191
vt 0.686438 0.601527
vt 0.705156 0.610110
vt 0.722244 0.616971
vt 0.738703 0.623824
vt 0.754832 0.630640
vt 0.785667 0.645988
vt 0.770875 0.637355
vt 0.798560 0.659133
vt 0.949756 0.567882
vt 0.937999 0.577402
vt 0.926243 0.568210
vt 0.945229 0.559358
vt 0.921361 0.556506
vt 0.939461 0.552335
vt 0.949362 0.541034
vt 0.963941 0.553188
vt 0.811373 0.351876
vt 0.830624 0.345250
vt 0.851464 0.351976
vt 0.965505 0.570126
vt 0.918329 0.534088
vt 0.936724 0.529011
vt 0.928427 0.543085
vt 0.906238 0.545408
vt 0.935431 0.516786
vt 0.792980 0.348021
vt 0.912501 0.527167
vt 0.904710 0.516510
vt 0.928002 0.504886
vt 0.774846 0.349085
vt 0.709371 0.360415
vt 0.893095 0.460769
vt 0.732572 0.355576
vt 0.906686 0.477135
vt 0.883821 0.490938
vt 0.870135 0.474691
vt 0.132553 0.178038
vt 0.148824 0.160779
vt 0.921261 0.685206
vt 0.935596 0.664098
vt 0.164831 0.150529
vt 0.902294 0.698977
vt 0.180420 0.142589
vt 0.882815 0.708509
vt 0.851371 0.487695
vt 0.864417 0.503924
vt 0.918363 0.491779
vt 0.754578 0.351714
vt 0.895208 0.504664
vt 0.875406 0.517364
vt 0.885078 0.528835
vt 0.893614 0.539485
vt 0.968902 0.593723
vt 0.954730 0.582478
vt 0.956143 0.607843
vt 0.944088 0.601919
vt 0.940641 0.632647
vt 0.954584 0.630760
vt 0.970201 0.619464
vt 0.114829 0.194377
vt 0.882407 0.359967
vt 0.905154 0.369870
vt 0.640876 0.288006
vt 0.640979 0.339891
vt 0.620346 0.349335
vt 0.620014 0.295596
vt 0.600456 0.359799
vt 0.599250 0.303630
vt 0.581034 0.372078
vt 0.578219 0.312535
vt 0.559145 0.381565
vt 0.555417 0.320325
vt 0.553837 0.266321
vt 0.577011 0.259334
vt 0.553959 0.219749
vt 0.577179 0.213010
vt 0.599201 0.207023
vt 0.598823 0.252408
vt 0.641195 0.194745
vt 0.640900 0.239099
vt 0.619998 0.245806
vt 0.620431 0.201100
vt 0.555023 0.180479
vt 0.578197 0.173775
vt 0.557403 0.145846
vt 0.580400 0.139194
vt 0.601898 0.133725
vt 0.600159 0.168050
vt 0.622467 0.128268
vt 0.621231 0.162289
vt 0.642465 0.122761
vt 0.641734 0.156180
vt 0.707699 0.316556
vt 0.730451 0.312225
vt 0.684965 0.322597
vt 0.683921 0.273765
vt 0.705961 0.268849
vt 0.728223 0.265687
vt 0.662623 0.330677
vt 0.662205 0.280440
vt 0.817969 0.274316
vt 0.814931 0.311744
vt 0.794716 0.308939
vt 0.795150 0.268281
vt 0.774408 0.308055
vt 0.772971 0.264977
vt 0.752846 0.309284
vt 0.750607 0.264244
vt 0.836361 0.315875
vt 0.842340 0.283129
vt 0.868135 0.296339
vt 0.859797 0.323749
vt 0.882583 0.245840
vt 0.875757 0.270173
vt 0.847749 0.253529
vt 0.852527 0.226870
vt 0.820975 0.241401
vt 0.823795 0.212365
vt 0.796022 0.232271
vt 0.797108 0.200627
vt 0.772264 0.225985
vt 0.772037 0.191558
vt 0.726539 0.221154
vt 0.749106 0.222349
vt 0.725361 0.181099
vt 0.748152 0.185038
vt 0.683073 0.225711
vt 0.704575 0.222218
vt 0.682523 0.181695
vt 0.703596 0.179769
vt 0.661890 0.231868
vt 0.661811 0.187480
vt 0.661958 0.149434
vt 0.662184 0.117164
vt 0.682017 0.113683
vt 0.682254 0.144631
vt 0.702992 0.144342
vt 0.702326 0.114531
vt 0.723615 0.118797
vt 0.724586 0.147645
vt 0.747521 0.153588
vt 0.746418 0.125592
vt 0.771099 0.134918
vt 0.771956 0.162074
vt 0.798139 0.146811
vt 0.798119 0.173013
vt 0.827691 0.161631
vt 0.826289 0.186576
vt 0.859936 0.179717
vt 0.856735 0.202915
vt 0.893896 0.203154
vt 0.888671 0.223906
vt 0.694754 0.802518
vt 0.656645 0.795500
vt 0.731950 0.809957
vt 0.737707 0.840370
vt 0.703052 0.837399
vt 0.667810 0.834001
vt 0.798604 0.837009
vt 0.769342 0.840152
vt 0.764039 0.812751
vt 0.792625 0.811439
vt 0.686676 0.899070
vt 0.720255 0.899720
vt 0.729314 0.929714
vt 0.694783 0.928350
vt 0.753431 0.899568
vt 0.763225 0.929912
vt 0.771951 0.955283
vt 0.737113 0.954514
vt 0.701341 0.952197
vt 0.784929 0.896963
vt 0.794881 0.926606
vt 0.814431 0.891070
vt 0.824077 0.919267
vt 0.832710 0.943147
vt 0.803818 0.951509
vt 0.852124 0.821843
vt 0.844160 0.797866
vt 0.867862 0.784804
vt 0.876836 0.808145
vt 0.891008 0.766169
vt 0.900692 0.788669
vt 0.819200 0.806590
vt 0.826125 0.831188
vt 0.841655 0.881008
vt 0.850541 0.907343
vt 0.867465 0.867522
vt 0.875524 0.892106
vt 0.882482 0.914081
vt 0.858425 0.930165
vt 0.892734 0.851372
vt 0.900339 0.874833
vt 0.917526 0.830357
vt 0.925217 0.852891
vt 0.931173 0.874076
vt 0.906495 0.896417
vt 0.284715 0.108633
vt 0.914515 0.740820
vt 0.290501 0.095554
vt 0.316233 0.093373
vt 0.941899 0.802026
vt 0.335768 0.054264
vt 0.301609 0.070462
vt 0.306792 0.057560
vt 0.311616 0.045599
vt 0.342480 0.042028
vt 0.258737 0.111850
vt 0.233904 0.115973
vt 0.237396 0.104020
vt 0.263712 0.099295
vt 0.243992 0.061501
vt 0.277982 0.052553
vt 0.275647 0.063571
vt 0.244124 0.071360
vt 0.272492 0.075614
vt 0.243069 0.082321
vt 0.112025 0.156946
vt 0.130571 0.142811
vt 0.140125 0.151573
vt 0.123002 0.165077
vt 0.150212 0.132252
vt 0.157815 0.141120
vt 0.175273 0.132465
vt 0.170107 0.123278
vt 0.192235 0.115057
vt 0.196423 0.124020
vt 0.212440 0.120261
vt 0.213253 0.109352
vt 0.130197 0.103724
vt 0.155560 0.091685
vt 0.159476 0.099674
vt 0.134651 0.111172
vt 0.177485 0.083487
vt 0.181265 0.091577
vt 0.185194 0.099987
vt 0.163311 0.108038
vt 0.139678 0.118722
vt 0.212126 0.071039
vt 0.214088 0.080012
vt 0.214933 0.089967
vt 0.080486 0.136312
vt 0.105336 0.118325
vt 0.110492 0.124679
vt 0.086719 0.141535
vt 0.116710 0.131114
vt 0.094433 0.146896
vt 0.923061 0.339699
vt 0.095678 0.176544
vt 0.107412 0.182885
vt 0.912893 0.357572
vt 0.895160 0.315645
vt 0.885952 0.337766
vt 0.414039 0.873918
vt 0.442846 0.872690
vt 0.386735 0.878642
vt 0.502901 0.875735
vt 0.473106 0.874235
vt 0.614097 0.868401
vt 0.584978 0.869746
vt 0.557262 0.871752
vt 0.744913 0.870055
vt 0.711534 0.869433
vt 0.677759 0.868122
vt 0.805945 0.863692
vt 0.776390 0.868278
vt 0.859806 0.844632
vt 0.833606 0.855899
vt 0.909457 0.809514
vt 0.885032 0.829762
vt 0.322540 0.080381
vt 0.296154 0.082972
vt 0.268403 0.087364
vt 0.240638 0.093003
vt 0.214368 0.099500
vt 0.188671 0.107429
vt 0.166487 0.115520
vt 0.144515 0.125266
vt 0.123085 0.136574
vt 0.102686 0.151458
vt 0.904469 0.292896
vt 0.067763 0.194417
vt 0.913381 0.270999
vt 0.943687 0.301609
vt 0.084145 0.171684
vt 0.073233 0.167400
vt 0.032206 0.183072
vt 0.055441 0.158230
vt 0.063383 0.162747
vt 0.953415 0.284944
vt 0.928746 0.234043
vt 0.921498 0.251440
vt 0.429729 0.189145
vt 0.427873 0.221198
vt 0.426630 0.256853
vt 0.425852 0.296787
vt 0.425342 0.340660
vt 0.424821 0.387803
vt 0.424213 0.434739
vt 0.423509 0.477978
vt 0.424324 0.518989
vt 0.428228 0.559242
vt 0.435240 0.599181
vt 0.445360 0.639215
vt 0.458206 0.679489
vt 0.473421 0.720130
vt 0.489362 0.760497
vt 0.504343 0.800007
vt 0.518129 0.838091
vt 0.530413 0.874339
vt 0.540522 0.906396
vt 0.552945 0.951584
vt 0.547893 0.932193
vt 0.389733 0.916503
vt 0.376361 0.903370
vt 0.399934 0.927295
vt 0.380938 0.926205
vt 0.368427 0.918591
vt 0.352767 0.910836
vt 0.360405 0.888361
vt 0.342801 0.865305
vt 0.334876 0.901365
vt 0.326220 0.827017
vt 0.309998 0.782180
vt 0.294272 0.737816
vt 0.279604 0.693487
vt 0.266512 0.649917
vt 0.256112 0.607183
vt 0.249528 0.565464
vt 0.245695 0.524529
vt 0.243513 0.484172
vt 0.242605 0.444259
vt 0.242578 0.404671
vt 0.243232 0.366396
vt 0.244383 0.330376
vt 0.245672 0.297282
vt 0.247651 0.240254
vt 0.246756 0.267526
vt 0.206796 0.834401
vt 0.189318 0.794071
vt 0.224950 0.873708
vt 0.189064 0.864425
vt 0.173303 0.832702
vt 0.157534 0.797472
vt 0.140557 0.753455
vt 0.172261 0.749797
vt 0.124186 0.704999
vt 0.156410 0.703182
vt 0.143144 0.657334
vt 0.132719 0.612643
vt 0.110619 0.657649
vt 0.100207 0.611844
vt 0.093422 0.568150
vt 0.125476 0.569644
vt 0.088564 0.526697
vt 0.120409 0.528481
vt 0.116514 0.489281
vt 0.114196 0.452296
vt 0.083973 0.487575
vt 0.080822 0.451084
vt 0.080258 0.417510
vt 0.113834 0.417781
vt 0.081935 0.386437
vt 0.115080 0.385491
vt 0.117523 0.355218
vt 0.120446 0.327434
vt 0.085475 0.357381
vt 0.089829 0.330864
vt 0.093894 0.307466
vt 0.123090 0.302603
vt 0.097230 0.287112
vt 0.125049 0.280654
vt 0.532346 0.154883
vt 0.530324 0.189220
vt 0.529145 0.227970
vt 0.528580 0.273117
vt 0.529351 0.324988
vt 0.531879 0.383574
vt 0.532177 0.439582
vt 0.521384 0.521693
vt 0.526614 0.483788
vt 0.522383 0.558816
vt 0.528880 0.595898
vt 0.557298 0.672301
vt 0.540226 0.633614
vt 0.581005 0.712378
vt 0.604832 0.753174
vt 0.621940 0.794037
vt 0.634507 0.832942
vt 0.645147 0.867819
vt 0.654023 0.899248
vt 0.666728 0.951358
vt 0.661319 0.928139
vt 0.100678 0.254351
vt 0.125613 0.244502
vt 0.125927 0.261418
vt 0.099403 0.269673
vt 0.153244 0.232626
vt 0.154344 0.251280
vt 0.184958 0.239220
vt 0.216685 0.226613
vt 0.184621 0.218454
vt 0.217383 0.204028
vt 0.249137 0.191174
vt 0.248383 0.214733
vt 0.281119 0.179150
vt 0.280393 0.203373
vt 0.313041 0.192342
vt 0.345298 0.182359
vt 0.314515 0.167266
vt 0.347689 0.156695
vt 0.379004 0.148620
vt 0.376102 0.174160
vt 0.408207 0.141844
vt 0.405197 0.166975
vt 0.435062 0.135175
vt 0.432341 0.160042
vt 0.460251 0.127711
vt 0.458075 0.152596
vt 0.484627 0.118618
vt 0.483043 0.143912
vt 0.510138 0.107773
vt 0.508434 0.134017
vt 0.538646 0.095147
vt 0.535406 0.122976
vt 0.566068 0.084193
vt 0.561446 0.113123
vt 0.584083 0.106712
vt 0.604584 0.102155
vt 0.588301 0.078130
vt 0.607547 0.074747
vt 0.625991 0.071874
vt 0.624199 0.097886
vt 0.644136 0.069537
vt 0.643344 0.093924
vt 0.662348 0.090311
vt 0.681530 0.088300
vt 0.662376 0.067786
vt 0.680881 0.066946
vt 0.701174 0.089155
vt 0.721819 0.092663
vt 0.699804 0.067345
vt 0.719635 0.069466
vt 0.744011 0.098634
vt 0.768515 0.107392
vt 0.740840 0.073810
vt 0.764599 0.080910
vt 0.792225 0.091469
vt 0.796249 0.119347
vt 0.824262 0.106780
vt 0.827235 0.135109
vt 0.861683 0.128241
vt 0.861695 0.155310
vt 0.901535 0.159204
vt 0.898132 0.182363
vt 0.940818 0.202803
vt 0.935049 0.218648
vt 0.018378 0.176456
vt 0.024762 0.179669
vt 0.046461 0.150848
vt 0.050257 0.154372
vt 0.074075 0.128548
vt 0.076673 0.132159
vt 0.099933 0.108477
vt 0.102142 0.113111
vt 0.124624 0.091882
vt 0.127077 0.097494
vt 0.148977 0.079782
vt 0.152143 0.085321
vt 0.171812 0.071346
vt 0.174457 0.077006
vt 0.206137 0.059104
vt 0.209334 0.064462
vt 0.241244 0.048040
vt 0.242864 0.054135
vt 0.280898 0.036457
vt 0.279615 0.043899
vt 0.320188 0.027492
vt 0.316016 0.035954
vt 0.348599 0.032475
vt 0.934186 0.890835
vt 0.354374 0.024253
vt 0.935766 0.905386
vt 0.909820 0.912287
vt 0.886699 0.928870
vt 0.911705 0.925319
vt 0.889519 0.940079
vt 0.863254 0.944282
vt 0.837901 0.957010
vt 0.866550 0.954056
vt 0.841385 0.965872
vt 0.809116 0.965513
vt 0.777141 0.969562
vt 0.812630 0.974105
vt 0.780585 0.978388
vt 0.741959 0.968985
vt 0.705521 0.966648
vt 0.745322 0.978428
vt 0.708498 0.976560
vt 0.671852 0.975209
vt 0.669865 0.965483
vt 0.637741 0.974392
vt 0.636616 0.965180
vt 0.607469 0.965382
vt 0.581059 0.965197
vt 0.608575 0.974089
vt 0.582608 0.973534
vt 0.558122 0.971909
vt 0.556046 0.963695
vt 0.532824 0.969452
vt 0.530391 0.961269
vt 0.501941 0.958255
vt 0.473597 0.953645
vt 0.504317 0.966317
vt 0.475989 0.961562
vt 0.451023 0.954530
vt 0.448126 0.946654
vt 0.429018 0.946993
vt 0.425523 0.939609
vt 0.405974 0.934703
vt 0.387896 0.930976
vt 0.409912 0.940446
vt 0.392223 0.934441
vt 0.145763 0.834653
vt 0.129384 0.805528
vt 0.161313 0.856436
vt 0.137650 0.848993
vt 0.121098 0.838398
vt 0.102836 0.815875
vt 0.058470 0.708926
vt 0.091573 0.706947
vt 0.110212 0.759909
vt 0.080261 0.767728
vt 0.076723 0.656786
vt 0.066068 0.609380
vt 0.041897 0.655286
vt 0.030928 0.606043
vt 0.022764 0.517967
vt 0.055945 0.522861
vt 0.060181 0.564742
vt 0.026181 0.560350
vt 0.050341 0.483647
vt 0.045918 0.447586
vt 0.015946 0.478557
vt 0.010007 0.442910
vt 0.009061 0.411960
vt 0.045153 0.415224
vt 0.012328 0.384395
vt 0.047552 0.385765
vt 0.052730 0.358204
vt 0.059143 0.333051
vt 0.019427 0.358525
vt 0.028207 0.334791
vt 0.043669 0.296371
vt 0.070359 0.292022
vt 0.065184 0.310961
vt 0.036463 0.313946
vt 0.054323 0.270755
vt 0.077179 0.262709
vt 0.074157 0.276302
vt 0.049286 0.282445
vt 0.101808 0.226639
vt 0.101362 0.240271
vt 0.080144 0.250164
vt 0.083259 0.238175
vt 0.059789 0.259885
vt 0.065210 0.249330
vt 0.147058 0.201318
vt 0.150551 0.216419
vt 0.123969 0.229544
vt 0.121660 0.215414
vt 0.183686 0.199539
vt 0.218531 0.182867
vt 0.182467 0.181426
vt 0.219944 0.162288
vt 0.281504 0.139888
vt 0.281414 0.158657
vt 0.250108 0.169903
vt 0.251234 0.149647
vt 0.315372 0.147327
vt 0.349526 0.137119
vt 0.315905 0.129832
vt 0.351073 0.120488
vt 0.413325 0.106220
vt 0.410860 0.122596
vt 0.381460 0.129215
vt 0.383688 0.112797
vt 0.463392 0.093127
vt 0.461974 0.108929
vt 0.437416 0.116247
vt 0.439557 0.100223
vt 0.511790 0.070629
vt 0.511186 0.087707
vt 0.485636 0.099505
vt 0.486236 0.083395
vt 0.574186 0.041353
vt 0.570256 0.061339
vt 0.541281 0.073422
vt 0.543520 0.054612
vt 0.592220 0.055712
vt 0.610265 0.053415
vt 0.596006 0.036230
vt 0.612893 0.034983
vt 0.645209 0.032469
vt 0.644711 0.049876
vt 0.627547 0.051438
vt 0.629028 0.033665
vt 0.662269 0.048842
vt 0.680208 0.048368
vt 0.662102 0.031612
vt 0.679504 0.031069
vt 0.698518 0.048446
vt 0.717488 0.049566
vt 0.697230 0.030892
vt 0.715281 0.031173
vt 0.737383 0.052203
vt 0.759631 0.056736
vt 0.733645 0.032008
vt 0.753901 0.033505
vt 0.809797 0.043842
vt 0.818049 0.076018
vt 0.785712 0.063734
vt 0.777620 0.035873
vt 0.906444 0.100876
vt 0.904224 0.131279
vt 0.859529 0.096810
vt 0.855961 0.063054
vt 0.951955 0.163793
vt 0.946439 0.184042
vt 0.990135 0.233815
vt 0.011550 0.173354
vt 0.038910 0.143827
vt 0.042682 0.147335
vt 0.068904 0.121360
vt 0.071487 0.124951
vt 0.095529 0.099251
vt 0.097729 0.103860
vt 0.119728 0.080719
vt 0.122175 0.086294
vt 0.142658 0.068779
vt 0.145816 0.074273
vt 0.166551 0.060086
vt 0.169180 0.065712
vt 0.237991 0.035837
vt 0.239621 0.041948
vt 0.202949 0.053758
vt 0.199763 0.048402
vt 0.283437 0.021623
vt 0.282171 0.029042
vt 0.328436 0.010634
vt 0.324321 0.019061
vt 0.360050 0.016021
vt 0.937309 0.919930
vt 0.365687 0.007782
vt 0.938830 0.934521
vt 0.913516 0.938347
vt 0.892296 0.951262
vt 0.915257 0.951402
vt 0.895030 0.962441
vt 0.869824 0.963800
vt 0.844855 0.974701
vt 0.873079 0.973535
vt 0.848317 0.983513
vt 0.816143 0.982664
vt 0.784029 0.987186
vt 0.819662 0.991209
vt 0.787481 0.995977
vt 0.748683 0.987836
vt 0.711477 0.986431
vt 0.752051 0.997231
vt 0.714466 0.996284
vt 0.639979 0.992572
vt 0.638859 0.983507
vt 0.673843 0.984895
vt 0.675842 0.994558
vt 0.609645 0.982531
vt 0.584081 0.981414
vt 0.610704 0.990838
vt 0.585524 0.989063
vt 0.537296 0.984177
vt 0.535096 0.976977
vt 0.560076 0.979542
vt 0.561977 0.986886
vt 0.506522 0.973667
vt 0.478241 0.968789
vt 0.508650 0.980668
vt 0.480437 0.975690
vt 0.456479 0.969173
vt 0.453789 0.961934
vt 0.435508 0.961502
vt 0.432322 0.954232
vt 0.413698 0.946162
vt 0.396546 0.937888
vt 0.417416 0.951906
vt 0.400864 0.941329
vt 0.889238 0.650395
vt 0.901872 0.660409
vt 0.863629 0.658608
vt 0.860928 0.655327
vt 0.878400 0.672790
vt 0.877753 0.666779
vt 0.885641 0.634120
vt 0.887871 0.637731
vt 0.889123 0.642378
vt 0.895784 0.685187
vt 0.889329 0.685187
vt 0.867881 0.633228
vt 0.896957 0.658604
vt 0.907146 0.676121
vt 0.857243 0.647785
vt 0.858385 0.643957
vt 0.872314 0.632182
vt 0.655282 0.503378
vt 0.659769 0.484553
vt 0.651043 0.487283
vt 0.664134 0.538290
vt 0.656531 0.521670
vt 0.731142 0.558405
vt 0.806376 0.538914
vt 0.778314 0.528705
vt 0.699171 0.565188
vt 0.799729 0.517369
vt 0.790990 0.489809
vt 0.681110 0.446242
vt 0.663183 0.463713
vt 0.721509 0.429841
vt 0.701478 0.435480
vt 0.802947 0.605838
vt 0.753797 0.428185
vt 0.741122 0.437766
vt 0.778346 0.434535
vt 0.806489 0.596551
vt 0.789535 0.462776
vt 0.793340 0.449609
vt 0.786833 0.439998
vt 0.798779 0.466318
vt 0.716625 0.519134
vt 0.731304 0.511132
vt 0.732539 0.507822
vt 0.863708 0.641968
vt 0.710380 0.515674
vt 0.713180 0.517855
vt 0.708147 0.509318
vt 0.708774 0.512730
vt 0.709700 0.502545
vt 0.708369 0.505742
vt 0.723319 0.496789
vt 0.719876 0.496960
vt 0.875016 0.658843
vt 0.712532 0.500057
vt 0.731200 0.501889
vt 0.862433 0.649828
vt 0.863566 0.653808
vt 0.970298 0.646102
vt 0.948482 0.669799
vt 0.984212 0.629035
vt 0.987306 0.608189
vt 0.988211 0.567023
vt 0.987291 0.580798
vt 0.961888 0.507459
vt 0.965197 0.523145
vt 0.975994 0.534382
vt 0.954861 0.493527
vt 0.888447 0.721685
vt 0.868347 0.731061
vt 0.908188 0.709625
vt 0.928326 0.694454
vt 0.920636 0.446232
vt 0.933734 0.462665
vt 0.906014 0.430112
vt 0.945320 0.478534
vt 0.964611 0.564403
vt 0.985035 0.548910
vt 0.954347 0.545440
vt 0.811078 0.688146
vt 0.818731 0.703155
vt 0.847355 0.737806
vt 0.823350 0.743610
vt 0.809096 0.742287
vt 0.778409 0.743709
vt 0.744786 0.743685
vt 0.812633 0.721813
vt 0.712340 0.740891
vt 0.683429 0.735697
vt 0.591806 0.671333
vt 0.579730 0.646841
vt 0.566793 0.622583
vt 0.605008 0.690840
vt 0.620481 0.706724
vt 0.638367 0.719348
vt 0.630361 0.600016
vt 0.618102 0.616346
vt 0.788918 0.561982
vt 0.825130 0.571799
vt 0.782755 0.553317
vt 0.774660 0.546875
vt 0.766521 0.541180
vt 0.794306 0.575078
vt 0.838302 0.674215
vt 0.838744 0.583798
vt 0.908398 0.656186
vt 0.863606 0.676594
vt 0.912301 0.656243
vt 0.900880 0.654112
vt 0.865449 0.669222
vt 0.866042 0.665919
vt 0.866450 0.663007
vt 0.842739 0.594069
vt 0.856386 0.580604
vt 0.829482 0.611500
vt 0.823717 0.627068
vt 0.819125 0.643123
vt 0.828295 0.661216
vt 0.850703 0.685246
vt 0.923790 0.651582
vt 0.866281 0.695718
vt 0.916427 0.654168
vt 0.923480 0.635100
vt 0.921181 0.620011
vt 0.917370 0.605366
vt 0.911409 0.589453
vt 0.898544 0.580680
vt 0.885319 0.576499
vt 0.870768 0.575634
vt 0.659079 0.728744
vt 0.563886 0.588867
vt 0.641476 0.750083
vt 0.590260 0.613853
vt 0.581278 0.495915
vt 0.575155 0.668473
vt 0.701339 0.559710
vt 0.780782 0.466678
vt 0.889855 0.415005
vt 0.873044 0.401062
vt 0.624663 0.424047
vt 0.652340 0.398848
vt 0.682669 0.380314
vt 0.714861 0.368355
vt 0.749400 0.362398
vt 0.792427 0.359302
vt 0.767704 0.524605
vt 0.706233 0.550795
vt 0.768022 0.468837
vt 0.771590 0.472973
vt 0.836780 0.594346
vt 0.763049 0.463974
vt 0.756235 0.459620
vt 0.750250 0.455092
vt 0.751529 0.456738
vt 0.770023 0.477671
vt 0.815850 0.612743
vt 0.810117 0.609892
vt 0.752053 0.518632
vt 0.713780 0.536015
vt 0.756350 0.520118
vt 0.716171 0.525282
vt 0.716358 0.522029
vt 0.715804 0.528726
vt 0.743796 0.515856
vt 0.759836 0.521334
vt 0.856455 0.388608
vt 0.839096 0.377789
vt 0.819915 0.368786
vt 0.834167 0.590751
vt 0.747561 0.458023
vt 0.971307 0.905349
vt 0.968457 0.890365
vt 0.965496 0.875330
vt 0.962404 0.860221
vt 0.957896 0.843387
vt 0.328951 0.067575
vt 0.933194 0.781961
vt 0.924155 0.761925
vt 0.950613 0.823228
vt 0.309710 0.107190
vt 0.903156 0.717768
vt 0.983404 0.243421
vt 0.004494 0.170304
vt 0.976621 0.252662
vt 0.969767 0.261187
vt 0.962237 0.271213
vt 0.042212 0.186742
vt 0.054240 0.190553
vt 0.933451 0.320465
vt 0.081541 0.198474
vt 0.094356 0.202802
vt 0.103223 0.206379
vn 0.104040 0.991823 -0.073908
vn 0.095977 0.993376 -0.063190
vn 0.099135 0.992702 -0.068664
vn 0.108027 0.990887 -0.080452
vn 0.087411 0.994764 -0.052961
vn 0.091493 0.993980 -0.060275
vn 0.091864 0.993539 -0.066644
vn 0.099155 0.992226 -0.075210
vn 0.108436 0.990294 -0.086947
vn -0.388834 0.642317 -0.660483
vn -0.376652 0.761724 -0.527172
vn -0.445677 0.831827 -0.330810
vn -0.529021 0.756270 -0.384959
vn -0.432033 0.775508 -0.460364
vn -0.454922 0.822527 -0.341315
vn -0.468857 0.855024 -0.221601
vn -0.478274 0.856869 -0.192432
vn -0.580680 0.789330 -0.199424
vn -0.484743 0.869517 -0.094682
vn -0.490553 0.870422 -0.041519
vn -0.512141 0.858453 0.027752
vn -0.493519 0.851406 0.177615
vn -0.479274 0.784466 0.393586
vn -0.572300 0.819695 0.023942
vn 0.073342 0.996803 -0.031713
vn 0.083900 0.994998 -0.054226
vn 0.083242 0.995316 -0.049160
vn 0.072576 0.996948 -0.028772
vn 0.078525 0.996038 -0.041744
vn 0.070670 0.997079 -0.028985
vn 0.099352 0.991943 -0.078604
vn 0.093192 0.992983 -0.072808
vn 0.085926 0.994434 -0.060978
vn 0.093075 0.993552 -0.064748
vn 0.076115 0.996380 -0.037854
vn 0.084370 0.995376 -0.045923
vn 0.099861 0.991692 -0.081086
vn 0.108832 0.989763 -0.092331
vn 0.104874 0.990486 -0.089103
vn 0.110386 0.989194 -0.096491
vn 0.081915 0.988457 -0.127450
vn 0.059249 0.994393 -0.087589
vn 0.045182 0.975914 -0.213426
vn -0.001090 0.990299 -0.138950
vn -0.024983 0.997187 -0.070674
vn 0.047825 0.997316 -0.055443
vn -0.043025 0.999063 -0.004771
vn 0.033815 0.999103 -0.025475
vn -0.046187 0.996254 0.073114
vn 0.026912 0.999572 0.011478
vn -0.279573 0.950308 -0.136945
vn -0.214178 0.928836 -0.302311
vn -0.385712 0.831311 -0.400186
vn -0.481413 0.857090 -0.183406
vn -0.094078 0.891822 -0.442497
vn -0.210308 0.789663 -0.576371
vn -0.312415 0.682604 -0.660643
vn -0.516578 0.729634 -0.448086
vn -0.613848 0.760920 -0.210218
vn -0.609034 0.790574 0.063798
vn -0.488309 0.870458 0.062107
vn -0.506164 0.768454 0.391505
vn -0.411070 0.849729 0.330126
vn -0.267182 0.934522 0.235122
vn -0.297933 0.953710 0.040895
vn 0.277583 0.931225 -0.236152
vn 0.213774 0.935501 -0.281315
vn 0.146434 0.975643 -0.163335
vn 0.172735 0.973322 -0.151023
vn 0.156935 0.946139 -0.283184
vn 0.127536 0.979377 -0.156699
vn 0.103279 0.959435 -0.262332
vn 0.110177 0.982732 -0.148659
vn 0.308545 0.950836 -0.026652
vn 0.311504 0.939576 -0.141996
vn 0.180111 0.977543 -0.109410
vn 0.174195 0.982718 -0.062617
vn 0.205469 0.957193 0.203871
vn 0.277603 0.955506 0.099727
vn 0.165559 0.986186 -0.005238
vn 0.132392 0.989707 0.054345
vn 0.036198 0.977737 0.206690
vn 0.112376 0.965125 0.236444
vn 0.084778 0.994271 0.065106
vn 0.057471 0.997026 0.051337
vn -0.018952 0.989040 0.146427
vn 0.039518 0.998551 0.036537
vn -0.866004 0.232356 -0.442773
vn -0.775001 0.233649 -0.587182
vn -0.766721 0.365488 -0.527785
vn -0.829474 0.368212 -0.419992
vn -0.670253 0.265414 -0.693049
vn -0.674119 0.377362 -0.634951
vn -0.626712 0.546093 -0.555891
vn -0.685921 0.583408 -0.434911
vn -0.709773 0.609169 -0.353746
vn -0.715356 0.636528 -0.288267
vn -0.860877 0.423741 -0.281665
vn -0.705635 0.680452 -0.197648
vn -0.839339 0.529832 -0.121608
vn -0.908965 0.416778 0.008835
vn -0.930884 0.294508 -0.216149
vn 0.158940 0.619024 -0.769121
vn -0.081084 0.639625 -0.764398
vn -0.017758 0.746094 -0.665604
vn 0.181344 0.714923 -0.675277
vn 0.045430 0.853961 -0.518350
vn 0.189510 0.825538 -0.531576
vn 0.327894 0.808477 -0.488722
vn 0.375391 0.694259 -0.614074
vn 0.451430 0.806359 -0.382095
vn 0.549537 0.683675 -0.480206
vn 0.593573 0.597488 -0.539147
vn 0.393498 0.605277 -0.691953
vn -0.036488 0.854461 0.518232
vn -0.181201 0.896187 0.404988
vn -0.272753 0.800132 0.534223
vn -0.082345 0.755632 0.649800
vn -0.338999 0.707853 0.619697
vn -0.119650 0.669733 0.732900
vn 0.306701 0.827479 0.470333
vn 0.131812 0.829165 0.543242
vn 0.127369 0.723988 0.677952
vn 0.360589 0.701240 0.615010
vn 0.127462 0.641799 0.756206
vn 0.401883 0.603013 0.689105
vn 0.674667 0.571890 0.466653
vn 0.594199 0.690211 0.412961
vn 0.804973 0.586330 0.090746
vn 0.713521 0.695824 0.081956
vn 0.535390 0.843743 0.038151
vn 0.459615 0.839389 0.290138
vn 0.749754 0.596584 -0.286280
vn 0.680130 0.688747 -0.251099
vn 0.528010 0.824439 -0.203730
vn -0.685793 0.690916 -0.228742
vn -0.692474 0.719948 0.046418
vn -0.663216 0.746680 0.051126
vn -0.668022 0.709573 -0.224172
vn -0.595384 0.663553 0.453007
vn -0.557584 0.714402 0.422765
vn -0.381188 0.639623 0.667516
vn -0.145566 0.605228 0.782630
vn -0.417106 0.572184 0.706136
vn -0.166433 0.536794 0.827135
vn 0.137186 0.582681 0.801039
vn 0.437348 0.544729 0.715540
vn 0.156406 0.521180 0.838992
vn 0.471373 0.502255 0.724947
vn 0.726370 0.502111 0.469330
vn 0.708358 0.524223 0.472672
vn 0.847534 0.524228 0.082891
vn 0.829510 0.551841 0.085938
vn 0.792428 0.523644 -0.312817
vn 0.770332 0.562029 -0.301186
vn 0.626545 0.513597 -0.586225
vn 0.611181 0.555207 -0.564095
vn 0.398064 0.550461 -0.733852
vn 0.129303 0.543577 -0.829340
vn 0.393676 0.500843 -0.770828
vn 0.086015 0.471245 -0.877798
vn -0.206138 0.449440 -0.869201
vn -0.141843 0.543466 -0.827360
vn -0.446148 0.509743 -0.735605
vn -0.388440 0.591562 -0.706519
vn -0.587553 0.665467 -0.460364
vn -0.623073 0.630755 -0.462523
vn 0.086490 0.921885 -0.377687
vn 0.179716 0.899239 -0.398838
vn -0.005572 0.949744 -0.312977
vn 0.363972 0.879602 -0.306309
vn 0.273422 0.883196 -0.381058
vn 0.414917 0.893484 -0.171846
vn 0.412024 0.911171 0.002208
vn 0.360269 0.913880 0.187162
vn 0.257532 0.907946 0.330622
vn 0.006566 0.931137 0.364611
vn 0.129377 0.910891 0.391840
vn -0.091414 0.958457 0.270190
vn -0.138898 0.979471 0.146093
vn -0.142507 0.989643 0.017290
vn -0.120799 0.988064 -0.095586
vn -0.080706 0.975072 -0.206690
vn -0.569907 0.673686 0.470482
vn -0.668731 0.741560 0.053738
vn -0.666626 0.712892 -0.217706
vn -0.421561 0.568414 0.706535
vn -0.168670 0.512062 0.842225
vn -0.348360 0.678685 0.646554
vn -0.132369 0.584177 0.800759
vn 0.172693 0.503471 0.846578
vn 0.478263 0.530230 0.700087
vn 0.173087 0.569937 0.803252
vn 0.444775 0.640283 0.626269
vn 0.774404 0.632426 0.018332
vn 0.832998 0.549207 0.066978
vn 0.709405 0.551207 0.439221
vn 0.649301 0.670955 0.358089
vn 0.610803 0.499639 -0.614232
vn 0.627938 0.492191 -0.602861
vn 0.791219 0.519049 -0.323359
vn 0.755849 0.558905 -0.341054
vn 0.377245 0.471045 -0.797373
vn 0.034443 0.442983 -0.895868
vn 0.361486 0.469237 -0.805695
vn 0.018109 0.477024 -0.878704
vn -0.455627 0.520463 -0.722165
vn -0.261599 0.433641 -0.862277
vn -0.247379 0.524985 -0.814367
vn -0.610304 0.658669 -0.440096
vn -0.566874 0.682071 -0.461989
vn -0.601671 0.738170 -0.305120
vn -0.496855 0.609682 -0.617594
vn -0.584537 0.388762 -0.712166
vn -0.701480 0.415891 -0.578758
vn -0.795679 0.455407 -0.399375
vn -0.833405 0.525245 0.171914
vn -0.666172 0.733428 0.135272
vn -0.648640 0.754928 -0.096694
vn -0.866785 0.486995 -0.107330
vn -0.565505 0.752139 0.338366
vn -0.697850 0.607815 0.378901
vn -0.475734 0.679098 0.559020
vn -0.410009 0.761946 0.501329
vn -0.277697 0.690260 0.668151
vn -0.282357 0.721597 0.632118
vn -0.089136 0.704994 0.703590
vn -0.092563 0.654445 0.750423
vn -0.355951 0.607776 -0.709864
vn -0.279864 0.590963 -0.756597
vn -0.285260 0.470050 -0.835272
vn -0.419813 0.423731 -0.802627
vn -0.186996 0.542283 -0.819123
vn 0.048760 0.482543 -0.874514
vn 0.076617 0.430275 -0.899441
vn -0.149894 0.458983 -0.875709
vn 0.162132 0.672409 0.722205
vn 0.392973 0.763173 0.512971
vn 0.114654 0.793173 0.598107
vn 0.311897 0.874058 0.372482
vn 0.585656 0.771023 0.250062
vn 0.716211 0.695757 -0.054448
vn 0.517397 0.843129 0.146404
vn 0.672000 0.728838 -0.131193
vn 0.687146 0.589258 -0.424977
vn 0.717127 0.587373 -0.375131
vn 0.564197 0.492749 -0.662481
vn 0.589101 0.503588 -0.631949
vn 0.356605 0.461335 -0.812406
vn 0.344690 0.436725 -0.830939
vn -0.535118 0.313423 -0.784484
vn -0.545952 0.389383 -0.741834
vn -0.347150 0.349640 -0.870195
vn -0.350698 0.390334 -0.851264
vn -0.334974 0.480053 -0.810766
vn -0.520835 0.510700 -0.684044
vn 0.028665 0.430837 -0.901974
vn -0.126546 0.447101 -0.885487
vn -0.141026 0.372370 -0.917307
vn 0.037744 0.371964 -0.927480
vn -0.146635 0.351834 -0.924506
vn 0.056403 0.360392 -0.931094
vn 0.322717 0.557121 -0.765160
vn 0.177433 0.464143 -0.867807
vn 0.217240 0.432853 -0.874897
vn 0.368121 0.562855 -0.740055
vn 0.268939 0.419437 -0.867032
vn 0.448984 0.536256 -0.714733
vn -0.677452 0.726933 -0.112369
vn -0.765961 0.642877 -0.003534
vn -0.634841 0.772500 -0.014878
vn -0.669847 0.736376 0.095160
vn -0.560655 0.770109 0.304301
vn -0.794435 0.586867 0.156396
vn -0.774193 0.555111 0.304100
vn -0.904581 0.409080 0.119946
vn -0.531301 0.677349 0.508839
vn -0.938104 0.312719 -0.148890
vn -0.862287 0.257458 -0.436092
vn -0.638080 0.256352 -0.726043
vn -0.756142 0.240476 -0.608622
vn -0.319705 0.370707 -0.871989
vn -0.489123 0.314236 -0.813643
vn -0.144237 0.379655 -0.913815
vn 0.074721 0.380700 -0.921675
vn 0.314130 0.419648 -0.851597
vn 0.522548 0.497842 -0.692169
vn 0.013908 0.855242 -0.518043
vn 0.026453 0.621227 -0.783184
vn 0.142068 0.626489 -0.766373
vn 0.083698 0.851461 -0.517697
vn 0.278506 0.646999 -0.709808
vn 0.178297 0.842211 -0.508812
vn -0.187888 0.884170 -0.427717
vn -0.291794 0.663499 -0.688931
vn -0.102244 0.633052 -0.767328
vn -0.067396 0.861604 -0.503087
vn -0.427858 0.723731 -0.541434
vn -0.459691 0.791961 -0.401848
vn -0.241475 0.927279 -0.286083
vn -0.178335 0.975165 -0.131336
vn -0.467334 0.840053 -0.275518
vn -0.477599 0.848804 -0.226783
vn -0.183244 0.979573 -0.082820
vn -0.198797 0.976953 -0.077736
vn -0.234811 0.967355 -0.095335
vn -0.506881 0.843017 -0.179984
vn -0.490588 0.845554 -0.210623
vn -0.213800 0.972700 -0.090250
vn -0.246250 0.967702 -0.053976
vn -0.490335 0.869601 -0.058020
vn -0.509117 0.850480 -0.132226
vn -0.247786 0.965164 -0.084025
vn -0.275201 0.847927 0.453083
vn -0.297385 0.719728 0.627339
vn -0.144227 0.888302 0.436026
vn -0.116897 0.784841 0.608572
vn -0.043234 0.961667 0.270789
vn 0.033313 0.904856 0.424412
vn 0.153364 0.979146 0.133238
vn 0.187650 0.954926 0.230008
vn 0.385488 0.921290 0.051231
vn 0.552278 0.808174 -0.204555
vn 0.303581 0.952735 0.011589
vn 0.401866 0.882873 -0.242980
vn 0.612658 0.637842 -0.466699
vn 0.478436 0.718600 -0.504691
vn -0.001763 0.968625 -0.248521
vn -0.004349 0.967591 -0.252487
vn -0.001452 0.984620 -0.174703
vn -0.000276 0.984913 -0.173048
vn -0.005042 0.968012 -0.250854
vn -0.001746 0.984829 -0.173521
vn 0.000197 0.992190 -0.124738
vn 0.000076 0.991915 -0.126906
vn 0.000394 0.992040 -0.125921
vn 0.015061 0.992299 -0.122949
vn 0.015691 0.985458 -0.169196
vn 0.056817 0.991013 -0.121103
vn 0.058584 0.984740 -0.163878
vn 0.058405 0.971977 -0.227703
vn 0.015465 0.970728 -0.239683
vn -0.002844 0.993255 -0.115912
vn -0.000261 0.992696 -0.120641
vn -0.003209 0.985327 -0.170646
vn -0.008737 0.985750 -0.167988
vn -0.007559 0.969352 -0.245561
vn -0.017291 0.970719 -0.239596
vn 0.407897 0.713091 -0.570195
vn 0.403174 0.816027 -0.414188
vn 0.482634 0.711590 -0.510593
vn 0.406564 0.651539 -0.640471
vn 0.388622 0.677091 -0.624917
vn 0.497536 0.703884 -0.506957
vn 0.333745 0.885137 -0.324264
vn 0.261570 0.850036 -0.457187
vn 0.337229 0.923825 -0.181174
vn 0.153634 0.965672 -0.209461
vn 0.159290 0.974814 -0.156089
vn 0.350567 0.924936 -0.146954
vn 0.156324 0.979505 -0.127015
vn 0.343688 0.926481 -0.153334
vn 0.006407 0.999970 0.004406
vn 0.007397 0.999962 0.004599
vn 0.005499 0.999966 -0.006225
vn 0.004247 0.999971 -0.006342
vn 0.005536 0.999970 0.005362
vn 0.004271 0.999973 -0.006052
vn 0.001807 0.999065 -0.043185
vn 0.002087 0.999211 -0.039661
vn 0.000775 0.999374 -0.035367
vn 0.002095 0.998951 -0.045755
vn 0.001390 0.998955 -0.045688
vn 0.002308 0.999978 -0.006250
vn 0.001478 0.999977 -0.006591
vn 0.002610 0.999978 0.006029
vn 0.000662 0.999983 0.005881
vn 0.003289 0.999990 0.002912
vn 0.007610 0.999929 -0.009158
vn 0.014370 0.999872 -0.007050
vn 0.027023 0.999417 -0.020867
vn 0.041553 0.997766 -0.052312
vn 0.012485 0.998900 -0.045193
vn 0.223179 0.963213 -0.149708
vn 0.105499 0.991111 -0.081055
vn 0.070611 0.996213 -0.050734
vn 0.151561 0.982503 -0.108245
vn 0.042769 0.998642 -0.029751
vn 0.098931 0.992425 -0.072839
vn -0.033391 0.999064 -0.027506
vn -0.042473 0.997067 -0.063671
vn -0.014651 0.999378 -0.032072
vn -0.015905 0.999786 -0.013247
vn -0.037328 0.993216 -0.110128
vn -0.011517 0.998630 -0.051035
vn -0.001237 0.999768 -0.021500
vn -0.002971 0.999892 -0.014379
vn -0.006461 0.999967 -0.005013
vn -0.001583 0.999564 -0.029499
vn -0.000892 0.999649 -0.026495
vn -0.006107 0.997873 -0.064898
vn -0.001029 0.997403 -0.072014
vn -0.017622 0.989113 -0.146101
vn 0.000786 0.986311 -0.164893
vn 0.020129 0.984201 -0.175905
vn 0.005480 0.997193 -0.074670
vn 0.044587 0.983240 -0.176780
vn 0.015595 0.997153 -0.073772
vn 0.005115 0.999497 -0.031304
vn -0.000464 0.999520 -0.030965
vn 0.026529 0.999120 -0.032493
vn 0.014164 0.999410 -0.031296
vn 0.026591 0.997200 -0.069890
vn 0.037193 0.997343 -0.062647
vn 0.063795 0.984452 -0.163658
vn 0.073852 0.988013 -0.135559
vn 0.003385 0.999989 0.003136
vn 0.005079 0.999987 -0.000302
vn 0.006868 0.999972 0.003032
vn 0.005846 0.999971 0.004982
vn 0.004453 0.999989 -0.001662
vn 0.005295 0.999983 0.002568
vn 0.002535 0.999992 0.002974
vn 0.000193 0.999996 0.002976
vn 0.002301 0.999996 -0.001865
vn -0.000323 0.999997 -0.002336
vn -0.000712 0.999990 -0.004471
vn 0.000790 0.999999 0.000896
vn 0.003821 0.999956 -0.008601
vn 0.006971 0.999964 -0.004868
vn 0.025171 0.999517 -0.018227
vn 0.062815 0.996874 -0.047932
vn 0.016295 0.999730 -0.016565
vn 0.040170 0.998607 -0.034214
vn -0.037868 0.971007 -0.236032
vn -0.023965 0.985616 -0.167295
vn -0.073638 0.969064 -0.235568
vn -0.055795 0.984081 -0.168733
vn -0.043002 0.993136 -0.108775
vn -0.014283 0.993638 -0.111711
vn 0.618018 0.742282 -0.258980
vn 0.576924 0.807904 -0.120210
vn 0.519263 0.844329 -0.132191
vn 0.521099 0.828635 -0.204501
vn 0.557855 0.819670 -0.130147
vn 0.504241 0.850652 -0.148768
vn 0.231903 0.951597 -0.201704
vn 0.306437 0.912296 -0.271684
vn 0.239799 0.952274 -0.188869
vn 0.167312 0.976576 -0.135301
vn 0.422907 0.830555 -0.362393
vn 0.341691 0.905046 -0.253258
vn -0.008960 0.999494 -0.030523
vn -0.005762 0.999966 -0.005848
vn -0.035801 0.999021 -0.025990
vn -0.032646 0.999455 -0.004954
vn -0.028999 0.999554 0.007090
vn -0.003181 0.999981 0.005383
vn -0.026933 0.999557 0.012705
vn -0.002958 0.999959 0.008580
vn -0.027198 0.999532 0.014042
vn -0.005032 0.999951 0.008591
vn 0.116194 0.988512 -0.096658
vn 0.080733 0.994591 -0.065356
vn 0.145017 0.983600 -0.107243
vn 0.182384 0.971213 -0.153238
vn 0.499686 0.791467 -0.351987
vn 0.496872 0.749878 -0.436807
vn 0.455325 0.783852 -0.422203
vn 0.444935 0.829156 -0.338427
vn 0.486171 0.688497 -0.538154
vn 0.466413 0.690924 -0.552343
vn 0.491535 0.689198 -0.532354
vn 0.412858 0.821150 -0.394033
vn 0.371588 0.876295 -0.306641
vn 0.349813 0.903020 -0.249371
vn 0.445539 0.851383 -0.276843
vn 0.334460 0.923012 -0.190223
vn 0.451562 0.866833 -0.211407
vn 0.530264 0.820113 -0.215023
vn 0.512978 0.810511 -0.282712
vn 0.305247 0.948505 -0.084632
vn 0.297552 0.953076 -0.055749
vn 0.433611 0.897914 -0.075715
vn 0.447543 0.888645 -0.100078
vn 0.292541 0.955300 -0.042690
vn 0.415187 0.907521 -0.063443
vn 0.505063 0.858672 -0.087142
vn 0.524075 0.846015 -0.097996
vn 0.537526 0.835428 -0.114566
vn 0.087849 0.991527 -0.095695
vn 0.056995 0.996950 -0.053320
vn 0.117221 0.991410 -0.058013
vn 0.097449 0.994148 -0.046623
vn 0.098743 0.993831 -0.050502
vn 0.051210 0.997969 -0.037889
vn -0.031164 0.999475 0.008859
vn -0.030670 0.999524 0.003192
vn -0.019761 0.999805 0.000025
vn -0.014207 0.999890 0.004378
vn -0.028852 0.999569 -0.005378
vn -0.027319 0.999592 -0.008356
vn -0.108409 0.979382 -0.170463
vn -0.096800 0.989490 -0.107422
vn -0.124204 0.963807 -0.235902
vn -0.190566 0.954149 -0.230834
vn -0.189143 0.967550 -0.167550
vn -0.187963 0.976356 -0.106768
vn -0.086773 0.996221 -0.003836
vn -0.082744 0.996534 0.008573
vn -0.089506 0.995720 -0.023012
vn -0.183999 0.982659 -0.022922
vn -0.181724 0.983347 -0.002328
vn -0.178943 0.983817 0.009188
vn -0.175452 0.984394 0.013576
vn -0.078947 0.996766 0.015019
vn -0.172486 0.984927 0.012926
vn -0.076878 0.996910 0.016149
vn -0.168657 0.985609 -0.011415
vn -0.160366 0.986466 -0.034160
vn -0.068311 0.997630 -0.008284
vn -0.074905 0.997184 0.003589
vn -0.145361 0.987588 -0.059492
vn -0.057220 0.998117 -0.022119
vn -0.290790 0.943819 -0.156996
vn -0.302317 0.947438 -0.104715
vn -0.274575 0.937063 -0.215689
vn -0.375661 0.905815 -0.195902
vn -0.398028 0.905769 -0.145452
vn -0.412862 0.905114 -0.101557
vn -0.305781 0.952099 -0.002162
vn -0.305110 0.952291 0.007038
vn -0.306482 0.951539 -0.025356
vn -0.428818 0.902973 -0.027471
vn -0.433224 0.901274 -0.004617
vn -0.436146 0.899875 0.001488
vn -0.436378 0.899763 -0.001082
vn -0.303203 0.952896 0.007585
vn -0.434623 0.900603 -0.004022
vn -0.300620 0.953730 0.005185
vn -0.435499 0.898355 -0.057434
vn -0.431072 0.895426 -0.111309
vn -0.292274 0.953775 -0.069921
vn -0.298434 0.953874 -0.032589
vn -0.419884 0.892464 -0.164939
vn -0.279216 0.953801 -0.110918
vn 0.565094 0.740718 -0.363325
vn 0.602141 0.709648 -0.365823
vn 0.607468 0.764436 -0.215917
vn 0.671050 0.705086 -0.229228
vn 0.526344 0.837753 -0.145371
vn 0.451218 0.859620 -0.239701
vn 0.492211 0.808804 0.321813
vn 0.533471 0.819229 0.210411
vn 0.619456 0.727076 0.296031
vn 0.546473 0.735506 0.400498
vn 0.547673 0.824054 0.144877
vn 0.667920 0.714083 0.209684
vn 0.544921 0.818516 0.181911
vn 0.498007 0.827372 0.259699
vn 0.444332 0.826638 0.345310
vn -0.068110 0.997676 0.001842
vn -0.064454 0.997909 0.004846
vn -0.066397 0.997793 -0.000147
vn -0.072569 0.997351 -0.005028
vn -0.061814 0.998071 0.005828
vn -0.062553 0.998041 0.000798
vn -0.063224 0.997844 -0.017604
vn -0.069394 0.997438 -0.017387
vn -0.076010 0.996973 -0.016324
vn -0.032603 0.932236 0.360379
vn -0.037636 0.987932 0.150248
vn -0.085316 0.985596 0.146022
vn -0.136817 0.927707 0.347333
vn -0.048740 0.998410 0.028306
vn -0.057345 0.998167 0.019325
vn -0.062463 0.997959 0.013297
vn -0.141033 0.983266 0.115319
vn -0.245588 0.930183 0.272847
vn -0.281837 0.959087 0.026833
vn -0.140057 0.990119 0.006958
vn -0.149982 0.988073 -0.034882
vn -0.286924 0.953538 -0.091875
vn -0.143327 0.985414 -0.091748
vn -0.252607 0.944729 -0.208990
vn -0.097194 0.989976 -0.102474
vn -0.067135 0.993955 -0.086874
vn -0.080977 0.974957 -0.207129
vn -0.158447 0.957620 -0.240538
vn -0.043251 0.998902 -0.017995
vn -0.041292 0.999146 -0.001552
vn 0.014254 0.999658 -0.021907
vn -0.001005 0.997745 -0.067112
vn -0.035554 0.999299 0.011732
vn 0.026675 0.999452 0.019579
vn 0.139499 0.989625 0.034393
vn 0.107799 0.992619 -0.055562
vn 0.065715 0.989148 -0.131405
vn -0.064847 0.997873 0.006626
vn -0.148765 0.987568 0.050778
vn -0.286578 0.946840 0.146171
vn -0.058945 0.998194 0.011602
vn -0.062285 0.998024 0.008318
vn 0.056795 0.996276 0.064866
vn 0.183955 0.973659 0.134716
vn -0.025255 0.999309 0.027274
vn -0.015179 0.998884 0.044714
vn 0.067708 0.989512 0.127604
vn 0.175590 0.949831 0.258823
vn -0.033366 0.998721 0.038003
vn 0.012682 0.987496 0.157132
vn 0.072261 0.937078 0.341561
vn -0.048727 0.998683 0.016043
vn -0.054245 0.998502 0.007149
vn -0.056546 0.998400 0.000818
vn -0.055415 0.998288 -0.018691
vn -0.039039 0.995830 -0.082450
vn -0.008076 0.984569 -0.174808
vn -0.029268 0.694982 0.718431
vn -0.220137 0.678667 0.700679
vn -0.238975 0.539329 0.807475
vn -0.029603 0.560189 0.827836
vn -0.454987 0.677962 0.577368
vn -0.516999 0.532181 0.670444
vn -0.534955 0.445645 0.717790
vn -0.239260 0.457385 0.856477
vn -0.029555 0.475868 0.879020
vn 0.187325 0.515577 0.836116
vn 0.182133 0.601357 0.777945
vn 0.448653 0.578187 0.681477
vn 0.424385 0.661166 0.618673
vn 0.368393 0.768276 0.523488
vn 0.161562 0.724042 0.670568
vn 0.603550 0.662452 0.443716
vn 0.553677 0.738981 0.383861
vn 0.647687 0.748851 0.140441
vn 0.569843 0.813936 0.113080
vn 0.451152 0.888533 0.083489
vn 0.462234 0.831145 0.309091
vn 0.587519 0.794323 -0.154507
vn 0.507544 0.849059 -0.146625
vn 0.427553 0.824297 -0.371124
vn 0.363426 0.867945 -0.338515
vn 0.268955 0.920687 -0.282840
vn 0.389689 0.911976 -0.128227
vn 0.158854 0.814758 -0.557615
vn 0.128989 0.861323 -0.491411
vn -0.129296 0.732495 -0.668381
vn -0.119918 0.796517 -0.592605
vn -0.112238 0.874445 -0.471962
vn 0.082436 0.915759 -0.393179
vn -0.374961 0.622834 -0.686646
vn -0.340308 0.696673 -0.631536
vn -0.646167 0.533366 -0.545884
vn -0.596296 0.612875 -0.518474
vn -0.493922 0.752780 -0.435159
vn -0.289172 0.807451 -0.514201
vn -0.839287 0.495458 -0.223872
vn -0.774520 0.594220 -0.216846
vn -0.863195 0.481545 0.151686
vn -0.798786 0.587009 0.131761
vn -0.654219 0.749798 0.098995
vn -0.630459 0.752181 -0.191689
vn -0.607941 0.708117 0.359134
vn -0.718413 0.549253 0.426853
vn -0.762074 0.451162 0.464431
vn -0.448703 0.891786 0.058168
vn -0.434027 0.864310 0.254145
vn -0.343797 0.835944 0.427786
vn -0.439385 0.886233 -0.146735
vn -0.363210 0.875806 -0.317871
vn -0.225366 0.900900 -0.370932
vn -0.099384 0.938065 -0.331898
vn 0.030899 0.960834 -0.275396
vn 0.155234 0.966649 -0.203697
vn 0.235524 0.967465 -0.092408
vn 0.286170 0.956452 0.057509
vn 0.321706 0.920279 0.222691
vn 0.272282 0.877177 0.395505
vn 0.120254 0.850709 0.511696
vn -0.030228 0.836794 0.546683
vn -0.179777 0.829804 0.528305
vn -0.019243 0.421169 0.906778
vn 0.178526 0.456784 0.871480
vn 0.186470 0.464652 0.865637
vn -0.025788 0.429439 0.902728
vn 0.396135 0.542286 0.740947
vn 0.441974 0.532745 0.721694
vn 0.542989 0.646315 0.536134
vn 0.608104 0.622001 0.493280
vn 0.618588 0.752613 0.225659
vn 0.676676 0.716447 0.169743
vn 0.579406 0.809008 -0.098963
vn 0.619134 0.770652 -0.150895
vn 0.466441 0.784473 -0.408698
vn 0.454572 0.797125 -0.397438
vn 0.201212 0.671866 -0.712818
vn 0.172829 0.761426 -0.624788
vn -0.120432 0.588203 -0.799696
vn -0.135603 0.670583 -0.729335
vn -0.404110 0.532501 -0.743732
vn -0.396928 0.575779 -0.714791
vn -0.692180 0.471753 -0.546202
vn -0.672933 0.494762 -0.549883
vn -0.881042 0.427157 -0.203231
vn -0.868251 0.444436 -0.220495
vn -0.894695 0.403693 0.191188
vn -0.891561 0.420716 0.167682
vn -0.777319 0.394781 0.489820
vn -0.535535 0.398550 0.744554
vn -0.768504 0.382240 0.513122
vn -0.522497 0.392482 0.756938
vn -0.232134 0.415059 0.879682
vn -0.222757 0.411387 0.883821
vn 0.274228 0.625418 0.730514
vn 0.327761 0.588639 0.738970
vn 0.162988 0.504086 0.848134
vn 0.136557 0.570749 0.809690
vn -0.016015 0.463940 0.885722
vn -0.017819 0.544479 0.838585
vn 0.404493 0.847995 0.342477
vn 0.501769 0.811222 0.300244
vn 0.443053 0.688192 0.574539
vn 0.361934 0.731313 0.578088
vn 0.344047 0.932070 0.113478
vn 0.442489 0.896600 0.017681
vn 0.228350 0.969875 -0.084851
vn 0.363669 0.889351 -0.277127
vn -0.131767 0.778157 -0.614092
vn -0.110751 0.627995 -0.770297
vn 0.201657 0.743515 -0.637588
vn 0.083611 0.900208 -0.427359
vn -0.400080 0.860624 -0.315059
vn -0.557599 0.732613 -0.390336
vn -0.405277 0.658825 -0.633798
vn -0.352695 0.788719 -0.503517
vn -0.456954 0.768274 0.448273
vn -0.702625 0.646320 0.297637
vn -0.647655 0.756072 -0.094331
vn -0.319466 0.947561 0.008405
vn -0.656910 0.507095 0.557964
vn -0.495660 0.432610 0.753107
vn -0.559415 0.574577 0.597425
vn -0.456492 0.502202 0.734444
vn -0.213752 0.450201 0.866965
vn -0.201427 0.522822 0.828302
vn -0.029797 0.942283 -0.333489
vn -0.155574 0.870973 -0.466050
vn 0.104475 0.985509 -0.133633
vn 0.026686 0.994875 -0.097527
vn -0.118340 0.965049 -0.233827
vn -0.177786 0.942279 -0.283730
vn -0.157526 0.981730 -0.106732
vn -0.183486 0.979030 -0.088508
vn -0.013116 0.999198 -0.037829
vn -0.012433 0.999651 0.023303
vn -0.151429 0.988289 0.018799
vn -0.173308 0.981465 0.081793
vn -0.290860 0.859750 -0.419799
vn -0.382306 0.858456 -0.341900
vn -0.235949 0.940361 -0.245049
vn -0.355483 0.911773 -0.205674
vn -0.195114 0.972945 0.123730
vn -0.204039 0.978140 -0.040120
vn -0.353589 0.928460 0.113744
vn -0.345981 0.937697 -0.031952
vn -0.108644 0.982749 0.149673
vn -0.160116 0.955261 0.248674
vn 0.034239 0.994634 0.097627
vn -0.220532 0.937759 0.268281
vn -0.401084 0.888221 0.224042
vn 0.322900 0.939227 -0.116571
vn 0.416454 0.868663 -0.268310
vn 0.289042 0.956356 -0.042878
vn 0.407699 0.903743 -0.130498
vn 0.585277 0.809932 0.038232
vn 0.704470 0.708311 0.044924
vn 0.701999 0.707844 -0.078452
vn 0.605670 0.792946 -0.066333
vn 0.558522 0.827677 0.054816
vn 0.555073 0.831216 -0.031194
vn 0.693189 0.708494 0.132382
vn 0.570358 0.814260 0.108039
vn 0.552934 0.826464 0.105933
vn 0.251913 0.967404 0.025856
vn 0.232767 0.971797 0.037806
vn 0.316935 0.947264 0.047367
vn 0.324020 0.945795 0.021965
vn 0.208662 0.975539 0.069165
vn 0.303340 0.948288 0.093463
vn 0.354421 0.934877 -0.019788
vn 0.265733 0.963988 0.010616
vn 0.279033 0.949214 0.145377
vn 0.266952 0.943579 0.195948
vn 0.194554 0.975850 0.099325
vn 0.207335 0.972022 0.110387
vn 0.406872 0.783911 0.468975
vn 0.439935 0.721002 0.535363
vn 0.479336 0.733897 0.481282
vn 0.410757 0.810524 0.417528
vn 0.399028 0.766842 0.502722
vn 0.440222 0.792106 0.422816
vn 0.421843 0.690272 0.587854
vn 0.375607 0.727712 0.573894
vn 0.412658 0.747026 0.521216
vn 0.393232 0.706414 0.588513
vn 0.397505 0.652726 0.644933
vn 0.359606 0.688028 0.630318
vn 0.235945 0.666482 0.707200
vn 0.317731 0.665295 0.675595
vn 0.336115 0.626766 0.702987
vn 0.238211 0.618858 0.748512
vn 0.335253 0.673634 0.658653
vn 0.342267 0.772663 0.534645
vn 0.356567 0.869191 0.342589
vn 0.363105 0.806553 0.466504
vn 0.343803 0.874899 0.341104
vn 0.283133 0.940596 0.187389
vn 0.318676 0.912275 0.257293
vn 0.354778 0.852227 0.384501
vn 0.319826 0.893474 0.315304
vn 0.283939 0.925131 0.252014
vn 0.243041 0.960965 0.132203
vn 0.286198 0.958134 0.008331
vn 0.249896 0.966198 0.063349
vn 0.190460 0.978422 0.080096
vn 0.148001 0.986589 0.068825
vn 0.143028 0.987852 0.060749
vn 0.170703 0.984561 0.038723
vn 0.268533 0.959936 0.080085
vn 0.217266 0.975628 0.030740
vn 0.319498 0.930716 0.178017
vn -0.507079 0.700385 0.502326
vn -0.346051 0.816132 0.462793
vn -0.263599 0.963865 0.038477
vn -0.609306 0.792741 0.017548
vn -0.371712 0.854934 -0.361826
vn -0.556727 0.686066 -0.468368
vn -0.710558 0.548379 -0.440893
vn -0.805861 0.581936 0.109267
vn -0.510778 0.846790 -0.148500
vn -0.488178 0.857548 0.162154
vn -0.407314 0.826551 0.388470
vn -0.593619 0.582265 0.555504
vn -0.579223 0.707258 -0.405324
vn -0.617767 0.669006 -0.413273
vn -0.548439 0.628229 -0.551854
vn -0.466165 0.766232 -0.442242
vn -0.552776 0.801294 -0.228840
vn -0.345486 0.927079 -0.145477
vn -0.571235 0.763252 -0.301887
vn -0.558759 0.799832 -0.219219
vn -0.501015 0.850269 -0.161329
vn -0.275737 0.956397 -0.096301
vn -0.235712 0.971421 -0.027941
vn -0.458821 0.888520 -0.003878
vn -0.228404 0.973309 -0.022379
vn -0.442065 0.896820 -0.017106
vn -0.553208 0.832999 0.008560
vn -0.584658 0.809825 0.048567
vn -0.300124 0.755544 0.582305
vn -0.149100 0.734859 0.661628
vn -0.178002 0.634268 0.752343
vn -0.388155 0.620055 0.681812
vn -0.003391 0.711763 0.702412
vn -0.012980 0.632408 0.774527
vn 0.127244 0.686705 0.715713
vn 0.124015 0.623055 0.772284
vn -0.581110 0.802522 0.135165
vn -0.530560 0.845153 0.064974
vn -0.456933 0.886106 -0.077644
vn -0.238187 0.970301 -0.042217
vn -0.547629 0.830560 -0.101352
vn -0.505235 0.859948 -0.072296
vn -0.483952 0.847652 -0.217433
vn -0.458165 0.830791 -0.316024
vn -0.447548 0.685256 0.574565
vn -0.450707 0.598167 0.662615
vn -0.483678 0.633884 0.603529
vn -0.480609 0.621484 0.618686
vn -0.504847 0.610770 0.609992
vn -0.431636 0.716514 0.547994
vn -0.387603 0.795239 0.466217
vn -0.316298 0.825770 0.466970
vn -0.321554 0.871304 0.370719
vn -0.285051 0.882243 0.374691
vn -0.005327 0.999807 -0.018907
vn -0.060956 0.997469 -0.036593
vn -0.055866 0.998013 -0.029122
vn -0.004331 0.999860 -0.016137
vn -0.053741 0.998408 -0.017126
vn -0.006439 0.999912 -0.011636
vn -0.058107 0.998216 -0.013707
vn -0.012775 0.999878 -0.008940
vn -0.056162 0.998124 -0.024387
vn -0.020522 0.999727 -0.011200
vn -0.029243 0.999059 -0.032026
vn -0.017661 0.999493 -0.026493
vn -0.104282 0.992091 -0.069861
vn -0.086311 0.994945 -0.051325
vn -0.076692 0.996590 -0.030458
vn -0.010809 0.999736 -0.020282
vn -0.083660 0.996491 -0.002772
vn -0.013223 0.999848 -0.011340
vn -0.009441 0.999848 -0.014651
vn -0.076173 0.997021 -0.012085
vn -0.235396 0.964611 -0.118805
vn -0.210711 0.974173 -0.081172
vn -0.382153 0.909019 -0.166262
vn -0.354923 0.928341 -0.110514
vn -0.334554 0.940950 -0.051835
vn -0.195447 0.979853 -0.041096
vn -0.326672 0.945128 -0.004277
vn -0.192890 0.981190 -0.007786
vn -0.331292 0.943370 0.017298
vn -0.202100 0.979339 0.007121
vn -0.066915 0.997254 -0.031736
vn -0.066061 0.997522 -0.024193
vn -0.066948 0.997094 -0.036367
vn -0.012813 0.999597 -0.025341
vn -0.017507 0.999507 -0.026058
vn -0.021669 0.999581 -0.019209
vn -0.065144 0.997132 -0.038532
vn -0.008305 0.999735 -0.021469
vn -0.104256 0.990465 0.090053
vn -0.198874 0.979851 0.018456
vn -0.147261 0.987576 -0.054840
vn -0.075822 0.996692 0.029247
vn -0.094418 0.994360 -0.048316
vn -0.046259 0.998929 0.000429
vn -0.070877 0.997146 -0.025996
vn -0.028719 0.999541 -0.009687
vn -0.217123 0.965554 0.143397
vn -0.123148 0.979073 0.162022
vn -0.140286 0.961800 0.235078
vn -0.219230 0.945958 0.238960
vn -0.121318 0.935830 0.330914
vn -0.118888 0.953335 0.277520
vn -0.109981 0.972565 0.204990
vn -0.118208 0.960170 0.253181
vn -0.095891 0.984649 0.145851
vn -0.109067 0.974773 0.194738
vn -0.077090 0.992549 0.094362
vn -0.100794 0.984170 0.145775
vn -0.059645 0.996906 0.051198
vn -0.098592 0.990355 0.097349
vn -0.040763 0.999167 -0.001747
vn -0.047823 0.998667 0.019427
vn -0.106925 0.993950 0.025107
vn -0.101729 0.993264 0.055478
vn -0.029438 0.999465 -0.014259
vn -0.035737 0.999274 -0.013219
vn -0.108971 0.994045 -0.000952
vn -0.111028 0.993801 0.005751
vn -0.020866 0.999719 -0.011291
vn -0.097222 0.995262 -0.000839
vn -0.218696 0.975729 0.011160
vn -0.343448 0.938834 0.025200
vn -0.351108 0.935658 0.035615
vn -0.230875 0.972854 0.015864
vn -0.228133 0.973196 0.029086
vn -0.344906 0.937124 0.053275
vn -0.324899 0.942465 0.078738
vn -0.213281 0.975468 0.054533
vn -0.191482 0.977265 0.091038
vn -0.293011 0.948963 0.116679
vn -0.253275 0.952277 0.170356
vn -0.167645 0.975876 0.139858
vn -0.214561 0.949261 0.229931
vn -0.149249 0.969787 0.192974
vn -0.187779 0.937109 0.294222
vn -0.142031 0.958831 0.245905
vn -0.175239 0.913284 0.367701
vn -0.142578 0.939967 0.310054
vn -0.162412 0.878189 0.449896
vn -0.138799 0.909388 0.392108
vn 0.279362 0.954705 -0.102449
vn 0.225764 0.964320 -0.138269
vn 0.305910 0.950884 -0.047310
vn 0.217905 0.975829 -0.016578
vn 0.209735 0.976857 -0.041974
vn 0.186508 0.980747 -0.057875
vn 0.198718 0.979383 0.036343
vn 0.210974 0.977392 0.013980
vn 0.303261 0.952810 0.013661
vn 0.286267 0.956907 0.048788
vn 0.297809 0.954159 -0.029844
vn 0.314840 0.948960 -0.018742
vn 0.411882 0.911181 -0.010074
vn 0.397956 0.916747 -0.034735
vn 0.338178 0.941074 0.003875
vn 0.435578 0.899730 0.027541
vn 0.500339 0.864404 0.049664
vn 0.487105 0.873332 -0.004459
vn 0.481419 0.875435 -0.043012
vn 0.360842 0.931844 0.038196
vn 0.460438 0.884563 0.074469
vn 0.375451 0.923471 0.078982
vn 0.476436 0.871334 0.117416
vn 0.528284 0.836520 0.145433
vn 0.515989 0.849864 0.107173
vn 0.215836 0.973782 0.071861
vn 0.298443 0.952055 0.067253
vn 0.329846 0.937468 0.111152
vn 0.247798 0.961753 0.116734
vn 0.344474 0.915197 0.209172
vn 0.273989 0.940989 0.198669
vn 0.279707 0.958253 0.059293
vn 0.197313 0.978944 0.052312
vn 0.373567 0.919425 0.122905
vn 0.470078 0.868706 0.156129
vn 0.358308 0.918986 0.164562
vn 0.441894 0.876702 0.190062
vn 0.495174 0.846651 0.194896
vn 0.522997 0.834833 0.171835
vn 0.335002 0.916069 0.220434
vn 0.398626 0.883129 0.247348
vn 0.311468 0.898012 0.310746
vn 0.350764 0.865658 0.357213
vn 0.388943 0.834791 0.389675
vn 0.448440 0.856074 0.256980
vn 0.317223 0.847704 0.425167
vn 0.336133 0.886019 0.319350
vn 0.275362 0.869361 0.410351
vn 0.283137 0.910856 0.300291
vn 0.298599 0.860038 0.413731
vn 0.318311 0.823558 0.469500
vn 0.285604 0.812890 0.507582
vn 0.297290 0.777988 0.553492
vn 0.303922 0.756677 0.578854
vn 0.337610 0.793043 0.507053
vn 0.303303 0.800580 0.516797
vn 0.300231 0.759471 0.577118
vn 0.266688 0.785592 0.558321
vn 0.264981 0.822633 0.503051
vn 0.270519 0.720475 0.638542
vn 0.281655 0.732051 0.620300
vn 0.278433 0.745964 0.604990
vn 0.268237 0.730767 0.627717
vn 0.269080 0.774665 0.572267
vn 0.262306 0.752858 0.603657
vn -0.192936 0.798544 0.570178
vn -0.121473 0.775587 0.619443
vn -0.130976 0.773946 0.619559
vn -0.216137 0.795641 0.565898
vn 0.002820 0.760697 0.649101
vn 0.000436 0.754065 0.656800
vn 0.130233 0.734117 0.666417
vn 0.133464 0.744478 0.654171
vn 0.220032 0.741454 0.633902
vn 0.225864 0.723409 0.652430
vn 0.282147 0.732593 0.619436
vn 0.260902 0.758200 0.597547
vn 0.020685 0.726423 0.686937
vn 0.146485 0.723346 0.674769
vn 0.149887 0.712523 0.685452
vn 0.019777 0.718444 0.695304
vn 0.221493 0.719020 0.658749
vn 0.223533 0.714564 0.662896
vn 0.223523 0.722415 0.654335
vn 0.149059 0.718843 0.679004
vn 0.016447 0.727701 0.685697
vn 0.257086 0.717294 0.647608
vn 0.256504 0.721935 0.642663
vn 0.254651 0.736720 0.626416
vn -0.129783 0.761313 0.635262
vn -0.090942 0.735853 0.671007
vn -0.099354 0.735461 0.670243
vn -0.139884 0.768118 0.624841
vn -0.108627 0.746560 0.656390
vn -0.153376 0.784030 0.601475
vn -0.194704 0.890330 0.411586
vn -0.211097 0.839566 0.500566
vn -0.253610 0.829345 0.497864
vn -0.242062 0.885343 0.396956
vn -0.164853 0.933725 0.317776
vn -0.225285 0.924573 0.307265
vn 0.363188 0.866583 -0.342240
vn 0.298036 0.918587 -0.259563
vn 0.483137 0.745628 -0.458931
vn 0.227277 0.961925 -0.151811
vn 0.258941 0.943797 -0.205417
vn 0.177843 0.983314 -0.038282
vn 0.170558 0.984262 -0.046236
vn 0.176400 0.981977 -0.067851
vn 0.239637 0.970814 -0.009733
vn 0.226400 0.973692 -0.025838
vn 0.210280 0.977090 -0.032814
vn 0.254596 0.966009 0.044807
vn 0.248843 0.968428 0.015003
vn 0.264216 0.957346 0.116956
vn 0.258621 0.962740 0.079042
vn 0.278082 0.927532 0.249708
vn 0.271429 0.947343 0.169907
vn 0.281995 0.894140 0.347841
vn 0.273953 0.849228 0.451400
vn 0.260451 0.805997 0.531539
vn 0.258628 0.776455 0.574656
vn 0.254458 0.753434 0.606291
vn 0.221380 0.735378 0.640477
vn 0.142153 0.734154 0.663936
vn 0.009676 0.747127 0.664610
vn -0.116741 0.764348 0.634148
vn -0.171994 0.798375 0.577075
vn -0.131254 0.925546 0.355158
vn -0.151322 0.890034 0.430047
vn -0.125157 0.903932 0.408954
vn -0.136334 0.869314 0.475086
vn -0.170733 0.846061 0.505007
vn -0.148934 0.829578 0.538163
vn -0.139667 0.814295 0.563398
vn -0.134807 0.789319 0.599001
vn -0.139812 0.805321 0.576117
vn -0.136148 0.839519 0.525996
vn -0.147755 0.842475 0.518078
vn -0.134077 0.873401 0.468182
vn -0.434470 0.900500 -0.018321
vn -0.299546 0.954063 -0.005912
vn -0.171263 0.985211 0.005287
vn -0.076754 0.996976 0.012190
vn -0.029509 0.999490 0.012243
vn -0.009258 0.999936 0.006495
vn -0.000758 0.999999 -0.000772
vn 0.002071 0.999979 -0.006140
vn 0.002657 0.999956 -0.009046
vn 0.001377 0.999942 -0.010683
vn -0.001028 0.999925 -0.012198
vn -0.001425 0.999893 -0.014584
vn 0.003170 0.999836 -0.017817
vn 0.013117 0.999667 -0.022219
vn 0.029119 0.999124 -0.030063
vn 0.059866 0.997194 -0.044959
vn 0.115986 0.990736 -0.070632
vn 0.197206 0.974909 -0.103255
vn 0.318133 0.939004 -0.130627
vn 0.539782 0.828233 -0.150553
vn 0.453165 0.879577 -0.144867
vn 0.451746 0.589000 -0.670079
vn 0.608022 0.503093 -0.614172
vn 0.427133 0.649484 -0.629069
vn 0.313821 0.667946 -0.674807
vn 0.502230 0.488672 -0.713418
vn 0.752877 0.362733 -0.549182
vn 0.664834 0.580106 -0.470610
vn 0.565349 0.741799 -0.360713
vn 0.753353 0.534230 -0.383481
vn 0.460556 0.843764 -0.275590
vn 0.297652 0.939600 -0.168984
vn 0.137833 0.984447 -0.108934
vn 0.052099 0.994665 -0.089040
vn 0.014888 0.996031 -0.087756
vn 0.001544 0.995863 -0.090851
vn 0.000631 0.995816 -0.091375
vn 0.000498 0.996138 -0.087804
vn 0.000353 0.996636 -0.081952
vn -0.001033 0.997208 -0.074669
vn -0.010717 0.997708 -0.066811
vn -0.037621 0.997507 -0.059708
vn -0.091216 0.994289 -0.055405
vn -0.185795 0.980983 -0.056141
vn -0.422203 0.904395 -0.061756
vn -0.306263 0.950051 -0.060046
vn 0.478687 0.858622 -0.183377
vn 0.306232 0.922196 -0.236170
vn 0.541967 0.825756 -0.156199
vn 0.520954 0.832351 -0.189205
vn 0.442384 0.865463 -0.235096
vn 0.261794 0.910061 -0.321331
vn 0.122847 0.910710 -0.394354
vn 0.140398 0.948218 -0.284906
vn 0.051353 0.899406 -0.434086
vn 0.055207 0.947366 -0.315358
vn 0.012328 0.942548 -0.333845
vn -0.005517 0.938038 -0.346487
vn 0.009298 0.891775 -0.452384
vn -0.009903 0.886893 -0.461869
vn -0.013505 0.885022 -0.465353
vn -0.008319 0.935966 -0.351991
vn -0.010945 0.885687 -0.464154
vn -0.007876 0.936651 -0.350176
vn -0.010330 0.939188 -0.343248
vn -0.024385 0.942611 -0.333001
vn -0.011438 0.888287 -0.459147
vn -0.027572 0.894077 -0.447064
vn -0.061285 0.901419 -0.428588
vn -0.051602 0.945127 -0.322602
vn -0.116150 0.904036 -0.411373
vn -0.094025 0.944303 -0.315358
vn -0.145843 0.938957 -0.311593
vn -0.200397 0.930645 -0.306172
vn -0.177924 0.897990 -0.402439
vn -0.228178 0.887673 -0.399965
vn -0.277651 0.876286 -0.393743
vn -0.265662 0.918758 -0.292074
vn -0.342389 0.860886 -0.376358
vn -0.352249 0.896489 -0.268753
vn -0.404373 0.894480 -0.190755
vn -0.260039 0.956271 -0.133889
vn -0.125668 0.989207 -0.075349
vn -0.043394 0.998549 -0.031876
vn -0.025744 0.999601 -0.011629
vn -0.041027 0.998936 -0.021061
vn -0.072208 0.995815 -0.056017
vn -0.090190 0.972331 -0.215495
vn -0.106574 0.986459 -0.124658
vn -0.037430 0.959858 -0.277978
vn 0.004046 0.952420 -0.304761
vn 0.093748 0.943694 -0.317258
vn 0.043187 0.946687 -0.319247
vn 0.133233 0.949000 -0.285741
vn 0.151531 0.962767 -0.223872
vn 0.152612 0.978420 -0.139301
vn 0.152097 0.986185 -0.065611
vn 0.193111 0.980512 -0.036116
vn 0.291545 0.955858 -0.036571
vn 0.488835 0.869447 -0.071435
vn 0.400654 0.914727 -0.052446
vn -0.525389 0.790203 -0.315510
vn -0.564175 0.793959 -0.226574
vn -0.456916 0.855549 -0.243440
vn -0.427192 0.834166 -0.348819
vn -0.587422 0.789119 -0.179519
vn -0.485422 0.855142 -0.181931
vn -0.504488 0.851650 -0.142071
vn -0.515854 0.850652 -0.101418
vn -0.601334 0.785211 -0.147786
vn -0.609678 0.785540 -0.105922
vn -0.618009 0.783863 -0.060202
vn -0.525910 0.848359 -0.060867
vn -0.628232 0.777418 -0.030765
vn -0.536069 0.843700 -0.028298
vn -0.543047 0.839656 -0.008873
vn -0.547129 0.837034 -0.004908
vn -0.632639 0.774265 -0.016814
vn -0.631149 0.775567 -0.012170
vn -0.628844 0.777438 -0.012057
vn -0.548642 0.836019 -0.008053
vn -0.628828 0.777435 -0.013067
vn -0.548640 0.835991 -0.010684
vn -0.634803 0.771820 -0.036318
vn -0.551194 0.833862 -0.029311
vn -0.643735 0.757695 -0.107251
vn -0.555491 0.827305 -0.083649
vn -0.639863 0.743721 -0.193532
vn -0.551397 0.819871 -0.154184
vn -0.626516 0.737606 -0.251825
vn -0.539122 0.814785 -0.213244
vn -0.616826 0.741085 -0.265176
vn -0.525930 0.817496 -0.234730
vn -0.604772 0.764072 -0.224599
vn -0.508061 0.837457 -0.201347
vn -0.482355 0.866153 -0.130818
vn -0.461112 0.885500 -0.057143
vn -0.580826 0.801695 -0.141161
vn -0.557999 0.828153 -0.052913
vn -0.548477 0.836042 0.014389
vn -0.451710 0.892165 0.000887
vn -0.551994 0.832567 0.046196
vn -0.454223 0.890440 0.028234
vn -0.462342 0.885787 0.040271
vn -0.465061 0.883568 0.055004
vn -0.559971 0.826406 0.059038
vn -0.562244 0.823836 0.071946
vn -0.455061 0.887415 0.073582
vn -0.431165 0.897380 0.093838
vn -0.554195 0.827853 0.086756
vn -0.534303 0.838998 0.102964
vn -0.394213 0.909847 0.129521
vn -0.347044 0.919011 0.187028
vn -0.502011 0.853659 0.138748
vn -0.456564 0.866897 0.200098
vn -0.404873 0.866791 0.291121
vn -0.297380 0.918775 0.259648
vn -0.351567 0.845896 0.401075
vn -0.255290 0.902796 0.346101
vn -0.297541 0.817469 0.493167
vn -0.225372 0.873434 0.431650
vn -0.241340 0.786013 0.569156
vn -0.196886 0.836586 0.511235
vn -0.194797 0.760227 0.619766
vn -0.169320 0.804313 0.569572
vn -0.164829 0.748993 0.641748
vn -0.150065 0.784563 0.601616
vn -0.141499 0.749316 0.646919
vn -0.135558 0.772190 0.620763
vn -0.121717 0.746573 0.654075
vn -0.123588 0.756264 0.642488
vn -0.078625 0.739319 0.668749
vn -0.083351 0.740839 0.666491
vn 0.023233 0.740819 0.671303
vn 0.021534 0.740736 0.671451
vn 0.147745 0.730861 0.666343
vn 0.143309 0.737711 0.659731
vn 0.235862 0.695714 0.678492
vn 0.222715 0.720580 0.656629
vn 0.280660 0.657932 0.698824
vn 0.262676 0.703656 0.660204
vn 0.293001 0.646269 0.704618
vn 0.276522 0.700511 0.657891
vn 0.302940 0.663050 0.684538
vn 0.287590 0.711877 0.640721
vn 0.342397 0.689794 0.637925
vn 0.317679 0.731330 0.603520
vn 0.370200 0.754806 0.541497
vn 0.439522 0.790306 0.426892
vn 0.412199 0.711623 0.568933
vn 0.492699 0.740827 0.456534
vn 0.504560 0.818549 0.274585
vn 0.547328 0.811966 0.202839
vn 0.560099 0.773883 0.295624
vn 0.596708 0.773109 0.215039
vn 0.571459 0.798618 0.188798
vn 0.579726 0.796987 0.169498
vn 0.615554 0.760927 0.205140
vn 0.627786 0.756112 0.184878
vn 0.581270 0.803216 0.130268
vn 0.585815 0.808413 0.057357
vn 0.642631 0.753353 0.139589
vn 0.660432 0.748899 0.054591
vn 0.587955 0.808764 -0.014460
vn 0.589426 0.805449 -0.061869
vn 0.667627 0.743997 -0.027261
vn 0.667557 0.740520 -0.077443
vn 0.667935 0.736592 -0.106279
vn 0.594657 0.798604 -0.092820
vn 0.668832 0.733818 -0.119057
vn 0.601206 0.791735 -0.108203
vn 0.607276 0.785923 -0.116369
vn 0.608697 0.783122 -0.127312
vn 0.668093 0.733577 -0.124564
vn 0.663183 0.736550 -0.132974
vn 0.653817 0.739314 -0.161052
vn 0.602550 0.782572 -0.156570
vn 0.641120 0.735411 -0.219398
vn 0.589085 0.778655 -0.216046
vn 0.570622 0.770497 -0.284122
vn 0.557859 0.744436 -0.366890
vn 0.628862 0.720953 -0.291134
vn 0.630515 0.667746 -0.395686
vn 0.648867 0.557671 -0.517664
vn 0.558843 0.686155 -0.465710
vn 0.662847 0.457174 -0.592980
vn 0.561820 0.617434 -0.550576
vn 0.546482 0.571323 -0.612330
vn 0.455659 0.628863 -0.630005
vn 0.659099 0.411942 -0.629200
vn 0.642970 0.411572 -0.645909
vn 0.400557 0.864461 -0.303746
vn 0.210999 0.886113 -0.412653
vn 0.512657 0.822445 -0.246507
vn 0.524635 0.801160 -0.287925
vn 0.331892 0.875292 -0.351727
vn 0.175051 0.873825 -0.453637
vn 0.037538 0.829283 -0.557567
vn 0.045056 0.848075 -0.527958
vn 0.101212 0.865723 -0.490184
vn 0.087029 0.847711 -0.523270
vn 0.006346 0.840707 -0.541453
vn -0.014048 0.837688 -0.545968
vn 0.001642 0.823092 -0.567905
vn -0.017028 0.820996 -0.570680
vn -0.012557 0.817066 -0.576408
vn -0.013436 0.835542 -0.549262
vn -0.018999 0.836209 -0.548081
vn -0.021405 0.819128 -0.573212
vn -0.009044 0.837170 -0.546869
vn -0.021377 0.845088 -0.534200
vn -0.005966 0.818917 -0.573881
vn -0.015997 0.828308 -0.560044
vn -0.052412 0.842484 -0.536165
vn -0.057921 0.857943 -0.510470
vn -0.129000 0.850980 -0.509109
vn -0.131348 0.864824 -0.484589
vn -0.213657 0.856097 -0.470584
vn -0.268488 0.839601 -0.472211
vn -0.221815 0.842206 -0.491414
vn -0.285609 0.822164 -0.492417
vn -0.353071 0.787559 -0.505066
vn -0.348422 0.810007 -0.471690
vn -0.307641 0.823467 -0.476716
vn -0.322074 0.802762 -0.501838
vn -0.394048 0.797913 -0.456137
vn -0.447292 0.797282 -0.405305
vn -0.395916 0.799956 -0.450911
vn -0.377199 0.783441 -0.493904
vn -0.646882 0.719519 -0.252659
vn -0.605037 0.746665 -0.276445
vn -0.478474 0.817646 -0.320185
vn -0.542603 0.795190 -0.270656
vn -0.381843 0.847130 -0.369550
vn -0.324262 0.915456 -0.238318
vn -0.687912 0.701464 -0.186348
vn -0.661547 0.726715 -0.185043
vn -0.646843 0.729990 -0.220699
vn -0.678311 0.702136 -0.216560
vn -0.670592 0.725271 -0.155847
vn -0.677393 0.727454 -0.109312
vn -0.694579 0.702772 -0.153857
vn -0.700083 0.707585 -0.095954
vn -0.729406 0.683310 -0.032469
vn -0.700627 0.712805 -0.032125
vn -0.686637 0.724892 -0.055327
vn -0.712821 0.699942 -0.044365
vn -0.705189 0.708478 -0.027708
vn -0.698612 0.715173 -0.021658
vn -0.733191 0.679231 -0.032796
vn -0.724783 0.688512 -0.025319
vn -0.714295 0.699762 -0.010765
vn -0.688848 0.724797 -0.012561
vn -0.690859 0.722818 -0.015728
vn -0.716051 0.697849 -0.016651
vn -0.742692 0.652321 -0.151278
vn -0.711703 0.691206 -0.125347
vn -0.697658 0.715432 -0.037823
vn -0.727082 0.685106 -0.044511
vn -0.719665 0.628492 -0.295093
vn -0.693440 0.663473 -0.280969
vn -0.707480 0.669108 -0.227523
vn -0.733705 0.630135 -0.254179
vn -0.707354 0.667709 -0.231982
vn -0.681142 0.691395 -0.240870
vn -0.687668 0.667554 -0.285453
vn -0.715485 0.636015 -0.289078
vn -0.659576 0.737190 -0.146666
vn -0.634034 0.772117 -0.042849
vn -0.687870 0.713092 -0.135408
vn -0.664872 0.746348 -0.030158
vn -0.651909 0.754268 0.078070
vn -0.623235 0.779096 0.067734
vn -0.621926 0.782349 0.033744
vn -0.652185 0.756609 0.046872
vn -0.628445 0.773966 0.077671
vn -0.630220 0.771670 0.085723
vn -0.654838 0.750912 0.085551
vn -0.655641 0.749509 0.091491
vn -0.627057 0.773142 0.095138
vn -0.616131 0.780290 0.107379
vn -0.654108 0.749975 0.098388
vn -0.646964 0.754920 0.107391
vn -0.592048 0.794126 0.137266
vn -0.547871 0.815455 0.186740
vn -0.627025 0.768248 0.128973
vn -0.585312 0.793671 0.165821
vn -0.464693 0.801737 0.375871
vn -0.427724 0.804783 0.411554
vn -0.491630 0.822288 0.286604
vn -0.528662 0.811924 0.247578
vn -0.316242 0.761863 0.565293
vn -0.277977 0.756085 0.592507
vn -0.357013 0.783584 0.508466
vn -0.395875 0.782580 0.480471
vn -0.232937 0.726720 0.646234
vn -0.213435 0.730817 0.648345
vn -0.183649 0.714440 0.675166
vn -0.175851 0.723909 0.667107
vn -0.151939 0.725779 0.670939
vn -0.147687 0.732350 0.664719
vn -0.121512 0.735493 0.666547
vn -0.121793 0.738265 0.663424
vn -0.070167 0.732965 0.676638
vn -0.076299 0.734744 0.674040
vn 0.033582 0.731691 0.680808
vn 0.025260 0.734000 0.678680
vn 0.157727 0.712255 0.683970
vn 0.157356 0.715984 0.680151
vn 0.257414 0.660027 0.705764
vn 0.254747 0.664933 0.702117
vn 0.309956 0.575025 0.757148
vn 0.306452 0.593082 0.744541
vn 0.300224 0.611013 0.732481
vn 0.306825 0.598355 0.740155
vn 0.320175 0.608213 0.726337
vn 0.313964 0.616986 0.721633
vn 0.387814 0.659463 0.643979
vn 0.362053 0.657457 0.660808
vn 0.443753 0.686587 0.575918
vn 0.527013 0.712794 0.462799
vn 0.474767 0.683351 0.554641
vn 0.552546 0.712210 0.432954
vn 0.591807 0.747484 0.301715
vn 0.620912 0.753265 0.216933
vn 0.607868 0.742907 0.280331
vn 0.629760 0.745873 0.216972
vn 0.632774 0.745542 0.209200
vn 0.643578 0.742002 0.187728
vn 0.638730 0.740299 0.209721
vn 0.648588 0.737361 0.188765
vn 0.660570 0.737461 0.140706
vn 0.679357 0.731679 0.055851
vn 0.665052 0.732629 0.144780
vn 0.683945 0.726558 0.065829
vn 0.684709 0.728341 -0.026323
vn 0.681511 0.727612 -0.078254
vn 0.690530 0.723086 -0.017738
vn 0.686516 0.723421 -0.073200
vn 0.682281 0.720976 -0.121187
vn 0.678868 0.724262 -0.120758
vn 0.679366 0.725774 -0.108228
vn 0.683285 0.722279 -0.106934
vn 0.677923 0.724404 -0.125135
vn 0.674614 0.726242 -0.132171
vn 0.681403 0.721153 -0.125014
vn 0.678903 0.722403 -0.131246
vn 0.670605 0.711596 -0.209570
vn 0.662516 0.716414 -0.218686
vn 0.669288 0.725621 -0.159774
vn 0.675110 0.721455 -0.154042
vn 0.658838 0.691672 -0.295843
vn 0.674280 0.606129 -0.421847
vn 0.668659 0.687185 -0.284027
vn 0.682541 0.610324 -0.402047
vn 0.709806 0.428906 -0.558762
vn 0.703297 0.435702 -0.561727
vn 0.729313 0.250851 -0.636535
vn 0.721318 0.301597 -0.623490
vn 0.717951 0.283202 -0.635880
vn 0.696070 0.308928 -0.648113
vn 0.741521 0.197125 -0.641318
vn 0.719340 0.291546 -0.630517
s 1
g IslaLP2
usemtl initialShadingGroup
f 1/1/1 761/2/2 1153/3/3 764/4/4
f 761/2/2 11/5/5 762/6/6 1153/3/3
f 1153/3/3 762/6/6 14/7/7 763/8/8
f 764/4/4 1153/3/3 763/8/8 15/9/9
f 8/10/10 765/1689/11 1154/12/12 768/13/13
f 765/1689/11 56/1673/14 766/1671/15 1154/12/12
f 1154/12/12 766/1671/15 57/1670/16 767/17/17
f 768/13/13 1154/12/12 767/17/17 7/18/18
f 57/1670/16 769/1667/19 1155/20/20 767/17/17
f 769/1667/19 58/21/21 770/1674/22 1155/20/20
f 1155/20/20 770/1674/22 9/23/23 771/24/24
f 767/17/17 1155/20/20 771/24/24 7/18/18
f 13/25/25 772/26/26 1156/27/27 774/28/28
f 772/26/26 14/7/7 762/6/6 1156/27/27
f 1156/27/27 762/6/6 11/5/5 773/29/29
f 774/28/28 1156/27/27 773/29/29 2/30/30
f 12/31/31 775/32/32 1157/33/33 777/34/34
f 775/32/32 14/7/7 772/26/26 1157/33/33
f 1157/33/33 772/26/26 13/25/25 776/35/35
f 777/34/34 1157/33/33 776/35/35 3/36/36
f 15/9/9 763/8/8 1158/37/37 779/38/38
f 763/8/8 14/7/7 775/32/32 1158/37/37
f 1158/37/37 775/32/32 12/31/31 778/39/39
f 779/38/38 1158/37/37 778/39/39 4/40/40
f 1/1/1 780/41/41 1159/1577/42 761/2/2
f 780/1571/41 16/43/43 781/44/44 1159/42/42
f 1159/42/42 781/44/44 17/45/45 782/46/46
f 761/2/2 1159/1577/42 782/1576/46 11/5/5
f 17/45/45 783/47/47 1160/1575/48 782/46/46
f 783/47/47 18/49/49 784/50/50 1160/1575/48
f 1160/48/48 784/1564/50 2/30/30 773/29/29
f 782/1576/46 1160/48/48 773/29/29 11/5/5
f 47/51/51 785/52/52 1161/53/53 788/54/54
f 785/52/52 40/55/55 786/56/56 1161/53/53
f 1161/53/53 786/56/56 39/57/57 787/58/58
f 788/54/54 1161/53/53 787/58/58 32/59/59
f 32/59/59 789/60/60 1162/61/61 788/54/54
f 789/60/60 33/62/62 790/63/63 1162/61/61
f 1162/61/61 790/63/63 46/64/64 791/65/65
f 788/54/54 1162/61/61 791/65/65 47/51/51
f 19/66/66 792/67/67 1163/1574/68 794/1569/69
f 792/67/67 20/70/70 793/71/71 1163/1574/68
f 1163/68/68 793/1573/71 15/9/9 779/38/38
f 794/69/69 1163/68/68 779/38/38 4/40/40
f 20/70/70 795/72/72 1164/1572/73 793/71/71
f 795/72/72 16/43/43 780/1571/41 1164/1572/73
f 1164/73/73 780/41/41 1/1/1 764/4/4
f 793/1573/71 1164/73/73 764/4/4 15/9/9
f 21/74/74 796/75/75 1165/1570/76 797/1567/77
f 796/75/75 19/66/66 794/1569/69 1165/1570/76
f 1165/76/76 794/69/69 4/40/40 778/39/39
f 797/77/77 1165/76/76 778/39/39 12/31/31
f 22/78/78 798/79/79 1166/1568/80 799/1565/81
f 798/79/79 21/74/74 797/1567/77 1166/1568/80
f 1166/80/80 797/77/77 12/31/31 777/34/34
f 799/81/81 1166/80/80 777/34/34 3/36/36
f 23/1681/82 800/83/83 1167/1566/84 801/1561/85
f 800/83/83 22/78/78 799/1565/81 1167/1566/84
f 1167/84/84 799/81/81 3/36/36 776/35/35
f 801/85/85 1167/84/84 776/35/35 13/25/25
f 18/49/49 802/86/86 1168/1563/87 784/50/50
f 802/86/86 23/82/82 801/1562/85 1168/1563/87
f 1168/87/87 801/85/85 13/25/25 774/28/28
f 784/1564/50 1168/87/87 774/28/28 2/30/30
f 72/88/88 803/89/89 1169/90/90 806/91/91
f 803/89/89 73/92/92 804/93/93 1169/90/90
f 1169/90/90 804/93/93 80/94/94 805/95/95
f 806/91/91 1169/90/90 805/95/95 81/96/96
f 81/96/96 807/97/97 1170/98/98 806/91/91
f 807/97/97 82/99/99 808/100/100 1170/98/98
f 1170/98/98 808/100/100 71/101/101 809/102/102
f 806/91/91 1170/98/98 809/102/102 72/88/88
f 38/103/103 810/104/104 1171/105/105 812/106/106
f 810/104/104 39/57/57 786/56/56 1171/105/105
f 1171/105/105 786/56/56 40/55/55 811/107/107
f 812/106/106 1171/105/105 811/107/107 41/108/108
f 41/108/108 813/109/109 1172/110/110 812/106/106
f 813/109/109 42/111/111 814/112/112 1172/110/110
f 1172/110/110 814/112/112 37/113/113 815/114/114
f 812/106/106 1172/110/110 815/114/114 38/103/103
f 45/115/115 816/116/116 1173/117/117 818/1683/118
f 816/116/116 46/64/64 790/63/63 1173/117/117
f 1173/117/117 790/63/63 33/62/62 817/119/119
f 818/1683/118 1173/117/117 817/119/119 34/120/120
f 44/121/121 819/122/122 1174/123/123 821/124/124
f 819/122/122 45/1682/115 818/118/118 1174/123/123
f 1174/123/123 818/118/118 34/1678/120 820/125/125
f 821/124/124 1174/123/123 820/125/125 35/126/126
f 35/126/126 822/127/127 1175/128/128 821/124/124
f 822/127/127 36/129/129 823/130/130 1175/128/128
f 1175/128/128 823/130/130 43/131/131 824/132/132
f 821/124/124 1175/128/128 824/132/132 44/121/121
f 36/129/129 825/133/133 1176/134/134 823/130/130
f 825/133/133 37/113/113 814/112/112 1176/134/134
f 1176/134/134 814/112/112 42/111/111 826/135/135
f 823/130/130 1176/134/134 826/135/135 43/131/131
f 48/136/136 827/137/137 1177/138/138 829/139/139
f 827/137/137 49/140/140 828/141/141 1177/138/138
f 1177/138/138 828/141/141 33/62/62 789/60/60
f 829/139/139 1177/138/138 789/60/60 32/59/59
f 34/120/120 817/119/119 1178/142/142 831/1677/143
f 817/119/119 33/62/62 828/141/141 1178/142/142
f 1178/142/142 828/141/141 49/140/140 830/144/144
f 831/1677/143 1178/142/142 830/144/144 50/1679/145
f 35/126/126 820/125/125 1179/146/146 833/147/147
f 820/125/125 34/1678/120 831/143/143 1179/146/146
f 1179/146/146 831/143/143 50/145/145 832/148/148
f 833/147/147 1179/146/146 832/148/148 51/149/149
f 51/149/149 834/150/150 1180/151/151 833/147/147
f 834/150/150 52/152/152 835/153/153 1180/151/151
f 1180/151/151 835/153/153 36/129/129 822/127/127
f 833/147/147 1180/151/151 822/127/127 35/126/126
f 52/152/152 836/154/154 1181/155/155 835/153/153
f 836/154/154 53/156/156 837/157/157 1181/155/155
f 1181/155/155 837/157/157 37/113/113 825/133/133
f 835/153/153 1181/155/155 825/133/133 36/129/129
f 38/103/103 815/114/114 1182/158/158 839/159/159
f 815/114/114 37/113/113 837/157/157 1182/158/158
f 1182/158/158 837/157/157 53/156/156 838/160/160
f 839/159/159 1182/158/158 838/160/160 54/161/161
f 54/161/161 840/162/162 1183/163/163 839/159/159
f 840/162/162 55/164/164 841/165/165 1183/163/163
f 1183/163/163 841/165/165 39/57/57 810/104/104
f 839/159/159 1183/163/163 810/104/104 38/103/103
f 32/59/59 787/58/58 1184/166/166 829/139/139
f 787/58/58 39/57/57 841/165/165 1184/166/166
f 1184/166/166 841/165/165 55/164/164 842/167/167
f 829/139/139 1184/166/166 842/167/167 48/136/136
f 41/108/108 811/107/107 1185/168/168 844/169/169
f 811/107/107 40/55/55 843/170/170 1185/168/168
f 1185/168/168 843/170/170 16/43/43 795/72/72
f 844/169/169 1185/168/168 795/72/72 20/70/70
f 19/66/66 845/171/171 1186/172/172 792/67/67
f 845/171/171 42/111/111 813/109/109 1186/172/172
f 1186/172/172 813/109/109 41/108/108 844/169/169
f 792/67/67 1186/172/172 844/169/169 20/70/70
f 43/131/131 826/135/135 1187/173/173 846/174/174
f 826/135/135 42/111/111 845/171/171 1187/173/173
f 1187/173/173 845/171/171 19/66/66 796/75/75
f 846/174/174 1187/173/173 796/75/75 21/74/74
f 44/121/121 824/132/132 1188/175/175 847/176/176
f 824/132/132 43/131/131 846/174/174 1188/175/175
f 1188/175/175 846/174/174 21/74/74 798/79/79
f 847/176/176 1188/175/175 798/79/79 22/78/78
f 23/1681/82 848/1680/177 1189/178/178 800/83/83
f 848/1680/177 45/1682/115 819/122/122 1189/178/178
f 1189/178/178 819/122/122 44/121/121 847/176/176
f 800/83/83 1189/178/178 847/176/176 22/78/78
f 23/82/82 802/86/86 1190/179/179 848/177/177
f 802/86/86 18/49/49 849/180/180 1190/179/179
f 1190/179/179 849/180/180 46/64/64 816/116/116
f 848/177/177 1190/179/179 816/116/116 45/115/115
f 47/51/51 791/65/65 1191/181/181 850/182/182
f 791/65/65 46/64/64 849/180/180 1191/181/181
f 1191/181/181 849/180/180 18/49/49 783/47/47
f 850/182/182 1191/181/181 783/47/47 17/45/45
f 17/45/45 781/44/44 1192/183/183 850/182/182
f 781/44/44 16/43/43 843/170/170 1192/183/183
f 1192/183/183 843/170/170 40/55/55 785/52/52
f 850/182/182 1192/183/183 785/52/52 47/51/51
f 9/23/23 851/184/184 1193/185/185 771/24/24
f 851/184/184 49/140/140 827/137/137 1193/185/185
f 1193/185/185 827/137/137 48/136/136 852/186/186
f 771/24/24 1193/185/185 852/186/186 7/18/18
f 50/1679/145 830/144/144 1194/187/187 854/1684/188
f 830/144/144 49/140/140 851/184/184 1194/187/187
f 1194/187/187 851/184/184 9/23/23 853/189/189
f 854/1684/188 1194/187/187 853/189/189 29/190/190
f 51/149/149 832/148/148 1195/191/191 856/192/192
f 832/148/148 50/145/145 854/188/188 1195/191/191
f 1195/191/191 854/188/188 29/1666/190 855/193/193
f 856/192/192 1195/191/191 855/193/193 30/194/194
f 31/195/195 857/196/196 1196/197/197 858/198/198
f 857/196/196 52/152/152 834/150/150 1196/197/197
f 1196/197/197 834/150/150 51/149/149 856/192/192
f 858/198/198 1196/197/197 856/192/192 30/194/194
f 28/199/199 859/200/200 1197/201/201 860/202/202
f 859/200/200 53/156/156 836/154/154 1197/201/201
f 1197/201/201 836/154/154 52/152/152 857/196/196
f 860/202/202 1197/201/201 857/196/196 31/195/195
f 54/161/161 838/160/160 1198/203/203 862/204/204
f 838/160/160 53/156/156 859/200/200 1198/203/203
f 1198/203/203 859/200/200 28/199/199 861/205/205
f 862/204/204 1198/203/203 861/205/205 27/206/206
f 8/10/10 863/207/207 1199/208/208 864/209/209
f 863/207/207 55/164/164 840/162/162 1199/208/208
f 1199/208/208 840/162/162 54/161/161 862/204/204
f 864/209/209 1199/208/208 862/204/204 27/206/206
f 48/136/136 842/167/167 1200/210/210 852/186/186
f 842/167/167 55/164/164 863/207/207 1200/210/210
f 1200/210/210 863/207/207 8/10/10 768/13/13
f 852/186/186 1200/210/210 768/13/13 7/18/18
f 57/16/16 766/15/15 1201/211/211 867/212/212
f 766/15/15 56/14/14 865/1675/213 1201/211/211
f 1201/211/211 865/1675/213 5/1676/214 866/215/215
f 867/212/212 1201/211/211 866/215/215 6/216/216
f 10/217/217 868/1688/218 1202/219/219 869/220/220
f 868/1688/218 58/1669/21 769/19/19 1202/219/219
f 1202/219/219 769/19/19 57/16/16 867/212/212
f 869/220/220 1202/219/219 867/212/212 6/216/216
f 58/1668/21 868/218/218 1203/221/221 770/22/22
f 868/218/218 10/1656/217 870/222/222 1203/221/221
f 1203/221/221 870/222/222 59/223/223 871/224/224
f 770/22/22 1203/221/221 871/224/224 9/23/23
f 59/223/223 872/225/225 1204/226/226 871/224/224
f 872/225/225 60/227/227 873/1665/228 1204/226/226
f 1204/226/226 873/1665/228 29/190/190 853/189/189
f 871/224/224 1204/226/226 853/189/189 9/23/23
f 56/1672/14 765/11/11 1205/229/229 865/213/213
f 765/11/11 8/10/10 874/230/230 1205/229/229
f 1205/229/229 874/230/230 61/231/231 875/232/232
f 865/213/213 1205/229/229 875/232/232 5/214/214
f 8/10/10 864/209/209 1206/233/233 874/230/230
f 864/209/209 27/206/206 876/234/234 1206/233/233
f 1206/233/233 876/234/234 62/235/235 877/236/236
f 874/230/230 1206/233/233 877/236/236 61/231/231
f 30/194/194 855/193/193 1207/237/237 879/238/238
f 855/193/193 29/1666/190 873/228/228 1207/237/237
f 1207/237/237 873/228/228 60/1655/227 878/239/239
f 879/238/238 1207/237/237 878/239/239 63/240/240
f 31/195/195 858/198/198 1208/241/241 881/242/242
f 858/198/198 30/194/194 879/238/238 1208/241/241
f 1208/241/241 879/238/238 63/240/240 880/243/243
f 881/242/242 1208/241/241 880/243/243 64/244/244
f 64/244/244 882/245/245 1209/246/246 881/242/242
f 882/245/245 65/247/247 883/248/248 1209/246/246
f 1209/246/246 883/248/248 28/199/199 860/202/202
f 881/242/242 1209/246/246 860/202/202 31/195/195
f 27/206/206 861/205/205 1210/249/249 876/234/234
f 861/205/205 28/199/199 883/248/248 1210/249/249
f 1210/249/249 883/248/248 65/247/247 884/250/250
f 876/234/234 1210/249/249 884/250/250 62/235/235
f 73/92/92 885/251/251 1211/252/252 804/93/93
f 885/251/251 74/253/253 886/254/254 1211/252/252
f 1211/252/252 886/254/254 79/255/255 887/256/256
f 804/93/93 1211/252/252 887/256/256 80/94/94
f 78/257/257 888/258/258 1212/259/259 890/260/260
f 888/258/258 79/255/255 886/254/254 1212/259/259
f 1212/259/259 886/254/254 74/253/253 889/261/261
f 890/260/260 1212/259/259 889/261/261 75/262/262
f 77/263/263 891/264/264 1213/265/265 893/266/266
f 891/264/264 78/257/257 890/260/260 1213/265/265
f 1213/265/265 890/260/260 75/262/262 892/267/267
f 893/266/266 1213/265/265 892/267/267 76/268/268
f 82/99/99 894/269/269 1214/270/270 808/100/100
f 894/269/269 83/271/271 895/272/272 1214/270/270
f 1214/270/270 895/272/272 70/273/273 896/274/274
f 808/100/100 1214/270/270 896/274/274 71/101/101
f 71/101/101 896/274/274 1215/1560/275 898/1558/276
f 896/274/274 70/273/273 897/277/277 1215/1560/275
f 1215/275/275 897/1547/277 59/223/223 870/222/222
f 898/1557/276 1215/275/275 870/222/222 10/1656/217
f 72/88/88 809/102/102 1216/1559/278 899/1555/279
f 809/102/102 71/101/101 898/1558/276 1216/1559/278
f 1216/278/278 898/276/276 10/217/217 869/220/220
f 899/279/279 1216/278/278 869/220/220 6/216/216
f 5/1676/214 900/1552/280 1217/1556/281 866/215/215
f 900/1553/280 73/92/92 803/89/89 1217/281/281
f 1217/281/281 803/89/89 72/88/88 899/1555/279
f 866/215/215 1217/1556/281 899/279/279 6/216/216
f 61/231/231 901/282/282 1218/1554/283 875/232/232
f 901/1550/282 74/253/253 885/251/251 1218/283/283
f 1218/283/283 885/251/251 73/92/92 900/1553/280
f 875/232/232 1218/1554/283 900/280/280 5/214/214
f 75/262/262 889/261/261 1219/1551/284 902/1548/285
f 889/261/261 74/253/253 901/1550/282 1219/1551/284
f 1219/284/284 901/282/282 61/231/231 877/236/236
f 902/285/285 1219/284/284 877/236/236 62/235/235
f 76/268/268 892/267/267 1220/1549/286 903/1539/287
f 892/267/267 75/262/262 902/1548/285 1220/1549/286
f 1220/286/286 902/285/285 62/235/235 884/250/250
f 903/287/287 1220/286/286 884/250/250 65/247/247
f 67/1660/288 904/289/289 1221/290/290 906/1659/291
f 904/289/289 78/257/257 891/264/264 1221/290/290
f 1221/290/290 891/264/264 77/263/263 905/292/292
f 906/1659/291 1221/290/290 905/292/292 68/293/293
f 66/1662/294 907/295/295 1222/296/296 908/1661/297
f 907/295/295 79/255/255 888/258/258 1222/296/296
f 1222/296/296 888/258/258 78/257/257 904/289/289
f 908/1661/297 1222/296/296 904/289/289 67/1660/288
f 80/94/94 887/256/256 1223/298/298 910/299/299
f 887/256/256 79/255/255 907/295/295 1223/298/298
f 1223/298/298 907/295/295 66/1662/294 909/1663/300
f 910/299/299 1223/298/298 909/1663/300 24/1664/301
f 81/96/96 805/95/95 1224/302/302 912/303/303
f 805/95/95 80/94/94 910/299/299 1224/302/302
f 1224/302/302 910/299/299 24/1664/301 911/1687/304
f 912/303/303 1224/302/302 911/1687/304 25/1686/305
f 26/1658/306 913/307/307 1225/308/308 914/1685/309
f 913/307/307 82/99/99 807/97/97 1225/308/308
f 1225/308/308 807/97/97 81/96/96 912/303/303
f 914/1685/309 1225/308/308 912/303/303 25/1686/305
f 69/1594/310 915/311/311 1226/312/312 916/1657/313
f 915/311/311 83/271/271 894/269/269 1226/312/312
f 1226/312/312 894/269/269 82/99/99 913/307/307
f 916/1657/313 1226/312/312 913/307/307 26/1658/306
f 70/273/273 917/314/314 1227/1546/315 897/277/277
f 917/314/314 84/316/316 918/1543/317 1227/1546/315
f 1227/315/315 918/1544/317 60/227/227 872/225/225
f 897/1547/277 1227/315/315 872/225/225 59/223/223
f 84/1621/316 919/318/318 1228/1542/319 918/317/317
f 919/318/318 85/320/320 920/321/321 1228/1542/319
f 1228/319/319 920/1540/321 63/240/240 878/239/239
f 918/1545/317 1228/319/319 878/239/239 60/1655/227
f 64/244/244 880/243/243 1229/1541/322 922/1537/323
f 880/243/243 63/240/240 920/1540/321 1229/1541/322
f 1229/322/322 920/321/321 85/320/320 921/324/324
f 922/323/323 1229/322/322 921/324/324 86/325/325
f 65/247/247 882/245/245 1230/1538/326 903/287/287
f 882/245/245 64/244/244 922/1537/323 1230/1538/326
f 1230/326/326 922/323/323 86/325/325 923/327/327
f 903/1539/287 1230/326/326 923/327/327 76/268/268
f 300/328/328 924/329/329 1231/330/330 927/331/331
f 924/329/329 301/332/332 925/333/333 1231/330/330
f 1231/330/330 925/333/333 95/334/334 926/335/335
f 927/331/331 1231/330/330 926/335/335 96/336/336
f 96/336/336 928/337/337 1232/338/338 927/331/331
f 928/337/337 97/339/339 929/340/340 1232/338/338
f 1232/338/338 929/340/340 299/341/341 930/342/342
f 927/331/331 1232/338/338 930/342/342 300/328/328
f 94/343/343 931/344/344 1233/345/345 933/346/346
f 931/344/344 95/334/334 925/333/333 1233/345/345
f 1233/345/345 925/333/333 301/332/332 932/347/347
f 933/346/346 1233/345/345 932/347/347 302/348/348
f 76/268/268 923/327/327 1234/349/349 893/266/266
f 923/327/327 86/325/325 934/350/350 1234/349/349
f 1234/349/349 934/350/350 91/351/351 935/352/352
f 893/266/266 1234/349/349 935/352/352 77/263/263
f 77/263/263 935/352/352 1235/353/353 905/292/292
f 935/352/352 91/351/351 936/354/354 1235/353/353
f 1235/353/353 936/354/354 92/355/355 937/1653/356
f 905/292/292 1235/353/353 937/1653/356 68/293/293
f 298/357/357 938/358/358 1236/359/359 940/360/360
f 938/358/358 299/341/341 929/340/340 1236/359/359
f 1236/359/359 929/340/340 97/339/339 939/361/361
f 940/360/360 1236/359/359 939/361/361 98/362/362
f 104/363/363 941/364/364 1237/365/365 944/366/366
f 941/364/364 105/367/367 942/368/368 1237/365/365
f 1237/365/365 942/368/368 292/369/369 943/370/370
f 944/366/366 1237/365/365 943/370/370 293/371/371
f 291/372/372 945/373/373 1238/374/374 947/375/375
f 945/373/373 292/369/369 942/368/368 1238/374/374
f 1238/374/374 942/368/368 105/367/367 946/376/376
f 947/375/375 1238/374/374 946/376/376 106/377/377
f 106/377/377 948/378/378 1239/379/379 947/375/375
f 948/378/378 107/380/380 949/381/381 1239/379/379
f 1239/379/379 949/381/381 290/382/382 950/383/383
f 947/375/375 1239/379/379 950/383/383 291/372/372
f 289/384/384 951/385/385 1240/386/386 953/387/387
f 951/385/385 290/382/382 949/381/381 1240/386/386
f 1240/386/386 949/381/381 107/380/380 952/388/388
f 953/387/387 1240/386/386 952/388/388 108/389/389
f 309/390/390 954/391/391 1241/392/392 957/393/393
f 954/391/391 310/394/394 955/395/395 1241/392/392
f 1241/392/392 955/395/395 100/396/396 956/397/397
f 957/393/393 1241/392/392 956/397/397 99/398/398
f 101/399/399 958/400/400 1242/401/401 960/402/402
f 958/400/400 100/396/396 955/395/395 1242/401/401
f 1242/401/401 955/395/395 310/394/394 959/403/403
f 960/402/402 1242/401/401 959/403/403 311/404/404
f 311/404/404 961/405/405 1243/406/406 960/402/402
f 961/405/405 312/407/407 962/408/408 1243/406/406
f 1243/406/406 962/408/408 102/409/409 963/410/410
f 960/402/402 1243/406/406 963/410/410 101/399/399
f 103/411/411 964/412/412 1244/413/413 966/414/414
f 964/412/412 102/409/409 962/408/408 1244/413/413
f 1244/413/413 962/408/408 312/407/407 965/415/415
f 966/414/414 1244/413/413 965/415/415 313/416/416
f 278/417/417 967/418/418 1245/419/419 969/420/420
f 967/418/418 279/421/421 968/422/422 1245/419/419
f 1245/419/419 968/422/422 105/367/367 941/364/364
f 969/420/420 1245/419/419 941/364/364 104/363/363
f 106/377/377 946/376/376 1246/423/423 971/424/424
f 946/376/376 105/367/367 968/422/422 1246/423/423
f 1246/423/423 968/422/422 279/421/421 970/425/425
f 971/424/424 1246/423/423 970/425/425 280/426/426
f 280/426/426 972/427/427 1247/428/428 971/424/424
f 972/427/427 281/429/429 973/430/430 1247/428/428
f 1247/428/428 973/430/430 107/380/380 948/378/378
f 971/424/424 1247/428/428 948/378/378 106/377/377
f 108/389/389 952/388/388 1248/431/431 975/432/432
f 952/388/388 107/380/380 973/430/430 1248/431/431
f 1248/431/431 973/430/430 281/429/429 974/433/433
f 975/432/432 1248/431/431 974/433/433 282/434/434
f 302/348/348 976/435/435 1249/436/436 933/346/346
f 976/435/435 303/437/437 977/438/438 1249/436/436
f 1249/436/436 977/438/438 124/439/439 978/440/440
f 933/346/346 1249/436/436 978/440/440 94/343/343
f 112/441/441 979/442/442 1250/443/443 981/444/444
f 979/442/442 297/445/445 980/446/446 1250/443/443
f 1250/443/443 980/446/446 298/357/357 940/360/360
f 981/444/444 1250/443/443 940/360/360 98/362/362
f 113/447/447 982/448/448 1251/449/449 984/450/450
f 982/448/448 288/451/451 983/452/452 1251/449/449
f 1251/449/449 983/452/452 289/384/384 953/387/387
f 984/450/450 1251/449/449 953/387/387 108/389/389
f 293/371/371 985/453/453 1252/454/454 944/366/366
f 985/453/453 294/455/455 986/456/456 1252/454/454
f 1252/454/454 986/456/456 125/457/457 987/458/458
f 944/366/366 1252/454/454 987/458/458 104/363/363
f 125/457/457 988/459/459 1253/460/460 987/458/458
f 988/459/459 277/461/461 989/462/462 1253/460/460
f 1253/460/460 989/462/462 278/417/417 969/420/420
f 987/458/458 1253/460/460 969/420/420 104/363/363
f 108/389/389 975/432/432 1254/463/463 984/450/450
f 975/432/432 282/434/434 990/464/464 1254/463/463
f 1254/463/463 990/464/464 283/465/465 991/466/466
f 984/450/450 1254/463/463 991/466/466 113/447/447
f 347/467/467 992/468/468 1255/469/469 995/470/470
f 992/468/468 348/471/471 993/472/472 1255/469/469
f 1255/469/469 993/472/472 287/473/473 994/474/474
f 995/470/470 1255/469/469 994/474/474 261/475/475
f 261/475/475 996/476/476 1256/477/477 995/470/470
f 996/476/476 284/478/478 997/479/479 1256/477/477
f 1256/477/477 997/479/479 346/480/480 998/481/481
f 995/470/470 1256/477/477 998/481/481 347/467/467
f 262/482/482 999/483/483 1257/484/484 1002/485/485
f 999/483/483 315/486/486 1000/487/487 1257/484/484
f 1257/484/484 1000/487/487 344/488/488 1001/489/489
f 1002/485/485 1257/484/484 1001/489/489 345/490/490
f 313/416/416 1003/491/491 1258/492/492 966/414/414
f 1003/491/491 314/493/493 1004/494/494 1258/492/492
f 1258/492/492 1004/494/494 116/495/495 1005/496/496
f 966/414/414 1258/492/492 1005/496/496 103/411/411
f 126/497/497 1006/498/498 1259/499/499 1008/500/500
f 1006/498/498 308/501/501 1007/502/502 1259/499/499
f 1259/499/499 1007/502/502 309/390/390 957/393/393
f 1008/500/500 1259/499/499 957/393/393 99/398/398
f 124/439/439 977/438/438 1260/503/503 1011/504/504
f 977/438/438 303/437/437 1009/505/505 1260/503/503
f 1260/503/503 1009/505/505 304/506/506 1010/507/507
f 1011/504/504 1260/503/503 1010/507/507 129/508/508
f 125/457/457 986/456/456 1261/509/509 1014/510/510
f 986/456/456 294/455/455 1012/511/511 1261/509/509
f 1261/509/509 1012/511/511 295/512/512 1013/513/513
f 1014/510/510 1261/509/509 1013/513/513 130/514/514
f 130/514/514 1015/515/515 1262/516/516 1014/510/510
f 1015/515/515 276/517/517 1016/518/518 1262/516/516
f 1262/516/516 1016/518/518 277/461/461 988/459/459
f 1014/510/510 1262/516/516 988/459/459 125/457/457
f 131/519/519 1017/520/520 1263/521/521 1019/522/522
f 1017/520/520 307/523/523 1018/524/524 1263/521/521
f 1263/521/521 1018/524/524 308/501/501 1006/498/498
f 1019/522/522 1263/521/521 1006/498/498 126/497/497
f 129/508/508 1010/507/507 1264/525/525 1022/526/526
f 1010/507/507 304/506/506 1020/527/527 1264/525/525
f 1264/525/525 1020/527/527 318/528/528 1021/529/529
f 1022/526/526 1264/525/525 1021/529/529 319/530/530
f 130/514/514 1013/513/513 1265/531/531 1025/532/532
f 1013/513/513 295/512/512 1023/533/533 1265/531/531
f 1265/531/531 1023/533/533 320/534/534 1024/535/535
f 1025/532/532 1265/531/531 1024/535/535 321/536/536
f 321/536/536 1026/537/537 1266/538/538 1025/532/532
f 1026/537/537 322/539/539 1027/540/540 1266/538/538
f 1266/538/538 1027/540/540 276/517/517 1015/515/515
f 1025/532/532 1266/538/538 1015/515/515 130/514/514
f 323/541/541 1028/542/542 1267/543/543 1030/544/544
f 1028/542/542 324/545/545 1029/546/546 1267/543/543
f 1267/543/543 1029/546/546 307/523/523 1017/520/520
f 1030/544/544 1267/543/543 1017/520/520 131/519/519
f 91/351/351 1031/547/547 1268/548/548 936/354/354
f 1031/547/547 133/549/549 1032/1652/550 1268/548/548
f 1268/548/548 1032/1652/550 134/1611/551 1033/1650/552
f 936/354/354 1268/548/548 1033/1650/552 92/355/355
f 136/1608/553 1034/1649/554 1269/555/555 1037/556/556
f 1034/1649/554 193/1614/557 1035/558/558 1269/555/555
f 1269/555/555 1035/558/558 194/559/559 1036/560/560
f 1037/556/556 1269/555/555 1036/560/560 135/561/561
f 146/562/562 1038/563/563 1270/564/564 1041/565/565
f 1038/563/563 151/566/566 1039/567/567 1270/564/564
f 1270/564/564 1039/567/567 152/568/568 1040/569/569
f 1041/565/565 1270/564/564 1040/569/569 138/570/570
f 149/571/571 1042/572/572 1271/1536/573 1045/574/574
f 1042/1524/572 150/575/575 1043/576/576 1271/573/573
f 1271/573/573 1043/576/576 139/577/577 1044/578/578
f 1045/574/574 1271/1536/573 1044/1531/578 141/579/579
f 145/580/580 1046/581/581 1272/1535/582 1048/583/583
f 1046/1529/581 146/562/562 1041/565/565 1272/582/582
f 1272/582/582 1041/565/565 138/570/570 1047/584/584
f 1048/583/583 1272/1535/582 1047/1534/584 143/585/585
f 138/570/570 1040/569/569 1273/1533/586 1047/584/584
f 1040/569/569 152/568/568 1049/587/587 1273/1533/586
f 1273/586/586 1049/1523/587 153/588/588 1050/589/589
f 1047/1534/584 1273/586/586 1050/589/589 143/585/585
f 137/590/590 1051/591/591 1274/1532/592 1054/1521/593
f 1051/591/591 147/594/594 1052/595/595 1274/1532/592
f 1274/592/592 1052/1528/595 148/596/596 1053/597/597
f 1054/1520/593 1274/592/592 1053/597/597 144/598/598
f 139/577/577 1055/599/599 1275/1530/600 1044/578/578
f 1055/599/599 146/562/562 1046/1529/581 1275/1530/600
f 1275/600/600 1046/581/581 145/580/580 1056/601/601
f 1044/1531/578 1275/600/600 1056/601/601 141/579/579
f 150/575/575 1057/602/602 1276/603/603 1043/576/576
f 1057/602/602 151/566/566 1038/563/563 1276/603/603
f 1276/603/603 1038/563/563 146/562/562 1055/599/599
f 1043/576/576 1276/603/603 1055/599/599 139/577/577
f 148/596/596 1052/1528/595 1277/1527/604 1060/605/605
f 1052/595/595 147/594/594 1058/606/606 1277/604/604
f 1277/604/604 1058/606/606 140/607/607 1059/608/608
f 1060/605/605 1277/1527/604 1059/1526/608 142/609/609
f 140/607/607 1061/610/610 1278/1525/611 1059/608/608
f 1061/610/610 150/575/575 1042/1524/572 1278/1525/611
f 1278/611/611 1042/572/572 149/571/571 1062/612/612
f 1059/1526/608 1278/611/611 1062/612/612 142/609/609
f 140/607/607 1058/606/606 1279/613/613 1061/610/610
f 1058/606/606 147/594/594 1063/614/614 1279/613/613
f 1279/613/613 1063/614/614 151/566/566 1057/602/602
f 1061/610/610 1279/613/613 1057/602/602 150/575/575
f 152/568/568 1039/567/567 1280/615/615 1064/616/616
f 1039/567/567 151/566/566 1063/614/614 1280/615/615
f 1280/615/615 1063/614/614 147/594/594 1051/591/591
f 1064/616/616 1280/615/615 1051/591/591 137/590/590
f 153/588/588 1049/1523/587 1281/1522/617 1065/618/618
f 1049/587/587 152/568/568 1064/616/616 1281/617/617
f 1281/617/617 1064/616/616 137/590/590 1054/1521/593
f 1065/618/618 1281/1522/617 1054/593/593 144/1631/598
f 169/619/619 1066/620/620 1282/621/621 1069/622/622
f 1066/620/620 162/623/623 1067/624/624 1282/621/621
f 1282/621/621 1067/624/624 177/625/625 1068/626/626
f 1069/622/622 1282/621/621 1068/626/626 170/627/627
f 170/627/627 1070/628/628 1283/629/629 1069/622/622
f 1070/628/628 171/630/630 1071/631/631 1283/629/629
f 1283/629/629 1071/631/631 168/632/632 1072/633/633
f 1069/622/622 1283/629/629 1072/633/633 169/619/619
f 171/630/630 1073/634/634 1284/635/635 1071/631/631
f 1073/634/634 172/636/636 1074/637/637 1284/635/635
f 1284/635/635 1074/637/637 167/638/638 1075/639/639
f 1071/631/631 1284/635/635 1075/639/639 168/632/632
f 172/636/636 1076/640/640 1285/641/641 1074/637/637
f 1076/640/640 173/642/642 1077/1628/643 1285/641/641
f 1285/641/641 1077/1628/643 166/644/644 1078/645/645
f 1074/637/637 1285/641/641 1078/645/645 167/638/638
f 173/1626/642 1079/646/646 1286/647/647 1077/643/643
f 1079/646/646 174/648/648 1080/649/649 1286/647/647
f 1286/647/647 1080/649/649 165/650/650 1081/651/651
f 1077/643/643 1286/647/647 1081/651/651 166/1629/644
f 174/648/648 1082/652/652 1287/653/653 1080/649/649
f 1082/652/652 175/654/654 1083/655/655 1287/653/653
f 1287/653/653 1083/655/655 164/656/656 1084/657/657
f 1080/649/649 1287/653/653 1084/657/657 165/650/650
f 175/654/654 1085/658/658 1288/659/659 1083/655/655
f 1085/658/658 176/660/660 1086/661/661 1288/659/659
f 1288/659/659 1086/661/661 163/662/662 1087/663/663
f 1083/655/655 1288/659/659 1087/663/663 164/656/656
f 162/623/623 1088/664/664 1289/665/665 1067/624/624
f 1088/664/664 163/662/662 1086/661/661 1289/665/665
f 1289/665/665 1086/661/661 176/660/660 1089/666/666
f 1067/624/624 1289/665/665 1089/666/666 177/625/625
f 145/580/580 1090/667/667 1290/668/668 1056/601/601
f 1090/667/667 163/662/662 1088/664/664 1290/668/668
f 1290/668/668 1088/664/664 162/623/623 1091/669/669
f 1056/601/601 1290/668/668 1091/669/669 141/579/579
f 164/656/656 1087/663/663 1291/670/670 1092/671/671
f 1087/663/663 163/662/662 1090/667/667 1291/670/670
f 1291/670/670 1090/667/667 145/580/580 1048/583/583
f 1092/671/671 1291/670/670 1048/583/583 143/585/585
f 165/650/650 1084/657/657 1292/672/672 1093/673/673
f 1084/657/657 164/656/656 1092/671/671 1292/672/672
f 1292/672/672 1092/671/671 143/585/585 1050/589/589
f 1093/673/673 1292/672/672 1050/589/589 153/588/588
f 166/1629/644 1081/651/651 1293/674/674 1094/1630/675
f 1081/651/651 165/650/650 1093/673/673 1293/674/674
f 1293/674/674 1093/673/673 153/588/588 1065/618/618
f 1094/1630/675 1293/674/674 1065/618/618 144/1631/598
f 167/638/638 1078/645/645 1294/676/676 1095/677/677
f 1078/645/645 166/644/644 1094/675/675 1294/676/676
f 1294/676/676 1094/675/675 144/598/598 1053/597/597
f 1095/677/677 1294/676/676 1053/597/597 148/596/596
f 168/632/632 1075/639/639 1295/678/678 1096/679/679
f 1075/639/639 167/638/638 1095/677/677 1295/678/678
f 1295/678/678 1095/677/677 148/596/596 1060/605/605
f 1096/679/679 1295/678/678 1060/605/605 142/609/609
f 169/619/619 1072/633/633 1296/680/680 1097/681/681
f 1072/633/633 168/632/632 1096/679/679 1296/680/680
f 1296/680/680 1096/679/679 142/609/609 1062/612/612
f 1097/681/681 1296/680/680 1062/612/612 149/571/571
f 141/579/579 1091/669/669 1297/682/682 1045/574/574
f 1091/669/669 162/623/623 1066/620/620 1297/682/682
f 1297/682/682 1066/620/620 169/619/619 1097/681/681
f 1045/574/574 1297/682/682 1097/681/681 149/571/571
f 178/683/683 1098/684/684 1298/685/685 1100/686/686
f 1098/684/684 179/687/687 1099/688/688 1298/685/685
f 1298/685/685 1099/688/688 171/630/630 1070/628/628
f 1100/686/686 1298/685/685 1070/628/628 170/627/627
f 179/687/687 1101/689/689 1299/690/690 1099/688/688
f 1101/689/689 180/691/691 1102/692/692 1299/690/690
f 1299/690/690 1102/692/692 172/636/636 1073/634/634
f 1099/688/688 1299/690/690 1073/634/634 171/630/630
f 180/691/691 1103/693/693 1300/694/694 1102/692/692
f 1103/693/693 181/1627/695 1104/1625/696 1300/694/694
f 1300/694/694 1104/1625/696 173/642/642 1076/640/640
f 1102/692/692 1300/694/694 1076/640/640 172/636/636
f 181/695/695 1105/697/697 1301/698/698 1104/696/696
f 1105/697/697 182/699/699 1106/700/700 1301/698/698
f 1301/698/698 1106/700/700 174/648/648 1079/646/646
f 1104/696/696 1301/698/698 1079/646/646 173/1626/642
f 182/699/699 1107/701/701 1302/702/702 1106/700/700
f 1107/701/701 183/703/703 1108/704/704 1302/702/702
f 1302/702/702 1108/704/704 175/654/654 1082/652/652
f 1106/700/700 1302/702/702 1082/652/652 174/648/648
f 183/703/703 1109/705/705 1303/706/706 1108/704/704
f 1109/705/705 184/707/707 1110/708/708 1303/706/706
f 1303/706/706 1110/708/708 176/660/660 1085/658/658
f 1108/704/704 1303/706/706 1085/658/658 175/654/654
f 177/625/625 1089/666/666 1304/709/709 1112/710/710
f 1089/666/666 176/660/660 1110/708/708 1304/709/709
f 1304/709/709 1110/708/708 184/707/707 1111/711/711
f 1112/710/710 1304/709/709 1111/711/711 185/712/712
f 170/627/627 1068/626/626 1305/713/713 1100/686/686
f 1068/626/626 177/625/625 1112/710/710 1305/713/713
f 1305/713/713 1112/710/710 185/712/712 1113/714/714
f 1100/686/686 1305/713/713 1113/714/714 178/683/683
f 156/1645/715 1114/716/716 1306/717/717 1116/1646/718
f 1114/716/716 179/687/687 1098/684/684 1306/717/717
f 1306/717/717 1098/684/684 178/683/683 1115/719/719
f 1116/1646/718 1306/717/717 1115/719/719 155/1647/720
f 157/1643/721 1117/722/722 1307/723/723 1118/1644/724
f 1117/722/722 180/691/691 1101/689/689 1307/723/723
f 1307/723/723 1101/689/689 179/687/687 1114/716/716
f 1118/1644/724 1307/723/723 1114/716/716 156/1645/715
f 157/1643/721 1119/1642/725 1308/726/726 1117/722/722
f 1119/1642/725 158/1639/727 1120/1641/728 1308/726/726
f 1308/726/726 1120/1641/728 181/1627/695 1103/693/693
f 1117/722/722 1308/726/726 1103/693/693 180/691/691
f 159/1623/729 1121/730/730 1309/731/731 1122/1638/732
f 1121/730/730 182/699/699 1105/697/697 1309/731/731
f 1309/731/731 1105/697/697 181/695/695 1120/728/728
f 1122/1638/732 1309/731/731 1120/728/728 158/1640/727
f 160/1636/733 1123/734/734 1310/735/735 1124/1637/736
f 1123/734/734 183/703/703 1107/701/701 1310/735/735
f 1310/735/735 1107/701/701 182/699/699 1121/730/730
f 1124/1637/736 1310/735/735 1121/730/730 159/1623/729
f 161/1634/737 1125/738/738 1311/739/739 1126/1635/740
f 1125/738/738 184/707/707 1109/705/705 1311/739/739
f 1311/739/739 1109/705/705 183/703/703 1123/734/734
f 1126/1635/740 1311/739/739 1123/734/734 160/1636/733
f 185/712/712 1111/711/711 1312/741/741 1128/742/742
f 1111/711/711 184/707/707 1125/738/738 1312/741/741
f 1312/741/741 1125/738/738 161/1634/737 1127/1632/743
f 1128/742/742 1312/741/741 1127/1632/743 154/1633/744
f 178/683/683 1113/714/714 1313/745/745 1115/719/719
f 1113/714/714 185/712/712 1128/742/742 1313/745/745
f 1313/745/745 1128/742/742 154/1633/744 1129/1648/746
f 1115/719/719 1313/745/745 1129/1648/746 155/1647/720
f 159/729/729 1122/732/732 1314/747/747 1132/1622/748
f 1122/732/732 158/727/727 1130/749/749 1314/747/747
f 1314/747/747 1130/749/749 186/750/750 1131/751/751
f 1132/1622/748 1314/747/747 1131/751/751 187/752/752
f 187/752/752 1131/751/751 1315/753/753 1135/1617/754
f 1131/751/751 186/750/750 1133/755/755 1315/753/753
f 1315/753/753 1133/755/755 189/756/756 1134/757/757
f 1135/1617/754 1315/753/753 1134/757/757 190/1619/758
f 160/733/733 1124/736/736 1316/759/759 1137/760/760
f 1124/736/736 159/1624/729 1132/748/748 1316/759/759
f 1316/759/759 1132/748/748 187/1618/752 1136/761/761
f 1137/760/760 1316/759/759 1136/761/761 188/762/762
f 190/758/758 1138/763/763 1317/764/764 1135/754/754
f 1138/763/763 191/765/765 1139/766/766 1317/764/764
f 1317/764/764 1139/766/766 188/762/762 1136/761/761
f 1135/754/754 1317/764/764 1136/761/761 187/1618/752
f 190/1619/758 1134/757/757 1318/767/767 1141/1620/768
f 1134/757/757 189/756/756 1140/769/769 1318/767/767
f 1318/767/767 1140/769/769 85/320/320 919/318/318
f 1141/1620/768 1318/767/767 919/318/318 84/1621/316
f 84/316/316 917/314/314 1319/770/770 1141/768/768
f 917/314/314 70/273/273 1142/771/771 1319/770/770
f 1319/770/770 1142/771/771 191/765/765 1138/763/763
f 1141/768/768 1319/770/770 1138/763/763 190/758/758
f 86/325/325 1143/772/772 1320/773/773 934/350/350
f 1143/772/772 192/774/774 1144/1615/775 1320/773/773
f 1320/773/773 1144/1615/775 133/549/549 1031/547/547
f 934/350/350 1320/773/773 1031/547/547 91/351/351
f 195/776/776 1145/777/777 1321/778/778 1147/779/779
f 1145/777/777 196/1612/780 1146/1609/781 1321/778/778
f 1321/778/778 1146/1609/781 134/1610/551 1032/550/550
f 1147/779/779 1321/778/778 1032/550/550 133/1616/549
f 194/559/559 1035/558/558 1322/782/782 1149/783/783
f 1035/558/558 193/1614/557 1148/1613/784 1322/782/782
f 1322/782/782 1148/1613/784 196/1612/780 1145/777/777
f 1149/783/783 1322/782/782 1145/777/777 195/776/776
f 198/785/785 1150/786/786 1323/787/787 1152/788/788
f 1150/786/786 197/789/789 1151/790/790 1323/787/787
f 1323/787/787 1151/790/790 194/559/559 1149/783/783
f 1152/788/788 1323/787/787 1149/783/783 195/776/776
f 198/785/785 1152/788/788 1324/791/791 394/792/792
f 1152/788/788 195/776/776 1147/779/779 1324/791/791
f 1324/791/791 1147/779/779 133/1616/549 1144/775/775
f 394/792/792 1324/791/791 1144/775/775 192/774/774
f 135/561/561 1036/560/560 1325/793/793 396/794/794
f 1036/560/560 194/559/559 1151/790/790 1325/793/793
f 1325/793/793 1151/790/790 197/789/789 395/795/795
f 396/794/794 1325/793/793 395/795/795 199/796/796
f 201/797/797 397/798/798 1326/799/799 399/800/800
f 397/798/798 200/1605/801 398/1607/802 1326/799/799
f 1326/799/799 398/1607/802 136/1608/553 1037/556/556
f 399/800/800 1326/799/799 1037/556/556 135/561/561
f 200/1605/801 397/798/798 1327/803/803 402/1604/804
f 397/798/798 201/797/797 400/805/805 1327/803/803
f 1327/803/803 400/805/805 202/806/806 401/1606/807
f 402/1604/804 1327/803/803 401/1606/807 203/1603/808
f 204/1589/809 403/1601/810 1328/811/811 405/812/812
f 403/1601/810 203/1602/808 401/807/807 1328/811/811
f 1328/811/811 401/807/807 202/1600/806 404/813/813
f 405/812/812 1328/811/811 404/813/813 156/715/715
f 157/721/721 1118/724/724 1329/814/814 407/815/815
f 1118/724/724 156/715/715 404/813/813 1329/814/814
f 1329/814/814 404/813/813 202/1600/806 406/1599/816
f 407/815/815 1329/814/814 406/1599/816 205/817/817
f 206/818/818 408/819/819 1330/820/820 409/821/821
f 408/819/819 205/817/817 406/816/816 1330/820/820
f 1330/820/820 406/816/816 202/806/806 400/805/805
f 409/821/821 1330/820/820 400/805/805 201/797/797
f 201/797/797 399/800/800 1331/822/822 409/821/821
f 399/800/800 135/561/561 396/794/794 1331/822/822
f 1331/822/822 396/794/794 199/796/796 410/823/823
f 409/821/821 1331/822/822 410/823/823 206/818/818
f 86/325/325 921/324/324 1332/824/824 1143/772/772
f 921/324/324 85/320/320 411/825/825 1332/824/824
f 1332/824/824 411/825/825 198/785/785 394/792/792
f 1143/772/772 1332/824/824 394/792/792 192/774/774
f 198/785/785 411/825/825 1333/826/826 1150/786/786
f 411/825/825 85/320/320 1140/769/769 1333/826/826
f 1333/826/826 1140/769/769 189/756/756 412/827/827
f 1150/786/786 1333/826/826 412/827/827 197/789/789
f 197/789/789 412/827/827 1334/828/828 395/795/795
f 412/827/827 189/756/756 1133/755/755 1334/828/828
f 1334/828/828 1133/755/755 186/750/750 413/829/829
f 395/795/795 1334/828/828 413/829/829 199/796/796
f 158/727/727 414/830/830 1335/831/831 1130/749/749
f 414/830/830 206/818/818 410/823/823 1335/831/831
f 1335/831/831 410/823/823 199/796/796 413/829/829
f 1130/749/749 1335/831/831 413/829/829 186/750/750
f 205/817/817 408/819/819 1336/832/832 407/815/815
f 408/819/819 206/818/818 414/830/830 1336/832/832
f 1336/832/832 414/830/830 158/727/727 1119/725/725
f 407/815/815 1336/832/832 1119/725/725 157/721/721
f 209/833/833 415/834/834 1337/835/835 417/836/836
f 415/834/834 161/737/737 1126/740/740 1337/835/835
f 1337/835/835 1126/740/740 160/733/733 416/837/837
f 417/836/836 1337/835/835 416/837/837 208/838/838
f 208/838/838 418/1598/839 1338/840/840 417/836/836
f 418/1598/839 210/1586/841 419/1597/842 1338/840/840
f 1338/840/840 419/1597/842 211/1582/843 420/1596/844
f 417/836/836 1338/840/840 420/1596/844 209/833/833
f 212/845/845 421/846/846 1339/847/847 422/848/848
f 421/846/846 210/1585/841 418/839/839 1339/847/847
f 1339/847/847 418/839/839 208/838/838 416/837/837
f 422/848/848 1339/847/847 416/837/837 160/733/733
f 210/1585/841 421/846/846 1340/849/849 425/1584/850
f 421/846/846 212/845/845 423/851/851 1340/849/849
f 1340/849/849 423/851/851 216/852/852 424/853/853
f 425/1584/850 1340/849/849 424/853/853 217/1587/854
f 69/1594/310 426/1592/855 1341/856/856 915/311/311
f 426/1592/855 214/1593/857 427/858/858 1341/856/856
f 1341/856/856 427/858/858 213/859/859 428/860/860
f 915/311/311 1341/856/856 428/860/860 83/271/271
f 207/1579/861 429/1591/862 1342/863/863 431/864/864
f 429/1591/862 215/1590/865 430/866/866 1342/863/863
f 1342/863/863 430/866/866 155/720/720 1129/746/746
f 431/864/864 1342/863/863 1129/746/746 154/744/744
f 215/1590/865 432/1588/867 1343/868/868 430/866/866
f 432/1588/867 204/1589/809 405/812/812 1343/868/868
f 1343/868/868 405/812/812 156/715/715 1116/718/718
f 430/866/866 1343/868/868 1116/718/718 155/720/720
f 191/765/765 1142/771/771 1344/869/869 433/870/870
f 1142/771/771 70/273/273 895/272/272 1344/869/869
f 1344/869/869 895/272/272 83/271/271 428/860/860
f 433/870/870 1344/869/869 428/860/860 213/859/859
f 217/1587/854 424/853/853 1345/871/871 435/1595/872
f 424/853/853 216/852/852 434/873/873 1345/871/871
f 1345/871/871 434/873/873 213/859/859 427/858/858
f 435/1595/872 1345/871/871 427/858/858 214/1593/857
f 191/765/765 433/870/870 1346/874/874 1139/766/766
f 433/870/870 213/859/859 434/873/873 1346/874/874
f 1346/874/874 434/873/873 216/852/852 436/875/875
f 1139/766/766 1346/874/874 436/875/875 188/762/762
f 188/762/762 436/875/875 1347/876/876 1137/760/760
f 436/875/875 216/852/852 423/851/851 1347/876/876
f 1347/876/876 423/851/851 212/845/845 422/848/848
f 1137/760/760 1347/876/876 422/848/848 160/733/733
f 211/1583/843 437/877/877 1348/878/878 420/844/844
f 437/877/877 218/879/879 438/880/880 1348/878/878
f 1348/878/878 438/880/880 161/737/737 415/834/834
f 420/844/844 1348/878/878 415/834/834 209/833/833
f 154/744/744 1127/743/743 1349/881/881 431/864/864
f 1127/743/743 161/737/737 438/880/880 1349/881/881
f 1349/881/881 438/880/880 218/879/879 439/882/882
f 431/864/864 1349/881/881 439/882/882 207/1579/861
f 207/1579/861 439/882/882 1350/883/883 441/1578/884
f 439/882/882 218/879/879 437/877/877 1350/883/883
f 1350/883/883 437/877/877 211/1583/843 440/1581/885
f 441/1578/884 1350/883/883 440/1581/885 219/1580/886
f 221/887/887 442/888/888 1351/889/889 444/890/890
f 442/888/888 26/306/306 914/309/309 1351/889/889
f 1351/889/889 914/309/309 25/305/305 443/891/891
f 444/890/890 1351/889/889 443/891/891 220/892/892
f 220/892/892 443/891/891 1352/893/893 446/894/894
f 443/891/891 25/305/305 911/304/304 1352/893/893
f 1352/893/893 911/304/304 24/301/301 445/895/895
f 446/894/894 1352/893/893 445/895/895 127/896/896
f 127/896/896 447/897/897 1353/898/898 446/894/894
f 447/897/897 132/899/899 448/900/900 1353/898/898
f 1353/898/898 448/900/900 222/901/901 449/902/902
f 446/894/894 1353/898/898 449/902/902 220/892/892
f 223/903/903 450/904/904 1354/905/905 451/906/906
f 450/904/904 221/887/887 444/890/890 1354/905/905
f 1354/905/905 444/890/890 220/892/892 449/902/902
f 451/906/906 1354/905/905 449/902/902 222/901/901
f 132/899/899 452/907/907 1355/908/908 448/900/900
f 452/907/907 325/909/909 453/910/910 1355/908/908
f 1355/908/908 453/910/910 326/911/911 454/912/912
f 448/900/900 1355/908/908 454/912/912 222/901/901
f 326/911/911 455/913/913 1356/914/914 454/912/912
f 455/913/913 327/915/915 456/916/916 1356/914/914
f 1356/914/914 456/916/916 223/903/903 451/906/906
f 454/912/912 1356/914/914 451/906/906 222/901/901
f 214/857/857 426/855/855 1357/917/917 459/918/918
f 426/855/855 69/310/310 457/919/919 1357/917/917
f 1357/917/917 457/919/919 226/920/920 458/921/921
f 459/918/918 1357/917/917 458/921/921 227/922/922
f 226/920/920 457/919/919 1358/923/923 460/924/924
f 457/919/919 69/310/310 916/313/313 1358/923/923
f 1358/923/923 916/313/313 26/306/306 442/888/888
f 460/924/924 1358/923/923 442/888/888 221/887/887
f 229/925/925 461/926/926 1359/927/927 463/928/928
f 461/926/926 210/841/841 425/850/850 1359/927/927
f 1359/927/927 425/850/850 217/854/854 462/929/929
f 463/928/928 1359/927/927 462/929/929 228/930/930
f 228/930/930 462/929/929 1360/931/931 464/932/932
f 462/929/929 217/854/854 435/872/872 1360/931/931
f 1360/931/931 435/872/872 214/857/857 459/918/918
f 464/932/932 1360/931/931 459/918/918 227/922/922
f 210/841/841 461/926/926 1361/933/933 419/842/842
f 461/926/926 229/925/925 465/934/934 1361/933/933
f 1361/933/933 465/934/934 230/935/935 466/936/936
f 419/842/842 1361/933/933 466/936/936 211/843/843
f 232/937/937 467/938/938 1362/939/939 469/940/940
f 467/938/938 230/935/935 465/934/934 1362/939/939
f 1362/939/939 465/934/934 229/925/925 468/941/941
f 469/940/940 1362/939/939 468/941/941 231/942/942
f 231/942/942 468/941/941 1363/943/943 471/944/944
f 468/941/941 229/925/925 463/928/928 1363/943/943
f 1363/943/943 463/928/928 228/930/930 470/945/945
f 471/944/944 1363/943/943 470/945/945 233/946/946
f 227/922/922 472/947/947 1364/948/948 464/932/932
f 472/947/947 234/949/949 473/950/950 1364/948/948
f 1364/948/948 473/950/950 233/946/946 470/945/945
f 464/932/932 1364/948/948 470/945/945 228/930/930
f 226/920/920 474/951/951 1365/952/952 458/921/921
f 474/951/951 235/953/953 475/954/954 1365/952/952
f 1365/952/952 475/954/954 234/949/949 472/947/947
f 458/921/921 1365/952/952 472/947/947 227/922/922
f 235/953/953 474/951/951 1366/955/955 476/956/956
f 474/951/951 226/920/920 460/924/924 1366/955/955
f 1366/955/955 460/924/924 221/887/887 450/904/904
f 476/956/956 1366/955/955 450/904/904 223/903/903
f 223/903/903 456/916/916 1367/957/957 476/956/956
f 456/916/916 327/915/915 477/958/958 1367/957/957
f 1367/957/957 477/958/958 328/959/959 478/960/960
f 476/956/956 1367/957/957 478/960/960 235/953/953
f 235/953/953 478/960/960 1368/961/961 475/954/954
f 478/960/960 328/959/959 479/962/962 1368/961/961
f 1368/961/961 479/962/962 329/963/963 480/964/964
f 475/954/954 1368/961/961 480/964/964 234/949/949
f 234/949/949 480/964/964 1369/965/965 473/950/950
f 480/964/964 329/963/963 481/966/966 1369/965/965
f 1369/965/965 481/966/966 330/967/967 482/968/968
f 473/950/950 1369/965/965 482/968/968 233/946/946
f 330/967/967 483/969/969 1370/970/970 482/968/968
f 483/969/969 331/971/971 484/972/972 1370/970/970
f 1370/970/970 484/972/972 231/942/942 471/944/944
f 482/968/968 1370/970/970 471/944/944 233/946/946
f 331/971/971 485/973/973 1371/974/974 484/972/972
f 485/973/973 332/975/975 486/976/976 1371/974/974
f 1371/974/974 486/976/976 232/937/937 469/940/940
f 484/972/972 1371/974/974 469/940/940 231/942/942
f 92/1651/355 1033/552/552 1372/977/977 489/978/978
f 1033/552/552 134/551/551 487/979/979 1372/977/977
f 1372/977/977 487/979/979 241/980/980 488/981/981
f 489/978/978 1372/977/977 488/981/981 121/982/982
f 242/983/983 490/984/984 1373/985/985 491/986/986
f 490/984/984 241/980/980 487/979/979 1373/985/985
f 1373/985/985 487/979/979 134/551/551 1146/781/781
f 491/986/986 1373/985/985 1146/781/781 196/780/780
f 263/987/987 492/988/988 1374/989/989 495/990/990
f 492/988/988 264/991/991 493/992/992 1374/989/989
f 1374/989/989 493/992/992 342/993/993 494/994/994
f 495/990/990 1374/989/989 494/994/994 343/995/995
f 264/991/991 496/996/996 1375/997/997 493/992/992
f 496/996/996 265/998/998 497/999/999 1375/997/997
f 1375/997/997 497/999/999 341/1000/1000 498/1001/1001
f 493/992/992 1375/997/997 498/1001/1001 342/993/993
f 246/1002/1002 499/1003/1003 1376/1004/1004 501/1005/1005
f 499/1003/1003 193/557/557 1034/554/554 1376/1004/1004
f 1376/1004/1004 1034/554/554 136/553/553 500/1006/1006
f 501/1005/1005 1376/1004/1004 500/1006/1006 245/1007/1007
f 242/983/983 491/986/986 1377/1008/1008 502/1009/1009
f 491/986/986 196/780/780 1148/784/784 1377/1008/1008
f 1377/1008/1008 1148/784/784 193/557/557 499/1003/1003
f 502/1009/1009 1377/1008/1008 499/1003/1003 246/1002/1002
f 265/998/998 503/1010/1010 1378/1011/1011 497/999/999
f 503/1010/1010 266/1012/1012 504/1013/1013 1378/1011/1011
f 1378/1011/1011 504/1013/1013 340/1014/1014 505/1015/1015
f 497/999/999 1378/1011/1011 505/1015/1015 341/1000/1000
f 266/1012/1012 506/1016/1016 1379/1017/1017 504/1013/1013
f 506/1016/1016 267/1018/1018 507/1019/1019 1379/1017/1017
f 1379/1017/1017 507/1019/1019 339/1020/1020 508/1021/1021
f 504/1013/1013 1379/1017/1017 508/1021/1021 340/1014/1014
f 200/801/801 509/1022/1022 1380/1699/1023 398/802/802
f 509/1022/1022 249/1024/1024 510/1025/1025 1380/1699/1023
f 1380/1023/1023 510/1697/1025 245/1007/1007 500/1006/1006
f 398/1700/802 1380/1023/1023 500/1006/1006 136/553/553
f 267/1018/1018 511/1026/1026 1381/1698/1027 507/1019/1019
f 511/1695/1026 268/1028/1028 512/1029/1029 1381/1027/1027
f 1381/1027/1027 512/1029/1029 338/1030/1030 513/1031/1031
f 507/1019/1019 1381/1698/1027 513/1694/1031 339/1020/1020
f 200/801/801 402/804/804 1382/1032/1032 509/1022/1022
f 402/804/804 203/808/808 514/1033/1033 1382/1032/1032
f 1382/1032/1032 514/1033/1033 251/1034/1034 515/1035/1035
f 509/1022/1022 1382/1032/1032 515/1035/1035 249/1024/1024
f 337/1036/1036 516/1037/1037 1383/1038/1038 518/1039/1039
f 516/1037/1037 338/1030/1030 512/1029/1029 1383/1038/1038
f 1383/1038/1038 512/1029/1029 268/1028/1028 517/1040/1040
f 518/1039/1039 1383/1038/1038 517/1040/1040 269/1041/1041
f 254/1042/1042 519/1043/1043 1384/1044/1044 521/1045/1045
f 519/1043/1043 253/1046/1046 520/1047/1047 1384/1044/1044
f 1384/1044/1044 520/1047/1047 215/865/865 429/862/862
f 521/1045/1045 1384/1044/1044 429/862/862 207/861/861
f 215/865/865 520/1047/1047 1385/1048/1048 432/867/867
f 520/1047/1047 253/1046/1046 522/1049/1049 1385/1048/1048
f 1385/1048/1048 522/1049/1049 255/1050/1050 523/1051/1051
f 432/867/867 1385/1048/1048 523/1051/1051 204/809/809
f 204/809/809 523/1051/1051 1386/1052/1052 403/810/810
f 523/1051/1051 255/1050/1050 524/1053/1053 1386/1052/1052
f 1386/1052/1052 524/1053/1053 251/1034/1034 514/1033/1033
f 403/810/810 1386/1052/1052 514/1033/1033 203/808/808
f 335/1054/1054 525/1055/1055 1387/1056/1056 528/1057/1057
f 525/1055/1055 336/1058/1058 526/1059/1059 1387/1056/1056
f 1387/1056/1056 526/1059/1059 270/1060/1060 527/1061/1061
f 528/1057/1057 1387/1056/1056 527/1061/1061 271/1062/1062
f 336/1058/1058 529/1063/1063 1388/1064/1064 526/1059/1059
f 529/1063/1063 337/1036/1036 518/1039/1039 1388/1064/1064
f 1388/1064/1064 518/1039/1039 269/1041/1041 530/1065/1065
f 526/1059/1059 1388/1064/1064 530/1065/1065 270/1060/1060
f 334/1066/1066 531/1067/1067 1389/1068/1068 533/1069/1069
f 531/1067/1067 335/1054/1054 528/1057/1057 1389/1068/1068
f 1389/1068/1068 528/1057/1057 271/1062/1062 532/1070/1070
f 533/1069/1069 1389/1068/1068 532/1070/1070 272/1071/1071
f 259/1709/1072 534/1073/1073 1390/1074/1074 535/1710/1075
f 534/1073/1073 254/1042/1042 521/1045/1045 1390/1074/1074
f 1390/1074/1074 521/1045/1045 207/861/861 441/884/884
f 535/1710/1075 1390/1074/1074 441/884/884 219/1711/886
f 230/935/935 536/1076/1076 1391/1077/1077 466/936/936
f 536/1076/1076 259/1072/1072 535/1075/1075 1391/1077/1077
f 1391/1077/1077 535/1075/1075 219/886/886 440/885/885
f 466/936/936 1391/1077/1077 440/885/885 211/843/843
f 261/475/475 994/474/474 1392/1078/1078 538/1079/1079
f 994/474/474 287/473/473 537/1080/1080 1392/1078/1078
f 1392/1078/1078 537/1080/1080 288/451/451 982/448/448
f 538/1079/1079 1392/1078/1078 982/448/448 113/447/447
f 283/465/465 539/1081/1081 1393/1082/1082 991/466/466
f 539/1081/1081 284/478/478 996/476/476 1393/1082/1082
f 1393/1082/1082 996/476/476 261/475/475 538/1079/1079
f 991/466/466 1393/1082/1082 538/1079/1079 113/447/447
f 314/493/493 540/1083/1083 1394/1084/1084 1004/494/494
f 540/1083/1083 315/486/486 999/483/483 1394/1084/1084
f 1394/1084/1084 999/483/483 262/482/482 541/1085/1085
f 1004/494/494 1394/1084/1084 541/1085/1085 116/495/495
f 241/980/980 542/1086/1086 1395/1087/1087 488/981/981
f 542/1086/1086 264/991/991 492/988/988 1395/1087/1087
f 1395/1087/1087 492/988/988 263/987/987 543/1088/1088
f 488/981/981 1395/1087/1087 543/1088/1088 121/982/982
f 242/983/983 544/1089/1089 1396/1090/1090 490/984/984
f 544/1089/1089 265/998/998 496/996/996 1396/1090/1090
f 1396/1090/1090 496/996/996 264/991/991 542/1086/1086
f 490/984/984 1396/1090/1090 542/1086/1086 241/980/980
f 246/1002/1002 545/1091/1091 1397/1092/1092 502/1009/1009
f 545/1091/1091 266/1012/1012 503/1010/1010 1397/1092/1092
f 1397/1092/1092 503/1010/1010 265/998/998 544/1089/1089
f 502/1009/1009 1397/1092/1092 544/1089/1089 242/983/983
f 245/1007/1007 546/1093/1093 1398/1094/1094 501/1005/1005
f 546/1093/1093 267/1018/1018 506/1016/1016 1398/1094/1094
f 1398/1094/1094 506/1016/1016 266/1012/1012 545/1091/1091
f 501/1005/1005 1398/1094/1094 545/1091/1091 246/1002/1002
f 245/1007/1007 510/1697/1025 1399/1696/1095 546/1093/1093
f 510/1025/1025 249/1024/1024 547/1096/1096 1399/1095/1095
f 1399/1095/1095 547/1096/1096 268/1028/1028 511/1695/1026
f 546/1093/1093 1399/1696/1095 511/1026/1026 267/1018/1018
f 269/1041/1041 517/1040/1040 1400/1097/1097 548/1098/1098
f 517/1040/1040 268/1028/1028 547/1096/1096 1400/1097/1097
f 1400/1097/1097 547/1096/1096 249/1024/1024 515/1035/1035
f 548/1098/1098 1400/1097/1097 515/1035/1035 251/1034/1034
f 270/1060/1060 530/1065/1065 1401/1099/1099 549/1100/1100
f 530/1065/1065 269/1041/1041 548/1098/1098 1401/1099/1099
f 1401/1099/1099 548/1098/1098 251/1034/1034 524/1053/1053
f 549/1100/1100 1401/1099/1099 524/1053/1053 255/1050/1050
f 271/1062/1062 527/1061/1061 1402/1101/1101 550/1102/1102
f 527/1061/1061 270/1060/1060 549/1100/1100 1402/1101/1101
f 1402/1101/1101 549/1100/1100 255/1050/1050 522/1049/1049
f 550/1102/1102 1402/1101/1101 522/1049/1049 253/1046/1046
f 272/1071/1071 532/1070/1070 1403/1103/1103 551/1104/1104
f 532/1070/1070 271/1062/1062 550/1102/1102 1403/1103/1103
f 1403/1103/1103 550/1102/1102 253/1046/1046 519/1043/1043
f 551/1104/1104 1403/1103/1103 519/1043/1043 254/1042/1042
f 259/1072/1072 536/1076/1076 1404/1105/1105 553/1708/1106
f 536/1076/1076 230/935/935 467/938/938 1404/1105/1105
f 1404/1105/1105 467/938/938 232/937/937 552/1107/1107
f 553/1708/1106 1404/1105/1105 552/1107/1107 273/1108/1108
f 254/1042/1042 534/1073/1073 1405/1109/1109 551/1104/1104
f 534/1073/1073 259/1709/1072 553/1106/1106 1405/1109/1109
f 1405/1109/1109 553/1106/1106 273/1707/1108 554/1110/1110
f 551/1104/1104 1405/1109/1109 554/1110/1110 272/1071/1071
f 333/1111/1111 555/1112/1112 1406/1113/1113 556/1706/1114
f 555/1112/1112 334/1066/1066 533/1069/1069 1406/1113/1113
f 1406/1113/1113 533/1069/1069 272/1071/1071 554/1110/1110
f 556/1706/1114 1406/1113/1113 554/1110/1110 273/1707/1108
f 332/975/975 557/1115/1115 1407/1116/1116 486/976/976
f 557/1115/1115 333/1705/1111 556/1114/1114 1407/1116/1116
f 1407/1116/1116 556/1114/1114 273/1108/1108 552/1107/1107
f 486/976/976 1407/1116/1116 552/1107/1107 232/937/937
f 322/539/539 558/1117/1117 1408/1118/1118 1027/540/540
f 558/1117/1117 323/541/541 1030/544/544 1408/1118/1118
f 1408/1118/1118 1030/544/544 131/519/519 559/1119/1119
f 1027/540/540 1408/1118/1118 559/1119/1119 276/517/517
f 277/461/461 1016/518/518 1409/1120/1120 560/1121/1121
f 1016/518/518 276/517/517 559/1119/1119 1409/1120/1120
f 1409/1120/1120 559/1119/1119 131/519/519 1019/522/522
f 560/1121/1121 1409/1120/1120 1019/522/522 126/497/497
f 278/417/417 989/462/462 1410/1122/1122 561/1123/1123
f 989/462/462 277/461/461 560/1121/1121 1410/1122/1122
f 1410/1122/1122 560/1121/1121 126/497/497 1008/500/500
f 561/1123/1123 1410/1122/1122 1008/500/500 99/398/398
f 99/398/398 956/397/397 1411/1124/1124 561/1123/1123
f 956/397/397 100/396/396 562/1125/1125 1411/1124/1124
f 1411/1124/1124 562/1125/1125 279/421/421 967/418/418
f 561/1123/1123 1411/1124/1124 967/418/418 278/417/417
f 280/426/426 970/425/425 1412/1126/1126 563/1127/1127
f 970/425/425 279/421/421 562/1125/1125 1412/1126/1126
f 1412/1126/1126 562/1125/1125 100/396/396 958/400/400
f 563/1127/1127 1412/1126/1126 958/400/400 101/399/399
f 101/399/399 963/410/410 1413/1128/1128 563/1127/1127
f 963/410/410 102/409/409 564/1129/1129 1413/1128/1128
f 1413/1128/1128 564/1129/1129 281/429/429 972/427/427
f 563/1127/1127 1413/1128/1128 972/427/427 280/426/426
f 282/434/434 974/433/433 1414/1130/1130 565/1131/1131
f 974/433/433 281/429/429 564/1129/1129 1414/1130/1130
f 1414/1130/1130 564/1129/1129 102/409/409 964/412/412
f 565/1131/1131 1414/1130/1130 964/412/412 103/411/411
f 283/465/465 990/464/464 1415/1132/1132 566/1133/1133
f 990/464/464 282/434/434 565/1131/1131 1415/1132/1132
f 1415/1132/1132 565/1131/1131 103/411/411 1005/496/496
f 566/1133/1133 1415/1132/1132 1005/496/496 116/495/495
f 116/495/495 541/1085/1085 1416/1134/1134 566/1133/1133
f 541/1085/1085 262/482/482 567/1135/1135 1416/1134/1134
f 1416/1134/1134 567/1135/1135 284/478/478 539/1081/1081
f 566/1133/1133 1416/1134/1134 539/1081/1081 283/465/465
f 345/490/490 568/1136/1136 1417/1137/1137 1002/485/485
f 568/1136/1136 346/480/480 997/479/479 1417/1137/1137
f 1417/1137/1137 997/479/479 284/478/478 567/1135/1135
f 1002/485/485 1417/1137/1137 567/1135/1135 262/482/482
f 287/473/473 993/472/472 1418/1138/1138 571/1139/1139
f 993/472/472 348/471/471 569/1140/1140 1418/1138/1138
f 1418/1138/1138 569/1140/1140 349/1141/1141 570/1142/1142
f 571/1139/1139 1418/1138/1138 570/1142/1142 260/1143/1143
f 288/451/451 537/1080/1080 1419/1144/1144 573/1145/1145
f 537/1080/1080 287/473/473 571/1139/1139 1419/1144/1144
f 1419/1144/1144 571/1139/1139 260/1143/1143 572/1146/1146
f 573/1145/1145 1419/1144/1144 572/1146/1146 112/441/441
f 289/384/384 983/452/452 1420/1147/1147 574/1148/1148
f 983/452/452 288/451/451 573/1145/1145 1420/1147/1147
f 1420/1147/1147 573/1145/1145 112/441/441 981/444/444
f 574/1148/1148 1420/1147/1147 981/444/444 98/362/362
f 98/362/362 939/361/361 1421/1149/1149 574/1148/1148
f 939/361/361 97/339/339 575/1150/1150 1421/1149/1149
f 1421/1149/1149 575/1150/1150 290/382/382 951/385/385
f 574/1148/1148 1421/1149/1149 951/385/385 289/384/384
f 291/372/372 950/383/383 1422/1151/1151 576/1152/1152
f 950/383/383 290/382/382 575/1150/1150 1422/1151/1151
f 1422/1151/1151 575/1150/1150 97/339/339 928/337/337
f 576/1152/1152 1422/1151/1151 928/337/337 96/336/336
f 96/336/336 926/335/335 1423/1153/1153 576/1152/1152
f 926/335/335 95/334/334 577/1154/1154 1423/1153/1153
f 1423/1153/1153 577/1154/1154 292/369/369 945/373/373
f 576/1152/1152 1423/1153/1153 945/373/373 291/372/372
f 293/371/371 943/370/370 1424/1155/1155 578/1156/1156
f 943/370/370 292/369/369 577/1154/1154 1424/1155/1155
f 1424/1155/1155 577/1154/1154 95/334/334 931/344/344
f 578/1156/1156 1424/1155/1155 931/344/344 94/343/343
f 94/343/343 978/440/440 1425/1157/1157 578/1156/1156
f 978/440/440 124/439/439 579/1158/1158 1425/1157/1157
f 1425/1157/1157 579/1158/1158 294/455/455 985/453/453
f 578/1156/1156 1425/1157/1157 985/453/453 293/371/371
f 295/512/512 1012/511/511 1426/1159/1159 580/1160/1160
f 1012/511/511 294/455/455 579/1158/1158 1426/1159/1159
f 1426/1159/1159 579/1158/1158 124/439/439 1011/504/504
f 580/1160/1160 1426/1159/1159 1011/504/504 129/508/508
f 319/530/530 581/1161/1161 1427/1162/1162 1022/526/526
f 581/1161/1161 320/534/534 1023/533/533 1427/1162/1162
f 1427/1162/1162 1023/533/533 295/512/512 580/1160/1160
f 1022/526/526 1427/1162/1162 580/1160/1160 129/508/508
f 298/357/357 980/446/446 1428/1163/1163 584/1164/1164
f 980/446/446 297/445/445 582/1165/1165 1428/1163/1163
f 1428/1163/1163 582/1165/1165 350/1166/1166 583/1167/1167
f 584/1164/1164 1428/1163/1163 583/1167/1167 351/1168/1168
f 351/1168/1168 585/1169/1169 1429/1170/1170 584/1164/1164
f 585/1169/1169 352/1171/1171 586/1172/1172 1429/1170/1170
f 1429/1170/1170 586/1172/1172 299/341/341 938/358/358
f 584/1164/1164 1429/1170/1170 938/358/358 298/357/357
f 300/328/328 930/342/342 1430/1173/1173 588/1174/1174
f 930/342/342 299/341/341 586/1172/1172 1430/1173/1173
f 1430/1173/1173 586/1172/1172 352/1171/1171 587/1175/1175
f 588/1174/1174 1430/1173/1173 587/1175/1175 353/1176/1176
f 353/1176/1176 589/1177/1177 1431/1178/1178 588/1174/1174
f 589/1177/1177 354/1179/1179 590/1180/1180 1431/1178/1178
f 1431/1178/1178 590/1180/1180 301/332/332 924/329/329
f 588/1174/1174 1431/1178/1178 924/329/329 300/328/328
f 302/348/348 932/347/347 1432/1181/1181 592/1182/1182
f 932/347/347 301/332/332 590/1180/1180 1432/1181/1181
f 1432/1181/1181 590/1180/1180 354/1179/1179 591/1183/1183
f 592/1182/1182 1432/1181/1181 591/1183/1183 355/1184/1184
f 355/1184/1184 593/1185/1185 1433/1186/1186 592/1182/1182
f 593/1185/1185 356/1187/1187 594/1188/1188 1433/1186/1186
f 1433/1186/1186 594/1188/1188 303/437/437 976/435/435
f 592/1182/1182 1433/1186/1186 976/435/435 302/348/348
f 304/506/506 1009/505/505 1434/1189/1189 596/1190/1190
f 1009/505/505 303/437/437 594/1188/1188 1434/1189/1189
f 1434/1189/1189 594/1188/1188 356/1187/1187 595/1191/1191
f 596/1190/1190 1434/1189/1189 595/1191/1191 357/1192/1192
f 357/1192/1192 597/1193/1193 1435/1194/1194 596/1190/1190
f 597/1193/1193 358/1195/1195 598/1196/1196 1435/1194/1194
f 1435/1194/1194 598/1196/1196 318/528/528 1020/527/527
f 596/1190/1190 1435/1194/1194 1020/527/527 304/506/506
f 324/545/545 599/1197/1197 1436/1198/1198 1029/546/546
f 599/1197/1197 325/909/909 452/907/907 1436/1198/1198
f 1436/1198/1198 452/907/907 132/899/899 600/1199/1199
f 1029/546/546 1436/1198/1198 600/1199/1199 307/523/523
f 308/501/501 1018/524/524 1437/1200/1200 601/1201/1201
f 1018/524/524 307/523/523 600/1199/1199 1437/1200/1200
f 1437/1200/1200 600/1199/1199 132/899/899 447/897/897
f 601/1201/1201 1437/1200/1200 447/897/897 127/896/896
f 309/390/390 1007/502/502 1438/1202/1202 602/1203/1203
f 1007/502/502 308/501/501 601/1201/1201 1438/1202/1202
f 1438/1202/1202 601/1201/1201 127/896/896 445/895/895
f 602/1203/1203 1438/1202/1202 445/895/895 24/301/301
f 66/294/294 603/1204/1204 1439/1205/1205 909/300/300
f 603/1204/1204 310/394/394 954/391/391 1439/1205/1205
f 1439/1205/1205 954/391/391 309/390/390 602/1203/1203
f 909/300/300 1439/1205/1205 602/1203/1203 24/301/301
f 311/404/404 959/403/403 1440/1206/1206 604/1207/1207
f 959/403/403 310/394/394 603/1204/1204 1440/1206/1206
f 1440/1206/1206 603/1204/1204 66/294/294 908/297/297
f 604/1207/1207 1440/1206/1206 908/297/297 67/288/288
f 68/1654/293 605/1208/1208 1441/1209/1209 906/291/291
f 605/1208/1208 312/407/407 961/405/405 1441/1209/1209
f 1441/1209/1209 961/405/405 311/404/404 604/1207/1207
f 906/291/291 1441/1209/1209 604/1207/1207 67/288/288
f 313/416/416 965/415/415 1442/1210/1210 606/1211/1211
f 965/415/415 312/407/407 605/1208/1208 1442/1210/1210
f 1442/1210/1210 605/1208/1208 68/1654/293 937/356/356
f 606/1211/1211 1442/1210/1210 937/356/356 92/1651/355
f 92/1651/355 489/978/978 1443/1212/1212 606/1211/1211
f 489/978/978 121/982/982 607/1213/1213 1443/1212/1212
f 1443/1212/1212 607/1213/1213 314/493/493 1003/491/491
f 606/1211/1211 1443/1212/1212 1003/491/491 313/416/416
f 121/982/982 543/1088/1088 1444/1214/1214 607/1213/1213
f 543/1088/1088 263/987/987 608/1215/1215 1444/1214/1214
f 1444/1214/1214 608/1215/1215 315/486/486 540/1083/1083
f 607/1213/1213 1444/1214/1214 540/1083/1083 314/493/493
f 343/995/995 609/1216/1216 1445/1217/1217 495/990/990
f 609/1216/1216 344/488/488 1000/487/487 1445/1217/1217
f 1445/1217/1217 1000/487/487 315/486/486 608/1215/1215
f 495/990/990 1445/1217/1217 608/1215/1215 263/987/987
f 361/1218/1218 610/1219/1219 1446/1220/1220 612/1221/1221
f 610/1219/1219 362/1222/1222 611/1223/1223 1446/1220/1220
f 1446/1220/1220 611/1223/1223 318/528/528 598/1196/1196
f 612/1221/1221 1446/1220/1220 598/1196/1196 358/1195/1195
f 319/530/530 1021/529/529 1447/1224/1224 614/1225/1225
f 1021/529/529 318/528/528 611/1223/1223 1447/1224/1224
f 1447/1224/1224 611/1223/1223 362/1222/1222 613/1226/1226
f 614/1225/1225 1447/1224/1224 613/1226/1226 363/1227/1227
f 363/1227/1227 615/1228/1228 1448/1229/1229 614/1225/1225
f 615/1228/1228 364/1230/1230 616/1231/1231 1448/1229/1229
f 1448/1229/1229 616/1231/1231 320/534/534 581/1161/1161
f 614/1225/1225 1448/1229/1229 581/1161/1161 319/530/530
f 321/536/536 1024/535/535 1449/1232/1232 618/1233/1233
f 1024/535/535 320/534/534 616/1231/1231 1449/1232/1232
f 1449/1232/1232 616/1231/1231 364/1230/1230 617/1234/1234
f 618/1233/1233 1449/1232/1232 617/1234/1234 365/1235/1235
f 365/1235/1235 619/1236/1236 1450/1237/1237 618/1233/1233
f 619/1236/1236 366/1238/1238 620/1239/1239 1450/1237/1237
f 1450/1237/1237 620/1239/1239 322/539/539 1026/537/537
f 618/1233/1233 1450/1237/1237 1026/537/537 321/536/536
f 366/1238/1238 621/1240/1240 1451/1241/1241 620/1239/1239
f 621/1240/1240 367/1242/1242 622/1243/1243 1451/1241/1241
f 1451/1241/1241 622/1243/1243 323/541/541 558/1117/1117
f 620/1239/1239 1451/1241/1241 558/1117/1117 322/539/539
f 367/1242/1242 623/1244/1244 1452/1245/1245 622/1243/1243
f 623/1244/1244 368/1246/1246 624/1247/1247 1452/1245/1245
f 1452/1245/1245 624/1247/1247 324/545/545 1028/542/542
f 622/1243/1243 1452/1245/1245 1028/542/542 323/541/541
f 368/1246/1246 625/1248/1248 1453/1249/1249 624/1247/1247
f 625/1248/1248 369/1250/1250 626/1251/1251 1453/1249/1249
f 1453/1249/1249 626/1251/1251 325/909/909 599/1197/1197
f 624/1247/1247 1453/1249/1249 599/1197/1197 324/545/545
f 326/911/911 453/910/910 1454/1252/1252 628/1253/1253
f 453/910/910 325/909/909 626/1251/1251 1454/1252/1252
f 1454/1252/1252 626/1251/1251 369/1250/1250 627/1254/1254
f 628/1253/1253 1454/1252/1252 627/1254/1254 370/1255/1255
f 370/1255/1255 629/1256/1256 1455/1257/1257 628/1253/1253
f 629/1256/1256 371/1258/1258 630/1259/1259 1455/1257/1257
f 1455/1257/1257 630/1259/1259 327/915/915 455/913/913
f 628/1253/1253 1455/1257/1257 455/913/913 326/911/911
f 328/959/959 477/958/958 1456/1260/1260 632/1261/1261
f 477/958/958 327/915/915 630/1259/1259 1456/1260/1260
f 1456/1260/1260 630/1259/1259 371/1258/1258 631/1262/1262
f 632/1261/1261 1456/1260/1260 631/1262/1262 372/1263/1263
f 329/963/963 479/962/962 1457/1264/1264 634/1265/1265
f 479/962/962 328/959/959 632/1261/1261 1457/1264/1264
f 1457/1264/1264 632/1261/1261 372/1263/1263 633/1266/1266
f 634/1265/1265 1457/1264/1264 633/1266/1266 373/1267/1267
f 330/967/967 481/966/966 1458/1268/1268 636/1269/1269
f 481/966/966 329/963/963 634/1265/1265 1458/1268/1268
f 1458/1268/1268 634/1265/1265 373/1267/1267 635/1270/1270
f 636/1269/1269 1458/1268/1268 635/1270/1270 374/1271/1271
f 374/1271/1271 637/1272/1272 1459/1273/1273 636/1269/1269
f 637/1272/1272 375/1274/1274 638/1275/1275 1459/1273/1273
f 1459/1273/1273 638/1275/1275 331/971/971 483/969/969
f 636/1269/1269 1459/1273/1273 483/969/969 330/967/967
f 375/1274/1274 639/1276/1276 1460/1277/1277 638/1275/1275
f 639/1276/1276 376/1278/1278 640/1279/1279 1460/1277/1277
f 1460/1277/1277 640/1279/1279 332/975/975 485/973/973
f 638/1275/1275 1460/1277/1277 485/973/973 331/971/971
f 376/1278/1278 641/1280/1280 1461/1281/1281 640/1279/1279
f 641/1280/1280 377/1703/1282 642/1704/1283 1461/1281/1281
f 1461/1281/1281 642/1704/1283 333/1705/1111 557/1115/1115
f 640/1279/1279 1461/1281/1281 557/1115/1115 332/975/975
f 377/1282/1282 643/1284/1284 1462/1285/1285 642/1283/1283
f 643/1284/1284 378/1286/1286 644/1287/1287 1462/1285/1285
f 1462/1285/1285 644/1287/1287 334/1066/1066 555/1112/1112
f 642/1283/1283 1462/1285/1285 555/1112/1112 333/1111/1111
f 378/1286/1286 645/1288/1288 1463/1289/1289 644/1287/1287
f 645/1288/1288 379/1290/1290 646/1291/1291 1463/1289/1289
f 1463/1289/1289 646/1291/1291 335/1054/1054 531/1067/1067
f 644/1287/1287 1463/1289/1289 531/1067/1067 334/1066/1066
f 379/1290/1290 647/1292/1292 1464/1293/1293 646/1291/1291
f 647/1292/1292 380/1294/1294 648/1295/1295 1464/1293/1293
f 1464/1293/1293 648/1295/1295 336/1058/1058 525/1055/1055
f 646/1291/1291 1464/1293/1293 525/1055/1055 335/1054/1054
f 380/1294/1294 649/1296/1296 1465/1297/1297 648/1295/1295
f 649/1296/1296 381/1298/1298 650/1299/1299 1465/1297/1297
f 1465/1297/1297 650/1299/1299 337/1036/1036 529/1063/1063
f 648/1295/1295 1465/1297/1297 529/1063/1063 336/1058/1058
f 381/1298/1298 651/1300/1300 1466/1301/1301 650/1299/1299
f 651/1300/1300 382/1302/1302 652/1303/1303 1466/1301/1301
f 1466/1301/1301 652/1303/1303 338/1030/1030 516/1037/1037
f 650/1299/1299 1466/1301/1301 516/1037/1037 337/1036/1036
f 339/1020/1020 513/1694/1031 1467/1693/1304 654/1305/1305
f 513/1031/1031 338/1030/1030 652/1303/1303 1467/1304/1304
f 1467/1304/1304 652/1303/1303 382/1302/1302 653/1306/1306
f 654/1305/1305 1467/1693/1304 653/1692/1306 383/1307/1307
f 340/1014/1014 508/1021/1021 1468/1308/1308 656/1309/1309
f 508/1021/1021 339/1020/1020 654/1305/1305 1468/1308/1308
f 1468/1308/1308 654/1305/1305 383/1307/1307 655/1310/1310
f 656/1309/1309 1468/1308/1308 655/1310/1310 384/1311/1311
f 341/1000/1000 505/1015/1015 1469/1312/1312 658/1313/1313
f 505/1015/1015 340/1014/1014 656/1309/1309 1469/1312/1312
f 1469/1312/1312 656/1309/1309 384/1311/1311 657/1314/1314
f 658/1313/1313 1469/1312/1312 657/1314/1314 385/1315/1315
f 342/993/993 498/1001/1001 1470/1316/1316 660/1317/1317
f 498/1001/1001 341/1000/1000 658/1313/1313 1470/1316/1316
f 1470/1316/1316 658/1313/1313 385/1315/1315 659/1318/1318
f 660/1317/1317 1470/1316/1316 659/1318/1318 386/1319/1319
f 343/995/995 494/994/994 1471/1320/1320 662/1321/1321
f 494/994/994 342/993/993 660/1317/1317 1471/1320/1320
f 1471/1320/1320 660/1317/1317 386/1319/1319 661/1322/1322
f 662/1321/1321 1471/1320/1320 661/1322/1322 387/1323/1323
f 387/1323/1323 663/1324/1324 1472/1325/1325 662/1321/1321
f 663/1324/1324 388/1326/1326 664/1327/1327 1472/1325/1325
f 1472/1325/1325 664/1327/1327 344/488/488 609/1216/1216
f 662/1321/1321 1472/1325/1325 609/1216/1216 343/995/995
f 345/490/490 1001/489/489 1473/1328/1328 666/1329/1329
f 1001/489/489 344/488/488 664/1327/1327 1473/1328/1328
f 1473/1328/1328 664/1327/1327 388/1326/1326 665/1330/1330
f 666/1329/1329 1473/1328/1328 665/1330/1330 389/1331/1331
f 389/1331/1331 667/1332/1332 1474/1333/1333 666/1329/1329
f 667/1332/1332 390/1334/1334 668/1335/1335 1474/1333/1333
f 1474/1333/1333 668/1335/1335 346/480/480 568/1136/1136
f 666/1329/1329 1474/1333/1333 568/1136/1136 345/490/490
f 347/467/467 998/481/481 1475/1336/1336 670/1337/1337
f 998/481/481 346/480/480 668/1335/1335 1475/1336/1336
f 1475/1336/1336 668/1335/1335 390/1334/1334 669/1338/1338
f 670/1337/1337 1475/1336/1336 669/1338/1338 391/1339/1339
f 391/1339/1339 671/1340/1340 1476/1341/1341 670/1337/1337
f 671/1340/1340 392/1342/1342 672/1343/1343 1476/1341/1341
f 1476/1341/1341 672/1343/1343 348/471/471 992/468/468
f 670/1337/1337 1476/1341/1341 992/468/468 347/467/467
f 349/1141/1141 569/1140/1140 1477/1344/1344 674/1345/1345
f 569/1140/1140 348/471/471 672/1343/1343 1477/1344/1344
f 1477/1344/1344 672/1343/1343 392/1342/1342 673/1346/1346
f 674/1345/1345 1477/1344/1344 673/1346/1346 393/1347/1347
f 351/1168/1168 583/1167/1167 1478/1348/1348 677/1349/1349
f 583/1167/1167 350/1166/1166 675/1350/1350 1478/1348/1348
f 1478/1348/1348 675/1350/1350 111/1351/1351 676/1352/1352
f 677/1349/1349 1478/1348/1348 676/1352/1352 93/1353/1353
f 89/1354/1354 678/1355/1355 1479/1356/1356 679/1357/1357
f 678/1355/1355 352/1171/1171 585/1169/1169 1479/1356/1356
f 1479/1356/1356 585/1169/1169 351/1168/1168 677/1349/1349
f 679/1357/1357 1479/1356/1356 677/1349/1349 93/1353/1353
f 353/1176/1176 587/1175/1175 1480/1358/1358 681/1359/1359
f 587/1175/1175 352/1171/1171 678/1355/1355 1480/1358/1358
f 1480/1358/1358 678/1355/1355 89/1354/1354 680/1360/1360
f 681/1359/1359 1480/1358/1358 680/1360/1360 87/1361/1361
f 88/1362/1362 682/1363/1363 1481/1364/1364 683/1365/1365
f 682/1363/1363 354/1179/1179 589/1177/1177 1481/1364/1364
f 1481/1364/1364 589/1177/1177 353/1176/1176 681/1359/1359
f 683/1365/1365 1481/1364/1364 681/1359/1359 87/1361/1361
f 355/1184/1184 591/1183/1183 1482/1366/1366 685/1367/1367
f 591/1183/1183 354/1179/1179 682/1363/1363 1482/1366/1366
f 1482/1366/1366 682/1363/1363 88/1362/1362 684/1368/1368
f 685/1367/1367 1482/1366/1366 684/1368/1368 90/1369/1369
f 90/1369/1369 686/1370/1370 1483/1371/1371 685/1367/1367
f 686/1370/1370 123/1372/1372 687/1373/1373 1483/1371/1371
f 1483/1371/1371 687/1373/1373 356/1187/1187 593/1185/1185
f 685/1367/1367 1483/1371/1371 593/1185/1185 355/1184/1184
f 357/1192/1192 595/1191/1191 1484/1374/1374 689/1375/1375
f 595/1191/1191 356/1187/1187 687/1373/1373 1484/1374/1374
f 1484/1374/1374 687/1373/1373 123/1372/1372 688/1376/1376
f 689/1375/1375 1484/1374/1374 688/1376/1376 128/1377/1377
f 317/1378/1378 690/1379/1379 1485/1380/1380 691/1381/1381
f 690/1379/1379 358/1195/1195 597/1193/1193 1485/1380/1380
f 1485/1380/1380 597/1193/1193 357/1192/1192 689/1375/1375
f 691/1381/1381 1485/1380/1380 689/1375/1375 128/1377/1377
f 360/1382/1382 692/1383/1383 1486/1384/1384 693/1385/1385
f 692/1383/1383 361/1218/1218 612/1221/1221 1486/1384/1384
f 1486/1384/1384 612/1221/1221 358/1195/1195 690/1379/1379
f 693/1385/1385 1486/1384/1384 690/1379/1379 317/1378/1378
f 359/1386/1386 694/1387/1387 1487/1388/1388 696/1389/1389
f 694/1387/1387 361/1218/1218 692/1383/1383 1487/1388/1388
f 1487/1388/1388 692/1383/1383 360/1382/1382 695/1390/1390
f 696/1389/1389 1487/1388/1388 695/1390/1390 109/1391/1391
f 305/1392/1392 697/1393/1393 1488/1394/1394 698/1395/1395
f 697/1393/1393 362/1222/1222 610/1219/1219 1488/1394/1394
f 1488/1394/1394 610/1219/1219 361/1218/1218 694/1387/1387
f 698/1395/1395 1488/1394/1394 694/1387/1387 359/1386/1386
f 363/1227/1227 613/1226/1226 1489/1396/1396 700/1397/1397
f 613/1226/1226 362/1222/1222 697/1393/1393 1489/1396/1396
f 1489/1396/1396 697/1393/1393 305/1392/1392 699/1398/1398
f 700/1397/1397 1489/1396/1396 699/1398/1398 110/1399/1399
f 296/1400/1400 701/1401/1401 1490/1402/1402 702/1403/1403
f 701/1401/1401 364/1230/1230 615/1228/1228 1490/1402/1402
f 1490/1402/1402 615/1228/1228 363/1227/1227 700/1397/1397
f 702/1403/1403 1490/1402/1402 700/1397/1397 110/1399/1399
f 365/1235/1235 617/1234/1234 1491/1404/1404 704/1405/1405
f 617/1234/1234 364/1230/1230 701/1401/1401 1491/1404/1404
f 1491/1404/1404 701/1401/1401 296/1400/1400 703/1406/1406
f 704/1405/1405 1491/1404/1404 703/1406/1406 114/1407/1407
f 275/1408/1408 705/1409/1409 1492/1410/1410 706/1411/1411
f 705/1409/1409 366/1238/1238 619/1236/1236 1492/1410/1410
f 1492/1410/1410 619/1236/1236 365/1235/1235 704/1405/1405
f 706/1411/1411 1492/1410/1410 704/1405/1405 114/1407/1407
f 115/1412/1412 707/1413/1413 1493/1414/1414 708/1415/1415
f 707/1413/1413 367/1242/1242 621/1240/1240 1493/1414/1414
f 1493/1414/1414 621/1240/1240 366/1238/1238 705/1409/1409
f 708/1415/1415 1493/1414/1414 705/1409/1409 275/1408/1408
f 306/1416/1416 709/1417/1417 1494/1418/1418 710/1419/1419
f 709/1417/1417 368/1246/1246 623/1244/1244 1494/1418/1418
f 1494/1418/1418 623/1244/1244 367/1242/1242 707/1413/1413
f 710/1419/1419 1494/1418/1418 707/1413/1413 115/1412/1412
f 122/1420/1420 711/1421/1421 1495/1422/1422 712/1423/1423
f 711/1421/1421 369/1250/1250 625/1248/1248 1495/1422/1422
f 1495/1422/1422 625/1248/1248 368/1246/1246 709/1417/1417
f 712/1423/1423 1495/1422/1422 709/1417/1417 306/1416/1416
f 370/1255/1255 627/1254/1254 1496/1424/1424 714/1425/1425
f 627/1254/1254 369/1250/1250 711/1421/1421 1496/1424/1424
f 1496/1424/1424 711/1421/1421 122/1420/1420 713/1426/1426
f 714/1425/1425 1496/1424/1424 713/1426/1426 224/1427/1427
f 225/1428/1428 715/1429/1429 1497/1430/1430 716/1431/1431
f 715/1429/1429 371/1258/1258 629/1256/1256 1497/1430/1430
f 1497/1430/1430 629/1256/1256 370/1255/1255 714/1425/1425
f 716/1431/1431 1497/1430/1430 714/1425/1425 224/1427/1427
f 372/1263/1263 631/1262/1262 1498/1432/1432 718/1433/1433
f 631/1262/1262 371/1258/1258 715/1429/1429 1498/1432/1432
f 1498/1432/1432 715/1429/1429 225/1428/1428 717/1434/1434
f 718/1433/1433 1498/1432/1432 717/1434/1434 236/1435/1435
f 373/1267/1267 633/1266/1266 1499/1436/1436 720/1437/1437
f 633/1266/1266 372/1263/1263 718/1433/1433 1499/1436/1436
f 1499/1436/1436 718/1433/1433 236/1435/1435 719/1438/1438
f 720/1437/1437 1499/1436/1436 719/1438/1438 237/1439/1439
f 374/1271/1271 635/1270/1270 1500/1440/1440 722/1441/1441
f 635/1270/1270 373/1267/1267 720/1437/1437 1500/1440/1440
f 1500/1440/1440 720/1437/1437 237/1439/1439 721/1442/1442
f 722/1441/1441 1500/1440/1440 721/1442/1442 238/1443/1443
f 239/1444/1444 723/1445/1445 1501/1446/1446 724/1447/1447
f 723/1445/1445 375/1274/1274 637/1272/1272 1501/1446/1446
f 1501/1446/1446 637/1272/1272 374/1271/1271 722/1441/1441
f 724/1447/1447 1501/1446/1446 722/1441/1441 238/1443/1443
f 240/1448/1448 725/1449/1449 1502/1450/1450 726/1451/1451
f 725/1449/1449 376/1278/1278 639/1276/1276 1502/1450/1450
f 1502/1450/1450 639/1276/1276 375/1274/1274 723/1445/1445
f 726/1451/1451 1502/1450/1450 723/1445/1445 239/1444/1444
f 240/1448/1448 727/1452/1452 1503/1453/1453 725/1449/1449
f 727/1452/1452 274/1454/1454 728/1701/1455 1503/1453/1453
f 1503/1453/1453 728/1701/1455 377/1703/1282 641/1280/1280
f 725/1449/1449 1503/1453/1453 641/1280/1280 376/1278/1278
f 274/1702/1454 729/1456/1456 1504/1457/1457 728/1455/1455
f 729/1456/1456 258/1458/1458 730/1459/1459 1504/1457/1457
f 1504/1457/1457 730/1459/1459 378/1286/1286 643/1284/1284
f 728/1455/1455 1504/1457/1457 643/1284/1284 377/1282/1282
f 258/1458/1458 731/1460/1460 1505/1461/1461 730/1459/1459
f 731/1460/1460 257/1462/1462 732/1463/1463 1505/1461/1461
f 1505/1461/1461 732/1463/1463 379/1290/1290 645/1288/1288
f 730/1459/1459 1505/1461/1461 645/1288/1288 378/1286/1286
f 257/1462/1462 733/1464/1464 1506/1465/1465 732/1463/1463
f 733/1464/1464 256/1466/1466 734/1467/1467 1506/1465/1465
f 1506/1465/1465 734/1467/1467 380/1294/1294 647/1292/1292
f 732/1463/1463 1506/1465/1465 647/1292/1292 379/1290/1290
f 252/1468/1468 735/1469/1469 1507/1470/1470 736/1471/1471
f 735/1469/1469 381/1298/1298 649/1296/1296 1507/1470/1470
f 1507/1470/1470 649/1296/1296 380/1294/1294 734/1467/1467
f 736/1471/1471 1507/1470/1470 734/1467/1467 256/1466/1466
f 252/1468/1468 737/1472/1472 1508/1473/1473 735/1469/1469
f 737/1472/1472 250/1474/1474 738/1475/1475 1508/1473/1473
f 1508/1473/1473 738/1475/1475 382/1302/1302 651/1300/1300
f 735/1469/1469 1508/1473/1473 651/1300/1300 381/1298/1298
f 383/1307/1307 653/1692/1306 1509/1691/1476 740/1477/1477
f 653/1306/1306 382/1302/1302 738/1475/1475 1509/1476/1476
f 1509/1476/1476 738/1475/1475 250/1474/1474 739/1478/1478
f 740/1477/1477 1509/1691/1476 739/1690/1478 248/1479/1479
f 384/1311/1311 655/1310/1310 1510/1480/1480 742/1481/1481
f 655/1310/1310 383/1307/1307 740/1477/1477 1510/1480/1480
f 1510/1480/1480 740/1477/1477 248/1479/1479 741/1482/1482
f 742/1481/1481 1510/1480/1480 741/1482/1482 247/1483/1483
f 385/1315/1315 657/1314/1314 1511/1484/1484 744/1485/1485
f 657/1314/1314 384/1311/1311 742/1481/1481 1511/1484/1484
f 1511/1484/1484 742/1481/1481 247/1483/1483 743/1486/1486
f 744/1485/1485 1511/1484/1484 743/1486/1486 244/1487/1487
f 386/1319/1319 659/1318/1318 1512/1488/1488 746/1489/1489
f 659/1318/1318 385/1315/1315 744/1485/1485 1512/1488/1488
f 1512/1488/1488 744/1485/1485 244/1487/1487 745/1490/1490
f 746/1489/1489 1512/1488/1488 745/1490/1490 243/1491/1491
f 387/1323/1323 661/1322/1322 1513/1492/1492 748/1493/1493
f 661/1322/1322 386/1319/1319 746/1489/1489 1513/1492/1492
f 1513/1492/1492 746/1489/1489 243/1491/1491 747/1494/1494
f 748/1493/1493 1513/1492/1492 747/1494/1494 120/1495/1495
f 316/1496/1496 749/1497/1497 1514/1498/1498 750/1499/1499
f 749/1497/1497 388/1326/1326 663/1324/1324 1514/1498/1498
f 1514/1498/1498 663/1324/1324 387/1323/1323 748/1493/1493
f 750/1499/1499 1514/1498/1498 748/1493/1493 120/1495/1495
f 389/1331/1331 665/1330/1330 1515/1500/1500 752/1501/1501
f 665/1330/1330 388/1326/1326 749/1497/1497 1515/1500/1500
f 1515/1500/1500 749/1497/1497 316/1496/1496 751/1502/1502
f 752/1501/1501 1515/1500/1500 751/1502/1502 119/1503/1503
f 285/1504/1504 753/1505/1505 1516/1506/1506 754/1507/1507
f 753/1505/1505 390/1334/1334 667/1332/1332 1516/1506/1506
f 1516/1506/1506 667/1332/1332 389/1331/1331 752/1501/1501
f 754/1507/1507 1516/1506/1506 752/1501/1501 119/1503/1503
f 391/1339/1339 669/1338/1338 1517/1508/1508 756/1509/1509
f 669/1338/1338 390/1334/1334 753/1505/1505 1517/1508/1508
f 1517/1508/1508 753/1505/1505 285/1504/1504 755/1510/1510
f 756/1509/1509 1517/1508/1508 755/1510/1510 118/1511/1511
f 118/1511/1511 757/1512/1512 1518/1513/1513 756/1509/1509
f 757/1512/1512 286/1514/1514 758/1515/1515 1518/1513/1513
f 1518/1513/1513 758/1515/1515 392/1342/1342 671/1340/1340
f 756/1509/1509 1518/1513/1513 671/1340/1340 391/1339/1339
f 393/1347/1347 673/1346/1346 1519/1516/1516 760/1517/1517
f 673/1346/1346 392/1342/1342 758/1515/1515 1519/1516/1516
f 1519/1516/1516 758/1515/1515 286/1514/1514 759/1518/1518
f 760/1517/1517 1519/1516/1516 759/1518/1518 117/1519/1519
