# This file uses meters as units for non-parametric coordinates.

mtllib IslaDesPrueba.mtl
g default
v 533.088710 323.794700 -1003.625991
v 541.021728 319.063651 -987.647453
v 554.265035 321.525131 -975.030591
v 542.195486 329.222704 -1013.053038
v 552.791394 324.782360 -995.909596
v 566.338211 326.635211 -980.451967
v 555.935967 332.697830 -1022.389649
v 566.390175 328.223138 -1005.707085
v 579.542265 330.167828 -990.512940
v 590.128357 330.683958 -1002.670120
v 580.901063 328.818009 -1016.405909
v 570.674297 332.768944 -1028.939863
v 530.216873 314.138312 -980.036833
v 541.764425 316.977527 -974.160516
v 528.234382 318.427607 -992.430778
v 586.314224 328.497843 -1033.587060
v 592.678471 325.195667 -1025.415169
v 608.978759 318.633478 -1038.007178
v 599.972040 323.468376 -1036.247904
v 605.015748 322.927817 -1029.437145
v 598.838753 327.155528 -1016.674592
v 602.456835 320.759985 -1033.008589
vt 0.000000 0.000000
vt 0.500000 0.000000
vt 1.000000 0.000000
vt 0.000000 0.500000
vt 0.500000 0.500000
vt 1.000000 0.500000
vt 0.000000 1.000000
vt 0.500000 1.000000
vt 1.000000 1.000000
vt 0.000000 0.000000
vt 1.000000 0.000000
vt 1.000000 1.000000
vt 0.000000 1.000000
vt 0.000000 0.000000
vt 1.000000 0.000000
vt 1.000000 1.000000
vt 0.000000 1.000000
vt 0.000000 0.000000
vt 1.000000 0.000000
vt 1.000000 1.000000
vt 0.000000 1.000000
vt 0.000000 0.000000
vt 1.000000 0.000000
vt 1.000000 1.000000
vt 0.000000 1.000000
vt 0.000000 0.000000
vt 1.000000 0.000000
vt 1.000000 1.000000
vt 0.000000 1.000000
vt 0.000000 0.000000
vt 1.000000 0.000000
vt 1.000000 1.000000
vt 0.000000 1.000000
vt 0.000000 0.000000
vt 1.000000 0.000000
vt 1.000000 1.000000
vt 0.000000 1.000000
vt 0.000000 0.000000
vt 1.000000 0.000000
vt 1.000000 1.000000
vt 0.000000 1.000000
vt 0.500000 1.000000
vt 0.500000 1.000000
vn -0.184268 0.915852 0.356735
vn -0.182356 0.916549 0.355926
vn -0.113969 0.940830 0.319139
vn -0.099274 0.945183 0.311086
vn -0.323479 0.931674 0.165361
vn -0.324866 0.930921 0.166879
vn -0.254128 0.961779 0.101979
vn -0.266457 0.957173 0.113227
vn 0.019518 0.968074 0.249903
vn 0.022439 0.968379 0.248474
vn -0.156881 0.987597 0.006330
vn -0.159125 0.987220 0.008672
vn -0.042233 0.993364 -0.106981
vn -0.018991 0.991525 -0.128517
vn 0.164586 0.971198 0.172297
vn 0.191809 0.968933 0.156136
vn -0.320413 0.933322 0.162008
vn -0.320413 0.933322 0.162008
vn -0.178134 0.918073 0.354133
vn -0.178134 0.918073 0.354133
vn 0.430300 0.889103 0.156005
vn 0.439596 0.880966 0.175084
vn 0.496012 0.814617 0.300618
vn 0.029282 0.924940 -0.378983
vn 0.045335 0.930361 -0.363831
vn -0.078713 0.876209 -0.475459
vn 0.352217 0.930271 0.102661
vn 0.335299 0.937480 0.093307
vn 0.076271 0.959845 -0.269963
vn 0.080745 0.964762 -0.250430
s 1
g pPlane9 Hojas2 group2
usemtl lambert5SG
f 1/1/1 2/2/2 5/5/3 4/4/4
s 2
f 2/2/5 3/3/6 6/6/7 5/5/8
s 1
f 4/4/4 5/5/3 8/8/9 7/7/10
s 2
f 5/5/8 6/6/7 9/9/11 8/8/12
f 9/10/11 10/11/13 11/12/14 8/13/12
s 1
f 12/14/15 7/15/10 8/16/9 11/17/16
s 2
f 3/18/6 2/19/5 13/20/17 14/21/18
s 1
f 2/22/2 1/23/1 15/24/19 13/25/20
f 19/26/21 22/42/22 18/29/23
s 2
f 22/43/24 20/31/25 18/32/26
s 1
f 11/34/16 17/35/27 16/36/28 12/37/15
s 2
f 17/38/29 11/39/14 10/40/13 21/41/30
s 1
f 19/26/21 16/27/28 17/28/27 22/42/22
s 2
f 21/30/30 20/31/25 22/43/24 17/33/29
g default
v 248.788471 397.416286 -966.580825
v 253.709451 377.721086 -984.485645
v 249.416431 366.464725 -1008.725361
v 229.768253 405.659139 -968.373311
v 232.610225 384.310114 -989.639105
v 230.484179 370.371853 -1016.421495
v 205.423176 409.204183 -972.161406
v 208.022142 388.170390 -992.840514
v 206.123194 374.700944 -1019.142009
v 182.974122 377.881045 -1015.461127
v 181.580991 388.643473 -993.581930
v 182.397233 406.315324 -976.744195
v 273.100590 372.056845 -980.036813
v 264.809863 366.316500 -996.672871
v 264.408644 386.092169 -969.745752
v 160.023396 396.435102 -980.437580
v 159.848645 384.162516 -990.614866
v 129.667792 376.125339 -985.161945
v 141.729562 385.324361 -984.011050
v 141.879127 377.952419 -994.048898
v 160.394797 378.129105 -1005.363551
v 141.710410 378.749633 -986.909828
vt 0.000000 0.000000
vt 0.500000 0.000000
vt 1.000000 0.000000
vt 0.000000 0.500000
vt 0.500000 0.500000
vt 1.000000 0.500000
vt 0.000000 1.000000
vt 0.500000 1.000000
vt 1.000000 1.000000
vt 0.000000 0.000000
vt 1.000000 0.000000
vt 1.000000 1.000000
vt 0.000000 1.000000
vt 0.000000 0.000000
vt 1.000000 0.000000
vt 1.000000 1.000000
vt 0.000000 1.000000
vt 0.000000 0.000000
vt 1.000000 0.000000
vt 1.000000 1.000000
vt 0.000000 1.000000
vt 0.000000 0.000000
vt 1.000000 0.000000
vt 1.000000 1.000000
vt 0.000000 1.000000
vt 0.000000 0.000000
vt 1.000000 0.000000
vt 1.000000 1.000000
vt 0.000000 1.000000
vt 0.000000 0.000000
vt 1.000000 0.000000
vt 1.000000 1.000000
vt 0.000000 1.000000
vt 0.000000 0.000000
vt 1.000000 0.000000
vt 1.000000 1.000000
vt 0.000000 1.000000
vt 0.000000 0.000000
vt 1.000000 0.000000
vt 1.000000 1.000000
vt 0.000000 1.000000
vt 0.500000 1.000000
vt 0.500000 1.000000
vn 0.359889 0.678834 -0.640050
vn 0.357875 0.679141 -0.640853
vn 0.281094 0.692906 -0.663978
vn 0.264508 0.695199 -0.668381
vn 0.355022 0.819781 -0.449354
vn 0.357047 0.818951 -0.449263
vn 0.261377 0.849523 -0.458249
vn 0.278011 0.844872 -0.457058
vn 0.132832 0.701707 -0.699973
vn 0.129641 0.701618 -0.700661
vn 0.126015 0.880323 -0.457330
vn 0.129220 0.879739 -0.457560
vn -0.033828 0.896096 -0.442570
vn -0.065357 0.896146 -0.438919
vn -0.029647 0.689984 -0.723217
vn -0.061095 0.686069 -0.724967
vn 0.350548 0.821598 -0.449548
vn 0.350548 0.821598 -0.449548
vn 0.353424 0.679806 -0.642615
vn 0.353424 0.679806 -0.642615
vn -0.250913 0.540672 -0.802942
vn -0.246759 0.522601 -0.816087
vn -0.215610 0.394466 -0.893257
vn -0.255055 0.931509 -0.259305
vn -0.258696 0.924318 -0.280558
vn -0.227229 0.967219 -0.113374
vn -0.221086 0.623795 -0.749667
vn -0.213286 0.639421 -0.738681
vn -0.226665 0.898796 -0.375217
vn -0.218433 0.893103 -0.393260
s 1
g group2 pPlane7 Hojas1
usemtl lambert5SG
f 23/44/31 24/45/32 27/48/33 26/47/34
s 2
f 24/45/35 25/46/36 28/49/37 27/48/38
s 1
f 26/47/34 27/48/33 30/51/39 29/50/40
s 2
f 27/48/38 28/49/37 31/52/41 30/51/42
f 31/53/41 32/54/43 33/55/44 30/56/42
s 1
f 34/57/45 29/58/40 30/59/39 33/60/46
s 2
f 25/61/36 24/62/35 35/63/47 36/64/48
s 1
f 24/65/32 23/66/31 37/67/49 35/68/50
f 41/69/51 44/85/52 40/72/53
s 2
f 44/86/54 42/74/55 40/75/56
s 1
f 33/77/46 39/78/57 38/79/58 34/80/45
s 2
f 39/81/59 33/82/44 32/83/43 43/84/60
s 1
f 41/69/51 38/70/58 39/71/57 44/85/52
s 2
f 43/73/60 42/74/55 44/86/54 39/76/59
g default
v 21.929070 347.550349 -981.923421
v 19.255326 334.404519 -994.598889
v 8.216636 322.050149 -1002.731916
v 13.805607 346.003841 -970.395912
v 9.274467 330.626430 -983.391741
v -1.827678 316.931547 -994.119281
v 4.754280 339.709927 -957.492045
v 0.393825 324.547474 -970.089971
v -10.531649 311.283590 -980.688306
v -15.019714 306.548417 -965.938251
v -6.506466 316.395762 -955.553116
v -2.422509 329.974692 -946.822105
v 28.146249 338.048556 -1004.923513
v 18.671375 329.038342 -1007.155327
v 27.432566 345.331010 -993.860298
v -6.772642 316.582334 -937.539480
v -8.669826 307.558022 -943.297109
v -10.367262 294.488177 -926.161817
v -9.694923 303.782045 -930.718596
v -12.960906 297.708491 -935.674695
v -14.882727 301.500491 -949.846460
v -9.270223 299.447467 -932.962211
vt 0.000000 0.000000
vt 0.500000 0.000000
vt 1.000000 0.000000
vt 0.000000 0.500000
vt 0.500000 0.500000
vt 1.000000 0.500000
vt 0.000000 1.000000
vt 0.500000 1.000000
vt 1.000000 1.000000
vt 0.000000 0.000000
vt 1.000000 0.000000
vt 1.000000 1.000000
vt 0.000000 1.000000
vt 0.000000 0.000000
vt 1.000000 0.000000
vt 1.000000 1.000000
vt 0.000000 1.000000
vt 0.000000 0.000000
vt 1.000000 0.000000
vt 1.000000 1.000000
vt 0.000000 1.000000
vt 0.000000 0.000000
vt 1.000000 0.000000
vt 1.000000 1.000000
vt 0.000000 1.000000
vt 0.000000 0.000000
vt 1.000000 0.000000
vt 1.000000 1.000000
vt 0.000000 1.000000
vt 0.000000 0.000000
vt 1.000000 0.000000
vt 1.000000 1.000000
vt 0.000000 1.000000
vt 0.000000 0.000000
vt 1.000000 0.000000
vt 1.000000 1.000000
vt 0.000000 1.000000
vt 0.000000 0.000000
vt 1.000000 0.000000
vt 1.000000 1.000000
vt 0.000000 1.000000
vt 0.500000 1.000000
vt 0.500000 1.000000
vn -0.706323 0.563714 -0.428176
vn -0.707828 0.562827 -0.426855
vn -0.760012 0.532838 -0.372109
vn -0.770490 0.525947 -0.360173
vn -0.616446 0.732765 -0.288183
vn -0.615281 0.733020 -0.290020
vn -0.670216 0.712420 -0.208009
vn -0.661271 0.716461 -0.222270
vn -0.845590 0.462279 -0.266977
vn -0.847233 0.460548 -0.264749
vn -0.731117 0.676482 -0.088544
vn -0.729911 0.677399 -0.091437
vn -0.782457 0.620385 0.053703
vn -0.790583 0.606937 0.081280
vn -0.916380 0.371336 -0.149524
vn -0.927083 0.353095 -0.125858
vn -0.619007 0.732191 -0.284124
vn -0.619007 0.732191 -0.284124
vn -0.711137 0.560861 -0.423932
vn -0.711137 0.560861 -0.423932
vn -0.991250 0.121666 -0.051198
vn -0.992291 0.104708 -0.066297
vn -0.985968 -0.010361 -0.166612
vn -0.726597 0.598801 0.336890
vn -0.741971 0.585234 0.327080
vn -0.613810 0.681712 0.398129
vn -0.975130 0.220187 -0.025298
vn -0.970534 0.239982 -0.021725
vn -0.796444 0.552478 0.245856
vn -0.805701 0.546512 0.228407
s 1
g group2 pPlane11 Hojas
usemtl lambert5SG
f 45/87/61 46/88/62 49/91/63 48/90/64
s 2
f 46/88/65 47/89/66 50/92/67 49/91/68
s 1
f 48/90/64 49/91/63 52/94/69 51/93/70
s 2
f 49/91/68 50/92/67 53/95/71 52/94/72
f 53/96/71 54/97/73 55/98/74 52/99/72
s 1
f 56/100/75 51/101/70 52/102/69 55/103/76
s 2
f 47/104/66 46/105/65 57/106/77 58/107/78
s 1
f 46/108/62 45/109/61 59/110/79 57/111/80
f 63/112/81 66/128/82 62/115/83
s 2
f 66/129/84 64/117/85 62/118/86
s 1
f 55/120/76 61/121/87 60/122/88 56/123/75
s 2
f 61/124/89 55/125/74 54/126/73 65/127/90
s 1
f 63/112/81 60/113/88 61/114/87 66/128/82
s 2
f 65/116/90 64/117/85 66/129/84 61/119/89
g default
v -174.887018 326.128345 -1001.862569
v -169.205187 311.255175 -1023.753323
v -177.399297 298.264170 -1046.042107
v -194.011113 322.828707 -994.358725
v -190.528553 305.282710 -1018.773913
v -196.875315 291.061291 -1044.726976
v -215.644404 312.620646 -987.474249
v -212.244312 295.239765 -1011.204925
v -218.444966 281.559069 -1036.723370
v -235.733994 272.051799 -1023.675657
v -232.578166 281.470196 -1001.364125
v -233.426038 297.649788 -983.089229
v -149.929239 317.060135 -1028.510661
v -160.540865 306.962677 -1041.312258
v -158.935712 324.765743 -1013.084929
v -246.839677 277.172585 -979.538608
v -245.294378 266.220894 -991.023231
v -261.465170 243.578558 -975.823083
v -256.535268 257.843726 -977.729365
v -257.133634 251.207127 -988.251903
v -248.325540 260.692593 -1005.668162
v -254.534609 252.142748 -981.618652
vt 0.000000 0.000000
vt 0.500000 0.000000
vt 1.000000 0.000000
vt 0.000000 0.500000
vt 0.500000 0.500000
vt 1.000000 0.500000
vt 0.000000 1.000000
vt 0.500000 1.000000
vt 1.000000 1.000000
vt 0.000000 0.000000
vt 1.000000 0.000000
vt 1.000000 1.000000
vt 0.000000 1.000000
vt 0.000000 0.000000
vt 1.000000 0.000000
vt 1.000000 1.000000
vt 0.000000 1.000000
vt 0.000000 0.000000
vt 1.000000 0.000000
vt 1.000000 1.000000
vt 0.000000 1.000000
vt 0.000000 0.000000
vt 1.000000 0.000000
vt 1.000000 1.000000
vt 0.000000 1.000000
vt 0.000000 0.000000
vt 1.000000 0.000000
vt 1.000000 1.000000
vt 0.000000 1.000000
vt 0.000000 0.000000
vt 1.000000 0.000000
vt 1.000000 1.000000
vt 0.000000 1.000000
vt 0.000000 0.000000
vt 1.000000 0.000000
vt 1.000000 1.000000
vt 0.000000 1.000000
vt 0.000000 0.000000
vt 1.000000 0.000000
vt 1.000000 1.000000
vt 0.000000 1.000000
vt 0.500000 1.000000
vt 0.500000 1.000000
vn -0.349869 0.733447 -0.582793
vn -0.351880 0.732589 -0.582661
vn -0.426290 0.702022 -0.570476
vn -0.441764 0.694874 -0.567446
vn -0.340465 0.859200 -0.381915
vn -0.338496 0.859587 -0.382794
vn -0.429238 0.833804 -0.347167
vn -0.413955 0.838829 -0.353564
vn -0.557306 0.628425 -0.542671
vn -0.559948 0.626610 -0.542050
vn -0.545443 0.787490 -0.286969
vn -0.542855 0.788699 -0.288553
vn -0.666396 0.716096 -0.207660
vn -0.688402 0.699468 -0.191956
vn -0.683125 0.530544 -0.501859
vn -0.705454 0.510345 -0.491816
vn -0.344803 0.858332 -0.379970
vn -0.344803 0.858332 -0.379970
vn -0.356312 0.730684 -0.582359
vn -0.356312 0.730684 -0.582359
vn -0.808911 0.282360 -0.515689
vn -0.802531 0.268682 -0.532685
vn -0.749013 0.173401 -0.639462
vn -0.769340 0.636802 0.050982
vn -0.777771 0.627737 0.031918
vn -0.702521 0.689023 0.178078
vn -0.804807 0.371070 -0.463241
vn -0.801971 0.388967 -0.453373
vn -0.782486 0.618641 -0.070711
vn -0.781380 0.617344 -0.091273
s 1
g group2 pPlane6 Hojas3
usemtl lambert5SG
f 67/130/91 68/131/92 71/134/93 70/133/94
s 2
f 68/131/95 69/132/96 72/135/97 71/134/98
s 1
f 70/133/94 71/134/93 74/137/99 73/136/100
s 2
f 71/134/98 72/135/97 75/138/101 74/137/102
f 75/139/101 76/140/103 77/141/104 74/142/102
s 1
f 78/143/105 73/144/100 74/145/99 77/146/106
s 2
f 69/147/96 68/148/95 79/149/107 80/150/108
s 1
f 68/151/92 67/152/91 81/153/109 79/154/110
f 85/155/111 88/171/112 84/158/113
s 2
f 88/172/114 86/160/115 84/161/116
s 1
f 77/163/106 83/164/117 82/165/118 78/166/105
s 2
f 83/167/119 77/168/104 76/169/103 87/170/120
s 1
f 85/155/111 82/156/118 83/157/117 88/171/112
s 2
f 87/159/120 86/160/115 88/172/114 83/162/119
g default
v 298.396203 393.285115 -962.016336
v 272.313031 387.278137 -966.051662
v 246.332856 394.852256 -966.653930
v 301.316196 408.658533 -948.302912
v 271.491447 404.310589 -951.072630
v 241.959764 410.445200 -953.590145
v 299.403921 424.285780 -929.022556
v 270.216967 419.941830 -931.482721
v 241.366327 426.032749 -934.192311
v 244.985022 436.713476 -913.398836
v 268.541031 432.688321 -908.360736
v 292.814071 435.273790 -909.138417
v 273.100600 372.056850 -980.036803
v 256.261913 381.064344 -976.326029
v 289.526391 380.063061 -973.362962
v 282.437792 440.601518 -887.325654
v 266.759203 437.785748 -886.634746
v 264.134043 442.860839 -855.448749
v 271.579236 443.153021 -868.712104
v 259.178958 443.526277 -869.816671
v 251.645436 441.528388 -890.068513
v 265.133142 440.192202 -867.566786
vt 0.000000 0.000000
vt 0.500000 0.000000
vt 1.000000 0.000000
vt 0.000000 0.500000
vt 0.500000 0.500000
vt 1.000000 0.500000
vt 0.000000 1.000000
vt 0.500000 1.000000
vt 1.000000 1.000000
vt 0.000000 0.000000
vt 1.000000 0.000000
vt 1.000000 1.000000
vt 0.000000 1.000000
vt 0.000000 0.000000
vt 1.000000 0.000000
vt 1.000000 1.000000
vt 0.000000 1.000000
vt 0.000000 0.000000
vt 1.000000 0.000000
vt 1.000000 1.000000
vt 0.000000 1.000000
vt 0.000000 0.000000
vt 1.000000 0.000000
vt 1.000000 1.000000
vt 0.000000 1.000000
vt 0.000000 0.000000
vt 1.000000 0.000000
vt 1.000000 1.000000
vt 0.000000 1.000000
vt 0.000000 0.000000
vt 1.000000 0.000000
vt 1.000000 1.000000
vt 0.000000 1.000000
vt 0.000000 0.000000
vt 1.000000 0.000000
vt 1.000000 1.000000
vt 0.000000 1.000000
vt 0.000000 0.000000
vt 1.000000 0.000000
vt 1.000000 1.000000
vt 0.000000 1.000000
vt 0.500000 1.000000
vt 0.500000 1.000000
vn -0.032408 0.665039 -0.746105
vn -0.032932 0.666613 -0.744676
vn -0.045832 0.723910 -0.688370
vn -0.048605 0.735484 -0.675797
vn 0.203637 0.659493 -0.723603
vn 0.203281 0.657945 -0.725111
vn 0.210982 0.727670 -0.652674
vn 0.209787 0.716216 -0.665601
vn -0.075577 0.817353 -0.571159
vn -0.076331 0.819121 -0.568520
vn 0.224269 0.810073 -0.541743
vn 0.223889 0.808339 -0.544484
vn 0.237139 0.885434 -0.399716
vn 0.238271 0.897756 -0.370488
vn -0.109559 0.895869 -0.430598
vn -0.115099 0.908392 -0.401965
vn 0.204419 0.662898 -0.720264
vn 0.204419 0.662898 -0.720264
vn -0.034087 0.670077 -0.741509
vn -0.034087 0.670077 -0.741509
vn -0.278370 0.936612 -0.212764
vn -0.299816 0.929440 -0.215063
vn -0.439541 0.868911 -0.227591
vn 0.388006 0.908735 -0.153794
vn 0.366957 0.917186 -0.155281
vn 0.523886 0.839907 -0.141772
vn -0.182599 0.951376 -0.248077
vn -0.163736 0.952616 -0.256346
vn 0.279979 0.937452 -0.206872
vn 0.262980 0.939772 -0.218336
s 1
g group2 Hojas1 pPlane6
usemtl lambert5SG
f 89/173/121 90/174/122 93/177/123 92/176/124
s 2
f 90/174/125 91/175/126 94/178/127 93/177/128
s 1
f 92/176/124 93/177/123 96/180/129 95/179/130
s 2
f 93/177/128 94/178/127 97/181/131 96/180/132
f 97/182/131 98/183/133 99/184/134 96/185/132
s 1
f 100/186/135 95/187/130 96/188/129 99/189/136
s 2
f 91/190/126 90/191/125 101/192/137 102/193/138
s 1
f 90/194/122 89/195/121 103/196/139 101/197/140
f 107/198/141 110/214/142 106/201/143
s 2
f 110/215/144 108/203/145 106/204/146
s 1
f 99/206/136 105/207/147 104/208/148 100/209/135
s 2
f 105/210/149 99/211/134 98/212/133 109/213/150
s 1
f 107/198/141 104/199/148 105/200/147 110/214/142
s 2
f 109/202/150 108/203/145 110/215/144 105/205/149
g default
v 256.538350 370.533236 -999.564033
v 273.643781 374.541084 -993.909775
v 289.274898 384.162155 -995.841731
v 254.616681 372.420020 -1013.492889
v 274.106445 377.572595 -1009.078413
v 291.938997 387.958091 -1009.249164
v 256.670983 373.262564 -1030.319047
v 275.796543 378.160450 -1026.094716
v 293.164036 388.455396 -1026.169613
v 292.590193 384.987894 -1041.910511
v 278.722698 375.955778 -1043.757151
v 262.516100 372.467411 -1045.330079
v 273.100602 372.056844 -980.036820
v 283.294011 378.784414 -985.211028
v 262.377873 370.076582 -987.589292
v 271.932614 368.798529 -1058.832472
v 282.595629 370.387796 -1057.431706
v 288.521031 361.255977 -1076.108427
v 281.552143 365.064421 -1069.435899
v 289.349227 368.310512 -1068.549334
v 291.294324 376.859220 -1056.630954
v 286.332335 364.450321 -1068.555335
vt 0.000000 0.000000
vt 0.500000 0.000000
vt 1.000000 0.000000
vt 0.000000 0.500000
vt 0.500000 0.500000
vt 1.000000 0.500000
vt 0.000000 1.000000
vt 0.500000 1.000000
vt 1.000000 1.000000
vt 0.000000 0.000000
vt 1.000000 0.000000
vt 1.000000 1.000000
vt 0.000000 1.000000
vt 0.000000 0.000000
vt 1.000000 0.000000
vt 1.000000 1.000000
vt 0.000000 1.000000
vt 0.000000 0.000000
vt 1.000000 0.000000
vt 1.000000 1.000000
vt 0.000000 1.000000
vt 0.000000 0.000000
vt 1.000000 0.000000
vt 1.000000 1.000000
vt 0.000000 1.000000
vt 0.000000 0.000000
vt 1.000000 0.000000
vt 1.000000 1.000000
vt 0.000000 1.000000
vt 0.000000 0.000000
vt 1.000000 0.000000
vt 1.000000 1.000000
vt 0.000000 1.000000
vt 0.000000 0.000000
vt 1.000000 0.000000
vt 1.000000 1.000000
vt 0.000000 1.000000
vt 0.000000 0.000000
vt 1.000000 0.000000
vt 1.000000 1.000000
vt 0.000000 1.000000
vt 0.500000 1.000000
vt 0.500000 1.000000
vn -0.283414 0.943463 0.171912
vn -0.282916 0.943987 0.169845
vn -0.269632 0.958661 0.090928
vn -0.266510 0.960983 0.074058
vn -0.501078 0.853161 0.145039
vn -0.500765 0.852975 0.147198
vn -0.505900 0.861320 0.046838
vn -0.505363 0.860521 0.064124
vn -0.233785 0.970607 -0.057150
vn -0.232827 0.970649 -0.060271
vn -0.510039 0.855240 -0.091792
vn -0.509951 0.855634 -0.088551
vn -0.505048 0.825989 -0.250336
vn -0.501911 0.818034 -0.280901
vn -0.185325 0.959097 -0.213981
vn -0.176035 0.953703 -0.243848
vn -0.501761 0.853557 0.140270
vn -0.501761 0.853557 0.140270
vn -0.281812 0.945127 0.165279
vn -0.281812 0.945127 0.165279
vn 0.017107 0.916142 -0.400489
vn 0.038442 0.918700 -0.393080
vn 0.180932 0.923535 -0.338151
vn -0.595863 0.654625 -0.465203
vn -0.578011 0.668381 -0.468156
vn -0.707535 0.553644 -0.439172
vn -0.085155 0.918048 -0.387217
vn -0.105250 0.917924 -0.382540
vn -0.511741 0.740451 -0.435722
vn -0.498766 0.754096 -0.427285
s 1
g group2 Hojas1 pPlane9
usemtl lambert5SG
f 111/216/151 112/217/152 115/220/153 114/219/154
s 2
f 112/217/155 113/218/156 116/221/157 115/220/158
s 1
f 114/219/154 115/220/153 118/223/159 117/222/160
s 2
f 115/220/158 116/221/157 119/224/161 118/223/162
f 119/225/161 120/226/163 121/227/164 118/228/162
s 1
f 122/229/165 117/230/160 118/231/159 121/232/166
s 2
f 113/233/156 112/234/155 123/235/167 124/236/168
s 1
f 112/237/152 111/238/151 125/239/169 123/240/170
f 129/241/171 132/257/172 128/244/173
s 2
f 132/258/174 130/246/175 128/247/176
s 1
f 121/249/166 127/250/177 126/251/178 122/252/165
s 2
f 127/253/179 121/254/164 120/255/163 131/256/180
s 1
f 129/241/171 126/242/178 127/243/177 132/257/172
s 2
f 131/245/180 130/246/175 132/258/174 127/248/179
g default
v -148.613974 341.912312 -1022.299258
v -157.766415 325.949826 -1020.863598
v -173.618545 316.753841 -1018.678858
v -154.807551 352.609208 -1015.336369
v -166.514426 335.810941 -1012.756664
v -183.314786 323.926513 -1011.208819
v -163.322168 362.049776 -1004.092410
v -174.732033 345.613574 -1001.392866
v -191.196002 334.004381 -1000.056570
v -194.659360 344.136289 -987.995131
v -181.664595 354.527911 -987.326639
v -171.688405 367.248629 -991.321085
v -149.929233 317.060145 -1028.510660
v -162.212280 313.653229 -1024.842161
v -146.236282 329.727558 -1027.155319
v -178.970868 368.401699 -976.152624
v -184.841211 359.700513 -973.321327
v -188.313417 366.081426 -952.960871
v -185.120432 367.520632 -962.724364
v -191.075939 361.528469 -961.862069
v -193.759576 353.521968 -974.011374
v -186.626279 363.277597 -960.792571
vt 0.000000 0.000000
vt 0.500000 0.000000
vt 1.000000 0.000000
vt 0.000000 0.500000
vt 0.500000 0.500000
vt 1.000000 0.500000
vt 0.000000 1.000000
vt 0.500000 1.000000
vt 1.000000 1.000000
vt 0.000000 0.000000
vt 1.000000 0.000000
vt 1.000000 1.000000
vt 0.000000 1.000000
vt 0.000000 0.000000
vt 1.000000 0.000000
vt 1.000000 1.000000
vt 0.000000 1.000000
vt 0.000000 0.000000
vt 1.000000 0.000000
vt 1.000000 1.000000
vt 0.000000 1.000000
vt 0.000000 0.000000
vt 1.000000 0.000000
vt 1.000000 1.000000
vt 0.000000 1.000000
vt 0.000000 0.000000
vt 1.000000 0.000000
vt 1.000000 1.000000
vt 0.000000 1.000000
vt 0.000000 0.000000
vt 1.000000 0.000000
vt 1.000000 1.000000
vt 0.000000 1.000000
vt 0.000000 0.000000
vt 1.000000 0.000000
vt 1.000000 1.000000
vt 0.000000 1.000000
vt 0.000000 0.000000
vt 1.000000 0.000000
vt 1.000000 1.000000
vt 0.000000 1.000000
vt 0.500000 1.000000
vt 0.500000 1.000000
vn -0.518710 0.229265 -0.823637
vn -0.520201 0.230297 -0.822408
vn -0.570188 0.273280 -0.774728
vn -0.580383 0.282147 -0.763903
vn -0.353566 0.397957 -0.846535
vn -0.352695 0.396302 -0.847674
vn -0.397534 0.466121 -0.790378
vn -0.390134 0.454443 -0.800798
vn -0.657306 0.343625 -0.670724
vn -0.659079 0.344927 -0.668311
vn -0.447342 0.557968 -0.698969
vn -0.446367 0.555862 -0.701266
vn -0.491868 0.652693 -0.576244
vn -0.499732 0.669008 -0.550179
vn -0.736077 0.406981 -0.540886
vn -0.748640 0.418567 -0.514140
vn -0.355481 0.401604 -0.844007
vn -0.355481 0.401604 -0.844007
vn -0.523481 0.232570 -0.819682
vn -0.523481 0.232570 -0.819682
vn -0.878022 0.369587 -0.304111
vn -0.887410 0.349117 -0.301031
vn -0.938446 0.207236 -0.276357
vn -0.402919 0.836589 -0.371180
vn -0.423463 0.826943 -0.369926
vn -0.259820 0.890033 -0.374613
vn -0.824057 0.438097 -0.359168
vn -0.812224 0.450157 -0.371013
vn -0.498224 0.765935 -0.406345
vn -0.511653 0.752579 -0.414533
s 1
g group2 Hojas3 pPlane10
usemtl lambert5SG
f 133/259/181 134/260/182 137/263/183 136/262/184
s 2
f 134/260/185 135/261/186 138/264/187 137/263/188
s 1
f 136/262/184 137/263/183 140/266/189 139/265/190
s 2
f 137/263/188 138/264/187 141/267/191 140/266/192
f 141/268/191 142/269/193 143/270/194 140/271/192
s 1
f 144/272/195 139/273/190 140/274/189 143/275/196
s 2
f 135/276/186 134/277/185 145/278/197 146/279/198
s 1
f 134/280/182 133/281/181 147/282/199 145/283/200
f 151/284/201 154/300/202 150/287/203
s 2
f 154/301/204 152/289/205 150/290/206
s 1
f 143/292/196 149/293/207 148/294/208 144/295/195
s 2
f 149/296/209 143/297/194 142/298/193 153/299/210
s 1
f 151/284/201 148/285/208 149/286/207 154/300/202
s 2
f 153/288/210 152/289/205 154/301/204 149/291/209
g default
v 13.685567 304.866471 -1015.174476
v 25.278822 328.097614 -1022.830193
v 28.834588 347.546398 -1041.318049
v 9.200646 292.226679 -1031.081941
v 21.664233 317.340227 -1042.486341
v 26.471757 340.885252 -1060.887731
v 9.480600 279.747176 -1052.617573
v 21.886483 304.175591 -1063.849101
v 26.367965 327.324606 -1081.761109
v 29.132017 310.206429 -1097.850532
v 26.397233 289.413411 -1085.334891
v 15.215062 270.997649 -1073.833209
v 28.146254 338.048554 -1004.923528
v 29.793945 347.600056 -1021.790659
v 20.114885 320.330862 -1005.086925
v 27.588504 264.573091 -1094.265327
v 35.760428 276.478634 -1101.025635
v 50.870633 258.216816 -1122.082750
v 40.341096 260.853166 -1111.423887
v 43.949240 271.018531 -1117.650678
v 36.548244 289.815714 -1109.727686
v 45.518132 265.407656 -1113.445088
vt 0.000000 0.000000
vt 0.500000 0.000000
vt 1.000000 0.000000
vt 0.000000 0.500000
vt 0.500000 0.500000
vt 1.000000 0.500000
vt 0.000000 1.000000
vt 0.500000 1.000000
vt 1.000000 1.000000
vt 0.000000 0.000000
vt 1.000000 0.000000
vt 1.000000 1.000000
vt 0.000000 1.000000
vt 0.000000 0.000000
vt 1.000000 0.000000
vt 1.000000 1.000000
vt 0.000000 1.000000
vt 0.000000 0.000000
vt 1.000000 0.000000
vt 1.000000 1.000000
vt 0.000000 1.000000
vt 0.000000 0.000000
vt 1.000000 0.000000
vt 1.000000 1.000000
vt 0.000000 1.000000
vt 0.000000 0.000000
vt 1.000000 0.000000
vt 1.000000 1.000000
vt 0.000000 1.000000
vt 0.000000 0.000000
vt 1.000000 0.000000
vt 1.000000 1.000000
vt 0.000000 1.000000
vt 0.000000 0.000000
vt 1.000000 0.000000
vt 1.000000 1.000000
vt 0.000000 1.000000
vt 0.000000 0.000000
vt 1.000000 0.000000
vt 1.000000 1.000000
vt 0.000000 1.000000
vt 0.500000 1.000000
vt 0.500000 1.000000
vn -0.904072 0.421058 -0.073238
vn -0.904218 0.420379 -0.075315
vn -0.909294 0.388227 -0.149881
vn -0.909570 0.381103 -0.165658
vn -0.973053 0.226447 0.043478
vn -0.972651 0.227848 0.045113
vn -0.985103 0.168301 -0.035306
vn -0.983672 0.178678 -0.021522
vn -0.899849 0.326433 -0.289333
vn -0.899359 0.325144 -0.292293
vn -0.986825 0.078721 -0.141347
vn -0.986985 0.080940 -0.138957
vn -0.965399 -0.029389 -0.259118
vn -0.958099 -0.050115 -0.282020
vn -0.864519 0.254823 -0.433212
vn -0.855278 0.239567 -0.459465
vn -0.973922 0.223353 0.039869
vn -0.973922 0.223353 0.039869
vn -0.904523 0.418873 -0.079897
vn -0.904523 0.418873 -0.079897
vn -0.708066 0.242065 -0.663361
vn -0.696311 0.260774 -0.668691
vn -0.608188 0.382682 -0.695458
vn -0.896447 -0.303081 -0.323302
vn -0.895838 -0.286955 -0.339310
vn -0.888516 -0.407106 -0.211672
vn -0.774021 0.189258 -0.604212
vn -0.786541 0.179876 -0.590760
vn -0.908619 -0.189949 -0.371929
vn -0.910704 -0.169933 -0.376485
s 1
g group2 Hojas pPlane4
usemtl lambert5SG
f 155/302/211 156/303/212 159/306/213 158/305/214
s 2
f 156/303/215 157/304/216 160/307/217 159/306/218
s 1
f 158/305/214 159/306/213 162/309/219 161/308/220
s 2
f 159/306/218 160/307/217 163/310/221 162/309/222
f 163/311/221 164/312/223 165/313/224 162/314/222
s 1
f 166/315/225 161/316/220 162/317/219 165/318/226
s 2
f 157/319/216 156/320/215 167/321/227 168/322/228
s 1
f 156/323/212 155/324/211 169/325/229 167/326/230
f 173/327/231 176/343/232 172/330/233
s 2
f 176/344/234 174/332/235 172/333/236
s 1
f 165/335/226 171/336/237 170/337/238 166/338/225
s 2
f 171/339/239 165/340/224 164/341/223 175/342/240
s 1
f 173/327/231 170/328/238 171/329/237 176/343/232
s 2
f 175/331/240 174/332/235 176/344/234 171/334/239
g default
v -974.027406 0.000000 974.027406
v 974.027406 0.000000 974.027406
v -974.027406 0.000000 -974.027406
v 974.027406 0.000000 -974.027406
vt 0.000000 0.000000
vt 1.000000 0.000000
vt 0.000000 1.000000
vt 1.000000 1.000000
vn 0.000000 1.000000 0.000000
vn 0.000000 1.000000 0.000000
vn 0.000000 1.000000 0.000000
vn 0.000000 1.000000 0.000000
s off
g group2 pPlane2
usemtl lambert2SG
f 177/345/241 178/346/242 180/348/243 179/347/244
g default
v 563.062976 319.043259 -997.709382
v 550.151534 311.706054 -975.078439
v 549.555296 309.445709 -948.111147
v 583.780310 317.912116 -996.147687
v 572.052799 309.521349 -969.536559
v 568.380461 306.970132 -939.601682
v 607.073565 311.291195 -990.386831
v 595.686831 302.834775 -964.393912
v 592.015885 300.592330 -935.097220
v 613.810934 291.481995 -936.329747
v 619.282648 291.655640 -960.131010
v 626.220038 300.298979 -981.894172
v 530.216877 314.138307 -980.036827
v 535.455680 311.815052 -961.446410
v 544.086049 317.947148 -993.135871
v 641.486656 283.566977 -971.953399
v 636.267534 277.186454 -958.305185
v 658.957927 255.124940 -956.394672
v 652.570439 267.613090 -962.283556
v 649.353224 265.327177 -950.470410
v 633.497671 277.890601 -942.619010
v 649.615903 263.295968 -957.357755
vt 0.000000 0.000000
vt 0.500000 0.000000
vt 1.000000 0.000000
vt 0.000000 0.500000
vt 0.500000 0.500000
vt 1.000000 0.500000
vt 0.000000 1.000000
vt 0.500000 1.000000
vt 1.000000 1.000000
vt 0.000000 0.000000
vt 1.000000 0.000000
vt 1.000000 1.000000
vt 0.000000 1.000000
vt 0.000000 0.000000
vt 1.000000 0.000000
vt 1.000000 1.000000
vt 0.000000 1.000000
vt 0.000000 0.000000
vt 1.000000 0.000000
vt 1.000000 1.000000
vt 0.000000 1.000000
vt 0.000000 0.000000
vt 1.000000 0.000000
vt 1.000000 1.000000
vt 0.000000 1.000000
vt 0.000000 0.000000
vt 1.000000 0.000000
vt 1.000000 1.000000
vt 0.000000 1.000000
vt 0.000000 0.000000
vt 1.000000 0.000000
vt 1.000000 1.000000
vt 0.000000 1.000000
vt 0.000000 0.000000
vt 1.000000 0.000000
vt 1.000000 1.000000
vt 0.000000 1.000000
vt 0.000000 0.000000
vt 1.000000 0.000000
vt 1.000000 1.000000
vt 0.000000 1.000000
vt 0.500000 1.000000
vt 0.500000 1.000000
vn 0.023144 0.948904 0.314717
vn 0.025095 0.948546 0.315645
vn 0.100175 0.933855 0.343337
vn 0.116053 0.929910 0.348998
vn 0.086472 0.992156 0.090277
vn 0.084293 0.992351 0.090187
vn 0.183402 0.977763 0.101702
vn 0.166495 0.980977 0.099820
vn 0.236517 0.887813 0.394775
vn 0.239317 0.886563 0.395896
vn 0.317307 0.941976 0.109529
vn 0.314212 0.943018 0.109488
vn 0.465293 0.877911 0.113027
vn 0.493024 0.862506 0.114065
vn 0.375344 0.813999 0.443309
vn 0.401343 0.797364 0.450704
vn 0.091281 0.991707 0.090474
vn 0.091281 0.991707 0.090474
vn 0.029401 0.947740 0.317687
vn 0.029401 0.947740 0.317687
vn 0.503744 0.622178 0.599280
vn 0.492097 0.614085 0.617041
vn 0.407434 0.551608 0.727823
vn 0.670550 0.740880 -0.038213
vn 0.671172 0.741140 -0.015493
vn 0.657390 0.729207 -0.189989
vn 0.514371 0.683931 0.517360
vn 0.514397 0.696167 0.500747
vn 0.634385 0.769204 0.076685
vn 0.625107 0.774830 0.094235
s 1
g Hojas2 group2 pPlane5
usemtl lambert5SG
f 181/349/245 182/350/246 185/353/247 184/352/248
s 2
f 182/350/249 183/351/250 186/354/251 185/353/252
s 1
f 184/352/248 185/353/247 188/356/253 187/355/254
s 2
f 185/353/252 186/354/251 189/357/255 188/356/256
f 189/358/255 190/359/257 191/360/258 188/361/256
s 1
f 192/362/259 187/363/254 188/364/253 191/365/260
s 2
f 183/366/250 182/367/249 193/368/261 194/369/262
s 1
f 182/370/246 181/371/245 195/372/263 193/373/264
f 199/374/265 202/390/266 198/377/267
s 2
f 202/391/268 200/379/269 198/380/270
s 1
f 191/382/260 197/383/271 196/384/272 192/385/259
s 2
f 197/386/273 191/387/258 190/388/257 201/389/274
s 1
f 199/374/265 196/375/272 197/376/271 202/390/266
s 2
f 201/378/274 200/379/269 202/391/268 197/381/273
g default
v 21.615101 348.642767 -1040.424947
v 31.814544 355.014568 -1016.174771
v 37.958515 373.593567 -997.472581
v 23.523522 363.881874 -1054.462535
v 35.376320 373.782194 -1028.432044
v 42.156337 392.327806 -1005.493358
v 31.542290 383.214001 -1067.937252
v 43.379298 392.899044 -1042.582060
v 49.761103 411.027894 -1020.056120
v 59.183385 424.022481 -1037.431471
v 55.696257 410.803628 -1057.669351
v 44.169177 401.100922 -1076.890533
v 28.146257 338.048567 -1004.923525
v 33.291723 354.651250 -996.187321
v 22.849538 338.709606 -1023.630582
v 62.578018 416.639365 -1082.504787
v 70.732847 422.007114 -1069.898832
v 93.445325 436.257391 -1086.818860
v 80.064328 429.200936 -1085.210063
v 83.956949 435.143636 -1074.979809
v 72.244169 431.396271 -1057.101031
v 84.970547 430.151045 -1080.047056
vt 0.000000 0.000000
vt 0.500000 0.000000
vt 1.000000 0.000000
vt 0.000000 0.500000
vt 0.500000 0.500000
vt 1.000000 0.500000
vt 0.000000 1.000000
vt 0.500000 1.000000
vt 1.000000 1.000000
vt 0.000000 0.000000
vt 1.000000 0.000000
vt 1.000000 1.000000
vt 0.000000 1.000000
vt 0.000000 0.000000
vt 1.000000 0.000000
vt 1.000000 1.000000
vt 0.000000 1.000000
vt 0.000000 0.000000
vt 1.000000 0.000000
vt 1.000000 1.000000
vt 0.000000 1.000000
vt 0.000000 0.000000
vt 1.000000 0.000000
vt 1.000000 1.000000
vt 0.000000 1.000000
vt 0.000000 0.000000
vt 1.000000 0.000000
vt 1.000000 1.000000
vt 0.000000 1.000000
vt 0.000000 0.000000
vt 1.000000 0.000000
vt 1.000000 1.000000
vt 0.000000 1.000000
vt 0.000000 0.000000
vt 1.000000 0.000000
vt 1.000000 1.000000
vt 0.000000 1.000000
vt 0.000000 0.000000
vt 1.000000 0.000000
vt 1.000000 1.000000
vt 0.000000 1.000000
vt 0.500000 1.000000
vt 0.500000 1.000000
vn -0.892016 0.358535 0.275246
vn -0.891474 0.360497 0.274438
vn -0.870877 0.430154 0.237786
vn -0.865720 0.444642 0.229833
vn -0.965736 0.247124 0.079268
vn -0.966002 0.245584 0.080802
vn -0.947208 0.320237 0.015673
vn -0.951119 0.307651 0.026899
vn -0.814155 0.555067 0.170450
vn -0.812679 0.557641 0.169086
vn -0.907041 0.413582 -0.078909
vn -0.908161 0.411551 -0.076610
vn -0.839154 0.510019 -0.188945
vn -0.823015 0.527942 -0.209577
vn -0.730321 0.676170 0.097081
vn -0.712088 0.697291 0.081954
vn -0.965133 0.250520 0.075882
vn -0.965133 0.250520 0.075882
vn -0.890263 0.364821 0.272650
vn -0.890263 0.364821 0.272650
vn -0.514429 0.852227 0.095249
vn -0.504156 0.855896 0.115190
vn -0.428544 0.869017 0.247306
vn -0.720072 0.526264 -0.452264
vn -0.717006 0.542960 -0.437147
vn -0.730974 0.407302 -0.547523
vn -0.587135 0.808667 0.036483
vn -0.601653 0.798331 0.026085
vn -0.732345 0.586981 -0.345144
vn -0.735605 0.593832 -0.325957
s 1
g group2 Hojas pPlane5
usemtl lambert5SG
f 203/392/275 204/393/276 207/396/277 206/395/278
s 2
f 204/393/279 205/394/280 208/397/281 207/396/282
s 1
f 206/395/278 207/396/277 210/399/283 209/398/284
s 2
f 207/396/282 208/397/281 211/400/285 210/399/286
f 211/401/285 212/402/287 213/403/288 210/404/286
s 1
f 214/405/289 209/406/284 210/407/283 213/408/290
s 2
f 205/409/280 204/410/279 215/411/291 216/412/292
s 1
f 204/413/276 203/414/275 217/415/293 215/416/294
f 221/417/295 224/433/296 220/420/297
s 2
f 224/434/298 222/422/299 220/423/300
s 1
f 213/425/290 219/426/301 218/427/302 214/428/289
s 2
f 219/429/303 213/430/288 212/431/287 223/432/304
s 1
f 221/417/295 218/418/302 219/419/301 224/433/296
s 2
f 223/421/304 222/422/299 224/434/298 219/424/303
g default
v 29.827679 358.970978 -1019.666893
v 27.066747 351.953335 -1002.821739
v 19.321598 353.082652 -986.107477
v 29.093286 373.133177 -1020.065152
v 25.560856 367.197016 -1000.618520
v 17.115503 366.420008 -981.804700
v 30.075743 389.670286 -1016.376190
v 26.776451 383.938281 -997.300549
v 18.364094 383.106276 -978.965846
v 23.242112 398.470992 -978.456748
v 30.945112 400.955768 -993.009627
v 32.893736 403.880422 -1009.286785
v 28.146254 338.048567 -1004.923517
v 23.020280 342.703013 -993.609865
v 29.732858 346.465201 -1015.051753
v 38.778005 415.984782 -999.122833
v 38.159925 413.637915 -988.525758
v 49.590929 430.764193 -981.942206
v 44.470755 425.189644 -989.034490
v 41.968451 423.787182 -981.041418
v 32.564286 412.502189 -979.274446
v 45.483076 423.774436 -984.454627
vt 0.000000 0.000000
vt 0.500000 0.000000
vt 1.000000 0.000000
vt 0.000000 0.500000
vt 0.500000 0.500000
vt 1.000000 0.500000
vt 0.000000 1.000000
vt 0.500000 1.000000
vt 1.000000 1.000000
vt 0.000000 0.000000
vt 1.000000 0.000000
vt 1.000000 1.000000
vt 0.000000 1.000000
vt 0.000000 0.000000
vt 1.000000 0.000000
vt 1.000000 1.000000
vt 0.000000 1.000000
vt 0.000000 0.000000
vt 1.000000 0.000000
vt 1.000000 1.000000
vt 0.000000 1.000000
vt 0.000000 0.000000
vt 1.000000 0.000000
vt 1.000000 1.000000
vt 0.000000 1.000000
vt 0.000000 0.000000
vt 1.000000 0.000000
vt 1.000000 1.000000
vt 0.000000 1.000000
vt 0.000000 0.000000
vt 1.000000 0.000000
vt 1.000000 1.000000
vt 0.000000 1.000000
vt 0.000000 0.000000
vt 1.000000 0.000000
vt 1.000000 1.000000
vt 0.000000 1.000000
vt 0.000000 0.000000
vt 1.000000 0.000000
vt 1.000000 1.000000
vt 0.000000 1.000000
vt 0.500000 1.000000
vt 0.500000 1.000000
vn -0.979563 -0.061113 -0.191628
vn -0.979833 -0.059071 -0.190885
vn -0.985470 0.019027 -0.168782
vn -0.985839 0.035624 -0.163868
vn -0.909819 -0.019830 -0.414531
vn -0.909809 -0.022018 -0.414443
vn -0.909012 0.078683 -0.409276
vn -0.909817 0.061428 -0.410438
vn -0.979496 0.163124 -0.118234
vn -0.979141 0.166123 -0.116991
vn -0.890176 0.215985 -0.401171
vn -0.890866 0.212798 -0.401341
vn -0.845562 0.370118 -0.384756
vn -0.834446 0.399413 -0.379696
vn -0.948170 0.312609 -0.056997
vn -0.939029 0.340798 -0.045629
vn -0.909826 -0.015001 -0.414720
vn -0.909826 -0.015001 -0.414720
vn -0.980413 -0.054563 -0.189242
vn -0.980413 -0.054563 -0.189242
vn -0.867146 0.473040 0.155855
vn -0.868207 0.463726 0.176562
vn -0.863684 0.395083 0.312986
vn -0.664640 0.577818 -0.473688
vn -0.676156 0.580083 -0.454221
vn -0.578546 0.554890 -0.597814
vn -0.880748 0.470537 0.053650
vn -0.883125 0.467953 0.033318
vn -0.743844 0.547267 -0.383660
vn -0.756835 0.538734 -0.370089
s 1
g group2 Hojas pPlane10
usemtl lambert5SG
f 225/435/305 226/436/306 229/439/307 228/438/308
s 2
f 226/436/309 227/437/310 230/440/311 229/439/312
s 1
f 228/438/308 229/439/307 232/442/313 231/441/314
s 2
f 229/439/312 230/440/311 233/443/315 232/442/316
f 233/444/315 234/445/317 235/446/318 232/447/316
s 1
f 236/448/319 231/449/314 232/450/313 235/451/320
s 2
f 227/452/310 226/453/309 237/454/321 238/455/322
s 1
f 226/456/306 225/457/305 239/458/323 237/459/324
f 243/460/325 246/476/326 242/463/327
s 2
f 246/477/328 244/465/329 242/466/330
s 1
f 235/468/320 241/469/331 240/470/332 236/471/319
s 2
f 241/472/333 235/473/318 234/474/317 245/475/334
s 1
f 243/460/325 240/461/332 241/462/331 246/476/326
s 2
f 245/464/334 244/465/329 246/477/328 241/467/333
g default
v 537.047801 318.632669 -943.316485
v 521.628307 324.963585 -964.643890
v 505.668520 342.543969 -977.640614
v 531.168540 328.116662 -925.754752
v 512.545566 337.194803 -947.819744
v 495.393618 355.377480 -964.887039
v 518.027938 338.640216 -907.419562
v 499.608693 347.392205 -928.888952
v 483.047898 365.295327 -945.682370
v 471.833668 368.830190 -925.157086
v 483.430922 354.450716 -909.181970
v 500.660880 346.863590 -893.624529
v 530.216860 314.138315 -980.036820
v 517.458517 328.288476 -983.966679
v 537.507466 313.010993 -962.036199
v 478.559970 351.232472 -883.411249
v 467.134144 355.078836 -893.845810
v 443.384286 354.023805 -872.868546
v 458.076931 354.023786 -876.813041
v 450.603117 359.718901 -884.988250
v 460.001002 365.374575 -903.711918
v 452.501890 353.825794 -881.341843
vt 0.000000 0.000000
vt 0.500000 0.000000
vt 1.000000 0.000000
vt 0.000000 0.500000
vt 0.500000 0.500000
vt 1.000000 0.500000
vt 0.000000 1.000000
vt 0.500000 1.000000
vt 1.000000 1.000000
vt 0.000000 0.000000
vt 1.000000 0.000000
vt 1.000000 1.000000
vt 0.000000 1.000000
vt 0.000000 0.000000
vt 1.000000 0.000000
vt 1.000000 1.000000
vt 0.000000 1.000000
vt 0.000000 0.000000
vt 1.000000 0.000000
vt 1.000000 1.000000
vt 0.000000 1.000000
vt 0.000000 0.000000
vt 1.000000 0.000000
vt 1.000000 1.000000
vt 0.000000 1.000000
vt 0.000000 0.000000
vt 1.000000 0.000000
vt 1.000000 1.000000
vt 0.000000 1.000000
vt 0.000000 0.000000
vt 1.000000 0.000000
vt 1.000000 1.000000
vt 0.000000 1.000000
vt 0.000000 0.000000
vt 1.000000 0.000000
vt 1.000000 1.000000
vt 0.000000 1.000000
vt 0.000000 0.000000
vt 1.000000 0.000000
vt 1.000000 1.000000
vt 0.000000 1.000000
vt 0.500000 1.000000
vt 0.500000 1.000000
vn 0.613607 0.760820 -0.211279
vn 0.612434 0.762127 -0.209970
vn 0.570766 0.806207 -0.155745
vn 0.561364 0.814925 -0.144112
vn 0.755017 0.653477 -0.054006
vn 0.755660 0.652575 -0.055895
vn 0.717821 0.695703 0.027028
vn 0.724832 0.688808 0.012779
vn 0.478492 0.876297 -0.056108
vn 0.476311 0.877613 -0.054065
vn 0.657486 0.739556 0.144114
vn 0.658984 0.738761 0.141323
vn 0.573266 0.770732 0.278097
vn 0.554473 0.774954 0.303324
vn 0.364306 0.929961 0.049528
vn 0.341492 0.937248 0.070356
vn 0.753586 0.655457 -0.049835
vn 0.753586 0.655457 -0.049836
vn 0.609835 0.764997 -0.207077
vn 0.609835 0.764997 -0.207077
vn 0.098074 0.989525 0.105930
vn 0.084344 0.992537 0.088067
vn -0.008813 0.999422 -0.032838
vn 0.498903 0.676638 0.541532
vn 0.487021 0.693143 0.531379
vn 0.571857 0.556942 0.602325
vn 0.190153 0.970487 0.148310
vn 0.209013 0.965541 0.155061
vn 0.468955 0.758038 0.453277
vn 0.466200 0.769562 0.436385
s 1
g Hojas2 group2 pPlane6
usemtl lambert5SG
f 247/478/335 248/479/336 251/482/337 250/481/338
s 2
f 248/479/339 249/480/340 252/483/341 251/482/342
s 1
f 250/481/338 251/482/337 254/485/343 253/484/344
s 2
f 251/482/342 252/483/341 255/486/345 254/485/346
f 255/487/345 256/488/347 257/489/348 254/490/346
s 1
f 258/491/349 253/492/344 254/493/343 257/494/350
s 2
f 249/495/340 248/496/339 259/497/351 260/498/352
s 1
f 248/499/336 247/500/335 261/501/353 259/502/354
f 265/503/355 268/519/356 264/506/357
s 2
f 268/520/358 266/508/359 264/509/360
s 1
f 257/511/350 263/512/361 262/513/362 258/514/349
s 2
f 263/515/363 257/516/348 256/517/347 267/518/364
s 1
f 265/503/355 262/504/362 263/505/361 268/519/356
s 2
f 267/507/364 266/508/359 268/520/358 263/510/363
g default
v 282.274114 373.121635 -1016.505394
v 290.544349 374.876810 -990.791155
v 307.651584 384.763545 -972.289953
v 297.617916 375.694451 -1030.321133
v 309.565265 378.448394 -1002.648614
v 326.550288 388.967172 -979.911949
v 319.543596 375.629754 -1042.105026
v 331.367091 378.098550 -1015.069667
v 347.833121 388.607570 -992.815882
v 365.484490 383.026539 -1007.540786
v 354.461085 373.375953 -1027.081017
v 342.170962 372.331462 -1048.160197
v 273.100611 372.056843 -980.036818
v 289.005367 378.980869 -971.230980
v 272.791113 371.542583 -999.481249
v 365.456540 364.055450 -1049.226930
v 372.977748 363.739822 -1035.171473
v 398.519722 348.213761 -1045.743294
v 385.444059 355.766324 -1047.592257
v 391.488382 358.539156 -1037.061167
v 380.465796 370.940944 -1023.076142
v 388.272498 353.720372 -1041.311783
vt 0.000000 0.000000
vt 0.500000 0.000000
vt 1.000000 0.000000
vt 0.000000 0.500000
vt 0.500000 0.500000
vt 1.000000 0.500000
vt 0.000000 1.000000
vt 0.500000 1.000000
vt 1.000000 1.000000
vt 0.000000 0.000000
vt 1.000000 0.000000
vt 1.000000 1.000000
vt 0.000000 1.000000
vt 0.000000 0.000000
vt 1.000000 0.000000
vt 1.000000 1.000000
vt 0.000000 1.000000
vt 0.000000 0.000000
vt 1.000000 0.000000
vt 1.000000 1.000000
vt 0.000000 1.000000
vt 0.000000 0.000000
vt 1.000000 0.000000
vt 1.000000 1.000000
vt 0.000000 1.000000
vt 0.000000 0.000000
vt 1.000000 0.000000
vt 1.000000 1.000000
vt 0.000000 1.000000
vt 0.000000 0.000000
vt 1.000000 0.000000
vt 1.000000 1.000000
vt 0.000000 1.000000
vt 0.000000 0.000000
vt 1.000000 0.000000
vt 1.000000 1.000000
vt 0.000000 1.000000
vt 0.000000 0.000000
vt 1.000000 0.000000
vt 1.000000 1.000000
vt 0.000000 1.000000
vt 0.500000 1.000000
vt 0.500000 1.000000
vn -0.183588 0.982912 -0.013442
vn -0.181559 0.983278 -0.014181
vn -0.108031 0.993006 -0.047628
vn -0.092254 0.994235 -0.054650
vn -0.296870 0.930379 -0.215090
vn -0.298471 0.930209 -0.213604
vn -0.218786 0.936188 -0.275108
vn -0.232629 0.935847 -0.264716
vn 0.034209 0.994041 -0.103497
vn 0.037296 0.993821 -0.104538
vn -0.109226 0.926604 -0.359826
vn -0.111761 0.927078 -0.357822
vn 0.018831 0.892023 -0.451599
vn 0.044469 0.882703 -0.467823
vn 0.187823 0.969548 -0.157161
vn 0.216713 0.961720 -0.167719
vn -0.293334 0.930737 -0.218365
vn -0.293334 0.930737 -0.218365
vn -0.177078 0.984070 -0.015810
vn -0.177078 0.984070 -0.015810
vn 0.449276 0.886832 -0.108073
vn 0.455715 0.885933 -0.086293
vn 0.492771 0.868029 0.060847
vn 0.120447 0.732128 -0.670434
vn 0.134721 0.742530 -0.656125
vn 0.023162 0.652593 -0.757355
vn 0.380524 0.906612 -0.182364
vn 0.365270 0.910073 -0.195820
vn 0.155048 0.803175 -0.575214
vn 0.157274 0.814654 -0.558214
s 1
g group2 Hojas1 pPlane5
usemtl lambert5SG
f 269/521/365 270/522/366 273/525/367 272/524/368
s 2
f 270/522/369 271/523/370 274/526/371 273/525/372
s 1
f 272/524/368 273/525/367 276/528/373 275/527/374
s 2
f 273/525/372 274/526/371 277/529/375 276/528/376
f 277/530/375 278/531/377 279/532/378 276/533/376
s 1
f 280/534/379 275/535/374 276/536/373 279/537/380
s 2
f 271/538/370 270/539/369 281/540/381 282/541/382
s 1
f 270/542/366 269/543/365 283/544/383 281/545/384
f 287/546/385 290/562/386 286/549/387
s 2
f 290/563/388 288/551/389 286/552/390
s 1
f 279/554/380 285/555/391 284/556/392 280/557/379
s 2
f 285/558/393 279/559/378 278/560/377 289/561/394
s 1
f 287/546/385 284/547/392 285/548/391 290/562/386
s 2
f 289/550/394 288/551/389 290/563/388 285/553/393
g default
v 259.530338 58.651747 -927.453449
v 256.456630 58.004294 -915.020026
v 263.033736 56.441199 -904.122490
v 275.408909 54.878112 -901.144606
v 286.332946 54.230655 -907.830617
v 289.406680 54.878112 -920.264040
v 282.829573 56.441199 -931.161471
v 270.454401 58.004294 -934.139460
v 265.871907 369.492933 -982.948237
v 264.376019 372.350086 -977.856392
v 267.438735 375.119614 -973.465649
v 273.266070 376.179179 -972.348250
v 278.444339 374.908124 -975.158718
v 279.940201 372.050945 -980.250564
v 276.877485 369.281443 -984.641202
v 271.050176 368.221878 -985.758705
v 262.684908 87.846902 -925.390664
v 263.247211 94.061903 -925.088520
v 259.800601 87.667945 -913.542415
v 260.392304 93.885009 -913.368941
v 266.120760 86.927677 -903.140237
v 266.642671 93.152972 -903.075693
v 277.940758 86.060829 -900.276295
v 278.338647 92.295485 -900.239324
v 288.337637 85.574637 -906.626220
v 288.627952 91.814541 -906.523033
v 291.223301 85.753254 -918.471022
v 291.481632 91.991448 -918.245015
v 284.906510 86.493241 -928.874558
v 285.228837 92.723524 -928.536905
v 273.085181 87.360488 -931.741842
v 273.534140 93.581070 -931.370872
v 265.179264 120.530167 -924.382091
v 265.567205 126.765691 -924.338122
v 262.478718 120.737872 -913.205076
v 262.895798 126.970980 -913.289045
v 268.467700 120.605142 -903.389429
v 268.815510 126.839961 -903.582434
v 279.636256 120.210452 -900.683610
v 279.859730 126.449971 -900.905230
v 289.442920 119.784325 -906.671338
v 289.557882 126.028818 -906.826744
v 292.144745 119.576569 -917.845847
v 292.227827 125.823516 -917.877387
v 286.158140 119.709155 -927.662955
v 286.306575 125.954588 -927.582641
v 274.988304 120.104028 -930.370968
v 275.263790 126.344722 -930.258278
v 266.943744 153.517802 -924.674418
v 267.236357 159.755311 -924.878597
v 264.417769 154.080706 -914.183779
v 264.738999 160.311295 -914.515165
v 270.057818 154.388306 -904.973568
v 270.310118 160.615279 -905.413572
v 280.559005 154.260877 -902.437881
v 280.687100 160.489468 -902.906919
v 289.770808 153.772309 -908.061115
v 289.789973 160.006762 -908.464356
v 292.298245 153.209445 -918.550291
v 292.285556 159.450726 -918.829354
v 286.659711 152.901740 -927.761964
v 286.713105 159.146872 -927.929067
v 276.157140 153.029182 -930.299218
v 276.337872 159.272774 -930.434467
v 268.327411 185.514541 -926.241846
v 268.543914 191.739660 -926.724148
v 265.967025 186.452252 -916.433406
v 266.211858 192.665308 -917.042916
v 271.263886 187.165456 -907.826961
v 271.439214 193.369413 -908.544565
v 281.114232 187.237102 -905.462659
v 281.165329 193.439962 -906.208775
v 289.749085 186.624368 -910.724636
v 289.691617 192.834605 -911.405164
v 292.111220 185.686814 -920.531510
v 292.021976 191.908839 -921.088381
v 286.815717 184.973427 -929.139626
v 286.792480 191.204956 -929.584956
v 276.963622 184.901546 -931.505390
v 277.068009 191.134459 -931.918762
v 269.236035 217.211878 -929.325633
v 269.309561 223.405926 -930.138277
v 267.033980 218.519357 -920.219862
v 267.135756 224.695102 -921.159922
v 271.981020 219.721665 -912.249036
v 272.012743 225.880935 -913.296460
v 281.177914 220.115950 -910.081184
v 281.085537 226.269841 -911.156181
v 289.238401 219.470488 -914.984621
v 289.037878 225.632734 -915.994342
v 291.442154 218.163505 -924.088198
v 291.209620 224.343350 -924.975308
v 286.497229 216.960962 -932.060800
v 286.329917 223.157804 -932.836577
v 277.298612 216.566141 -934.230740
v 277.259264 222.769080 -934.974141
v 269.220892 248.479355 -934.162228
v 269.134520 254.593846 -935.445686
v 267.162336 250.222581 -925.800171
v 267.103693 256.309683 -927.209374
v 271.740809 252.006591 -918.518020
v 271.612531 258.067009 -920.031558
v 280.272371 252.789548 -916.580457
v 280.021168 258.838948 -918.120627
v 287.760947 252.109151 -921.120026
v 287.401493 258.168890 -922.596071
v 289.821566 250.366890 -929.479472
v 289.428377 256.452687 -930.834784
v 285.245756 248.581314 -936.763504
v 284.917268 254.694630 -938.008319
v 276.712079 247.798435 -938.703886
v 276.512469 253.924023 -939.917369
v 268.520598 279.230378 -941.859527
v 268.378561 285.181656 -943.755418
v 266.582540 281.675438 -934.371316
v 266.468022 287.587264 -936.388148
v 270.774769 284.093083 -927.862644
v 270.591452 289.967833 -929.980155
v 278.640111 285.066303 -926.143464
v 278.334495 290.926588 -928.286877
v 285.573853 284.023735 -930.218695
v 285.159202 289.899739 -932.300280
v 287.515750 281.578727 -937.704713
v 287.066503 287.492721 -939.668803
v 283.325792 279.160690 -944.217145
v 282.941454 285.113875 -946.073976
v 275.456637 278.186609 -945.938622
v 275.201727 284.155747 -947.765897
v 267.832368 309.169253 -952.841763
v 267.688450 314.916091 -955.287633
v 266.023605 312.065335 -946.233142
v 265.908565 317.761990 -948.795148
v 269.840897 314.840529 -940.484789
v 269.657919 320.490473 -943.144656
v 277.047173 315.869572 -938.961852
v 276.741009 321.502414 -941.646992
v 283.423312 314.548176 -942.554781
v 283.007564 320.202795 -945.179556
v 285.235181 311.652616 -949.162044
v 284.785595 317.356190 -951.673084
v 281.419430 308.877031 -954.913635
v 281.034962 314.629117 -957.322324
v 274.209943 307.847335 -956.437825
v 273.953674 313.617803 -958.818734
v 267.048627 338.277703 -966.362089
v 266.864814 343.851667 -969.177779
v 265.383835 341.276815 -960.530707
v 265.230492 346.793390 -963.458774
v 268.836632 344.158955 -955.477921
v 268.616213 349.621482 -958.501446
v 275.383608 345.236588 -954.162296
v 275.039219 350.679324 -957.210260
v 281.190838 343.877882 -957.353551
v 280.736422 349.345919 -960.341671
v 282.857485 340.879240 -963.183784
v 282.369856 346.403648 -966.061303
v 279.405940 337.996473 -968.238345
v 278.983326 343.576051 -971.017899
v 272.857163 336.918239 -969.555014
v 272.561182 342.518679 -972.308354
v 261.380302 90.023461 -926.379915
v 261.597928 92.257377 -926.262003
v 273.118105 91.716903 -933.296111
v 272.947817 89.480663 -933.445668
v 258.171057 89.823316 -913.201316
v 258.401555 92.058028 -913.137608
v 265.199186 88.996520 -901.628265
v 265.402295 91.234660 -901.613539
v 278.349456 88.028176 -898.438995
v 278.496820 90.270709 -898.440979
v 289.919426 87.485182 -905.503912
v 290.013761 89.730449 -905.476131
v 293.129662 87.685242 -918.684810
v 293.209036 89.929668 -918.597289
v 286.099105 88.512182 -930.258800
v 286.211535 90.752762 -930.120313
v 263.812281 122.626648 -925.456043
v 263.968183 124.868743 -925.433066
v 274.898016 124.391728 -932.104247
v 274.789112 122.147348 -932.160122
v 260.789905 122.859026 -912.947841
v 260.957243 125.100076 -912.979068
v 267.490851 122.708058 -901.961323
v 267.630826 124.949723 -902.039966
v 279.991637 122.262754 -898.929756
v 280.077121 124.506468 -899.025527
v 290.971289 121.783233 -905.631642
v 291.003508 124.029388 -905.699110
v 293.995988 121.550751 -918.142455
v 294.011968 123.798198 -918.149766
v 287.292327 121.701822 -929.131584
v 287.341779 123.948448 -929.086466
v 265.543601 155.548956 -925.827430
v 265.664856 157.792278 -925.895107
v 275.997504 157.242861 -932.201062
v 275.926354 154.996640 -932.167537
v 262.697676 156.184444 -914.005082
v 262.829113 158.424673 -914.129992
v 269.053344 156.531027 -903.625985
v 269.154076 158.769728 -903.797057
v 280.887389 156.386195 -900.767266
v 280.934674 158.625549 -900.952124
v 291.270012 155.833984 -907.103822
v 291.267270 158.075844 -907.261734
v 294.119358 155.198418 -918.925961
v 294.099357 157.443502 -919.027058
v 287.763846 154.851691 -929.308713
v 287.774342 157.098695 -929.356025
v 266.903091 187.475067 -927.482797
v 266.992831 189.714656 -927.647707
v 276.744508 189.024023 -933.591988
v 276.711661 186.780766 -933.459559
v 264.222963 188.540990 -916.343275
v 264.324322 190.774626 -916.572102
v 270.239934 189.353935 -906.571285
v 270.303590 191.583654 -906.847840
v 281.424548 189.438452 -903.889590
v 281.433086 191.668224 -904.173039
v 291.226513 188.744569 -909.864577
v 291.191969 190.977330 -910.119305
v 293.908677 187.679221 -920.996997
v 293.858598 189.916759 -921.202012
v 287.898338 186.866002 -930.770867
v 287.872123 189.108032 -930.924184
v 267.764195 219.071006 -930.663294
v 267.803412 221.300033 -930.948310
v 276.980698 220.565980 -936.532066
v 276.998870 218.332762 -936.280575
v 265.242998 220.570027 -920.234170
v 265.292894 222.789837 -920.583312
v 270.910175 221.950170 -911.107721
v 270.922107 224.162747 -911.503546
v 281.440945 222.404429 -908.628430
v 281.398856 224.615519 -909.030209
v 290.668544 221.666512 -914.242996
v 290.583661 223.880970 -914.617516
v 293.192561 220.168692 -924.664705
v 293.090967 222.390121 -924.989929
v 287.532512 218.788249 -933.793974
v 287.454182 221.017681 -934.066457
v 267.690278 250.195218 -935.620831
v 267.690461 252.392522 -936.098224
v 276.300274 251.601966 -941.305266
v 276.350744 249.395629 -940.878004
v 265.318377 252.221737 -925.956204
v 265.312398 254.405855 -926.490203
v 270.610408 254.287525 -917.546210
v 270.574063 256.463392 -918.108826
v 280.466185 255.188368 -915.303893
v 280.393051 257.359666 -915.879355
v 289.126416 254.393192 -920.541640
v 289.003073 256.564986 -921.106658
v 291.517795 252.367848 -930.205745
v 291.360378 254.551078 -930.715201
v 286.226026 250.296655 -938.634956
v 286.098583 252.496700 -939.075795
v 266.986590 280.770495 -943.500586
v 266.948183 282.915605 -944.170252
v 275.008070 281.704159 -948.908047
v 275.092587 279.551294 -948.267624
v 264.718163 283.624619 -934.747507
v 264.694899 285.753593 -935.466887
v 269.616456 286.446837 -927.133655
v 269.567396 288.558657 -927.900764
v 278.815335 287.582486 -925.119226
v 278.707945 289.686003 -925.903044
v 286.925457 286.363494 -929.886473
v 286.763210 288.474713 -930.640004
v 289.192996 283.507308 -938.643311
v 289.017747 285.637483 -939.338983
v 284.290552 280.685690 -946.256850
v 284.149924 282.833072 -946.906150
v 266.307263 310.543599 -954.631230
v 266.258386 312.620510 -955.488365
v 273.761505 311.069713 -959.724851
v 273.860044 308.986353 -958.887664
v 264.158602 313.965795 -946.800666
v 264.133720 316.021061 -947.709499
v 268.679190 317.250524 -939.983688
v 268.624803 319.280437 -940.946621
v 277.221587 318.470665 -938.179182
v 277.100020 320.492040 -939.154438
v 284.774969 316.909137 -942.443657
v 284.602382 318.944768 -943.381629
v 286.914152 313.486287 -950.274221
v 286.737414 315.544791 -951.160182
v 282.393042 310.205946 -957.083262
v 282.247088 312.281969 -957.932564
v 265.512139 339.522857 -968.234585
v 265.453157 341.536765 -969.230312
v 272.390110 339.915263 -973.046742
v 272.496768 337.892399 -972.073052
v 263.505699 343.124194 -961.219172
v 263.467683 345.113976 -962.263150
v 267.657171 346.588453 -955.135360
v 267.591948 348.550768 -956.228737
v 275.536429 347.884757 -953.550594
v 275.407812 349.836367 -954.657758
v 282.523644 346.251610 -957.394596
v 282.341841 348.217893 -958.468339
v 284.523896 342.648654 -964.411889
v 284.334182 344.642196 -965.433099
v 280.369865 339.187162 -970.490375
v 280.212893 341.202480 -971.473360
vt 0.318639 0.091429
vt 0.000000 0.110841
vt 0.318639 0.193296
vt 0.000000 0.212706
vt 0.318639 0.295911
vt 0.318500 0.305615
vt 0.000000 0.315319
vt 0.318639 0.395508
vt 0.318498 0.405213
vt 0.000000 0.414918
vt 0.318639 0.494473
vt 0.318594 0.504068
vt 0.000000 0.513887
vt 0.318639 0.592759
vt 0.318220 0.602471
vt 0.000000 0.612189
vt 0.318639 0.691280
vt 0.317823 0.700993
vt 0.000000 0.710712
vt 0.318639 0.790399
vt 0.314136 0.800108
vt 0.000000 0.809818
vt 0.318639 0.890140
vt 0.314439 0.899846
vt 0.000000 0.909551
vt 0.000000 0.000000
vt 0.000000 0.091429
vt 0.039830 0.000000
vt 0.039830 0.091563
vt 0.079660 0.000000
vt 0.079660 0.091780
vt 0.119490 0.000000
vt 0.119490 0.091954
vt 0.159320 0.000000
vt 0.159320 0.091990
vt 0.199150 0.000000
vt 0.199150 0.091868
vt 0.238980 0.000000
vt 0.238980 0.091655
vt 0.278810 0.000000
vt 0.318639 0.000000
vt 0.278809 0.091469
vt 0.039830 0.110729
vt 0.000000 0.193296
vt 0.079660 0.110563
vt 0.039830 0.193410
vt 0.119490 0.110443
vt 0.079660 0.193574
vt 0.159320 0.110435
vt 0.119490 0.193694
vt 0.199150 0.110541
vt 0.159320 0.193703
vt 0.238980 0.110705
vt 0.199149 0.193597
vt 0.278809 0.110832
vt 0.238980 0.193433
vt 0.318639 0.110841
vt 0.278809 0.193306
vt 0.039830 0.212596
vt 0.000000 0.295911
vt 0.079660 0.212470
vt 0.039830 0.296021
vt 0.119490 0.212401
vt 0.079660 0.296146
vt 0.159319 0.212425
vt 0.119490 0.296217
vt 0.199149 0.212531
vt 0.159320 0.296191
vt 0.238980 0.212659
vt 0.199150 0.296085
vt 0.278810 0.212732
vt 0.238979 0.295958
vt 0.318639 0.212706
vt 0.278810 0.295884
vt 0.039830 0.315193
vt 0.000000 0.395508
vt 0.079660 0.315066
vt 0.039830 0.395634
vt 0.119490 0.315011
vt 0.079660 0.395760
vt 0.159320 0.315056
vt 0.119490 0.395816
vt 0.199150 0.315178
vt 0.159320 0.395771
vt 0.238979 0.315308
vt 0.199150 0.395649
vt 0.278810 0.315367
vt 0.238979 0.395520
vt 0.318639 0.315320
vt 0.278810 0.395459
vt 0.039830 0.414784
vt 0.000000 0.494472
vt 0.079660 0.414622
vt 0.039830 0.494608
vt 0.119490 0.414527
vt 0.079660 0.494768
vt 0.159320 0.414548
vt 0.119490 0.494864
vt 0.199149 0.414675
vt 0.159320 0.494843
vt 0.238980 0.414840
vt 0.199149 0.494715
vt 0.278810 0.414941
vt 0.238980 0.494553
vt 0.318639 0.414919
vt 0.278810 0.494449
vt 0.039830 0.513722
vt 0.000000 0.592759
vt 0.079660 0.513518
vt 0.039830 0.592925
vt 0.119490 0.513397
vt 0.079660 0.593124
vt 0.159320 0.513418
vt 0.119490 0.593251
vt 0.199150 0.513574
vt 0.159320 0.593226
vt 0.238980 0.513781
vt 0.199150 0.593072
vt 0.278810 0.513912
vt 0.238979 0.592867
vt 0.318639 0.513887
vt 0.278810 0.592731
vt 0.039830 0.611920
vt 0.000000 0.691280
vt 0.079660 0.611682
vt 0.039830 0.691543
vt 0.119490 0.611611
vt 0.079660 0.691778
vt 0.159320 0.611731
vt 0.119490 0.691853
vt 0.199150 0.611990
vt 0.159320 0.691727
vt 0.238979 0.612239
vt 0.199150 0.691473
vt 0.278810 0.612322
vt 0.238980 0.691224
vt 0.318639 0.612189
vt 0.278810 0.691137
vt 0.039830 0.710490
vt 0.000000 0.790399
vt 0.079660 0.710313
vt 0.039830 0.790613
vt 0.119490 0.710273
vt 0.079660 0.790792
vt 0.159320 0.710384
vt 0.119490 0.790836
vt 0.199150 0.710600
vt 0.159320 0.790717
vt 0.238980 0.710790
vt 0.199150 0.790506
vt 0.278810 0.710835
vt 0.238980 0.790319
vt 0.318639 0.710712
vt 0.278810 0.790270
vt 0.039830 0.809689
vt 0.000000 0.890141
vt 0.079660 0.809569
vt 0.039830 0.890267
vt 0.119490 0.809524
vt 0.079660 0.890387
vt 0.159320 0.809573
vt 0.119490 0.890435
vt 0.199149 0.809699
vt 0.159320 0.890381
vt 0.238979 0.809825
vt 0.199149 0.890258
vt 0.278810 0.809872
vt 0.238980 0.890135
vt 0.318639 0.809818
vt 0.278810 0.890083
vt 0.039830 0.909483
vt 0.039830 1.000000
vt 0.000000 1.000000
vt 0.079660 0.909412
vt 0.079660 1.000000
vt 0.119490 0.909378
vt 0.119490 1.000000
vt 0.159320 0.909399
vt 0.159320 1.000000
vt 0.199150 0.909465
vt 0.199150 1.000000
vt 0.238980 0.909539
vt 0.238980 1.000000
vt 0.278810 0.909572
vt 0.278810 1.000000
vt 0.318639 0.909551
vt 0.318639 1.000000
vt 0.318639 0.110841
vt 0.278809 0.110832
vt 0.278809 0.091469
vt 0.318639 0.091429
vt 0.000000 0.091429
vt 0.039830 0.091563
vt 0.039830 0.110729
vt 0.000000 0.110841
vt 0.079660 0.091780
vt 0.079660 0.110563
vt 0.119490 0.091954
vt 0.119490 0.110443
vt 0.159320 0.091990
vt 0.159320 0.110435
vt 0.199150 0.091868
vt 0.199150 0.110541
vt 0.238980 0.091655
vt 0.238980 0.110705
vt 0.318639 0.212706
vt 0.278810 0.212732
vt 0.278809 0.193306
vt 0.318639 0.193296
vt 0.000000 0.193296
vt 0.039830 0.193410
vt 0.039830 0.212596
vt 0.000000 0.212706
vt 0.079660 0.193574
vt 0.079660 0.212470
vt 0.119490 0.193694
vt 0.119490 0.212401
vt 0.159320 0.193703
vt 0.159319 0.212425
vt 0.199149 0.193597
vt 0.199149 0.212531
vt 0.238980 0.193433
vt 0.238980 0.212659
vt 0.318500 0.305615
vt 0.278810 0.315367
vt 0.278810 0.295884
vt 0.318639 0.295911
vt 0.000000 0.295911
vt 0.039830 0.296021
vt 0.039830 0.315193
vt 0.000000 0.315319
vt 0.079660 0.296146
vt 0.079660 0.315066
vt 0.119490 0.296217
vt 0.119490 0.315011
vt 0.159320 0.296191
vt 0.159320 0.315056
vt 0.199150 0.296085
vt 0.199150 0.315178
vt 0.238979 0.295958
vt 0.238979 0.315308
vt 0.318498 0.405213
vt 0.278810 0.414941
vt 0.278810 0.395459
vt 0.318639 0.395508
vt 0.000000 0.395508
vt 0.039830 0.395634
vt 0.039830 0.414784
vt 0.000000 0.414918
vt 0.079660 0.395760
vt 0.079660 0.414622
vt 0.119490 0.395816
vt 0.119490 0.414527
vt 0.159320 0.395771
vt 0.159320 0.414548
vt 0.199150 0.395649
vt 0.199149 0.414675
vt 0.238979 0.395520
vt 0.238980 0.414840
vt 0.318594 0.504068
vt 0.278810 0.513912
vt 0.278810 0.494449
vt 0.318639 0.494473
vt 0.000000 0.494472
vt 0.039830 0.494608
vt 0.039830 0.513722
vt 0.000000 0.513887
vt 0.079660 0.494768
vt 0.079660 0.513518
vt 0.119490 0.494864
vt 0.119490 0.513397
vt 0.159320 0.494843
vt 0.159320 0.513418
vt 0.199149 0.494715
vt 0.199150 0.513574
vt 0.238980 0.494553
vt 0.238980 0.513781
vt 0.318220 0.602471
vt 0.278810 0.612322
vt 0.278810 0.592731
vt 0.318639 0.592759
vt 0.000000 0.592759
vt 0.039830 0.592925
vt 0.039830 0.611920
vt 0.000000 0.612189
vt 0.079660 0.593124
vt 0.079660 0.611682
vt 0.119490 0.593251
vt 0.119490 0.611611
vt 0.159320 0.593226
vt 0.159320 0.611731
vt 0.199150 0.593072
vt 0.199150 0.611990
vt 0.238979 0.592867
vt 0.238979 0.612239
vt 0.317823 0.700993
vt 0.278810 0.710835
vt 0.278810 0.691137
vt 0.318639 0.691280
vt 0.000000 0.691280
vt 0.039830 0.691543
vt 0.039830 0.710490
vt 0.000000 0.710712
vt 0.079660 0.691778
vt 0.079660 0.710313
vt 0.119490 0.691853
vt 0.119490 0.710273
vt 0.159320 0.691727
vt 0.159320 0.710384
vt 0.199150 0.691473
vt 0.199150 0.710600
vt 0.238980 0.691224
vt 0.238980 0.710790
vt 0.314136 0.800108
vt 0.278810 0.809872
vt 0.278810 0.790270
vt 0.318639 0.790399
vt 0.000000 0.790399
vt 0.039830 0.790613
vt 0.039830 0.809689
vt 0.000000 0.809818
vt 0.079660 0.790792
vt 0.079660 0.809569
vt 0.119490 0.790836
vt 0.119490 0.809524
vt 0.159320 0.790717
vt 0.159320 0.809573
vt 0.199150 0.790506
vt 0.199149 0.809699
vt 0.238980 0.790319
vt 0.238979 0.809825
vt 0.314439 0.899846
vt 0.278810 0.909572
vt 0.278810 0.890083
vt 0.318639 0.890140
vt 0.000000 0.890141
vt 0.039830 0.890267
vt 0.039830 0.909483
vt 0.000000 0.909551
vt 0.079660 0.890387
vt 0.079660 0.909412
vt 0.119490 0.890435
vt 0.119490 0.909378
vt 0.159320 0.890381
vt 0.159320 0.909399
vt 0.199149 0.890258
vt 0.199150 0.909465
vt 0.238980 0.890135
vt 0.238980 0.909539
vn -0.782145 -0.259799 -0.566352
vn -0.718923 0.446668 -0.532577
vn -0.115175 0.417452 -0.901370
vn -0.166199 -0.289588 -0.942612
vn -0.953007 -0.271010 0.135394
vn -0.886585 0.435706 0.155327
vn -0.578801 -0.316695 0.751461
vn -0.519844 0.390923 0.759566
vn 0.121173 -0.370081 0.921063
vn 0.166661 0.338555 0.926070
vn 0.736973 -0.399888 0.544941
vn 0.770674 0.309307 0.557128
vn 0.907967 -0.388659 -0.156656
vn 0.938203 0.320315 -0.131048
vn 0.533912 -0.342956 -0.772864
vn 0.571189 0.365128 -0.735136
vn -0.775399 -0.304253 -0.553341
vn -0.732051 0.403411 -0.548964
vn -0.127977 0.375879 -0.917789
vn -0.159265 -0.332319 -0.929623
vn -0.945010 -0.291234 0.148793
vn -0.898519 0.416204 0.139419
vn -0.568869 -0.300912 0.765402
vn -0.529764 0.406730 0.744259
vn 0.132647 -0.327615 0.935453
vn 0.158316 0.380534 0.911115
vn 0.748735 -0.355703 0.559348
vn 0.762557 0.352971 0.542142
vn 0.918524 -0.368708 -0.142720
vn 0.928880 0.340214 -0.146414
vn 0.542437 -0.359014 -0.759520
vn 0.559954 0.349715 -0.751100
vn -0.771554 -0.337217 -0.539435
vn -0.739104 0.369437 -0.563241
vn -0.134994 0.336531 -0.931946
vn -0.155411 -0.370786 -0.915623
vn -0.940396 -0.298945 0.162134
vn -0.904900 0.406970 0.124625
vn -0.563206 -0.278405 0.778004
vn -0.535118 0.427145 0.728832
vn 0.138987 -0.287599 0.947612
vn 0.153725 0.418141 0.895280
vn 0.755024 -0.321157 0.571662
vn 0.757981 0.385206 0.526384
vn 0.924109 -0.359417 -0.129777
vn 0.923581 0.347668 -0.161631
vn 0.547028 -0.379970 -0.745911
vn 0.553659 0.327517 -0.765634
vn -0.768273 -0.369719 -0.522557
vn -0.744657 0.334216 -0.577742
vn -0.140581 0.292277 -0.945944
vn -0.152027 -0.412514 -0.898176
vn -0.936603 -0.302268 0.177223
vn -0.909956 0.400326 0.108256
vn -0.558575 -0.249667 0.790987
vn -0.539519 0.451934 0.710405
vn 0.144120 -0.242687 0.959340
vn 0.149839 0.458810 0.875809
vn 0.759975 -0.285440 0.583920
vn 0.754137 0.416874 0.507438
vn 0.928512 -0.352886 -0.115485
vn 0.919253 0.350711 -0.178819
vn 0.550867 -0.405519 -0.729452
vn 0.548574 0.299107 -0.780770
vn -0.761036 -0.413606 -0.499755
vn -0.753625 0.285258 -0.592180
vn -0.149448 0.237513 -0.959819
vn -0.144633 -0.462322 -0.874837
vn -0.929314 -0.312808 0.196284
vn -0.918903 0.384053 0.090109
vn -0.551050 -0.219027 0.805215
vn -0.548279 0.476060 0.687574
vn 0.151834 -0.187162 0.970524
vn 0.141358 0.507370 0.850055
vn 0.767784 -0.235897 0.595701
vn 0.745860 0.459553 0.482186
vn 0.936307 -0.336676 -0.099890
vn 0.910907 0.360673 -0.200409
vn 0.558497 -0.430439 -0.709087
vn 0.539948 0.268740 -0.797643
vn -0.751729 -0.468787 -0.463834
vn -0.761783 0.219059 -0.609672
vn -0.156915 0.158572 -0.974799
vn -0.134814 -0.530647 -0.836803
vn -0.921013 -0.319276 0.223154
vn -0.928550 0.365657 0.063945
vn -0.544256 -0.169788 0.821558
vn -0.559184 0.512510 0.651649
vn 0.157702 -0.107649 0.981602
vn 0.130125 0.573559 0.808763
vn 0.774408 -0.169371 0.609595
vn 0.735252 0.512865 0.443140
vn 0.944682 -0.318770 -0.077217
vn 0.901459 0.366234 -0.230749
vn 0.568131 -0.468456 -0.676591
vn 0.531833 0.219547 -0.817895
vn -0.745998 -0.519895 -0.416169
vn -0.762775 0.148037 -0.629491
vn -0.156207 0.056989 -0.986079
vn -0.127565 -0.612765 -0.779901
vn -0.918766 -0.303793 0.252148
vn -0.932579 0.360020 0.026117
vn -0.544885 -0.090906 0.833568
vn -0.565828 0.568960 0.596760
vn 0.156693 -0.005915 0.987630
vn 0.122696 0.652350 0.747921
vn 0.775121 -0.098631 0.624067
vn 0.729415 0.561296 0.391025
vn 0.948158 -0.314698 -0.044288
vn 0.898854 0.349274 -0.264706
vn 0.574259 -0.527697 -0.625909
vn 0.531988 0.140401 -0.835031
vn -0.743667 -0.557342 -0.369228
vn -0.760984 0.085705 -0.643085
vn -0.152518 -0.037246 -0.987599
vn -0.123371 -0.682619 -0.720286
vn -0.919678 -0.279743 0.275564
vn -0.933652 0.358026 -0.010515
vn -0.548198 -0.012397 0.836257
vn -0.569297 0.620288 0.539578
vn 0.153103 0.088096 0.984276
vn 0.118690 0.718897 0.684909
vn 0.773285 -0.037176 0.632968
vn 0.727295 0.596008 0.340318
vn 0.949109 -0.314728 -0.011739
vn 0.899872 0.323646 -0.292375
vn 0.577722 -0.582074 -0.572213
vn 0.535387 0.061340 -0.842376
vn -0.740150 -0.584409 -0.332633
vn -0.761761 0.036811 -0.646812
vn -0.151953 -0.104358 -0.982863
vn -0.118706 -0.728199 -0.675008
vn -0.918337 -0.266270 0.292845
vn -0.936535 0.349017 -0.033020
vn -0.548764 0.039856 0.835027
vn -0.573879 0.649380 0.498967
vn 0.152094 0.154650 0.976192
vn 0.113771 0.762003 0.637501
vn 0.773565 0.010835 0.633625
vn 0.723622 0.620891 0.301438
vn 0.951580 -0.307295 0.008119
vn 0.898392 0.308698 -0.312405
vn 0.581973 -0.613398 -0.533900
vn 0.535699 0.008291 -0.844369
vn -0.801785 0.127763 -0.583796
vn -0.980594 0.102136 0.167343
vn -0.985896 0.033802 0.163911
vn -0.807503 0.057811 -0.587023
vn -0.577248 0.032175 0.815935
vn -0.582506 -0.033484 0.812136
vn 0.159787 -0.040341 0.986327
vn 0.154197 -0.103886 0.982564
vn 0.803154 -0.073969 0.591162
vn 0.797336 -0.137142 0.587748
vn 0.988491 -0.049808 -0.142848
vn 0.982629 -0.114525 -0.146026
vn 0.602271 0.019069 -0.798064
vn 0.596392 -0.048270 -0.801241
vn -0.141296 0.093050 -0.985585
vn -0.147201 0.023521 -0.988827
vn -0.798201 0.155962 -0.581851
vn -0.974071 0.155003 0.164801
vn -0.986582 -0.000024 0.163264
vn -0.810154 -0.002680 -0.586211
vn -0.571657 0.124726 0.810958
vn -0.582639 -0.025135 0.812343
vn 0.163298 0.083310 0.983053
vn 0.155779 -0.062911 0.985787
vn 0.805309 0.054597 0.590336
vn 0.801192 -0.091502 0.591371
vn 0.988303 0.054958 -0.142256
vn 0.984892 -0.094567 -0.145072
vn 0.599950 0.084601 -0.795552
vn 0.593979 -0.070014 -0.801428
vn -0.142146 0.126615 -0.981714
vn -0.151706 -0.031832 -0.987913
vn -0.802929 0.115323 -0.584813
vn -0.977246 0.139781 0.159537
vn -0.986311 -0.014009 0.164301
vn -0.811585 -0.042172 -0.582710
vn -0.575595 0.144062 0.804945
vn -0.583290 -0.005475 0.812245
vn 0.159771 0.125994 0.979081
vn 0.155203 -0.021213 0.987655
vn 0.803933 0.096165 0.586893
vn 0.802789 -0.051954 0.593995
vn 0.986425 0.071705 -0.147731
vn 0.986274 -0.080064 -0.144403
vn 0.594491 0.066944 -0.801311
vn 0.591878 -0.089108 -0.801087
vn -0.149071 0.085016 -0.985165
vn -0.155390 -0.073425 -0.985121
vn -0.805420 0.087272 -0.586245
vn -0.977889 0.139599 0.155706
vn -0.985633 -0.019167 0.167812
vn -0.812617 -0.076100 -0.577808
vn -0.576517 0.173472 0.798458
vn -0.581798 0.019384 0.813102
vn 0.157853 0.169627 0.972784
vn 0.155892 0.017643 0.987617
vn 0.802443 0.130513 0.582281
vn 0.802994 -0.023049 0.595542
vn 0.985302 0.078446 -0.151746
vn 0.986785 -0.079552 -0.141161
vn 0.591838 0.043750 -0.804869
vn 0.591888 -0.119058 -0.797179
vn -0.152920 0.047340 -0.987104
vn -0.156577 -0.117749 -0.980622
vn -0.807453 0.047663 -0.588003
vn -0.979132 0.133559 0.153178
vn -0.984562 -0.026672 0.172995
vn -0.811906 -0.117879 -0.571763
vn -0.574920 0.204233 0.792310
vn -0.577778 0.050191 0.814650
vn 0.159367 0.219204 0.962576
vn 0.160191 0.068621 0.984698
vn 0.801371 0.170667 0.573303
vn 0.804614 0.019016 0.593493
vn 0.984096 0.086074 -0.155392
vn 0.987984 -0.070553 -0.137513
vn 0.592427 0.014052 -0.805501
vn 0.595072 -0.148779 -0.789781
vn -0.152901 -0.002218 -0.988239
vn -0.153582 -0.168846 -0.973603
vn -0.810191 -0.008726 -0.586101
vn -0.981718 0.114366 0.152153
vn -0.981960 -0.045337 0.183572
vn -0.811506 -0.175748 -0.557289
vn -0.575418 0.233048 0.783954
vn -0.573606 0.081264 0.815091
vn 0.158002 0.278780 0.947268
vn 0.161306 0.131390 0.978119
vn 0.797451 0.227084 0.559021
vn 0.803477 0.078386 0.590152
vn 0.980932 0.107099 -0.162182
vn 0.989934 -0.048393 -0.133003
vn 0.591948 -0.013106 -0.805870
vn 0.599721 -0.177255 -0.780330
vn -0.153440 -0.061940 -0.986215
vn -0.151193 -0.231040 -0.961125
vn -0.815845 -0.078456 -0.572924
vn -0.982435 0.109124 0.151374
vn -0.979897 -0.045088 0.194340
vn -0.812611 -0.242900 -0.529776
vn -0.578710 0.292678 0.761206
vn -0.575543 0.147805 0.804304
vn 0.145615 0.368973 0.917963
vn 0.151586 0.227649 0.961872
vn 0.785990 0.297605 0.541895
vn 0.796146 0.151876 0.585735
vn 0.979292 0.115715 -0.166125
vn 0.991450 -0.040394 -0.124074
vn 0.592643 -0.073957 -0.802063
vn 0.602412 -0.240256 -0.761168
vn -0.158374 -0.155928 -0.974989
vn -0.152779 -0.325636 -0.933070
vn -0.812959 -0.138748 -0.565550
vn -0.983591 0.124179 0.130871
vn -0.981693 -0.025462 0.188762
vn -0.808301 -0.297912 -0.507837
vn -0.585879 0.371964 0.719992
vn -0.582307 0.231160 0.779412
vn 0.138262 0.465851 0.873994
vn 0.146640 0.327440 0.933424
vn 0.783314 0.354773 0.510447
vn 0.795165 0.211001 0.568499
vn 0.979695 0.097194 -0.175359
vn 0.991470 -0.056142 -0.117623
vn 0.593670 -0.159579 -0.788727
vn 0.603794 -0.320960 -0.729669
vn -0.156144 -0.258754 -0.953239
vn -0.148079 -0.422543 -0.894164
vn -0.807098 -0.189911 -0.559041
vn -0.985355 0.128345 0.112267
vn -0.982946 -0.018330 0.182981
vn -0.802164 -0.343076 -0.488703
vn -0.590659 0.427677 0.684262
vn -0.586987 0.288006 0.756637
vn 0.137956 0.537340 0.832006
vn 0.146413 0.400305 0.904610
vn 0.784903 0.397022 0.475711
vn 0.797210 0.256458 0.546521
vn 0.978892 0.084186 -0.186236
vn 0.991140 -0.063372 -0.116730
vn 0.594884 -0.221703 -0.772632
vn 0.604927 -0.375202 -0.702344
vn -0.149439 -0.336743 -0.929663
vn -0.141630 -0.492419 -0.858758
vn -0.803595 -0.234310 -0.547115
vn -0.987542 0.116297 0.106002
vn -0.988600 0.047441 0.142898
vn -0.802521 -0.306132 -0.512097
vn -0.596147 0.450799 0.664371
vn -0.596007 0.385800 0.704226
vn 0.135990 0.575842 0.806171
vn 0.140901 0.512643 0.846961
vn 0.785897 0.421085 0.452828
vn 0.794953 0.356042 0.491206
vn 0.978162 0.074512 -0.194028
vn 0.987294 0.005673 -0.158803
vn 0.594144 -0.263710 -0.759901
vn 0.600596 -0.335470 -0.725771
vn -0.146297 -0.392765 -0.907928
vn -0.142568 -0.465511 -0.873484
s 1
g group2 sweep4
usemtl lambert4SG
f 451/754/395 452/751/396 453/752/397 454/753/398
f 452/758/396 451/755/395 455/756/399 456/757/400
f 456/757/400 455/756/399 457/759/401 458/760/402
f 458/760/402 457/759/401 459/761/403 460/762/404
f 460/762/404 459/761/403 461/763/405 462/764/406
f 462/764/406 461/763/405 463/765/407 464/766/408
f 464/766/408 463/765/407 465/767/409 466/768/410
f 466/768/410 465/767/409 454/753/398 453/752/397
f 467/772/411 468/769/412 469/770/413 470/771/414
f 468/776/412 467/773/411 471/774/415 472/775/416
f 472/775/416 471/774/415 473/777/417 474/778/418
f 474/778/418 473/777/417 475/779/419 476/780/420
f 476/780/420 475/779/419 477/781/421 478/782/422
f 478/782/422 477/781/421 479/783/423 480/784/424
f 480/784/424 479/783/423 481/785/425 482/786/426
f 482/786/426 481/785/425 470/771/414 469/770/413
f 483/790/427 484/787/428 485/788/429 486/789/430
f 484/794/428 483/791/427 487/792/431 488/793/432
f 488/793/432 487/792/431 489/795/433 490/796/434
f 490/796/434 489/795/433 491/797/435 492/798/436
f 492/798/436 491/797/435 493/799/437 494/800/438
f 494/800/438 493/799/437 495/801/439 496/802/440
f 496/802/440 495/801/439 497/803/441 498/804/442
f 498/804/442 497/803/441 486/789/430 485/788/429
f 499/808/443 500/805/444 501/806/445 502/807/446
f 500/812/444 499/809/443 503/810/447 504/811/448
f 504/811/448 503/810/447 505/813/449 506/814/450
f 506/814/450 505/813/449 507/815/451 508/816/452
f 508/816/452 507/815/451 509/817/453 510/818/454
f 510/818/454 509/817/453 511/819/455 512/820/456
f 512/820/456 511/819/455 513/821/457 514/822/458
f 514/822/458 513/821/457 502/807/446 501/806/445
f 515/826/459 516/823/460 517/824/461 518/825/462
f 516/830/460 515/827/459 519/828/463 520/829/464
f 520/829/464 519/828/463 521/831/465 522/832/466
f 522/832/466 521/831/465 523/833/467 524/834/468
f 524/834/468 523/833/467 525/835/469 526/836/470
f 526/836/470 525/835/469 527/837/471 528/838/472
f 528/838/472 527/837/471 529/839/473 530/840/474
f 530/840/474 529/839/473 518/825/462 517/824/461
f 531/844/475 532/841/476 533/842/477 534/843/478
f 532/848/476 531/845/475 535/846/479 536/847/480
f 536/847/480 535/846/479 537/849/481 538/850/482
f 538/850/482 537/849/481 539/851/483 540/852/484
f 540/852/484 539/851/483 541/853/485 542/854/486
f 542/854/486 541/853/485 543/855/487 544/856/488
f 544/856/488 543/855/487 545/857/489 546/858/490
f 546/858/490 545/857/489 534/843/478 533/842/477
f 547/862/491 548/859/492 549/860/493 550/861/494
f 548/866/492 547/863/491 551/864/495 552/865/496
f 552/865/496 551/864/495 553/867/497 554/868/498
f 554/868/498 553/867/497 555/869/499 556/870/500
f 556/870/500 555/869/499 557/871/501 558/872/502
f 558/872/502 557/871/501 559/873/503 560/874/504
f 560/874/504 559/873/503 561/875/505 562/876/506
f 562/876/506 561/875/505 550/861/494 549/860/493
f 563/880/507 564/877/508 565/878/509 566/879/510
f 564/884/508 563/881/507 567/882/511 568/883/512
f 568/883/512 567/882/511 569/885/513 570/886/514
f 570/886/514 569/885/513 571/887/515 572/888/516
f 572/888/516 571/887/515 573/889/517 574/890/518
f 574/890/518 573/889/517 575/891/519 576/892/520
f 576/892/520 575/891/519 577/893/521 578/894/522
f 578/894/522 577/893/521 566/879/510 565/878/509
f 579/898/523 580/895/524 581/896/525 582/897/526
f 580/902/524 579/899/523 583/900/527 584/901/528
f 584/901/528 583/900/527 585/903/529 586/904/530
f 586/904/530 585/903/529 587/905/531 588/906/532
f 588/906/532 587/905/531 589/907/533 590/908/534
f 590/908/534 589/907/533 591/909/535 592/910/536
f 592/910/536 591/909/535 593/911/537 594/912/538
f 594/912/538 593/911/537 582/897/526 581/896/525
f 291/589/539 292/591/540 309/592/541 307/590/542
f 292/591/540 293/593/543 311/594/544 309/592/541
f 293/593/543 294/595/545 313/596/546 311/594/544
f 294/595/545 295/597/547 315/598/548 313/596/546
f 295/597/547 296/599/549 317/600/550 315/598/548
f 296/599/549 297/601/551 319/602/552 317/600/550
f 297/601/551 298/603/553 321/605/554 319/602/552
f 298/603/553 291/604/539 307/564/542 321/605/554
f 308/565/555 310/606/556 325/609/557 323/607/558
f 310/606/556 312/608/559 327/611/560 325/609/557
f 312/608/559 314/610/561 329/613/562 327/611/560
f 314/610/561 316/612/563 331/615/564 329/613/562
f 316/612/563 318/614/565 333/617/566 331/615/564
f 318/614/565 320/616/567 335/619/568 333/617/566
f 320/616/567 322/618/569 337/621/570 335/619/568
f 322/618/569 308/620/555 323/566/558 337/621/570
f 324/567/571 326/622/572 341/625/573 339/623/574
f 326/622/572 328/624/575 343/627/576 341/625/573
f 328/624/575 330/626/577 345/629/578 343/627/576
f 330/626/577 332/628/579 347/631/580 345/629/578
f 332/628/579 334/630/581 349/633/582 347/631/580
f 334/630/581 336/632/583 351/635/584 349/633/582
f 336/632/583 338/634/585 353/637/586 351/635/584
f 338/634/585 324/636/571 339/568/574 353/637/586
f 340/570/587 342/638/588 357/641/589 355/639/590
f 342/638/588 344/640/591 359/643/592 357/641/589
f 344/640/591 346/642/593 361/645/594 359/643/592
f 346/642/593 348/644/595 363/647/596 361/645/594
f 348/644/595 350/646/597 365/649/598 363/647/596
f 350/646/597 352/648/599 367/651/600 365/649/598
f 352/648/599 354/650/601 369/653/602 367/651/600
f 354/650/601 340/652/587 355/571/590 369/653/602
f 356/573/603 358/654/604 373/657/605 371/655/606
f 358/654/604 360/656/607 375/659/608 373/657/605
f 360/656/607 362/658/609 377/661/610 375/659/608
f 362/658/609 364/660/611 379/663/612 377/661/610
f 364/660/611 366/662/613 381/665/614 379/663/612
f 366/662/613 368/664/615 383/667/616 381/665/614
f 368/664/615 370/666/617 385/669/618 383/667/616
f 370/666/617 356/668/603 371/574/606 385/669/618
f 372/576/619 374/670/620 389/673/621 387/671/622
f 374/670/620 376/672/623 391/675/624 389/673/621
f 376/672/623 378/674/625 393/677/626 391/675/624
f 378/674/625 380/676/627 395/679/628 393/677/626
f 380/676/627 382/678/629 397/681/630 395/679/628
f 382/678/629 384/680/631 399/683/632 397/681/630
f 384/680/631 386/682/633 401/685/634 399/683/632
f 386/682/633 372/684/619 387/577/622 401/685/634
f 388/579/635 390/686/636 405/689/637 403/687/638
f 390/686/636 392/688/639 407/691/640 405/689/637
f 392/688/639 394/690/641 409/693/642 407/691/640
f 394/690/641 396/692/643 411/695/644 409/693/642
f 396/692/643 398/694/645 413/697/646 411/695/644
f 398/694/645 400/696/647 415/699/648 413/697/646
f 400/696/647 402/698/649 417/701/650 415/699/648
f 402/698/649 388/700/635 403/580/638 417/701/650
f 404/582/651 406/702/652 421/705/653 419/703/654
f 406/702/652 408/704/655 423/707/656 421/705/653
f 408/704/655 410/706/657 425/709/658 423/707/656
f 410/706/657 412/708/659 427/711/660 425/709/658
f 412/708/659 414/710/661 429/713/662 427/711/660
f 414/710/661 416/712/663 431/715/664 429/713/662
f 416/712/663 418/714/665 433/717/666 431/715/664
f 418/714/665 404/716/651 419/583/654 433/717/666
f 420/585/667 422/718/668 437/721/669 435/719/670
f 422/718/668 424/720/671 439/723/672 437/721/669
f 424/720/671 426/722/673 441/725/674 439/723/672
f 426/722/673 428/724/675 443/727/676 441/725/674
f 428/724/675 430/726/677 445/729/678 443/727/676
f 430/726/677 432/728/679 447/731/680 445/729/678
f 432/728/679 434/730/681 449/733/682 447/731/680
f 434/730/681 420/732/667 435/586/670 449/733/682
f 436/588/683 438/734/684 300/735/685 299/736/686
f 438/734/684 440/737/687 301/738/688 300/735/685
f 440/737/687 442/739/689 302/740/690 301/738/688
f 442/739/689 444/741/691 303/742/692 302/740/690
f 444/741/691 446/743/693 304/744/694 303/742/692
f 446/743/693 448/745/695 305/746/696 304/744/694
f 448/745/695 450/747/697 306/748/698 305/746/696
f 450/747/697 436/749/683 299/750/686 306/748/698
f 308/620/555 322/618/569 453/752/397 452/751/396
f 321/605/554 307/564/542 451/754/395 454/753/398
f 307/590/542 309/592/541 455/756/399 451/755/395
f 310/606/556 308/565/555 452/758/396 456/757/400
f 309/592/541 311/594/544 457/759/401 455/756/399
f 312/608/559 310/606/556 456/757/400 458/760/402
f 311/594/544 313/596/546 459/761/403 457/759/401
f 314/610/561 312/608/559 458/760/402 460/762/404
f 313/596/546 315/598/548 461/763/405 459/761/403
f 316/612/563 314/610/561 460/762/404 462/764/406
f 315/598/548 317/600/550 463/765/407 461/763/405
f 318/614/565 316/612/563 462/764/406 464/766/408
f 317/600/550 319/602/552 465/767/409 463/765/407
f 320/616/567 318/614/565 464/766/408 466/768/410
f 319/602/552 321/605/554 454/753/398 465/767/409
f 322/618/569 320/616/567 466/768/410 453/752/397
f 324/636/571 338/634/585 469/770/413 468/769/412
f 337/621/570 323/566/558 467/772/411 470/771/414
f 323/607/558 325/609/557 471/774/415 467/773/411
f 326/622/572 324/567/571 468/776/412 472/775/416
f 325/609/557 327/611/560 473/777/417 471/774/415
f 328/624/575 326/622/572 472/775/416 474/778/418
f 327/611/560 329/613/562 475/779/419 473/777/417
f 330/626/577 328/624/575 474/778/418 476/780/420
f 329/613/562 331/615/564 477/781/421 475/779/419
f 332/628/579 330/626/577 476/780/420 478/782/422
f 331/615/564 333/617/566 479/783/423 477/781/421
f 334/630/581 332/628/579 478/782/422 480/784/424
f 333/617/566 335/619/568 481/785/425 479/783/423
f 336/632/583 334/630/581 480/784/424 482/786/426
f 335/619/568 337/621/570 470/771/414 481/785/425
f 338/634/585 336/632/583 482/786/426 469/770/413
f 340/569/587 354/650/601 485/788/429 484/787/428
f 353/637/586 339/568/574 483/790/427 486/789/430
f 339/623/574 341/625/573 487/792/431 483/791/427
f 342/638/588 340/570/587 484/794/428 488/793/432
f 341/625/573 343/627/576 489/795/433 487/792/431
f 344/640/591 342/638/588 488/793/432 490/796/434
f 343/627/576 345/629/578 491/797/435 489/795/433
f 346/642/593 344/640/591 490/796/434 492/798/436
f 345/629/578 347/631/580 493/799/437 491/797/435
f 348/644/595 346/642/593 492/798/436 494/800/438
f 347/631/580 349/633/582 495/801/439 493/799/437
f 350/646/597 348/644/595 494/800/438 496/802/440
f 349/633/582 351/635/584 497/803/441 495/801/439
f 352/648/599 350/646/597 496/802/440 498/804/442
f 351/635/584 353/637/586 486/789/430 497/803/441
f 354/650/601 352/648/599 498/804/442 485/788/429
f 356/572/603 370/666/617 501/806/445 500/805/444
f 369/653/602 355/571/590 499/808/443 502/807/446
f 355/639/590 357/641/589 503/810/447 499/809/443
f 358/654/604 356/573/603 500/812/444 504/811/448
f 357/641/589 359/643/592 505/813/449 503/810/447
f 360/656/607 358/654/604 504/811/448 506/814/450
f 359/643/592 361/645/594 507/815/451 505/813/449
f 362/658/609 360/656/607 506/814/450 508/816/452
f 361/645/594 363/647/596 509/817/453 507/815/451
f 364/660/611 362/658/609 508/816/452 510/818/454
f 363/647/596 365/649/598 511/819/455 509/817/453
f 366/662/613 364/660/611 510/818/454 512/820/456
f 365/649/598 367/651/600 513/821/457 511/819/455
f 368/664/615 366/662/613 512/820/456 514/822/458
f 367/651/600 369/653/602 502/807/446 513/821/457
f 370/666/617 368/664/615 514/822/458 501/806/445
f 372/575/619 386/682/633 517/824/461 516/823/460
f 385/669/618 371/574/606 515/826/459 518/825/462
f 371/655/606 373/657/605 519/828/463 515/827/459
f 374/670/620 372/576/619 516/830/460 520/829/464
f 373/657/605 375/659/608 521/831/465 519/828/463
f 376/672/623 374/670/620 520/829/464 522/832/466
f 375/659/608 377/661/610 523/833/467 521/831/465
f 378/674/625 376/672/623 522/832/466 524/834/468
f 377/661/610 379/663/612 525/835/469 523/833/467
f 380/676/627 378/674/625 524/834/468 526/836/470
f 379/663/612 381/665/614 527/837/471 525/835/469
f 382/678/629 380/676/627 526/836/470 528/838/472
f 381/665/614 383/667/616 529/839/473 527/837/471
f 384/680/631 382/678/629 528/838/472 530/840/474
f 383/667/616 385/669/618 518/825/462 529/839/473
f 386/682/633 384/680/631 530/840/474 517/824/461
f 388/578/635 402/698/649 533/842/477 532/841/476
f 401/685/634 387/577/622 531/844/475 534/843/478
f 387/671/622 389/673/621 535/846/479 531/845/475
f 390/686/636 388/579/635 532/848/476 536/847/480
f 389/673/621 391/675/624 537/849/481 535/846/479
f 392/688/639 390/686/636 536/847/480 538/850/482
f 391/675/624 393/677/626 539/851/483 537/849/481
f 394/690/641 392/688/639 538/850/482 540/852/484
f 393/677/626 395/679/628 541/853/485 539/851/483
f 396/692/643 394/690/641 540/852/484 542/854/486
f 395/679/628 397/681/630 543/855/487 541/853/485
f 398/694/645 396/692/643 542/854/486 544/856/488
f 397/681/630 399/683/632 545/857/489 543/855/487
f 400/696/647 398/694/645 544/856/488 546/858/490
f 399/683/632 401/685/634 534/843/478 545/857/489
f 402/698/649 400/696/647 546/858/490 533/842/477
f 404/581/651 418/714/665 549/860/493 548/859/492
f 417/701/650 403/580/638 547/862/491 550/861/494
f 403/687/638 405/689/637 551/864/495 547/863/491
f 406/702/652 404/582/651 548/866/492 552/865/496
f 405/689/637 407/691/640 553/867/497 551/864/495
f 408/704/655 406/702/652 552/865/496 554/868/498
f 407/691/640 409/693/642 555/869/499 553/867/497
f 410/706/657 408/704/655 554/868/498 556/870/500
f 409/693/642 411/695/644 557/871/501 555/869/499
f 412/708/659 410/706/657 556/870/500 558/872/502
f 411/695/644 413/697/646 559/873/503 557/871/501
f 414/710/661 412/708/659 558/872/502 560/874/504
f 413/697/646 415/699/648 561/875/505 559/873/503
f 416/712/663 414/710/661 560/874/504 562/876/506
f 415/699/648 417/701/650 550/861/494 561/875/505
f 418/714/665 416/712/663 562/876/506 549/860/493
f 420/584/667 434/730/681 565/878/509 564/877/508
f 433/717/666 419/583/654 563/880/507 566/879/510
f 419/703/654 421/705/653 567/882/511 563/881/507
f 422/718/668 420/585/667 564/884/508 568/883/512
f 421/705/653 423/707/656 569/885/513 567/882/511
f 424/720/671 422/718/668 568/883/512 570/886/514
f 423/707/656 425/709/658 571/887/515 569/885/513
f 426/722/673 424/720/671 570/886/514 572/888/516
f 425/709/658 427/711/660 573/889/517 571/887/515
f 428/724/675 426/722/673 572/888/516 574/890/518
f 427/711/660 429/713/662 575/891/519 573/889/517
f 430/726/677 428/724/675 574/890/518 576/892/520
f 429/713/662 431/715/664 577/893/521 575/891/519
f 432/728/679 430/726/677 576/892/520 578/894/522
f 431/715/664 433/717/666 566/879/510 577/893/521
f 434/730/681 432/728/679 578/894/522 565/878/509
f 436/587/683 450/747/697 581/896/525 580/895/524
f 449/733/682 435/586/670 579/898/523 582/897/526
f 435/719/670 437/721/669 583/900/527 579/899/523
f 438/734/684 436/588/683 580/902/524 584/901/528
f 437/721/669 439/723/672 585/903/529 583/900/527
f 440/737/687 438/734/684 584/901/528 586/904/530
f 439/723/672 441/725/674 587/905/531 585/903/529
f 442/739/689 440/737/687 586/904/530 588/906/532
f 441/725/674 443/727/676 589/907/533 587/905/531
f 444/741/691 442/739/689 588/906/532 590/908/534
f 443/727/676 445/729/678 591/909/535 589/907/533
f 446/743/693 444/741/691 590/908/534 592/910/536
f 445/729/678 447/731/680 593/911/537 591/909/535
f 448/745/695 446/743/693 592/910/536 594/912/538
f 447/731/680 449/733/682 582/897/526 593/911/537
f 450/747/697 448/745/695 594/912/538 581/896/525
g default
v 442.452703 58.787310 -933.556479
v 444.863690 57.909626 -946.102279
v 437.780182 55.790711 -956.557513
v 425.351563 53.671792 -958.797741
v 414.858365 52.794115 -951.510681
v 412.447326 53.671799 -938.964985
v 419.530886 55.790711 -928.509647
v 431.959505 57.909626 -926.269418
v 535.955287 311.552380 -974.331035
v 537.155976 310.564121 -980.174636
v 534.258666 311.628256 -985.374681
v 528.960552 314.121410 -986.884877
v 524.365212 316.583181 -983.820725
v 523.164523 317.571466 -977.977019
v 526.061833 316.507306 -972.777079
v 531.359894 314.014125 -971.266779
v 436.538343 118.964136 -945.583006
v 436.784299 127.074506 -947.033984
v 438.731574 116.935645 -956.513335
v 438.933142 125.079097 -957.771936
v 432.429352 115.740322 -965.862241
v 432.749773 123.902233 -966.956245
v 421.330823 116.055076 -968.144663
v 421.841846 124.210630 -969.205455
v 411.939201 117.732049 -962.034009
v 412.605160 125.862459 -963.196526
v 409.752681 119.759704 -951.109737
v 410.454071 127.860518 -952.445310
v 416.047357 120.957782 -941.767829
v 416.651305 129.039366 -943.258912
v 427.139672 120.638210 -939.479036
v 427.560485 128.722653 -941.022966
v 441.949200 159.566040 -952.166770
v 444.257836 167.396069 -953.289182
v 443.948068 157.775920 -962.111712
v 446.216025 165.643795 -963.034854
v 438.554444 158.461501 -970.856331
v 440.936084 166.313762 -971.613831
v 428.936267 161.209449 -973.276091
v 431.498091 169.008328 -974.003512
v 420.730191 164.418602 -967.963669
v 423.432329 172.160170 -968.795426
v 418.733725 166.206489 -958.031991
v 421.469493 173.915525 -959.037430
v 424.113536 165.520922 -949.289252
v 426.759382 173.238352 -950.452604
v 433.731165 162.784162 -946.858212
v 436.206069 170.548942 -948.076604
v 457.747247 198.008605 -957.197205
v 461.869059 205.089201 -958.114184
v 459.367992 196.022478 -966.098170
v 463.451109 203.144119 -966.821100
v 455.129679 197.933891 -974.107012
v 459.308358 205.014266 -974.660437
v 447.518491 202.607483 -976.527607
v 451.855969 209.595624 -977.041450
v 441.006685 207.327419 -971.953051
v 445.472990 214.225181 -972.566738
v 439.391110 209.311170 -963.064619
v 443.887702 216.171229 -963.854182
v 443.614488 207.397472 -955.060268
v 448.030558 214.292832 -956.010876
v 451.216904 202.717875 -952.626513
v 455.480648 209.703223 -953.634981
v 482.864540 233.341939 -961.832232
v 487.886255 239.814919 -962.769682
v 484.112854 231.328815 -969.703736
v 489.101774 237.844641 -970.457059
v 480.689796 233.470243 -976.863067
v 485.764043 239.941840 -977.449600
v 474.605200 238.511488 -979.114262
v 479.823731 244.868618 -979.650036
v 469.425312 243.498502 -975.142530
v 474.764836 249.744013 -975.772092
v 468.180758 245.511183 -967.276457
v 473.547384 251.711576 -968.087430
v 471.596714 243.369336 -960.119946
v 476.884802 249.619208 -961.095307
v 477.677759 238.328588 -957.863216
v 482.824697 244.692037 -958.891841
v 511.309747 268.746788 -967.355309
v 515.887489 275.518361 -968.445866
v 512.314247 266.883273 -974.214480
v 516.864991 273.697510 -975.123627
v 508.998709 268.349422 -980.411923
v 513.633005 275.122744 -981.158457
v 503.312916 272.299221 -982.318780
v 508.096038 278.973012 -983.013616
v 498.573397 276.402390 -978.813998
v 503.488322 282.970123 -979.603143
v 497.569837 278.267393 -971.951798
v 502.513901 284.786770 -972.929769
v 500.887777 276.798790 -965.754146
v 505.740091 283.359917 -966.899430
v 506.580046 272.856563 -963.851466
v 511.279773 279.524009 -965.041137
v 439.121133 120.658119 -944.190826
v 439.244842 125.821440 -945.092871
v 428.069785 127.779029 -937.819805
v 427.825918 122.636870 -936.834627
v 441.746482 118.251753 -957.330783
v 441.859643 123.435584 -958.104680
v 434.176130 116.825383 -968.556677
v 434.370492 122.018366 -969.236369
v 420.848861 117.190778 -971.302079
v 421.152597 122.381202 -971.953886
v 409.555604 119.171840 -963.962486
v 409.967696 124.348738 -964.662962
v 406.912630 121.579498 -950.820858
v 407.372060 126.734399 -951.643215
v 414.480738 123.009158 -939.578567
v 414.872099 128.147426 -940.529176
v 444.785830 160.533673 -950.587853
v 446.255764 165.508324 -951.330105
v 436.338603 169.412757 -944.901746
v 434.745325 164.484085 -944.108424
v 447.229559 158.325990 -962.741274
v 448.658187 163.331843 -963.340235
v 440.633888 159.155580 -973.436092
v 442.148261 164.150218 -973.906593
v 428.872977 162.524695 -976.396014
v 430.524949 167.477688 -976.851579
v 418.848112 166.465760 -969.897889
v 420.590138 171.379641 -970.440662
v 416.420519 168.667529 -957.759403
v 418.171266 173.563994 -958.417477
v 422.998775 167.838370 -947.080982
v 424.694821 172.739770 -947.832320
v 460.692808 198.255461 -955.534737
v 463.285102 202.777288 -956.110721
v 455.203779 208.557613 -950.473701
v 452.542555 204.083618 -949.822207
v 462.711886 195.787894 -966.616399
v 465.284441 200.328873 -967.090763
v 457.422858 198.131099 -976.595180
v 460.034160 202.659598 -976.964478
v 447.905126 203.908108 -979.630611
v 450.615384 208.384008 -979.938707
v 439.740355 209.764307 -973.928107
v 442.567429 214.161812 -974.293228
v 437.716448 212.239629 -962.819917
v 440.573626 216.601468 -963.342428
v 443.023569 209.876710 -952.831946
v 445.796230 214.280573 -953.477800
v 485.808691 233.212356 -960.150756
v 488.968196 237.359415 -960.732379
v 482.368452 243.629391 -955.722519
v 479.159861 239.526927 -955.059954
v 487.402334 230.651498 -970.188127
v 490.548993 234.811978 -970.690586
v 483.014672 233.334524 -979.327318
v 486.183472 237.495291 -979.732857
v 475.190114 239.713247 -982.225098
v 478.447322 243.809993 -982.547398
v 468.507810 246.059595 -977.150798
v 471.886064 250.049943 -977.519887
v 466.905969 248.635492 -967.067891
v 470.313570 252.579703 -967.610350
v 471.326947 245.920612 -957.912198
v 474.642955 249.929628 -958.586251
v 514.288676 268.820053 -965.739942
v 517.158362 273.164503 -966.389974
v 510.957472 278.466324 -961.849047
v 508.022303 274.186209 -961.092905
v 515.624876 266.412042 -974.782736
v 518.505893 270.760174 -975.325822
v 511.265412 268.345819 -982.936122
v 514.184080 272.672932 -983.405160
v 503.756836 273.506281 -985.454369
v 506.748663 277.789216 -985.870769
v 497.460593 278.872803 -980.845034
v 500.563492 283.074327 -981.289006
v 496.095151 281.307080 -971.780412
v 499.246457 285.451946 -972.373524
v 500.476964 279.364008 -963.588383
v 503.546651 283.545559 -964.333873
vt 0.359913 0.216598
vt 0.003135 0.231197
vt 0.359913 0.362778
vt 0.000381 0.377371
vt 0.359913 0.510299
vt 0.000865 0.524868
vt 0.359913 0.663799
vt 0.000001 0.692777
vt 0.359913 0.824548
vt 0.356583 0.839085
vt 0.000000 0.853626
vt 0.000000 0.000000
vt 0.000000 0.216598
vt 0.044989 0.000000
vt 0.044989 0.216278
vt 0.089978 0.000000
vt 0.089978 0.216451
vt 0.134967 0.000000
vt 0.134967 0.216908
vt 0.179957 0.000000
vt 0.179957 0.217478
vt 0.224946 0.000000
vt 0.224946 0.217748
vt 0.269935 0.000000
vt 0.269935 0.217616
vt 0.314924 0.000000
vt 0.359913 0.000000
vt 0.314924 0.217188
vt 0.000000 0.245796
vt 0.044989 0.245771
vt 0.000000 0.362778
vt 0.089978 0.245155
vt 0.044989 0.362797
vt 0.134968 0.244310
vt 0.089978 0.363444
vt 0.179957 0.243843
vt 0.134967 0.364219
vt 0.224946 0.243863
vt 0.179957 0.364716
vt 0.269935 0.244380
vt 0.224946 0.364702
vt 0.314924 0.245212
vt 0.269935 0.364162
vt 0.359913 0.245795
vt 0.314924 0.363411
vt 0.000000 0.391970
vt 0.044989 0.392119
vt 0.000000 0.510299
vt 0.089978 0.391615
vt 0.044989 0.510143
vt 0.134967 0.390801
vt 0.089979 0.510662
vt 0.179957 0.390208
vt 0.134968 0.511427
vt 0.224946 0.390094
vt 0.179957 0.512056
vt 0.269935 0.390485
vt 0.224946 0.512179
vt 0.314924 0.391293
vt 0.269935 0.511741
vt 0.359913 0.391971
vt 0.314924 0.510978
vt 0.000000 0.539444
vt 0.044989 0.539543
vt 0.000000 0.663799
vt 0.089978 0.539342
vt 0.044989 0.663691
vt 0.134967 0.538930
vt 0.089978 0.663886
vt 0.179957 0.538637
vt 0.134968 0.664261
vt 0.224946 0.538545
vt 0.179957 0.664591
vt 0.269935 0.538701
vt 0.224946 0.664693
vt 0.314924 0.539075
vt 0.269935 0.664505
vt 0.359913 0.539444
vt 0.314924 0.664135
vt 0.044989 0.692811
vt 0.000000 0.824548
vt 0.089978 0.692994
vt 0.044989 0.824509
vt 0.134967 0.693189
vt 0.089978 0.824327
vt 0.179957 0.693303
vt 0.134967 0.824155
vt 0.224946 0.693255
vt 0.179957 0.824019
vt 0.269935 0.693078
vt 0.224946 0.824066
vt 0.314924 0.692882
vt 0.269935 0.824254
vt 0.359913 0.692777
vt 0.314924 0.824458
vt 0.044989 0.853402
vt 0.044989 1.000000
vt 0.000000 1.000000
vt 0.089978 0.853460
vt 0.089978 1.000000
vt 0.134967 0.853835
vt 0.134967 1.000000
vt 0.179957 0.854242
vt 0.179957 1.000000
vt 0.224946 0.854489
vt 0.224946 1.000000
vt 0.269935 0.854406
vt 0.269935 1.000000
vt 0.314924 0.854051
vt 0.314924 1.000000
vt 0.359913 0.853626
vt 0.359913 1.000000
vt 0.359913 0.245795
vt 0.314924 0.245212
vt 0.314924 0.217188
vt 0.359913 0.216598
vt 0.000000 0.216598
vt 0.044989 0.216278
vt 0.044989 0.245771
vt 0.003135 0.231197
vt 0.089978 0.216451
vt 0.089978 0.245155
vt 0.134967 0.216908
vt 0.134968 0.244310
vt 0.179957 0.217478
vt 0.179957 0.243843
vt 0.224946 0.217748
vt 0.224946 0.243863
vt 0.269935 0.217616
vt 0.269935 0.244380
vt 0.359913 0.391971
vt 0.314924 0.391293
vt 0.314924 0.363411
vt 0.359913 0.362778
vt 0.000000 0.362778
vt 0.044989 0.362797
vt 0.044989 0.392119
vt 0.000381 0.377371
vt 0.089978 0.363444
vt 0.089978 0.391615
vt 0.134967 0.364219
vt 0.134967 0.390801
vt 0.179957 0.364716
vt 0.179957 0.390208
vt 0.224946 0.364702
vt 0.224946 0.390094
vt 0.269935 0.364162
vt 0.269935 0.390485
vt 0.359913 0.539444
vt 0.314924 0.539075
vt 0.314924 0.510978
vt 0.359913 0.510299
vt 0.000000 0.510299
vt 0.044989 0.510143
vt 0.044989 0.539543
vt 0.000865 0.524868
vt 0.089979 0.510662
vt 0.089978 0.539342
vt 0.134968 0.511427
vt 0.134967 0.538930
vt 0.179957 0.512056
vt 0.179957 0.538637
vt 0.224946 0.512179
vt 0.224946 0.538545
vt 0.269935 0.511741
vt 0.269935 0.538701
vt 0.359913 0.692777
vt 0.314924 0.692882
vt 0.314924 0.664135
vt 0.359913 0.663799
vt 0.000000 0.663799
vt 0.044989 0.663691
vt 0.044989 0.692811
vt 0.000001 0.692777
vt 0.089978 0.663886
vt 0.089978 0.692994
vt 0.134968 0.664261
vt 0.134967 0.693189
vt 0.179957 0.664591
vt 0.179957 0.693303
vt 0.224946 0.664693
vt 0.224946 0.693255
vt 0.269935 0.664505
vt 0.269935 0.693078
vt 0.356583 0.839085
vt 0.314924 0.854051
vt 0.314924 0.824458
vt 0.359913 0.824548
vt 0.000000 0.824548
vt 0.044989 0.824509
vt 0.044989 0.853402
vt 0.000000 0.853626
vt 0.089978 0.824327
vt 0.089978 0.853460
vt 0.134967 0.824155
vt 0.134967 0.853835
vt 0.179957 0.824019
vt 0.179957 0.854242
vt 0.224946 0.824066
vt 0.224946 0.854489
vt 0.269935 0.824254
vt 0.269935 0.854406
vn 0.776562 -0.252735 0.577128
vn 0.798044 0.383410 0.464890
vn 0.203138 0.479003 0.853985
vn 0.169799 -0.155453 0.973141
vn 0.918261 -0.374193 -0.129520
vn 0.936946 0.264295 -0.228648
vn 0.512421 -0.448371 -0.732385
vn 0.538940 0.191596 -0.820265
vn -0.202803 -0.431976 -0.878788
vn -0.163306 0.207644 -0.964477
vn -0.809300 -0.333629 -0.483452
vn -0.758923 0.304262 -0.575726
vn -0.951371 -0.212513 0.223006
vn -0.898202 0.423279 0.118612
vn -0.545787 -0.139192 0.826282
vn -0.499459 0.495218 0.710844
vn 0.663091 -0.452475 0.596302
vn 0.845423 0.157896 0.510224
vn 0.274882 0.387740 0.879829
vn 0.081315 -0.218176 0.972516
vn 0.803546 -0.585103 -0.109406
vn 0.982921 0.027875 -0.181902
vn 0.419791 -0.538643 -0.730506
vn 0.606824 0.073263 -0.791453
vn -0.262745 -0.340870 -0.902648
vn -0.063213 0.267229 -0.961557
vn -0.843806 -0.107345 -0.525803
vn -0.634656 0.496738 -0.591999
vn -0.983528 0.025397 0.178960
vn -0.772217 0.627311 0.100806
vn -0.600529 -0.020742 0.799334
vn -0.395450 0.581931 0.710617
vn 0.519508 -0.600102 0.608267
vn 0.840531 -0.052883 0.539177
vn 0.327105 0.301558 0.895581
vn -0.002929 -0.239254 0.970953
vn 0.648039 -0.755717 -0.094539
vn 0.966901 -0.205627 -0.151065
vn 0.307828 -0.614465 -0.726412
vn 0.632589 -0.066765 -0.771604
vn -0.303048 -0.259909 -0.916847
vn 0.032277 0.281584 -0.958994
vn -0.826186 0.101042 -0.554263
vn -0.481613 0.636142 -0.602804
vn -0.954970 0.256519 0.149095
vn -0.608259 0.788841 0.088040
vn -0.613815 0.115524 0.780951
vn -0.273269 0.650256 0.708866
vn 0.434126 -0.655915 0.617503
vn 0.821224 -0.160303 0.547626
vn 0.355436 0.262312 0.897139
vn -0.039109 -0.226159 0.973305
vn 0.546197 -0.833564 -0.082697
vn 0.931572 -0.335050 -0.141119
vn 0.231951 -0.655356 -0.718823
vn 0.622242 -0.159442 -0.766416
vn -0.325990 -0.224714 -0.918278
vn 0.073726 0.263842 -0.961744
vn -0.800517 0.205823 -0.562858
vn -0.391957 0.686648 -0.612278
vn -0.912980 0.383685 0.138755
vn -0.502456 0.861214 0.076477
vn -0.597460 0.204711 0.775329
vn -0.193157 0.685627 0.701859
vn 0.489069 -0.617557 0.615983
vn 0.838123 -0.104066 0.535463
vn 0.351723 0.293056 0.889049
vn -0.005060 -0.213962 0.976829
vn 0.599628 -0.795661 -0.085846
vn 0.947553 -0.279560 -0.154886
vn 0.262394 -0.645067 -0.717662
vn 0.615822 -0.131262 -0.776874
vn -0.325115 -0.253551 -0.911050
vn 0.037527 0.254227 -0.966416
vn -0.820656 0.149749 -0.551452
vn -0.449246 0.650408 -0.612493
vn -0.932164 0.328897 0.151316
vn -0.558311 0.825991 0.077635
vn -0.594005 0.178099 0.784499
vn -0.226516 0.678026 0.699265
vn 0.807596 0.190317 0.558183
vn 0.979158 0.067467 -0.191567
vn 0.978656 0.001422 -0.205499
vn 0.816613 0.129366 0.562501
vn 0.547506 -0.080235 -0.832946
vn 0.527739 -0.144111 -0.837092
vn -0.224811 -0.158369 -0.961447
vn -0.235013 -0.214694 -0.947985
vn -0.850268 -0.121394 -0.512160
vn -0.842833 -0.175217 -0.508853
vn -0.976735 -0.000366 0.214451
vn -0.978033 -0.056868 0.200542
vn -0.567621 0.135361 0.812086
vn -0.585424 0.077564 0.807009
vn 0.159285 0.215255 0.963480
vn 0.150108 0.157676 0.976015
vn 0.825381 0.082820 0.558469
vn 0.977084 -0.051952 -0.206416
vn 0.943433 -0.283627 -0.171724
vn 0.787896 -0.147010 0.598003
vn 0.527030 -0.066613 -0.847232
vn 0.493725 -0.284455 -0.821780
vn -0.213110 0.041419 -0.976150
vn -0.250860 -0.155994 -0.955372
vn -0.797489 0.198990 -0.569574
vn -0.838128 0.016608 -0.545221
vn -0.938793 0.321929 0.122597
vn -0.978247 0.140691 0.152445
vn -0.562279 0.347259 0.750502
vn -0.600235 0.153324 0.784991
vn 0.167361 0.251333 0.953321
vn 0.128939 0.037290 0.990951
vn 0.789351 -0.135941 0.598702
vn 0.943261 -0.288751 -0.163955
vn 0.850778 -0.506758 -0.139191
vn 0.696054 -0.349736 0.627051
vn 0.533097 -0.175188 -0.827718
vn 0.444260 -0.382406 -0.810184
vn -0.158613 0.121581 -0.979827
vn -0.245976 -0.065642 -0.967051
vn -0.702850 0.411490 -0.580240
vn -0.789707 0.240274 -0.564474
vn -0.831381 0.544922 0.108931
vn -0.917117 0.376682 0.130413
vn -0.490062 0.459557 0.740707
vn -0.576359 0.280633 0.767500
vn 0.175550 0.182458 0.967415
vn 0.086233 -0.015139 0.996160
vn 0.727127 -0.309134 0.612961
vn 0.859871 -0.492457 -0.134568
vn 0.727277 -0.677077 -0.112406
vn 0.598002 -0.493192 0.631787
vn 0.512835 -0.299675 -0.804484
vn 0.387814 -0.484240 -0.784291
vn -0.086262 0.139068 -0.986519
vn -0.208342 -0.037076 -0.977353
vn -0.573724 0.552929 -0.604244
vn -0.701136 0.391879 -0.595683
vn -0.689022 0.717786 0.100156
vn -0.817807 0.562541 0.121404
vn -0.377431 0.550451 0.744681
vn -0.500460 0.385727 0.775084
vn 0.204060 0.130557 0.970214
vn 0.083011 -0.048142 0.995385
vn 0.724502 -0.343410 0.597634
vn 0.836053 -0.535341 -0.120109
vn 0.705588 -0.702322 -0.094281
vn 0.596220 -0.512283 0.618132
vn 0.516159 -0.352783 -0.780464
vn 0.389643 -0.527704 -0.754789
vn -0.054558 0.104052 -0.993074
vn -0.185463 -0.075139 -0.979774
vn -0.538133 0.565319 -0.625162
vn -0.683658 0.394846 -0.613766
vn -0.646318 0.755917 0.104227
vn -0.795244 0.591463 0.133259
vn -0.317994 0.565293 0.761133
vn -0.452760 0.394602 0.799561
vn 0.249295 0.109965 0.962164
vn 0.124285 -0.064628 0.990140
vn 0.797680 -0.233954 0.555853
vn 0.904429 -0.400752 -0.146308
vn 0.857457 -0.492207 -0.149999
vn 0.751929 -0.324850 0.573651
vn 0.559164 -0.286090 -0.778131
vn 0.495545 -0.370713 -0.785498
vn -0.069834 0.057930 -0.995875
vn -0.139022 -0.026586 -0.989932
vn -0.632162 0.446591 -0.633188
vn -0.695745 0.353754 -0.625138
vn -0.763520 0.635009 0.117473
vn -0.832121 0.542095 0.117079
vn -0.373563 0.499940 0.781352
vn -0.451278 0.416267 0.789348
vn 0.280314 0.133806 0.950537
vn 0.214364 0.051054 0.975419
s 1
g group2 sweep1
usemtl lambert4SG
f 691/1028/699 692/1025/700 693/1026/701 694/1027/702
f 692/1032/700 691/1029/699 695/1030/703 696/1031/704
f 696/1031/704 695/1030/703 697/1033/705 698/1034/706
f 698/1034/706 697/1033/705 699/1035/707 700/1036/708
f 700/1036/708 699/1035/707 701/1037/709 702/1038/710
f 702/1038/710 701/1037/709 703/1039/711 704/1040/712
f 704/1040/712 703/1039/711 705/1041/713 706/1042/714
f 706/1042/714 705/1041/713 694/1027/702 693/1026/701
f 707/1046/715 708/1043/716 709/1044/717 710/1045/718
f 708/1050/716 707/1047/715 711/1048/719 712/1049/720
f 712/1049/720 711/1048/719 713/1051/721 714/1052/722
f 714/1052/722 713/1051/721 715/1053/723 716/1054/724
f 716/1054/724 715/1053/723 717/1055/725 718/1056/726
f 718/1056/726 717/1055/725 719/1057/727 720/1058/728
f 720/1058/728 719/1057/727 721/1059/729 722/1060/730
f 722/1060/730 721/1059/729 710/1045/718 709/1044/717
f 723/1064/731 724/1061/732 725/1062/733 726/1063/734
f 724/1068/732 723/1065/731 727/1066/735 728/1067/736
f 728/1067/736 727/1066/735 729/1069/737 730/1070/738
f 730/1070/738 729/1069/737 731/1071/739 732/1072/740
f 732/1072/740 731/1071/739 733/1073/741 734/1074/742
f 734/1074/742 733/1073/741 735/1075/743 736/1076/744
f 736/1076/744 735/1075/743 737/1077/745 738/1078/746
f 738/1078/746 737/1077/745 726/1063/734 725/1062/733
f 739/1082/747 740/1079/748 741/1080/749 742/1081/750
f 740/1086/748 739/1083/747 743/1084/751 744/1085/752
f 744/1085/752 743/1084/751 745/1087/753 746/1088/754
f 746/1088/754 745/1087/753 747/1089/755 748/1090/756
f 748/1090/756 747/1089/755 749/1091/757 750/1092/758
f 750/1092/758 749/1091/757 751/1093/759 752/1094/760
f 752/1094/760 751/1093/759 753/1095/761 754/1096/762
f 754/1096/762 753/1095/761 742/1081/750 741/1080/749
f 755/1100/763 756/1097/764 757/1098/765 758/1099/766
f 756/1104/764 755/1101/763 759/1102/767 760/1103/768
f 760/1103/768 759/1102/767 761/1105/769 762/1106/770
f 762/1106/770 761/1105/769 763/1107/771 764/1108/772
f 764/1108/772 763/1107/771 765/1109/773 766/1110/774
f 766/1110/774 765/1109/773 767/1111/775 768/1112/776
f 768/1112/776 767/1111/775 769/1113/777 770/1114/778
f 770/1114/778 769/1113/777 758/1099/766 757/1098/765
f 595/924/779 596/926/780 613/927/781 611/925/782
f 596/926/780 597/928/783 615/929/784 613/927/781
f 597/928/783 598/930/785 617/931/786 615/929/784
f 598/930/785 599/932/787 619/933/788 617/931/786
f 599/932/787 600/934/789 621/935/790 619/933/788
f 600/934/789 601/936/791 623/937/792 621/935/790
f 601/936/791 602/938/793 625/940/794 623/937/792
f 602/938/793 595/939/779 611/913/782 625/940/794
f 612/941/795 614/942/796 629/945/797 627/943/798
f 614/942/796 616/944/799 631/947/800 629/945/797
f 616/944/799 618/946/801 633/949/802 631/947/800
f 618/946/801 620/948/803 635/951/804 633/949/802
f 620/948/803 622/950/805 637/953/806 635/951/804
f 622/950/805 624/952/807 639/955/808 637/953/806
f 624/952/807 626/954/809 641/957/810 639/955/808
f 626/954/809 612/956/795 627/915/798 641/957/810
f 628/958/811 630/959/812 645/962/813 643/960/814
f 630/959/812 632/961/815 647/964/816 645/962/813
f 632/961/815 634/963/817 649/966/818 647/964/816
f 634/963/817 636/965/819 651/968/820 649/966/818
f 636/965/819 638/967/821 653/970/822 651/968/820
f 638/967/821 640/969/823 655/972/824 653/970/822
f 640/969/823 642/971/825 657/974/826 655/972/824
f 642/971/825 628/973/811 643/917/814 657/974/826
f 644/975/827 646/976/828 661/979/829 659/977/830
f 646/976/828 648/978/831 663/981/832 661/979/829
f 648/978/831 650/980/833 665/983/834 663/981/832
f 650/980/833 652/982/835 667/985/836 665/983/834
f 652/982/835 654/984/837 669/987/838 667/985/836
f 654/984/837 656/986/839 671/989/840 669/987/838
f 656/986/839 658/988/841 673/991/842 671/989/840
f 658/988/841 644/990/827 659/919/830 673/991/842
f 660/920/843 662/992/844 677/995/845 675/993/846
f 662/992/844 664/994/847 679/997/848 677/995/845
f 664/994/847 666/996/849 681/999/850 679/997/848
f 666/996/849 668/998/851 683/1001/852 681/999/850
f 668/998/851 670/1000/853 685/1003/854 683/1001/852
f 670/1000/853 672/1002/855 687/1005/856 685/1003/854
f 672/1002/855 674/1004/857 689/1007/858 687/1005/856
f 674/1004/857 660/1006/843 675/921/846 689/1007/858
f 676/923/859 678/1008/860 604/1009/861 603/1010/862
f 678/1008/860 680/1011/863 605/1012/864 604/1009/861
f 680/1011/863 682/1013/865 606/1014/866 605/1012/864
f 682/1013/865 684/1015/867 607/1016/868 606/1014/866
f 684/1015/867 686/1017/869 608/1018/870 607/1016/868
f 686/1017/869 688/1019/871 609/1020/872 608/1018/870
f 688/1019/871 690/1021/873 610/1022/874 609/1020/872
f 690/1021/873 676/1023/859 603/1024/862 610/1022/874
f 612/956/795 626/954/809 693/1026/701 692/1025/700
f 625/940/794 611/913/782 691/1028/699 694/1027/702
f 611/925/782 613/927/781 695/1030/703 691/1029/699
f 614/942/796 612/914/795 692/1032/700 696/1031/704
f 613/927/781 615/929/784 697/1033/705 695/1030/703
f 616/944/799 614/942/796 696/1031/704 698/1034/706
f 615/929/784 617/931/786 699/1035/707 697/1033/705
f 618/946/801 616/944/799 698/1034/706 700/1036/708
f 617/931/786 619/933/788 701/1037/709 699/1035/707
f 620/948/803 618/946/801 700/1036/708 702/1038/710
f 619/933/788 621/935/790 703/1039/711 701/1037/709
f 622/950/805 620/948/803 702/1038/710 704/1040/712
f 621/935/790 623/937/792 705/1041/713 703/1039/711
f 624/952/807 622/950/805 704/1040/712 706/1042/714
f 623/937/792 625/940/794 694/1027/702 705/1041/713
f 626/954/809 624/952/807 706/1042/714 693/1026/701
f 628/973/811 642/971/825 709/1044/717 708/1043/716
f 641/957/810 627/915/798 707/1046/715 710/1045/718
f 627/943/798 629/945/797 711/1048/719 707/1047/715
f 630/959/812 628/916/811 708/1050/716 712/1049/720
f 629/945/797 631/947/800 713/1051/721 711/1048/719
f 632/961/815 630/959/812 712/1049/720 714/1052/722
f 631/947/800 633/949/802 715/1053/723 713/1051/721
f 634/963/817 632/961/815 714/1052/722 716/1054/724
f 633/949/802 635/951/804 717/1055/725 715/1053/723
f 636/965/819 634/963/817 716/1054/724 718/1056/726
f 635/951/804 637/953/806 719/1057/727 717/1055/725
f 638/967/821 636/965/819 718/1056/726 720/1058/728
f 637/953/806 639/955/808 721/1059/729 719/1057/727
f 640/969/823 638/967/821 720/1058/728 722/1060/730
f 639/955/808 641/957/810 710/1045/718 721/1059/729
f 642/971/825 640/969/823 722/1060/730 709/1044/717
f 644/990/827 658/988/841 725/1062/733 724/1061/732
f 657/974/826 643/917/814 723/1064/731 726/1063/734
f 643/960/814 645/962/813 727/1066/735 723/1065/731
f 646/976/828 644/918/827 724/1068/732 728/1067/736
f 645/962/813 647/964/816 729/1069/737 727/1066/735
f 648/978/831 646/976/828 728/1067/736 730/1070/738
f 647/964/816 649/966/818 731/1071/739 729/1069/737
f 650/980/833 648/978/831 730/1070/738 732/1072/740
f 649/966/818 651/968/820 733/1073/741 731/1071/739
f 652/982/835 650/980/833 732/1072/740 734/1074/742
f 651/968/820 653/970/822 735/1075/743 733/1073/741
f 654/984/837 652/982/835 734/1074/742 736/1076/744
f 653/970/822 655/972/824 737/1077/745 735/1075/743
f 656/986/839 654/984/837 736/1076/744 738/1078/746
f 655/972/824 657/974/826 726/1063/734 737/1077/745
f 658/988/841 656/986/839 738/1078/746 725/1062/733
f 660/1006/843 674/1004/857 741/1080/749 740/1079/748
f 673/991/842 659/919/830 739/1082/747 742/1081/750
f 659/977/830 661/979/829 743/1084/751 739/1083/747
f 662/992/844 660/920/843 740/1086/748 744/1085/752
f 661/979/829 663/981/832 745/1087/753 743/1084/751
f 664/994/847 662/992/844 744/1085/752 746/1088/754
f 663/981/832 665/983/834 747/1089/755 745/1087/753
f 666/996/849 664/994/847 746/1088/754 748/1090/756
f 665/983/834 667/985/836 749/1091/757 747/1089/755
f 668/998/851 666/996/849 748/1090/756 750/1092/758
f 667/985/836 669/987/838 751/1093/759 749/1091/757
f 670/1000/853 668/998/851 750/1092/758 752/1094/760
f 669/987/838 671/989/840 753/1095/761 751/1093/759
f 672/1002/855 670/1000/853 752/1094/760 754/1096/762
f 671/989/840 673/991/842 742/1081/750 753/1095/761
f 674/1004/857 672/1002/855 754/1096/762 741/1080/749
f 676/922/859 690/1021/873 757/1098/765 756/1097/764
f 689/1007/858 675/921/846 755/1100/763 758/1099/766
f 675/993/846 677/995/845 759/1102/767 755/1101/763
f 678/1008/860 676/923/859 756/1104/764 760/1103/768
f 677/995/845 679/997/848 761/1105/769 759/1102/767
f 680/1011/863 678/1008/860 760/1103/768 762/1106/770
f 679/997/848 681/999/850 763/1107/771 761/1105/769
f 682/1013/865 680/1011/863 762/1106/770 764/1108/772
f 681/999/850 683/1001/852 765/1109/773 763/1107/771
f 684/1015/867 682/1013/865 764/1108/772 766/1110/774
f 683/1001/852 685/1003/854 767/1111/775 765/1109/773
f 686/1017/869 684/1015/867 766/1110/774 768/1112/776
f 685/1003/854 687/1005/856 769/1113/777 767/1111/775
f 688/1019/871 686/1017/869 768/1112/776 770/1114/778
f 687/1005/856 689/1007/858 758/1099/766 769/1113/777
f 690/1021/873 688/1019/871 770/1114/778 757/1098/765
g default
v -290.427550 63.903157 -968.148423
v -298.745298 62.440285 -958.497895
v -297.840016 58.908603 -946.202959
v -288.242127 55.376921 -938.465868
v -275.573793 53.914053 -939.818883
v -267.256044 55.376921 -949.469306
v -268.161300 58.908603 -961.764242
v -277.759242 62.440285 -969.501333
v -359.994627 311.651546 -1036.789434
v -363.937063 312.102829 -1032.252789
v -364.378842 315.531631 -1027.315618
v -361.061137 319.929346 -1024.869957
v -355.927464 322.719814 -1026.348508
v -351.984975 322.268478 -1030.885153
v -351.543196 318.839676 -1035.822324
v -354.860901 314.442014 -1038.267880
v -288.184111 98.743393 -960.679637
v -288.254790 106.515386 -959.731222
v -295.910156 97.622587 -951.655643
v -295.856736 105.410970 -950.856263
v -294.945944 96.530932 -939.816376
v -294.915866 104.335040 -939.201123
v -285.866545 96.103285 -932.103725
v -285.974457 103.913535 -931.590718
v -273.994614 96.606997 -933.023628
v -274.269578 104.411869 -932.491613
v -266.277420 97.726295 -942.035194
v -266.663272 105.516911 -941.377852
v -267.229543 98.812630 -953.866524
v -267.614690 106.587318 -953.037169
v -276.300405 99.238606 -961.591708
v -276.560302 107.005024 -960.636086
v -290.873455 138.809816 -958.712310
v -291.770773 146.568708 -959.252889
v -298.026519 138.597086 -950.436625
v -298.803132 146.357532 -951.125299
v -297.322623 139.687605 -939.578567
v -298.120149 147.427345 -940.445520
v -289.183336 141.454891 -932.500699
v -290.115407 149.166433 -933.471569
v -278.378726 142.861235 -933.341333
v -279.477221 150.552542 -934.296224
v -271.230309 143.079070 -941.605634
v -272.443896 150.767518 -942.436138
v -271.923239 141.987403 -952.459514
v -273.138027 149.692534 -953.116857
v -280.057878 140.217896 -959.548662
v -281.143971 147.952532 -960.078901
v -296.404913 177.254065 -964.569384
v -297.823698 184.699234 -966.528043
v -303.118704 178.194609 -957.252454
v -304.415269 185.623654 -959.351062
v -302.824054 181.250575 -947.766836
v -304.135136 188.627101 -950.035786
v -295.703575 184.642771 -941.672267
v -297.145781 191.962534 -944.042000
v -285.927538 186.375502 -942.528984
v -287.537786 193.666714 -944.880963
v -279.214529 185.432034 -949.833800
v -280.942194 192.737724 -952.062017
v -279.497195 182.373222 -959.316910
v -281.226792 189.728416 -961.378129
v -286.617648 178.989876 -965.424744
v -288.221343 186.403048 -967.370035
v -304.858824 214.957237 -977.370330
v -306.859494 221.961527 -980.236047
v -310.985691 216.052638 -970.856018
v -312.860956 223.035479 -973.855939
v -310.946004 219.717487 -962.628270
v -312.827561 226.625406 -965.794146
v -304.765873 223.798854 -957.506346
v -306.774402 230.626772 -960.767784
v -296.068565 225.912032 -958.488914
v -298.245477 232.699819 -961.727062
v -289.944752 224.818106 -964.998108
v -292.238898 231.625266 -968.111451
v -289.979479 221.156664 -973.223976
v -292.276574 228.032729 -976.177944
v -296.156921 217.074814 -978.351331
v -298.335269 224.032877 -981.200233
v -316.626367 250.518145 -993.459346
v -319.696341 256.790288 -996.999534
v -322.057798 251.384889 -987.585040
v -325.000095 257.637188 -991.262878
v -322.276050 255.337638 -980.578922
v -325.217303 261.497196 -984.418224
v -317.152559 260.046113 -976.542124
v -320.209949 266.102718 -980.462994
v -309.692678 262.756005 -977.837488
v -312.905316 268.755509 -981.718357
v -304.267357 261.892316 -983.708766
v -307.592163 267.906546 -987.460130
v -304.047303 257.950089 -990.714153
v -307.383885 264.047009 -994.315855
v -309.169514 253.250858 -994.759828
v -312.408001 259.453758 -998.273278
v -335.147519 279.986624 -1012.909436
v -339.134264 285.456463 -1016.858713
v -339.761946 280.493365 -1007.556596
v -343.625425 285.944117 -1011.639556
v -340.446155 284.722044 -1001.916965
v -344.300836 290.077390 -1006.152929
v -336.805053 290.194311 -999.300859
v -340.756497 295.422398 -1003.603873
v -330.981922 293.711756 -1001.241241
v -335.079816 298.860495 -1005.495169
v -326.378644 293.209506 -1006.590844
v -330.586383 298.368167 -1010.708791
v -325.682946 288.977198 -1012.217107
v -329.912618 294.240037 -1016.197298
v -329.311698 283.498535 -1014.835093
v -333.452622 288.891636 -1018.744996
v -289.320942 100.899169 -962.602892
v -289.291836 104.883648 -962.012286
v -275.780955 105.385036 -963.064097
v -275.621084 101.406340 -963.661909
v -298.227317 99.648734 -952.199355
v -298.073870 103.649943 -951.754443
v -297.116603 98.387326 -938.552658
v -296.986445 102.404945 -938.295736
v -286.649659 97.850839 -929.662659
v -286.657518 101.874536 -929.507357
v -272.961211 98.361719 -930.728674
v -273.136174 102.379684 -930.554468
v -264.062799 99.610594 -941.123750
v -264.348572 103.613938 -940.824218
v -265.161849 100.869900 -954.762824
v -265.446793 104.857068 -954.287937
v -292.151123 140.260116 -960.997238
v -292.591623 144.561863 -961.207579
v -280.158330 146.142608 -962.172183
v -279.529271 141.865404 -961.967795
v -300.499720 140.046903 -951.345249
v -300.819566 144.350217 -951.708072
v -299.681965 141.341196 -938.679656
v -300.022725 145.624053 -939.220757
v -290.185322 143.390326 -930.421204
v -290.660633 147.645010 -931.066222
v -277.574717 144.993029 -931.399802
v -278.216505 149.228105 -932.024455
v -269.229926 145.209650 -941.035812
v -269.986747 149.441305 -941.540464
v -270.036715 143.915879 -953.697854
v -270.794508 148.164218 -954.024958
v -297.702607 178.082375 -967.082722
v -298.501315 182.509241 -968.132443
v -287.114748 184.539037 -969.131930
v -286.131312 180.144704 -968.099440
v -305.629784 179.129199 -958.413195
v -306.306297 183.539550 -959.599106
v -305.267078 182.664934 -947.170591
v -305.957854 187.022296 -948.526948
v -296.834949 186.624668 -939.945150
v -297.656862 190.924888 -941.402082
v -285.273348 188.684216 -940.959780
v -286.263278 192.955872 -942.398957
v -277.347672 187.636727 -949.622727
v -278.454934 191.922286 -950.938143
v -277.700443 184.100182 -960.862407
v -278.809741 188.435271 -962.010928
v -306.263810 215.575323 -980.043356
v -307.259125 219.217039 -981.421540
v -296.984330 221.746304 -982.595754
v -295.811370 218.150607 -981.235324
v -313.622196 216.866640 -972.203079
v -314.492177 220.487102 -973.713275
v -313.573364 221.267448 -962.306074
v -314.449318 224.812649 -963.984000
v -306.149299 226.194358 -956.155630
v -307.152251 229.659114 -957.929849
v -295.701480 228.765868 -957.353133
v -296.872867 232.190650 -959.103749
v -288.346971 227.475257 -965.189755
v -289.635461 230.920769 -966.814207
v -288.390561 223.078952 -975.079971
v -289.682302 226.592403 -976.546720
v -318.173358 250.685875 -996.149396
v -319.661824 253.731228 -997.777817
v -310.724710 257.096400 -999.395064
v -309.067692 254.119325 -997.793588
v -324.822312 251.722385 -988.930534
v -326.183003 254.748025 -990.696503
v -325.113464 256.617937 -980.365343
v -326.472379 259.550625 -982.292984
v -318.879023 262.494959 -975.474126
v -320.353684 265.323391 -977.483125
v -309.775459 265.911255 -977.120406
v -311.406309 268.684751 -979.089614
v -303.134449 264.876650 -984.334254
v -304.878550 267.666936 -986.173748
v -302.839041 259.991308 -992.892449
v -304.594709 262.863369 -994.587294
v -337.086962 279.948556 -1015.801994
v -338.630356 282.401711 -1017.320754
v -331.337486 286.604514 -1019.596074
v -329.643007 284.231726 -1018.121910
v -342.905289 280.612478 -1009.099691
v -344.328108 283.049784 -1010.753700
v -343.694708 285.835291 -1001.934824
v -345.103610 288.171473 -1003.739122
v -338.987187 292.560075 -998.511401
v -340.492291 294.767823 -1000.380346
v -331.547775 296.845099 -1000.838522
v -333.199213 298.974256 -1002.657233
v -325.733626 296.182195 -1007.541244
v -327.497127 298.323441 -1009.225645
v -324.940982 290.959356 -1014.695979
v -326.724457 293.201882 -1016.241789
vt 0.361607 0.125840
vt 0.000000 0.139732
vt 0.361607 0.267880
vt 0.361607 0.281763
vt 0.000000 0.295632
vt 0.361607 0.406608
vt 0.000000 0.434316
vt 0.361608 0.550288
vt 0.000000 0.564110
vt 0.361607 0.694070
vt 0.000830 0.707974
vt 0.361607 0.835006
vt 0.361607 0.848826
vt 0.000000 0.862646
vt 0.000000 0.000000
vt 0.000000 0.125840
vt 0.045201 0.000000
vt 0.045201 0.125935
vt 0.090402 0.000000
vt 0.090402 0.126694
vt 0.135603 0.000000
vt 0.135603 0.127544
vt 0.180804 0.000000
vt 0.180804 0.128073
vt 0.226005 0.000000
vt 0.226005 0.128005
vt 0.271206 0.000000
vt 0.271206 0.127384
vt 0.316407 0.000000
vt 0.361607 0.000000
vt 0.316406 0.126499
vt 0.000000 0.153622
vt 0.045201 0.153345
vt 0.000000 0.267879
vt 0.090402 0.152657
vt 0.045201 0.268185
vt 0.135603 0.151996
vt 0.090402 0.268851
vt 0.180804 0.151757
vt 0.135603 0.269486
vt 0.226005 0.151972
vt 0.180804 0.269755
vt 0.271205 0.152573
vt 0.226005 0.269533
vt 0.316407 0.153287
vt 0.271206 0.268930
vt 0.361607 0.153622
vt 0.316407 0.268225
vt 0.045201 0.295235
vt 0.000000 0.406609
vt 0.090402 0.294519
vt 0.045201 0.407031
vt 0.135603 0.293970
vt 0.090402 0.407711
vt 0.180804 0.293847
vt 0.135603 0.408270
vt 0.226005 0.294182
vt 0.180804 0.408404
vt 0.271205 0.294851
vt 0.226005 0.408048
vt 0.316406 0.295472
vt 0.271206 0.407388
vt 0.361607 0.295632
vt 0.316406 0.406784
vt 0.045201 0.434222
vt 0.000000 0.550288
vt 0.090402 0.433867
vt 0.045201 0.550385
vt 0.135603 0.433518
vt 0.090402 0.550728
vt 0.180804 0.433338
vt 0.135603 0.551083
vt 0.226005 0.433409
vt 0.180804 0.551269
vt 0.271206 0.433726
vt 0.226005 0.551186
vt 0.316406 0.434120
vt 0.271206 0.550871
vt 0.361607 0.434316
vt 0.316407 0.550507
vt 0.000000 0.577931
vt 0.045201 0.577976
vt 0.000000 0.694071
vt 0.090402 0.577707
vt 0.045201 0.694020
vt 0.135603 0.577285
vt 0.090402 0.694325
vt 0.180804 0.576980
vt 0.135603 0.694734
vt 0.226005 0.576939
vt 0.180804 0.695019
vt 0.271206 0.577182
vt 0.226004 0.695073
vt 0.316407 0.577602
vt 0.271206 0.694827
vt 0.361607 0.577930
vt 0.316406 0.694463
vt 0.000000 0.721889
vt 0.045201 0.722015
vt 0.000000 0.835006
vt 0.090402 0.721663
vt 0.045201 0.834880
vt 0.135603 0.721033
vt 0.090402 0.835245
vt 0.180804 0.720512
vt 0.135603 0.835855
vt 0.226004 0.720402
vt 0.180804 0.836370
vt 0.271206 0.720723
vt 0.226005 0.836492
vt 0.316407 0.721384
vt 0.271205 0.836144
vt 0.361607 0.721889
vt 0.316406 0.835529
vt 0.045201 0.862621
vt 0.045201 1.000000
vt 0.000000 1.000000
vt 0.090402 0.862730
vt 0.090402 1.000000
vt 0.135603 0.862853
vt 0.135603 1.000000
vt 0.180804 0.862986
vt 0.180804 1.000000
vt 0.226005 0.862987
vt 0.226005 1.000000
vt 0.271206 0.862892
vt 0.271206 1.000000
vt 0.316407 0.862750
vt 0.316406 1.000000
vt 0.361607 0.862647
vt 0.361607 1.000000
vt 0.361607 0.153622
vt 0.316407 0.153287
vt 0.316406 0.126499
vt 0.361607 0.125840
vt 0.000000 0.125840
vt 0.045201 0.125935
vt 0.045201 0.153345
vt 0.000000 0.139732
vt 0.090402 0.126694
vt 0.090402 0.152657
vt 0.135603 0.127544
vt 0.135603 0.151996
vt 0.180804 0.128073
vt 0.180804 0.151757
vt 0.226005 0.128005
vt 0.226005 0.151972
vt 0.271206 0.127384
vt 0.271205 0.152573
vt 0.361607 0.281763
vt 0.316406 0.295472
vt 0.316407 0.268225
vt 0.361607 0.267880
vt 0.000000 0.267879
vt 0.045201 0.268185
vt 0.045201 0.295235
vt 0.000000 0.295632
vt 0.090402 0.268851
vt 0.090402 0.294519
vt 0.135603 0.269486
vt 0.135603 0.293970
vt 0.180804 0.269755
vt 0.180804 0.293847
vt 0.226005 0.269533
vt 0.226005 0.294182
vt 0.271206 0.268930
vt 0.271205 0.294851
vt 0.361607 0.434316
vt 0.316406 0.434120
vt 0.316406 0.406784
vt 0.361607 0.406608
vt 0.000000 0.406609
vt 0.045201 0.407031
vt 0.045201 0.434222
vt 0.000000 0.434316
vt 0.090402 0.407711
vt 0.090402 0.433867
vt 0.135603 0.408270
vt 0.135603 0.433518
vt 0.180804 0.408404
vt 0.180804 0.433338
vt 0.226005 0.408048
vt 0.226005 0.433409
vt 0.271206 0.407388
vt 0.271206 0.433726
vt 0.361607 0.577930
vt 0.316407 0.577602
vt 0.316407 0.550507
vt 0.361608 0.550288
vt 0.000000 0.550288
vt 0.045201 0.550385
vt 0.045201 0.577976
vt 0.000000 0.564110
vt 0.090402 0.550728
vt 0.090402 0.577707
vt 0.135603 0.551083
vt 0.135603 0.577285
vt 0.180804 0.551269
vt 0.180804 0.576980
vt 0.226005 0.551186
vt 0.226005 0.576939
vt 0.271206 0.550871
vt 0.271206 0.577182
vt 0.361607 0.721889
vt 0.316407 0.721384
vt 0.316406 0.694463
vt 0.361607 0.694070
vt 0.000000 0.694071
vt 0.045201 0.694020
vt 0.045201 0.722015
vt 0.000830 0.707974
vt 0.090402 0.694325
vt 0.090402 0.721663
vt 0.135603 0.694734
vt 0.135603 0.721033
vt 0.180804 0.695019
vt 0.180804 0.720512
vt 0.226004 0.695073
vt 0.226004 0.720402
vt 0.271206 0.694827
vt 0.271206 0.720723
vt 0.361607 0.848826
vt 0.316407 0.862750
vt 0.316406 0.835529
vt 0.361607 0.835006
vt 0.000000 0.835006
vt 0.045201 0.834880
vt 0.045201 0.862621
vt 0.000000 0.862646
vt 0.090402 0.835245
vt 0.090402 0.862730
vt 0.135603 0.835855
vt 0.135603 0.862853
vt 0.180804 0.836370
vt 0.180804 0.862986
vt 0.226005 0.836492
vt 0.226005 0.862987
vt 0.271205 0.836144
vt 0.271206 0.862892
vn -0.431814 -0.205223 -0.878305
vn -0.435284 0.414525 -0.799186
vn 0.279878 0.434521 -0.856072
vn 0.301265 -0.184464 -0.935528
vn -0.908329 -0.267698 -0.321368
vn -0.899574 0.353940 -0.255918
vn -0.848920 -0.335098 0.408711
vn -0.842140 0.288275 0.455738
vn -0.289047 -0.368677 0.883475
vn -0.295940 0.255185 0.920489
vn 0.443302 -0.348640 0.825792
vn 0.420199 0.274379 0.864956
vn 0.919369 -0.286573 0.269510
vn 0.885965 0.334818 0.320878
vn 0.860632 -0.218396 -0.460017
vn 0.827670 0.401390 -0.392235
vn -0.387548 -0.401355 -0.829892
vn -0.455031 0.193803 -0.869130
vn 0.259104 0.280355 -0.924266
vn 0.343113 -0.312531 -0.885775
vn -0.871101 -0.408802 -0.272146
vn -0.927303 0.186585 -0.324493
vn -0.823981 -0.331006 0.459880
vn -0.881997 0.262596 0.391311
vn -0.274585 -0.213668 0.937523
vn -0.344859 0.377343 0.859468
vn 0.455281 -0.125415 0.881471
vn 0.369798 0.463609 0.805181
vn 0.938423 -0.117706 0.324820
vn 0.843011 0.471047 0.259705
vn 0.892230 -0.195043 -0.407288
vn 0.797015 0.395241 -0.456675
vn -0.342634 -0.561581 -0.753146
vn -0.446162 -0.011260 -0.894881
vn 0.263501 0.116827 -0.957559
vn 0.382842 -0.430614 -0.817315
vn -0.838388 -0.504344 -0.206743
vn -0.931816 0.044255 -0.360223
vn -0.813560 -0.293294 0.502095
vn -0.908472 0.250546 0.334523
vn -0.283098 -0.051888 0.957686
vn -0.388841 0.487226 0.781930
vn 0.442188 0.078761 0.893458
vn 0.322657 0.615440 0.719114
vn 0.937615 0.022146 0.346970
vn 0.808193 0.559844 0.182752
vn 0.913012 -0.188784 -0.361621
vn 0.783117 0.353241 -0.511810
vn -0.284877 -0.692070 -0.663238
vn -0.441443 -0.138484 -0.886538
vn 0.251137 0.036388 -0.967267
vn 0.424435 -0.513059 -0.746073
vn -0.784142 -0.607018 -0.129034
vn -0.929446 -0.055601 -0.364745
vn -0.780776 -0.308008 0.543618
vn -0.926539 0.236475 0.292582
vn -0.276831 0.029684 0.960460
vn -0.434117 0.566651 0.700321
vn 0.432006 0.208469 0.877446
vn 0.258866 0.741463 0.619049
vn 0.930959 0.123696 0.343534
vn 0.746201 0.658615 0.097003
vn 0.928011 -0.175104 -0.328838
vn 0.742979 0.366532 -0.560033
vn -0.189389 -0.804161 -0.563434
vn -0.437696 -0.296829 -0.848714
vn 0.217387 -0.032639 -0.975540
vn 0.481034 -0.534777 -0.694708
vn -0.682090 -0.730880 -0.023822
vn -0.919785 -0.225464 -0.321188
vn -0.708629 -0.357856 0.608098
vn -0.944707 0.139457 0.296785
vn -0.252904 0.095596 0.962757
vn -0.498385 0.582556 0.642060
vn 0.418226 0.363203 0.832569
vn 0.155770 0.843791 0.513568
vn 0.911164 0.289569 0.293138
vn 0.635110 0.772329 -0.011934
vn 0.937048 -0.082158 -0.339399
vn 0.661227 0.409952 -0.628266
vn -0.096005 -0.872172 -0.479687
vn -0.435156 -0.393786 -0.809674
vn 0.174121 -0.075843 -0.981799
vn 0.531323 -0.538296 -0.654166
vn -0.577195 -0.813807 0.067557
vn -0.898443 -0.336246 -0.282382
vn -0.631022 -0.397185 0.666375
vn -0.952628 0.062455 0.297657
vn -0.223567 0.131823 0.965733
vn -0.560127 0.576026 0.595359
vn 0.403668 0.460598 0.790507
vn 0.053311 0.901968 0.428498
vn 0.882123 0.401291 0.246626
vn 0.524359 0.844902 -0.105778
vn 0.936130 -0.010156 -0.351508
vn 0.574153 0.438334 -0.691528
vn -0.441404 0.214727 -0.871238
vn -0.953470 0.129416 -0.272298
vn -0.957928 0.049220 -0.282757
vn -0.445580 0.133886 -0.885174
vn -0.867930 -0.017691 0.496371
vn -0.868898 -0.090981 0.486559
vn -0.263786 -0.133772 0.955260
vn -0.265093 -0.198447 0.943581
vn 0.470508 -0.155339 0.868615
vn 0.466595 -0.215623 0.857785
vn 0.943900 -0.077814 0.320931
vn 0.939623 -0.139658 0.312417
vn 0.910296 0.059855 -0.409609
vn 0.908256 -0.008264 -0.418333
vn 0.345156 0.183818 -0.920369
vn 0.343968 0.107990 -0.932751
vn -0.452594 0.085234 -0.887634
vn -0.958335 0.032322 -0.283812
vn -0.947781 -0.145604 -0.283744
vn -0.444071 -0.099123 -0.890492
vn -0.871688 0.029116 0.489195
vn -0.862534 -0.132736 0.488279
vn -0.282690 0.073924 0.956358
vn -0.276126 -0.072581 0.958377
vn 0.441801 0.137469 0.886518
vn 0.451522 -0.001816 0.892258
vn 0.921450 0.186787 0.340647
vn 0.937989 0.042951 0.343993
vn 0.892891 0.195345 -0.405693
vn 0.911092 0.036710 -0.410566
vn 0.329955 0.154166 -0.931323
vn 0.342007 -0.021763 -0.939446
vn -0.445970 -0.121275 -0.886794
vn -0.953446 -0.089743 -0.287901
vn -0.928700 -0.267276 -0.257060
vn -0.415485 -0.306899 -0.856262
vn -0.884274 0.064059 0.462553
vn -0.862762 -0.097350 0.496150
vn -0.322153 0.241111 0.915469
vn -0.297988 0.093695 0.949960
vn 0.393712 0.345026 0.852026
vn 0.421637 0.201718 0.884043
vn 0.891911 0.323858 0.315611
vn 0.922323 0.173228 0.345415
vn 0.885601 0.181528 -0.427502
vn 0.917393 0.015687 -0.397673
vn 0.332233 -0.006082 -0.943178
vn 0.364858 -0.186659 -0.912161
vn -0.410185 -0.300198 -0.861179
vn -0.933426 -0.210059 -0.290846
vn -0.895249 -0.378209 -0.235558
vn -0.368005 -0.469260 -0.802725
vn -0.902294 0.070855 0.425259
vn -0.871569 -0.088187 0.482277
vn -0.360053 0.367606 0.857454
vn -0.328027 0.221771 0.918268
vn 0.362267 0.513365 0.777959
vn 0.402131 0.373974 0.835724
vn 0.867482 0.433415 0.244184
vn 0.910667 0.289096 0.295142
vn 0.873200 0.167254 -0.457764
vn 0.913202 0.011948 -0.407332
vn 0.348880 -0.139890 -0.926668
vn 0.388266 -0.304224 -0.869884
vn -0.381782 -0.407523 -0.829559
vn -0.910175 -0.316876 -0.266779
vn -0.858648 -0.476593 -0.188635
vn -0.322196 -0.566401 -0.758538
vn -0.903999 0.026922 0.426687
vn -0.852122 -0.120465 0.509290
vn -0.380667 0.410177 0.828763
vn -0.325519 0.276019 0.904351
vn 0.332292 0.609003 0.720206
vn 0.385492 0.481758 0.786959
vn 0.833304 0.521598 0.183141
vn 0.884374 0.394628 0.249303
vn 0.850589 0.196934 -0.487561
vn 0.906413 0.063854 -0.417538
vn 0.354854 -0.189582 -0.915498
vn 0.417363 -0.335493 -0.844543
vn -0.307084 -0.583643 -0.751705
vn -0.839129 -0.518826 -0.163349
vn -0.749077 -0.658670 -0.070983
vn -0.226680 -0.721798 -0.653929
vn -0.869714 -0.069397 0.488653
vn -0.792277 -0.210860 0.572569
vn -0.399451 0.464184 0.790552
vn -0.336837 0.337777 0.878890
vn 0.248363 0.761125 0.599171
vn 0.316525 0.654655 0.686469
vn 0.718051 0.692903 0.065488
vn 0.797002 0.587668 0.139408
vn 0.784798 0.303465 -0.540371
vn 0.862130 0.180759 -0.473347
vn 0.378220 -0.226651 -0.897541
vn 0.449336 -0.363726 -0.815966
vn -0.301189 -0.650145 -0.697565
vn -0.793183 -0.595324 -0.128256
vn -0.753171 -0.652226 -0.085644
vn -0.260560 -0.707363 -0.657074
vn -0.861636 -0.155121 0.483240
vn -0.823103 -0.210790 0.527323
vn -0.461498 0.419621 0.781625
vn -0.423460 0.367606 0.827978
vn 0.178093 0.790688 0.585744
vn 0.219439 0.743627 0.631558
vn 0.677815 0.735193 0.007554
vn 0.723515 0.688604 0.048486
vn 0.740213 0.286172 -0.608433
vn 0.785961 0.234742 -0.571980
vn 0.332337 -0.287696 -0.898211
vn 0.374858 -0.343763 -0.860993
s 1
g group2 sweep5
usemtl lambert4SG
f 883/1249/875 884/1246/876 885/1247/877 886/1248/878
f 884/1253/876 883/1250/875 887/1251/879 888/1252/880
f 888/1252/880 887/1251/879 889/1254/881 890/1255/882
f 890/1255/882 889/1254/881 891/1256/883 892/1257/884
f 892/1257/884 891/1256/883 893/1258/885 894/1259/886
f 894/1259/886 893/1258/885 895/1260/887 896/1261/888
f 896/1261/888 895/1260/887 897/1262/889 898/1263/890
f 898/1263/890 897/1262/889 886/1248/878 885/1247/877
f 899/1267/891 900/1264/892 901/1265/893 902/1266/894
f 900/1271/892 899/1268/891 903/1269/895 904/1270/896
f 904/1270/896 903/1269/895 905/1272/897 906/1273/898
f 906/1273/898 905/1272/897 907/1274/899 908/1275/900
f 908/1275/900 907/1274/899 909/1276/901 910/1277/902
f 910/1277/902 909/1276/901 911/1278/903 912/1279/904
f 912/1279/904 911/1278/903 913/1280/905 914/1281/906
f 914/1281/906 913/1280/905 902/1266/894 901/1265/893
f 915/1285/907 916/1282/908 917/1283/909 918/1284/910
f 916/1289/908 915/1286/907 919/1287/911 920/1288/912
f 920/1288/912 919/1287/911 921/1290/913 922/1291/914
f 922/1291/914 921/1290/913 923/1292/915 924/1293/916
f 924/1293/916 923/1292/915 925/1294/917 926/1295/918
f 926/1295/918 925/1294/917 927/1296/919 928/1297/920
f 928/1297/920 927/1296/919 929/1298/921 930/1299/922
f 930/1299/922 929/1298/921 918/1284/910 917/1283/909
f 931/1303/923 932/1300/924 933/1301/925 934/1302/926
f 932/1307/924 931/1304/923 935/1305/927 936/1306/928
f 936/1306/928 935/1305/927 937/1308/929 938/1309/930
f 938/1309/930 937/1308/929 939/1310/931 940/1311/932
f 940/1311/932 939/1310/931 941/1312/933 942/1313/934
f 942/1313/934 941/1312/933 943/1314/935 944/1315/936
f 944/1315/936 943/1314/935 945/1316/937 946/1317/938
f 946/1317/938 945/1316/937 934/1302/926 933/1301/925
f 947/1321/939 948/1318/940 949/1319/941 950/1320/942
f 948/1325/940 947/1322/939 951/1323/943 952/1324/944
f 952/1324/944 951/1323/943 953/1326/945 954/1327/946
f 954/1327/946 953/1326/945 955/1328/947 956/1329/948
f 956/1329/948 955/1328/947 957/1330/949 958/1331/950
f 958/1331/950 957/1330/949 959/1332/951 960/1333/952
f 960/1333/952 959/1332/951 961/1334/953 962/1335/954
f 962/1335/954 961/1334/953 950/1320/942 949/1319/941
f 963/1339/955 964/1336/956 965/1337/957 966/1338/958
f 964/1343/956 963/1340/955 967/1341/959 968/1342/960
f 968/1342/960 967/1341/959 969/1344/961 970/1345/962
f 970/1345/962 969/1344/961 971/1346/963 972/1347/964
f 972/1347/964 971/1346/963 973/1348/965 974/1349/966
f 974/1349/966 973/1348/965 975/1350/967 976/1351/968
f 976/1351/968 975/1350/967 977/1352/969 978/1353/970
f 978/1353/970 977/1352/969 966/1338/958 965/1337/957
f 771/1129/971 772/1131/972 789/1132/973 787/1130/974
f 772/1131/972 773/1133/975 791/1134/976 789/1132/973
f 773/1133/975 774/1135/977 793/1136/978 791/1134/976
f 774/1135/977 775/1137/979 795/1138/980 793/1136/978
f 775/1137/979 776/1139/981 797/1140/982 795/1138/980
f 776/1139/981 777/1141/983 799/1142/984 797/1140/982
f 777/1141/983 778/1143/985 801/1145/986 799/1142/984
f 778/1143/985 771/1144/971 787/1115/974 801/1145/986
f 788/1146/987 790/1147/988 805/1150/989 803/1148/990
f 790/1147/988 792/1149/991 807/1152/992 805/1150/989
f 792/1149/991 794/1151/993 809/1154/994 807/1152/992
f 794/1151/993 796/1153/995 811/1156/996 809/1154/994
f 796/1153/995 798/1155/997 813/1158/998 811/1156/996
f 798/1155/997 800/1157/999 815/1160/1000 813/1158/998
f 800/1157/999 802/1159/1001 817/1162/1002 815/1160/1000
f 802/1159/1001 788/1161/987 803/1117/990 817/1162/1002
f 804/1119/1003 806/1163/1004 821/1166/1005 819/1164/1006
f 806/1163/1004 808/1165/1007 823/1168/1008 821/1166/1005
f 808/1165/1007 810/1167/1009 825/1170/1010 823/1168/1008
f 810/1167/1009 812/1169/1011 827/1172/1012 825/1170/1010
f 812/1169/1011 814/1171/1013 829/1174/1014 827/1172/1012
f 814/1171/1013 816/1173/1015 831/1176/1016 829/1174/1014
f 816/1173/1015 818/1175/1017 833/1178/1018 831/1176/1016
f 818/1175/1017 804/1177/1003 819/1120/1006 833/1178/1018
f 820/1121/1019 822/1179/1020 837/1182/1021 835/1180/1022
f 822/1179/1020 824/1181/1023 839/1184/1024 837/1182/1021
f 824/1181/1023 826/1183/1025 841/1186/1026 839/1184/1024
f 826/1183/1025 828/1185/1027 843/1188/1028 841/1186/1026
f 828/1185/1027 830/1187/1029 845/1190/1030 843/1188/1028
f 830/1187/1029 832/1189/1031 847/1192/1032 845/1190/1030
f 832/1189/1031 834/1191/1033 849/1194/1034 847/1192/1032
f 834/1191/1033 820/1193/1019 835/1122/1022 849/1194/1034
f 836/1195/1035 838/1196/1036 853/1199/1037 851/1197/1038
f 838/1196/1036 840/1198/1039 855/1201/1040 853/1199/1037
f 840/1198/1039 842/1200/1041 857/1203/1042 855/1201/1040
f 842/1200/1041 844/1202/1043 859/1205/1044 857/1203/1042
f 844/1202/1043 846/1204/1045 861/1207/1046 859/1205/1044
f 846/1204/1045 848/1206/1047 863/1209/1048 861/1207/1046
f 848/1206/1047 850/1208/1049 865/1211/1050 863/1209/1048
f 850/1208/1049 836/1210/1035 851/1124/1038 865/1211/1050
f 852/1212/1051 854/1213/1052 869/1216/1053 867/1214/1054
f 854/1213/1052 856/1215/1055 871/1218/1056 869/1216/1053
f 856/1215/1055 858/1217/1057 873/1220/1058 871/1218/1056
f 858/1217/1057 860/1219/1059 875/1222/1060 873/1220/1058
f 860/1219/1059 862/1221/1061 877/1224/1062 875/1222/1060
f 862/1221/1061 864/1223/1063 879/1226/1064 877/1224/1062
f 864/1223/1063 866/1225/1065 881/1228/1066 879/1226/1064
f 866/1225/1065 852/1227/1051 867/1126/1054 881/1228/1066
f 868/1128/1067 870/1229/1068 780/1230/1069 779/1231/1070
f 870/1229/1068 872/1232/1071 781/1233/1072 780/1230/1069
f 872/1232/1071 874/1234/1073 782/1235/1074 781/1233/1072
f 874/1234/1073 876/1236/1075 783/1237/1076 782/1235/1074
f 876/1236/1075 878/1238/1077 784/1239/1078 783/1237/1076
f 878/1238/1077 880/1240/1079 785/1241/1080 784/1239/1078
f 880/1240/1079 882/1242/1081 786/1243/1082 785/1241/1080
f 882/1242/1081 868/1244/1067 779/1245/1070 786/1243/1082
f 788/1161/987 802/1159/1001 885/1247/877 884/1246/876
f 801/1145/986 787/1115/974 883/1249/875 886/1248/878
f 787/1130/974 789/1132/973 887/1251/879 883/1250/875
f 790/1147/988 788/1116/987 884/1253/876 888/1252/880
f 789/1132/973 791/1134/976 889/1254/881 887/1251/879
f 792/1149/991 790/1147/988 888/1252/880 890/1255/882
f 791/1134/976 793/1136/978 891/1256/883 889/1254/881
f 794/1151/993 792/1149/991 890/1255/882 892/1257/884
f 793/1136/978 795/1138/980 893/1258/885 891/1256/883
f 796/1153/995 794/1151/993 892/1257/884 894/1259/886
f 795/1138/980 797/1140/982 895/1260/887 893/1258/885
f 798/1155/997 796/1153/995 894/1259/886 896/1261/888
f 797/1140/982 799/1142/984 897/1262/889 895/1260/887
f 800/1157/999 798/1155/997 896/1261/888 898/1263/890
f 799/1142/984 801/1145/986 886/1248/878 897/1262/889
f 802/1159/1001 800/1157/999 898/1263/890 885/1247/877
f 804/1118/1003 818/1175/1017 901/1265/893 900/1264/892
f 817/1162/1002 803/1117/990 899/1267/891 902/1266/894
f 803/1148/990 805/1150/989 903/1269/895 899/1268/891
f 806/1163/1004 804/1119/1003 900/1271/892 904/1270/896
f 805/1150/989 807/1152/992 905/1272/897 903/1269/895
f 808/1165/1007 806/1163/1004 904/1270/896 906/1273/898
f 807/1152/992 809/1154/994 907/1274/899 905/1272/897
f 810/1167/1009 808/1165/1007 906/1273/898 908/1275/900
f 809/1154/994 811/1156/996 909/1276/901 907/1274/899
f 812/1169/1011 810/1167/1009 908/1275/900 910/1277/902
f 811/1156/996 813/1158/998 911/1278/903 909/1276/901
f 814/1171/1013 812/1169/1011 910/1277/902 912/1279/904
f 813/1158/998 815/1160/1000 913/1280/905 911/1278/903
f 816/1173/1015 814/1171/1013 912/1279/904 914/1281/906
f 815/1160/1000 817/1162/1002 902/1266/894 913/1280/905
f 818/1175/1017 816/1173/1015 914/1281/906 901/1265/893
f 820/1193/1019 834/1191/1033 917/1283/909 916/1282/908
f 833/1178/1018 819/1120/1006 915/1285/907 918/1284/910
f 819/1164/1006 821/1166/1005 919/1287/911 915/1286/907
f 822/1179/1020 820/1121/1019 916/1289/908 920/1288/912
f 821/1166/1005 823/1168/1008 921/1290/913 919/1287/911
f 824/1181/1023 822/1179/1020 920/1288/912 922/1291/914
f 823/1168/1008 825/1170/1010 923/1292/915 921/1290/913
f 826/1183/1025 824/1181/1023 922/1291/914 924/1293/916
f 825/1170/1010 827/1172/1012 925/1294/917 923/1292/915
f 828/1185/1027 826/1183/1025 924/1293/916 926/1295/918
f 827/1172/1012 829/1174/1014 927/1296/919 925/1294/917
f 830/1187/1029 828/1185/1027 926/1295/918 928/1297/920
f 829/1174/1014 831/1176/1016 929/1298/921 927/1296/919
f 832/1189/1031 830/1187/1029 928/1297/920 930/1299/922
f 831/1176/1016 833/1178/1018 918/1284/910 929/1298/921
f 834/1191/1033 832/1189/1031 930/1299/922 917/1283/909
f 836/1210/1035 850/1208/1049 933/1301/925 932/1300/924
f 849/1194/1034 835/1122/1022 931/1303/923 934/1302/926
f 835/1180/1022 837/1182/1021 935/1305/927 931/1304/923
f 838/1196/1036 836/1123/1035 932/1307/924 936/1306/928
f 837/1182/1021 839/1184/1024 937/1308/929 935/1305/927
f 840/1198/1039 838/1196/1036 936/1306/928 938/1309/930
f 839/1184/1024 841/1186/1026 939/1310/931 937/1308/929
f 842/1200/1041 840/1198/1039 938/1309/930 940/1311/932
f 841/1186/1026 843/1188/1028 941/1312/933 939/1310/931
f 844/1202/1043 842/1200/1041 940/1311/932 942/1313/934
f 843/1188/1028 845/1190/1030 943/1314/935 941/1312/933
f 846/1204/1045 844/1202/1043 942/1313/934 944/1315/936
f 845/1190/1030 847/1192/1032 945/1316/937 943/1314/935
f 848/1206/1047 846/1204/1045 944/1315/936 946/1317/938
f 847/1192/1032 849/1194/1034 934/1302/926 945/1316/937
f 850/1208/1049 848/1206/1047 946/1317/938 933/1301/925
f 852/1227/1051 866/1225/1065 949/1319/941 948/1318/940
f 865/1211/1050 851/1124/1038 947/1321/939 950/1320/942
f 851/1197/1038 853/1199/1037 951/1323/943 947/1322/939
f 854/1213/1052 852/1125/1051 948/1325/940 952/1324/944
f 853/1199/1037 855/1201/1040 953/1326/945 951/1323/943
f 856/1215/1055 854/1213/1052 952/1324/944 954/1327/946
f 855/1201/1040 857/1203/1042 955/1328/947 953/1326/945
f 858/1217/1057 856/1215/1055 954/1327/946 956/1329/948
f 857/1203/1042 859/1205/1044 957/1330/949 955/1328/947
f 860/1219/1059 858/1217/1057 956/1329/948 958/1331/950
f 859/1205/1044 861/1207/1046 959/1332/951 957/1330/949
f 862/1221/1061 860/1219/1059 958/1331/950 960/1333/952
f 861/1207/1046 863/1209/1048 961/1334/953 959/1332/951
f 864/1223/1063 862/1221/1061 960/1333/952 962/1335/954
f 863/1209/1048 865/1211/1050 950/1320/942 961/1334/953
f 866/1225/1065 864/1223/1063 962/1335/954 949/1319/941
f 868/1127/1067 882/1242/1081 965/1337/957 964/1336/956
f 881/1228/1066 867/1126/1054 963/1339/955 966/1338/958
f 867/1214/1054 869/1216/1053 967/1341/959 963/1340/955
f 870/1229/1068 868/1128/1067 964/1343/956 968/1342/960
f 869/1216/1053 871/1218/1056 969/1344/961 967/1341/959
f 872/1232/1071 870/1229/1068 968/1342/960 970/1345/962
f 871/1218/1056 873/1220/1058 971/1346/963 969/1344/961
f 874/1234/1073 872/1232/1071 970/1345/962 972/1347/964
f 873/1220/1058 875/1222/1060 973/1348/965 971/1346/963
f 876/1236/1075 874/1234/1073 972/1347/964 974/1349/966
f 875/1222/1060 877/1224/1062 975/1350/967 973/1348/965
f 878/1238/1077 876/1236/1075 974/1349/966 976/1351/968
f 877/1224/1062 879/1226/1064 977/1352/969 975/1350/967
f 880/1240/1079 878/1238/1077 976/1351/968 978/1353/970
f 879/1226/1064 881/1228/1066 966/1338/958 977/1352/969
f 882/1242/1081 880/1240/1079 978/1353/970 965/1337/957
g default
v 238.435730 363.568496 -991.933836
v 264.943580 364.254260 -997.371031
v 285.161976 366.476582 -1015.230966
v 226.957134 356.214544 -1007.652854
v 255.889217 356.152939 -1016.542309
v 280.228839 359.529997 -1034.213469
v 218.638630 343.553856 -1027.404038
v 246.941096 343.228125 -1036.102596
v 270.726693 346.795643 -1053.374503
v 259.204616 331.200107 -1066.923027
v 238.863172 325.973219 -1054.458068
v 216.278603 328.528535 -1045.520646
v 273.100598 372.056838 -980.036820
v 283.755814 371.090264 -996.284228
v 253.901333 369.232221 -981.399153
v 219.248306 309.575370 -1061.134962
v 234.268804 307.347845 -1065.997762
v 228.650222 279.826449 -1080.702140
v 224.387153 292.628562 -1073.676117
v 235.516258 293.321200 -1079.224952
v 246.884085 311.295329 -1074.913821
v 231.136801 290.276266 -1074.410487
vt 0.000000 0.000000
vt 0.500000 0.000000
vt 1.000000 0.000000
vt 0.000000 0.500000
vt 0.500000 0.500000
vt 1.000000 0.500000
vt 0.000000 1.000000
vt 0.500000 1.000000
vt 1.000000 1.000000
vt 0.000000 0.000000
vt 1.000000 0.000000
vt 1.000000 1.000000
vt 0.000000 1.000000
vt 0.000000 0.000000
vt 1.000000 0.000000
vt 1.000000 1.000000
vt 0.000000 1.000000
vt 0.000000 0.000000
vt 1.000000 0.000000
vt 1.000000 1.000000
vt 0.000000 1.000000
vt 0.000000 0.000000
vt 1.000000 0.000000
vt 1.000000 1.000000
vt 0.000000 1.000000
vt 0.000000 0.000000
vt 1.000000 0.000000
vt 1.000000 1.000000
vt 0.000000 1.000000
vt 0.000000 0.000000
vt 1.000000 0.000000
vt 1.000000 1.000000
vt 0.000000 1.000000
vt 0.000000 0.000000
vt 1.000000 0.000000
vt 1.000000 1.000000
vt 0.000000 1.000000
vt 0.000000 0.000000
vt 1.000000 0.000000
vt 1.000000 1.000000
vt 0.000000 1.000000
vt 0.500000 1.000000
vt 0.500000 1.000000
vn -0.101900 0.929673 -0.354013
vn -0.102346 0.928865 -0.355999
vn -0.124870 0.895688 -0.426791
vn -0.129497 0.887856 -0.441522
vn -0.314664 0.915651 -0.250140
vn -0.313428 0.916508 -0.248547
vn -0.362474 0.873357 -0.325363
vn -0.354286 0.881410 -0.312407
vn -0.158623 0.817485 -0.553676
vn -0.159171 0.815603 -0.556288
vn -0.428956 0.798813 -0.421777
vn -0.427390 0.800758 -0.419672
vn -0.498061 0.692680 -0.521662
vn -0.509626 0.669667 -0.540210
vn -0.186903 0.712045 -0.676801
vn -0.192481 0.689405 -0.698335
vn -0.317384 0.913744 -0.253650
vn -0.317384 0.913744 -0.253650
vn -0.103328 0.927067 -0.360376
vn -0.103328 0.927067 -0.360376
vn -0.093943 0.515932 -0.851463
vn -0.071428 0.514761 -0.854353
vn 0.080439 0.500018 -0.862271
vn -0.688740 0.476341 -0.546568
vn -0.673117 0.479886 -0.562694
vn -0.784224 0.446202 -0.431157
vn -0.178828 0.557795 -0.810485
vn -0.194617 0.566687 -0.800619
vn -0.593986 0.531957 -0.603492
vn -0.577590 0.542852 -0.609673
s 1
g group2 Hojas1 pPlane4
usemtl lambert5SG
f 979/1354/1083 980/1355/1084 983/1358/1085 982/1357/1086
s 2
f 980/1355/1087 981/1356/1088 984/1359/1089 983/1358/1090
s 1
f 982/1357/1086 983/1358/1085 986/1361/1091 985/1360/1092
s 2
f 983/1358/1090 984/1359/1089 987/1362/1093 986/1361/1094
f 987/1363/1093 988/1364/1095 989/1365/1096 986/1366/1094
s 1
f 990/1367/1097 985/1368/1092 986/1369/1091 989/1370/1098
s 2
f 981/1371/1088 980/1372/1087 991/1373/1099 992/1374/1100
s 1
f 980/1375/1084 979/1376/1083 993/1377/1101 991/1378/1102
f 997/1379/1103 1000/1395/1104 996/1382/1105
s 2
f 1000/1396/1106 998/1384/1107 996/1385/1108
s 1
f 989/1387/1098 995/1388/1109 994/1389/1110 990/1390/1097
s 2
f 995/1391/1111 989/1392/1096 988/1393/1095 999/1394/1112
s 1
f 997/1379/1103 994/1380/1110 995/1381/1109 1000/1395/1104
s 2
f 999/1383/1112 998/1384/1107 1000/1396/1106 995/1386/1111
g default
v -160.140936 301.133720 -1045.831521
v -146.967792 313.419198 -1041.811004
v -135.137597 326.515027 -1047.212393
v -159.248647 296.028089 -1059.037662
v -143.949263 309.645770 -1056.512752
v -130.742816 324.964835 -1060.611968
v -153.692756 290.372888 -1074.044341
v -138.604561 303.560672 -1071.584657
v -125.820295 318.666689 -1075.583666
v -121.588358 308.926799 -1087.722611
v -131.097079 295.391207 -1085.807250
v -144.558182 285.609746 -1086.454046
v -149.929227 317.060138 -1028.510672
v -141.442537 324.311019 -1035.675796
v -157.417749 308.094314 -1034.793526
v -131.588524 280.511461 -1095.953599
v -122.596383 286.524116 -1094.868615
v -109.922909 273.408010 -1106.473408
v -119.088365 276.668000 -1102.873527
v -113.133151 282.713237 -1103.202419
v -116.800545 295.522986 -1096.770302
v -114.701014 278.383993 -1101.528439
vt 0.000000 0.000000
vt 0.500000 0.000000
vt 1.000000 0.000000
vt 0.000000 0.500000
vt 0.500000 0.500000
vt 1.000000 0.500000
vt 0.000000 1.000000
vt 0.500000 1.000000
vt 1.000000 1.000000
vt 0.000000 0.000000
vt 1.000000 0.000000
vt 1.000000 1.000000
vt 0.000000 1.000000
vt 0.000000 0.000000
vt 1.000000 0.000000
vt 1.000000 1.000000
vt 0.000000 1.000000
vt 0.000000 0.000000
vt 1.000000 0.000000
vt 1.000000 1.000000
vt 0.000000 1.000000
vt 0.000000 0.000000
vt 1.000000 0.000000
vt 1.000000 1.000000
vt 0.000000 1.000000
vt 0.000000 0.000000
vt 1.000000 0.000000
vt 1.000000 1.000000
vt 0.000000 1.000000
vt 0.000000 0.000000
vt 1.000000 0.000000
vt 1.000000 1.000000
vt 0.000000 1.000000
vt 0.000000 0.000000
vt 1.000000 0.000000
vt 1.000000 1.000000
vt 0.000000 1.000000
vt 0.000000 0.000000
vt 1.000000 0.000000
vt 1.000000 1.000000
vt 0.000000 1.000000
vt 0.500000 1.000000
vt 0.500000 1.000000
vn -0.596333 0.736336 -0.319682
vn -0.595556 0.736080 -0.321713
vn -0.569494 0.719749 -0.397037
vn -0.563408 0.715699 -0.412731
vn -0.762183 0.566934 -0.312511
vn -0.762340 0.567819 -0.310514
vn -0.746248 0.530095 -0.402633
vn -0.749539 0.536982 -0.387094
vn -0.505661 0.680552 -0.530243
vn -0.504063 0.679631 -0.532937
vn -0.715790 0.464703 -0.521244
vn -0.716589 0.466435 -0.518593
vn -0.665026 0.375408 -0.645607
vn -0.652512 0.357136 -0.668343
vn -0.420830 0.623296 -0.659093
vn -0.403616 0.609794 -0.682089
vn -0.761822 0.564972 -0.316913
vn -0.761822 0.564972 -0.316913
vn -0.593830 0.735503 -0.326191
vn -0.593830 0.735503 -0.326191
vn -0.177480 0.587137 -0.789792
vn -0.160369 0.600612 -0.783292
vn -0.043527 0.682886 -0.729227
vn -0.644835 0.108822 -0.756536
vn -0.632015 0.125729 -0.764689
vn -0.722115 -0.005963 -0.691747
vn -0.275319 0.554849 -0.785075
vn -0.294872 0.548974 -0.782098
vn -0.601135 0.224108 -0.767081
vn -0.595430 0.243873 -0.765499
s 1
g group2 Hojas3 pPlane8
usemtl lambert5SG
f 1001/1397/1113 1002/1398/1114 1005/1401/1115 1004/1400/1116
s 2
f 1002/1398/1117 1003/1399/1118 1006/1402/1119 1005/1401/1120
s 1
f 1004/1400/1116 1005/1401/1115 1008/1404/1121 1007/1403/1122
s 2
f 1005/1401/1120 1006/1402/1119 1009/1405/1123 1008/1404/1124
f 1009/1406/1123 1010/1407/1125 1011/1408/1126 1008/1409/1124
s 1
f 1012/1410/1127 1007/1411/1122 1008/1412/1121 1011/1413/1128
s 2
f 1003/1414/1118 1002/1415/1117 1013/1416/1129 1014/1417/1130
s 1
f 1002/1418/1114 1001/1419/1113 1015/1420/1131 1013/1421/1132
f 1019/1422/1133 1022/1438/1134 1018/1425/1135
s 2
f 1022/1439/1136 1020/1427/1137 1018/1428/1138
s 1
f 1011/1430/1128 1017/1431/1139 1016/1432/1140 1012/1433/1127
s 2
f 1017/1434/1141 1011/1435/1126 1010/1436/1125 1021/1437/1142
s 1
f 1019/1422/1133 1016/1423/1140 1017/1424/1139 1022/1438/1134
s 2
f 1021/1426/1142 1020/1427/1137 1022/1439/1136 1017/1429/1141
g default
v 15.241161 324.367678 -1022.365823
v 22.460909 340.660221 -1017.563997
v 22.222312 359.098922 -1018.329899
v 8.748235 324.574642 -1034.977916
v 15.922313 343.569000 -1031.285420
v 16.707312 364.171074 -1030.376636
v 4.325630 327.794187 -1051.044176
v 11.462755 346.357398 -1047.567120
v 12.107865 366.510827 -1046.545132
v 10.115514 365.176076 -1062.494355
v 9.711330 348.776655 -1065.356563
v 3.702139 333.269514 -1066.202038
v 28.146251 338.048561 -1004.923527
v 26.507049 350.550065 -1009.042218
v 22.046630 328.359468 -1011.620863
v 7.674449 340.186735 -1081.062013
v 12.302327 349.998105 -1080.349570
v 17.402146 351.408664 -1101.309593
v 12.632041 347.064612 -1093.187551
v 14.294789 355.336787 -1092.226288
v 11.803381 360.728189 -1078.675006
v 15.849485 350.754063 -1092.990690
vt 0.000000 0.000000
vt 0.500000 0.000000
vt 1.000000 0.000000
vt 0.000000 0.500000
vt 0.500000 0.500000
vt 1.000000 0.500000
vt 0.000000 1.000000
vt 0.500000 1.000000
vt 1.000000 1.000000
vt 0.000000 0.000000
vt 1.000000 0.000000
vt 1.000000 1.000000
vt 0.000000 1.000000
vt 0.000000 0.000000
vt 1.000000 0.000000
vt 1.000000 1.000000
vt 0.000000 1.000000
vt 0.000000 0.000000
vt 1.000000 0.000000
vt 1.000000 1.000000
vt 0.000000 1.000000
vt 0.000000 0.000000
vt 1.000000 0.000000
vt 1.000000 1.000000
vt 0.000000 1.000000
vt 0.000000 0.000000
vt 1.000000 0.000000
vt 1.000000 1.000000
vt 0.000000 1.000000
vt 0.000000 0.000000
vt 1.000000 0.000000
vt 1.000000 1.000000
vt 0.000000 1.000000
vt 0.000000 0.000000
vt 1.000000 0.000000
vt 1.000000 1.000000
vt 0.000000 1.000000
vt 0.000000 0.000000
vt 1.000000 0.000000
vt 1.000000 1.000000
vt 0.000000 1.000000
vt 0.500000 1.000000
vt 0.500000 1.000000
vn -0.858845 0.241661 0.451648
vn -0.859600 0.242485 0.449765
vn -0.887110 0.266294 0.376992
vn -0.892188 0.271197 0.361183
vn -0.906124 0.011030 0.422869
vn -0.905195 0.011066 0.424852
vn -0.943238 0.017220 0.331670
vn -0.937381 0.016199 0.347929
vn -0.920506 0.312103 0.235073
vn -0.920936 0.313131 0.232003
vn -0.980052 0.019029 0.197827
vn -0.979400 0.019110 0.201026
vn -0.999133 0.017709 0.037668
vn -0.999819 0.018094 0.005939
vn -0.930952 0.356913 0.077085
vn -0.930325 0.363826 0.046114
vn -0.908158 0.010949 0.418485
vn -0.908158 0.010949 0.418485
vn -0.861253 0.244300 0.445601
vn -0.861253 0.244300 0.445601
vn -0.844919 0.518026 -0.133271
vn -0.833842 0.537050 -0.127611
vn -0.748423 0.657363 -0.087961
vn -0.969109 -0.135906 -0.205811
vn -0.971829 -0.113354 -0.206640
vn -0.937887 -0.285242 -0.197495
vn -0.895516 0.431257 -0.109856
vn -0.904467 0.413819 -0.103413
vn -0.986487 -0.021322 -0.162448
vn -0.988385 -0.003674 -0.151927
s 1
g group2 Hojas pPlane9
usemtl lambert5SG
f 1023/1440/1143 1024/1441/1144 1027/1444/1145 1026/1443/1146
s 2
f 1024/1441/1147 1025/1442/1148 1028/1445/1149 1027/1444/1150
s 1
f 1026/1443/1146 1027/1444/1145 1030/1447/1151 1029/1446/1152
s 2
f 1027/1444/1150 1028/1445/1149 1031/1448/1153 1030/1447/1154
f 1031/1449/1153 1032/1450/1155 1033/1451/1156 1030/1452/1154
s 1
f 1034/1453/1157 1029/1454/1152 1030/1455/1151 1033/1456/1158
s 2
f 1025/1457/1148 1024/1458/1147 1035/1459/1159 1036/1460/1160
s 1
f 1024/1461/1144 1023/1462/1143 1037/1463/1161 1035/1464/1162
f 1041/1465/1163 1044/1481/1164 1040/1468/1165
s 2
f 1044/1482/1166 1042/1470/1167 1040/1471/1168
s 1
f 1033/1473/1158 1039/1474/1169 1038/1475/1170 1034/1476/1157
s 2
f 1039/1477/1171 1033/1478/1156 1032/1479/1155 1043/1480/1172
s 1
f 1041/1465/1163 1038/1466/1170 1039/1467/1169 1044/1481/1164
s 2
f 1043/1469/1172 1042/1470/1167 1044/1482/1166 1039/1472/1171
g default
v 511.434796 329.683089 -988.007750
v 526.064202 319.352112 -992.466521
v 540.496527 315.980018 -1003.464986
v 505.499877 336.159879 -999.147487
v 521.677349 325.357224 -1006.038029
v 538.632604 320.537269 -1016.769988
v 499.671044 340.057356 -1014.603360
v 515.385144 329.378045 -1021.432759
v 532.067597 324.781864 -1031.834307
v 522.235054 327.187977 -1044.390599
v 507.482076 330.833916 -1037.582266
v 495.536905 339.776581 -1030.190495
v 530.216864 314.138313 -980.036836
v 538.197724 313.343748 -990.601528
v 519.629511 322.098957 -980.725542
v 491.961161 334.703269 -1045.872383
v 499.481520 328.233348 -1050.318969
v 487.810072 323.207169 -1067.807114
v 489.747493 328.638860 -1059.185316
v 496.669321 325.375107 -1062.866871
v 509.149436 326.598723 -1055.014414
v 492.287096 324.758366 -1060.764852
vt 0.000000 0.000000
vt 0.500000 0.000000
vt 1.000000 0.000000
vt 0.000000 0.500000
vt 0.500000 0.500000
vt 1.000000 0.500000
vt 0.000000 1.000000
vt 0.500000 1.000000
vt 1.000000 1.000000
vt 0.000000 0.000000
vt 1.000000 0.000000
vt 1.000000 1.000000
vt 0.000000 1.000000
vt 0.000000 0.000000
vt 1.000000 0.000000
vt 1.000000 1.000000
vt 0.000000 1.000000
vt 0.000000 0.000000
vt 1.000000 0.000000
vt 1.000000 1.000000
vt 0.000000 1.000000
vt 0.000000 0.000000
vt 1.000000 0.000000
vt 1.000000 1.000000
vt 0.000000 1.000000
vt 0.000000 0.000000
vt 1.000000 0.000000
vt 1.000000 1.000000
vt 0.000000 1.000000
vt 0.000000 0.000000
vt 1.000000 0.000000
vt 1.000000 1.000000
vt 0.000000 1.000000
vt 0.000000 0.000000
vt 1.000000 0.000000
vt 1.000000 1.000000
vt 0.000000 1.000000
vt 0.000000 0.000000
vt 1.000000 0.000000
vt 1.000000 1.000000
vt 0.000000 1.000000
vt 0.500000 1.000000
vt 0.500000 1.000000
vn 0.595948 0.789325 0.147686
vn 0.595664 0.789927 0.145600
vn 0.577936 0.813104 0.069652
vn 0.573718 0.817311 0.053396
vn 0.401992 0.881247 0.248610
vn 0.402996 0.880305 0.250313
vn 0.361200 0.917516 0.166429
vn 0.368667 0.911778 0.180957
vn 0.539466 0.838566 -0.076042
vn 0.538615 0.838823 -0.079184
vn 0.292522 0.954860 0.051707
vn 0.294301 0.954166 0.054356
vn 0.203348 0.975745 -0.081065
vn 0.185682 0.976721 -0.107416
vn 0.487181 0.841913 -0.232029
vn 0.474977 0.840314 -0.261285
vn 0.399769 0.883309 0.244846
vn 0.399769 0.883309 0.244846
vn 0.595027 0.791242 0.140993
vn 0.595027 0.791242 0.140993
vn 0.482384 0.728485 -0.486430
vn 0.499053 0.713827 -0.491322
vn 0.604087 0.606008 -0.517526
vn -0.064050 0.979338 -0.191821
vn -0.045929 0.977593 -0.205433
vn -0.184647 0.977905 -0.098016
vn 0.434441 0.794829 -0.423683
vn 0.425592 0.806947 -0.409521
vn 0.055741 0.973392 -0.222262
vn 0.076250 0.971668 -0.223715
s 1
g Hojas2 group2 pPlane8
usemtl lambert5SG
f 1045/1483/1173 1046/1484/1174 1049/1487/1175 1048/1486/1176
s 2
f 1046/1484/1177 1047/1485/1178 1050/1488/1179 1049/1487/1180
s 1
f 1048/1486/1176 1049/1487/1175 1052/1490/1181 1051/1489/1182
s 2
f 1049/1487/1180 1050/1488/1179 1053/1491/1183 1052/1490/1184
f 1053/1492/1183 1054/1493/1185 1055/1494/1186 1052/1495/1184
s 1
f 1056/1496/1187 1051/1497/1182 1052/1498/1181 1055/1499/1188
s 2
f 1047/1500/1178 1046/1501/1177 1057/1502/1189 1058/1503/1190
s 1
f 1046/1504/1174 1045/1505/1173 1059/1506/1191 1057/1507/1192
f 1063/1508/1193 1066/1524/1194 1062/1511/1195
s 2
f 1066/1525/1196 1064/1513/1197 1062/1514/1198
s 1
f 1055/1516/1188 1061/1517/1199 1060/1518/1200 1056/1519/1187
s 2
f 1061/1520/1201 1055/1521/1186 1054/1522/1185 1065/1523/1202
s 1
f 1063/1508/1193 1060/1509/1200 1061/1510/1199 1066/1524/1194
s 2
f 1065/1512/1202 1064/1513/1197 1066/1525/1196 1061/1515/1201
g default
v 249.155339 379.667446 -974.874927
v 260.515717 370.577331 -986.230141
v 264.846010 364.717070 -1003.187003
v 235.643554 379.630726 -979.198828
v 246.744476 369.258897 -993.166013
v 253.532189 362.586087 -1011.476887
v 220.617569 375.409589 -985.866016
v 231.393786 365.109653 -999.482394
v 238.108737 358.743664 -1017.426890
v 222.792279 353.932688 -1018.972637
v 215.558279 358.130809 -1004.573274
v 208.377726 367.667154 -992.963175
v 273.100594 372.056842 -980.036815
v 272.297647 367.773694 -992.564708
v 262.272514 377.325835 -974.475468
v 198.437310 355.717836 -999.509013
v 203.432685 349.062463 -1006.504730
v 186.924739 335.227314 -1008.347763
v 191.277654 344.132140 -1005.290238
v 195.014807 340.571309 -1012.033516
v 207.717404 346.875583 -1016.253912
v 193.618126 340.349040 -1007.342820
vt 0.000000 0.000000
vt 0.500000 0.000000
vt 1.000000 0.000000
vt 0.000000 0.500000
vt 0.500000 0.500000
vt 1.000000 0.500000
vt 0.000000 1.000000
vt 0.500000 1.000000
vt 1.000000 1.000000
vt 0.000000 0.000000
vt 1.000000 0.000000
vt 1.000000 1.000000
vt 0.000000 1.000000
vt 0.000000 0.000000
vt 1.000000 0.000000
vt 1.000000 1.000000
vt 0.000000 1.000000
vt 0.000000 0.000000
vt 1.000000 0.000000
vt 1.000000 1.000000
vt 0.000000 1.000000
vt 0.000000 0.000000
vt 1.000000 0.000000
vt 1.000000 1.000000
vt 0.000000 1.000000
vt 0.000000 0.000000
vt 1.000000 0.000000
vt 1.000000 1.000000
vt 0.000000 1.000000
vt 0.000000 0.000000
vt 1.000000 0.000000
vt 1.000000 1.000000
vt 0.000000 1.000000
vt 0.000000 0.000000
vt 1.000000 0.000000
vt 1.000000 1.000000
vt 0.000000 1.000000
vt 0.000000 0.000000
vt 1.000000 0.000000
vt 1.000000 1.000000
vt 0.000000 1.000000
vt 0.500000 1.000000
vt 0.500000 1.000000
vn 0.164539 0.847158 -0.505222
vn 0.162817 0.846725 -0.506504
vn 0.094647 0.831064 -0.548064
vn 0.080084 0.826986 -0.556490
vn 0.058252 0.946357 -0.317827
vn 0.060363 0.946420 -0.317247
vn -0.034656 0.936312 -0.349455
vn -0.018339 0.938720 -0.344192
vn -0.031262 0.783583 -0.620501
vn -0.033871 0.782297 -0.621984
vn -0.166739 0.908896 -0.382239
vn -0.163629 0.909704 -0.381660
vn -0.316873 0.856047 -0.408382
vn -0.345337 0.842757 -0.412920
vn -0.163629 0.710033 -0.684893
vn -0.189144 0.693934 -0.694752
vn 0.053593 0.946204 -0.319103
vn 0.053593 0.946203 -0.319103
vn 0.159014 0.845756 -0.509325
vn 0.159014 0.845756 -0.509325
vn -0.276270 0.496030 -0.823182
vn -0.262015 0.483201 -0.835383
vn -0.162963 0.390731 -0.905965
vn -0.566039 0.772880 -0.286806
vn -0.561510 0.767813 -0.308497
vn -0.588805 0.796481 -0.137574
vn -0.297358 0.575945 -0.761489
vn -0.299612 0.591728 -0.748392
vn -0.501821 0.770762 -0.392557
vn -0.488224 0.771442 -0.408062
s 1
g group2 Hojas1 pPlane8
usemtl lambert5SG
f 1067/1526/1203 1068/1527/1204 1071/1530/1205 1070/1529/1206
s 2
f 1068/1527/1207 1069/1528/1208 1072/1531/1209 1071/1530/1210
s 1
f 1070/1529/1206 1071/1530/1205 1074/1533/1211 1073/1532/1212
s 2
f 1071/1530/1210 1072/1531/1209 1075/1534/1213 1074/1533/1214
f 1075/1535/1213 1076/1536/1215 1077/1537/1216 1074/1538/1214
s 1
f 1078/1539/1217 1073/1540/1212 1074/1541/1211 1077/1542/1218
s 2
f 1069/1543/1208 1068/1544/1207 1079/1545/1219 1080/1546/1220
s 1
f 1068/1547/1204 1067/1548/1203 1081/1549/1221 1079/1550/1222
f 1085/1551/1223 1088/1567/1224 1084/1554/1225
s 2
f 1088/1568/1226 1086/1556/1227 1084/1557/1228
s 1
f 1077/1559/1218 1083/1560/1229 1082/1561/1230 1078/1562/1217
s 2
f 1083/1563/1231 1077/1564/1216 1076/1565/1215 1087/1566/1232
s 1
f 1085/1551/1223 1082/1552/1230 1083/1553/1229 1088/1567/1224
s 2
f 1087/1555/1232 1086/1556/1227 1088/1568/1226 1083/1558/1231
g default
v 555.352408 313.879672 -974.930013
v 538.237481 317.100688 -968.819891
v 526.691127 326.251083 -957.703181
v 565.371514 316.330672 -965.189585
v 547.094811 320.659043 -956.638862
v 532.695333 330.435082 -945.549602
v 574.110117 317.708602 -950.705534
v 556.249174 321.801755 -942.228851
v 542.159967 331.499626 -931.501931
v 552.501753 328.622552 -919.464545
v 564.968743 320.136822 -926.525930
v 578.832019 317.257305 -935.290323
v 530.216871 314.138312 -980.036822
v 525.082682 320.699336 -969.715424
v 543.395037 312.794956 -980.722045
v 579.959114 313.760714 -918.829778
v 570.646374 314.937079 -913.345542
v 577.976436 306.288571 -894.939186
v 579.139558 310.087726 -904.520723
v 572.313108 313.034308 -900.417692
v 563.007682 321.077663 -908.641137
v 574.873462 309.281048 -902.250825
vt 0.000000 0.000000
vt 0.500000 0.000000
vt 1.000000 0.000000
vt 0.000000 0.500000
vt 0.500000 0.500000
vt 1.000000 0.500000
vt 0.000000 1.000000
vt 0.500000 1.000000
vt 1.000000 1.000000
vt 0.000000 0.000000
vt 1.000000 0.000000
vt 1.000000 1.000000
vt 0.000000 1.000000
vt 0.000000 0.000000
vt 1.000000 0.000000
vt 1.000000 1.000000
vt 0.000000 1.000000
vt 0.000000 0.000000
vt 1.000000 0.000000
vt 1.000000 1.000000
vt 0.000000 1.000000
vt 0.000000 0.000000
vt 1.000000 0.000000
vt 1.000000 1.000000
vt 0.000000 1.000000
vt 0.000000 0.000000
vt 1.000000 0.000000
vt 1.000000 1.000000
vt 0.000000 1.000000
vt 0.000000 0.000000
vt 1.000000 0.000000
vt 1.000000 1.000000
vt 0.000000 1.000000
vt 0.000000 0.000000
vt 1.000000 0.000000
vt 1.000000 1.000000
vt 0.000000 1.000000
vt 0.000000 0.000000
vt 1.000000 0.000000
vt 1.000000 1.000000
vt 0.000000 1.000000
vt 0.500000 1.000000
vt 0.500000 1.000000
vn 0.070212 0.945704 -0.317356
vn 0.071072 0.946285 -0.315427
vn 0.108669 0.963333 -0.245317
vn 0.116525 0.966154 -0.230149
vn 0.262076 0.863839 -0.430230
vn 0.260506 0.863565 -0.431731
vn 0.326114 0.875687 -0.356122
vn 0.315055 0.874248 -0.369365
vn 0.171404 0.979385 -0.106892
vn 0.172579 0.979506 -0.103848
vn 0.415281 0.874746 -0.249724
vn 0.413191 0.875019 -0.252218
vn 0.510713 0.851071 -0.121861
vn 0.527517 0.844120 -0.095847
vn 0.230792 0.971897 0.046386
vn 0.242208 0.967272 0.075637
vn 0.265538 0.864430 -0.426909
vn 0.265538 0.864430 -0.426909
vn 0.072970 0.947550 -0.311166
vn 0.072970 0.947550 -0.311166
vn 0.189181 0.928866 0.318463
vn 0.167733 0.930433 0.325821
vn 0.021724 0.928467 0.370780
vn 0.723076 0.690723 -0.007967
vn 0.710214 0.703965 0.005296
vn 0.799588 0.592704 -0.096756
vn 0.261162 0.933749 0.244759
vn 0.274053 0.934137 0.228654
vn 0.634644 0.772538 0.020278
vn 0.618582 0.785424 0.021576
s 1
g Hojas2 group2 pPlane10
usemtl lambert5SG
f 1089/1569/1233 1090/1570/1234 1093/1573/1235 1092/1572/1236
s 2
f 1090/1570/1237 1091/1571/1238 1094/1574/1239 1093/1573/1240
s 1
f 1092/1572/1236 1093/1573/1235 1096/1576/1241 1095/1575/1242
s 2
f 1093/1573/1240 1094/1574/1239 1097/1577/1243 1096/1576/1244
f 1097/1578/1243 1098/1579/1245 1099/1580/1246 1096/1581/1244
s 1
f 1100/1582/1247 1095/1583/1242 1096/1584/1241 1099/1585/1248
s 2
f 1091/1586/1238 1090/1587/1237 1101/1588/1249 1102/1589/1250
s 1
f 1090/1590/1234 1089/1591/1233 1103/1592/1251 1101/1593/1252
f 1107/1594/1253 1110/1610/1254 1106/1597/1255
s 2
f 1110/1611/1256 1108/1599/1257 1106/1600/1258
s 1
f 1099/1602/1248 1105/1603/1259 1104/1604/1260 1100/1605/1247
s 2
f 1105/1606/1261 1099/1607/1246 1098/1608/1245 1109/1609/1262
s 1
f 1107/1594/1253 1104/1595/1260 1105/1596/1259 1110/1610/1254
s 2
f 1109/1598/1262 1108/1599/1257 1110/1611/1256 1105/1601/1261
g default
v 275.672818 388.354810 -960.397518
v 264.377614 380.161669 -972.477255
v 248.979350 380.380360 -982.649517
v 269.009970 397.266863 -951.597087
v 254.889356 389.318332 -964.376628
v 238.577255 388.175344 -976.966167
v 257.693717 404.823893 -941.453945
v 243.804400 396.959188 -953.817383
v 227.937185 395.934378 -966.259351
v 220.120442 401.130004 -953.143226
v 231.857280 402.257207 -941.384286
v 244.642937 408.455895 -932.700976
v 273.100596 372.056847 -980.036807
v 260.765410 374.381312 -984.323792
v 277.820484 379.476373 -970.106475
v 230.081756 407.513990 -924.243384
v 222.002359 402.747416 -929.738012
v 208.303117 401.988551 -913.032465
v 217.007432 405.053474 -917.768858
v 210.649669 403.154145 -923.068767
v 214.294167 402.797580 -937.404110
v 213.765085 401.828993 -919.527453
vt 0.000000 0.000000
vt 0.500000 0.000000
vt 1.000000 0.000000
vt 0.000000 0.500000
vt 0.500000 0.500000
vt 1.000000 0.500000
vt 0.000000 1.000000
vt 0.500000 1.000000
vt 1.000000 1.000000
vt 0.000000 0.000000
vt 1.000000 0.000000
vt 1.000000 1.000000
vt 0.000000 1.000000
vt 0.000000 0.000000
vt 1.000000 0.000000
vt 1.000000 1.000000
vt 0.000000 1.000000
vt 0.000000 0.000000
vt 1.000000 0.000000
vt 1.000000 1.000000
vt 0.000000 1.000000
vt 0.000000 0.000000
vt 1.000000 0.000000
vt 1.000000 1.000000
vt 0.000000 1.000000
vt 0.000000 0.000000
vt 1.000000 0.000000
vt 1.000000 1.000000
vt 0.000000 1.000000
vt 0.000000 0.000000
vt 1.000000 0.000000
vt 1.000000 1.000000
vt 0.000000 1.000000
vt 0.000000 0.000000
vt 1.000000 0.000000
vt 1.000000 1.000000
vt 0.000000 1.000000
vt 0.000000 0.000000
vt 1.000000 0.000000
vt 1.000000 1.000000
vt 0.000000 1.000000
vt 0.500000 1.000000
vt 0.500000 1.000000
vn 0.156993 0.747220 -0.645768
vn 0.155329 0.748333 -0.644880
vn 0.097401 0.789801 -0.605581
vn 0.084937 0.797931 -0.596734
vn 0.333220 0.801477 -0.496588
vn 0.334221 0.800165 -0.498028
vn 0.280136 0.856245 -0.434014
vn 0.289617 0.847224 -0.445347
vn -0.017305 0.850842 -0.525137
vn -0.019848 0.851875 -0.523369
vn 0.206191 0.919402 -0.334940
vn 0.207881 0.918114 -0.337419
vn 0.117773 0.970558 -0.210112
vn 0.099388 0.977656 -0.185232
vn -0.142930 0.892675 -0.427437
vn -0.166332 0.898274 -0.406740
vn 0.331003 0.804357 -0.493403
vn 0.331003 0.804357 -0.493403
vn 0.151656 0.750779 -0.642909
vn 0.151656 0.750779 -0.642909
vn -0.403719 0.849577 -0.339455
vn -0.417170 0.837408 -0.353153
vn -0.501737 0.744619 -0.440229
vn 0.100045 0.991921 0.078004
vn 0.081542 0.994544 0.065064
vn 0.222722 0.961041 0.163689
vn -0.314200 0.895177 -0.316126
vn -0.295351 0.902797 -0.312612
vn 0.033640 0.999092 -0.026163
vn 0.025523 0.998655 -0.045128
s 1
g group2 Hojas1 pPlane11
usemtl lambert5SG
f 1111/1612/1263 1112/1613/1264 1115/1616/1265 1114/1615/1266
s 2
f 1112/1613/1267 1113/1614/1268 1116/1617/1269 1115/1616/1270
s 1
f 1114/1615/1266 1115/1616/1265 1118/1619/1271 1117/1618/1272
s 2
f 1115/1616/1270 1116/1617/1269 1119/1620/1273 1118/1619/1274
f 1119/1621/1273 1120/1622/1275 1121/1623/1276 1118/1624/1274
s 1
f 1122/1625/1277 1117/1626/1272 1118/1627/1271 1121/1628/1278
s 2
f 1113/1629/1268 1112/1630/1267 1123/1631/1279 1124/1632/1280
s 1
f 1112/1633/1264 1111/1634/1263 1125/1635/1281 1123/1636/1282
f 1129/1637/1283 1132/1653/1284 1128/1640/1285
s 2
f 1132/1654/1286 1130/1642/1287 1128/1643/1288
s 1
f 1121/1645/1278 1127/1646/1289 1126/1647/1290 1122/1648/1277
s 2
f 1127/1649/1291 1121/1650/1276 1120/1651/1275 1131/1652/1292
s 1
f 1129/1637/1283 1126/1638/1290 1127/1639/1289 1132/1653/1284
s 2
f 1131/1641/1292 1130/1642/1287 1132/1654/1286 1127/1644/1291
g default
v 29.231022 369.548172 -984.384720
v 19.447330 344.477682 -987.291514
v -0.264115 326.383573 -983.197413
v 22.247795 379.225951 -967.340618
v 9.552833 351.763677 -968.208433
v -11.379050 330.014813 -965.986992
v 14.151888 384.586081 -944.420647
v 1.871698 357.649206 -945.054918
v -18.727803 336.468363 -943.097096
v -19.540995 343.852755 -920.639337
v -2.680161 361.468685 -919.275078
v 7.555310 383.506788 -921.730080
v 28.146250 338.048561 -1004.923508
v 13.233703 328.211924 -997.222685
v 32.078829 355.790785 -997.981283
v 4.120955 376.130763 -898.370973
v -1.511834 361.285274 -896.919347
v 1.939737 359.792696 -865.438031
v 1.764582 367.089703 -878.785535
v -5.260474 356.808899 -878.502746
v -13.323655 350.601485 -897.668751
v 1.149928 359.990703 -877.859933
vt 0.000000 0.000000
vt 0.500000 0.000000
vt 1.000000 0.000000
vt 0.000000 0.500000
vt 0.500000 0.500000
vt 1.000000 0.500000
vt 0.000000 1.000000
vt 0.500000 1.000000
vt 1.000000 1.000000
vt 0.000000 0.000000
vt 1.000000 0.000000
vt 1.000000 1.000000
vt 0.000000 1.000000
vt 0.000000 0.000000
vt 1.000000 0.000000
vt 1.000000 1.000000
vt 0.000000 1.000000
vt 0.000000 0.000000
vt 1.000000 0.000000
vt 1.000000 1.000000
vt 0.000000 1.000000
vt 0.000000 0.000000
vt 1.000000 0.000000
vt 1.000000 1.000000
vt 0.000000 1.000000
vt 0.000000 0.000000
vt 1.000000 0.000000
vt 1.000000 1.000000
vt 0.000000 1.000000
vt 0.000000 0.000000
vt 1.000000 0.000000
vt 1.000000 1.000000
vt 0.000000 1.000000
vt 0.000000 0.000000
vt 1.000000 0.000000
vt 1.000000 1.000000
vt 0.000000 1.000000
vt 0.000000 0.000000
vt 1.000000 0.000000
vt 1.000000 1.000000
vt 0.000000 1.000000
vt 0.500000 1.000000
vt 0.500000 1.000000
vn -0.766526 0.365867 -0.527806
vn -0.767659 0.366157 -0.525954
vn -0.804494 0.381685 -0.455090
vn -0.811678 0.384606 -0.439611
vn -0.633638 0.562291 -0.531349
vn -0.633003 0.561272 -0.533181
vn -0.664615 0.599824 -0.445531
vn -0.659679 0.593614 -0.460919
vn -0.861816 0.398049 -0.314373
vn -0.862879 0.398170 -0.311288
vn -0.692582 0.647391 -0.318144
vn -0.692161 0.646329 -0.321203
vn -0.706202 0.689014 -0.162906
vn -0.707217 0.694625 -0.131683
vn -0.902615 0.401574 -0.155000
vn -0.907409 0.401654 -0.123624
vn -0.635028 0.564531 -0.527299
vn -0.635028 0.564531 -0.527299
vn -0.770147 0.366791 -0.521859
vn -0.770147 0.366791 -0.521859
vn -0.960542 0.265970 0.081358
vn -0.966493 0.244128 0.079329
vn -0.993427 0.094450 0.064670
vn -0.576825 0.814385 0.063644
vn -0.594948 0.800997 0.066641
vn -0.447619 0.893205 0.042698
vn -0.933046 0.357287 0.042085
vn -0.926660 0.374482 0.032636
vn -0.670985 0.740800 0.031536
vn -0.684915 0.728263 0.022905
s 1
g group2 Hojas pPlane6
usemtl lambert5SG
f 1133/1655/1293 1134/1656/1294 1137/1659/1295 1136/1658/1296
s 2
f 1134/1656/1297 1135/1657/1298 1138/1660/1299 1137/1659/1300
s 1
f 1136/1658/1296 1137/1659/1295 1140/1662/1301 1139/1661/1302
s 2
f 1137/1659/1300 1138/1660/1299 1141/1663/1303 1140/1662/1304
f 1141/1664/1303 1142/1665/1305 1143/1666/1306 1140/1667/1304
s 1
f 1144/1668/1307 1139/1669/1302 1140/1670/1301 1143/1671/1308
s 2
f 1135/1672/1298 1134/1673/1297 1145/1674/1309 1146/1675/1310
s 1
f 1134/1676/1294 1133/1677/1293 1147/1678/1311 1145/1679/1312
f 1151/1680/1313 1154/1696/1314 1150/1683/1315
s 2
f 1154/1697/1316 1152/1685/1317 1150/1686/1318
s 1
f 1143/1688/1308 1149/1689/1319 1148/1690/1320 1144/1691/1307
s 2
f 1149/1692/1321 1143/1693/1306 1142/1694/1305 1153/1695/1322
s 1
f 1151/1680/1313 1148/1681/1320 1149/1682/1319 1154/1696/1314
s 2
f 1153/1684/1322 1152/1685/1317 1154/1697/1316 1149/1687/1321
g default
v -324.578535 37.688687 374.235091
v 54.917084 37.688687 456.069860
v 283.087520 51.773372 272.623712
v -399.557503 37.688687 -6.500208
v 3.105438 82.179085 4.833584
v 423.578611 51.773372 42.073199
v -336.564266 37.688687 -368.599715
v 14.439230 37.688687 -499.833422
v 313.485441 51.773372 -307.030091
v -198.317358 37.688687 -502.592968
v -444.413880 37.688687 -194.970069
v 410.146898 51.773372 -138.301105
v 206.147343 37.688687 -413.541604
v -180.507109 37.688687 470.163100
v 3.105438 82.179085 219.927514
v -211.988492 71.412282 4.833584
v -408.793348 37.688687 251.591548
v 215.862030 37.688687 364.920749
v 364.811645 51.773372 164.159429
v 218.199368 82.179085 4.833584
v 3.105438 71.412282 -210.260347
v -197.177040 71.412282 205.116062
v 203.387916 82.179085 205.116062
v -197.177040 71.412282 -195.448894
v 203.387916 71.412282 -195.448894
v -421.062832 13.472450 499.305637
v -224.849530 13.472450 596.962230
v 71.949888 13.472450 579.194771
v -512.650114 13.472450 321.408845
v -501.006466 13.472450 -3.967580
v 274.853267 13.472450 464.283048
v 359.604507 13.472450 347.924088
v 462.634178 13.472450 211.183102
v 536.721723 13.472450 57.268940
v -557.556890 13.472450 -241.571654
v -478.995011 13.472450 -473.621896
v 519.788340 13.472450 -170.129062
v 397.927135 13.472450 -382.845847
v -247.302901 13.472450 -629.391962
v 20.919428 13.472450 -625.913035
v 262.605983 13.472450 -517.124954
v -489.748252 -27.774627 584.670274
v -262.036416 -27.774627 703.299701
v 86.234103 -27.774627 682.451018
v -599.747538 -27.774627 379.959743
v -586.084605 -27.774627 -1.843642
v 324.325076 -27.774627 547.611250
v 423.773903 -27.774627 411.073267
v 544.671052 -27.774627 250.618577
v 631.606908 -27.774627 70.012542
v -652.442075 -27.774627 -280.653133
v -550.300946 -27.774627 -550.664244
v 611.736922 -27.774627 -196.820939
v 468.742467 -27.774627 -446.427164
v -288.383651 -27.774627 -735.729433
v 26.353917 -27.774627 -731.647276
v 309.953845 -27.774627 -603.993057
vt 0.000000 0.000000
vt 0.500000 0.000000
vt 1.000000 0.000000
vt 0.000000 0.500000
vt 0.500000 0.500000
vt 1.000000 0.500000
vt 0.000000 1.000000
vt 0.500000 1.000000
vt 1.000000 1.000000
vt 0.250000 0.250000
vt 0.750000 0.250000
vt 0.250000 0.750000
vt 0.750000 0.750000
vt 0.250000 0.000000
vt 0.500000 0.250000
vt 0.250000 0.500000
vt 0.000000 0.250000
vt 0.750000 0.000000
vt 1.000000 0.250000
vt 0.750000 0.500000
vt 0.500000 0.750000
vt 0.250000 1.000000
vt 0.000000 0.750000
vt 1.000000 0.750000
vt 0.750000 1.000000
vt 0.000000 0.000000
vt 1.000000 0.000000
vt 1.000000 1.000000
vt 0.000000 1.000000
vt 0.000000 0.000000
vt 1.000000 0.000000
vt 1.000000 1.000000
vt 0.000000 1.000000
vt 0.000000 0.000000
vt 1.000000 0.000000
vt 1.000000 1.000000
vt 0.000000 1.000000
vt 0.000000 0.000000
vt 1.000000 0.000000
vt 1.000000 1.000000
vt 0.000000 1.000000
vt 0.000000 0.000000
vt 1.000000 0.000000
vt 1.000000 1.000000
vt 0.000000 1.000000
vt 0.000000 0.000000
vt 1.000000 0.000000
vt 1.000000 1.000000
vt 0.000000 1.000000
vt 0.000000 0.000000
vt 1.000000 0.000000
vt 1.000000 1.000000
vt 0.000000 1.000000
vt 0.000000 0.000000
vt 1.000000 0.000000
vt 1.000000 1.000000
vt 0.000000 1.000000
vt 0.000000 0.000000
vt 1.000000 0.000000
vt 1.000000 1.000000
vt 0.000000 1.000000
vt 0.000000 0.000000
vt 1.000000 0.000000
vt 1.000000 1.000000
vt 0.000000 1.000000
vt 0.000000 0.000000
vt 1.000000 0.000000
vt 1.000000 1.000000
vt 0.000000 1.000000
vt 0.000000 0.000000
vt 1.000000 0.000000
vt 1.000000 1.000000
vt 0.000000 1.000000
vt 0.000000 0.000000
vt 1.000000 0.000000
vt 1.000000 1.000000
vt 0.000000 1.000000
vt 0.000000 0.000000
vt 1.000000 0.000000
vt 1.000000 1.000000
vt 0.000000 1.000000
vt 0.000000 0.000000
vt 1.000000 0.000000
vt 1.000000 1.000000
vt 0.000000 1.000000
vt 0.000000 0.000000
vt 1.000000 0.000000
vt 1.000000 1.000000
vt 0.000000 1.000000
vt 0.000000 0.000000
vt 1.000000 0.000000
vt 1.000000 1.000000
vt 0.000000 1.000000
vt 0.000000 0.000000
vt 1.000000 0.000000
vt 1.000000 1.000000
vt 0.000000 1.000000
vt 0.000000 0.000000
vt 1.000000 0.000000
vt 1.000000 1.000000
vt 0.000000 1.000000
vt 0.000000 0.000000
vt 1.000000 0.000000
vt 1.000000 1.000000
vt 0.000000 1.000000
vt 0.000000 0.000000
vt 1.000000 0.000000
vt 1.000000 1.000000
vt 0.000000 1.000000
vt 0.000000 0.000000
vt 1.000000 0.000000
vt 1.000000 1.000000
vt 0.000000 1.000000
vt 0.000000 0.000000
vt 1.000000 0.000000
vt 1.000000 1.000000
vt 0.000000 1.000000
vt 0.000000 0.000000
vt 1.000000 0.000000
vt 1.000000 1.000000
vt 0.000000 1.000000
vt 0.000000 0.000000
vt 1.000000 0.000000
vt 1.000000 1.000000
vt 0.000000 1.000000
vt 0.000000 0.000000
vt 1.000000 0.000000
vt 1.000000 1.000000
vt 0.000000 1.000000
vt 0.000000 0.000000
vt 1.000000 0.000000
vt 1.000000 1.000000
vt 0.000000 1.000000
vt 0.000000 0.000000
vt 1.000000 0.000000
vt 1.000000 1.000000
vt 0.000000 1.000000
vt 0.000000 0.000000
vt 1.000000 0.000000
vt 1.000000 1.000000
vt 0.000000 1.000000
vt 0.000000 0.000000
vt 1.000000 0.000000
vt 1.000000 1.000000
vt 0.000000 1.000000
vt 0.000000 0.000000
vt 1.000000 0.000000
vt 1.000000 1.000000
vt 0.000000 1.000000
vt 0.000000 0.000000
vt 1.000000 0.000000
vt 1.000000 1.000000
vt 0.000000 1.000000
vn -0.112818 0.986858 0.115683
vn -0.038477 0.986622 0.158418
vn -0.086528 0.994103 0.065365
vn -0.174227 0.984022 0.036695
vn 0.028419 0.983023 0.181265
vn -0.008701 0.995233 0.097137
vn -0.019222 0.999631 -0.019222
vn -0.103976 0.994577 -0.002369
vn -0.184051 0.982861 0.010491
vn 0.102861 0.974389 0.199964
vn 0.073166 0.992594 0.096977
vn 0.215557 0.954703 0.205127
vn 0.218646 0.969637 0.109535
vn 0.222211 0.974801 0.019626
vn 0.067505 0.997558 -0.017932
vn -0.067757 0.995838 -0.060964
vn -0.162970 0.986360 -0.023141
vn 0.002483 0.996186 -0.087223
vn 0.024567 0.988923 -0.146383
vn -0.043160 0.990401 -0.131311
vn -0.120523 0.987960 -0.097003
vn 0.050230 0.995220 -0.083756
vn 0.207273 0.975499 -0.073758
vn 0.152655 0.977644 -0.144598
vn 0.071336 0.985255 -0.155511
vn -0.189974 0.961958 0.196332
vn -0.045392 0.960440 0.274764
vn 0.077847 0.954943 0.286396
vn -0.319000 0.946542 0.047929
vn -0.333096 0.942534 0.026020
vn 0.199772 0.946550 0.253249
vn 0.285481 0.930973 0.227574
vn 0.322622 0.925831 0.196853
vn 0.359670 0.931503 0.054216
vn -0.302812 0.952909 -0.016405
vn -0.216408 0.962089 -0.165989
vn 0.346272 0.931748 -0.109276
vn 0.279332 0.935968 -0.214330
vn -0.080794 0.962240 -0.259937
vn 0.064946 0.955791 -0.286786
vn 0.168552 0.948545 -0.268053
vn -0.234422 0.937879 0.255791
vn -0.065305 0.936706 0.343973
vn 0.087012 0.929215 0.359150
vn -0.381770 0.920167 0.086860
vn -0.435206 0.899575 0.036882
vn 0.239435 0.919139 0.312817
vn 0.337369 0.907575 0.249980
vn 0.354963 0.910163 0.213553
vn 0.391823 0.918387 0.055131
vn -0.392009 0.918718 -0.047817
vn -0.269561 0.934684 -0.231739
vn 0.377651 0.918370 -0.118222
vn 0.319044 0.916973 -0.239524
vn -0.107215 0.938290 -0.328810
vn 0.070824 0.930510 -0.359353
vn 0.205240 0.922728 -0.326267
s 1
g group2 pPlane1
usemtl lambert3SG
f 1155/1698/1323 1168/1711/1324 1176/1707/1325 1171/1714/1326
f 1168/1711/1324 1156/1699/1327 1169/1712/1328 1176/1707/1325
f 1176/1707/1325 1169/1712/1328 1159/1702/1329 1170/1713/1330
f 1171/1714/1326 1176/1707/1325 1170/1713/1330 1158/1701/1331
f 1156/1699/1327 1172/1715/1332 1177/1708/1333 1169/1712/1328
f 1172/1715/1332 1157/1700/1334 1173/1716/1335 1177/1708/1333
f 1177/1708/1333 1173/1716/1335 1160/1703/1336 1174/1717/1337
f 1169/1712/1328 1177/1708/1333 1174/1717/1337 1159/1702/1329
f 1158/1701/1331 1170/1713/1330 1178/1709/1338 1165/1720/1339
f 1170/1713/1330 1159/1702/1329 1175/1718/1340 1178/1709/1338
f 1178/1709/1338 1175/1718/1340 1162/1705/1341 1164/1719/1342
f 1165/1720/1339 1178/1709/1338 1164/1719/1342 1161/1704/1343
f 1159/1702/1329 1174/1717/1337 1179/1710/1344 1175/1718/1340
f 1174/1717/1337 1160/1703/1336 1166/1721/1345 1179/1710/1344
f 1179/1710/1344 1166/1721/1345 1163/1706/1346 1167/1722/1347
f 1175/1718/1340 1179/1710/1344 1167/1722/1347 1162/1705/1341
f 1168/1723/1324 1155/1724/1323 1180/1725/1348 1181/1726/1349
f 1156/1727/1327 1168/1728/1324 1181/1729/1349 1182/1730/1350
f 1155/1731/1323 1171/1732/1326 1183/1733/1351 1180/1734/1348
f 1171/1735/1326 1158/1736/1331 1184/1737/1352 1183/1738/1351
f 1172/1739/1332 1156/1740/1327 1182/1741/1350 1185/1742/1353
f 1157/1743/1334 1172/1744/1332 1185/1745/1353 1186/1746/1354
f 1173/1747/1335 1157/1748/1334 1186/1749/1354 1187/1750/1355
f 1160/1751/1336 1173/1752/1335 1187/1753/1355 1188/1754/1356
f 1158/1755/1331 1165/1756/1339 1189/1757/1357 1184/1758/1352
f 1165/1759/1339 1161/1760/1343 1190/1761/1358 1189/1762/1357
f 1166/1763/1345 1160/1764/1336 1188/1765/1356 1191/1766/1359
f 1163/1767/1346 1166/1768/1345 1191/1769/1359 1192/1770/1360
f 1161/1771/1343 1164/1772/1342 1193/1773/1361 1190/1774/1358
f 1164/1775/1342 1162/1776/1341 1194/1777/1362 1193/1778/1361
f 1162/1779/1341 1167/1780/1347 1195/1781/1363 1194/1782/1362
f 1167/1783/1347 1163/1784/1346 1192/1785/1360 1195/1786/1363
f 1181/1787/1349 1180/1788/1348 1196/1789/1364 1197/1790/1365
f 1182/1791/1350 1181/1792/1349 1197/1793/1365 1198/1794/1366
f 1180/1795/1348 1183/1796/1351 1199/1797/1367 1196/1798/1364
f 1183/1799/1351 1184/1800/1352 1200/1801/1368 1199/1802/1367
f 1185/1803/1353 1182/1804/1350 1198/1805/1366 1201/1806/1369
f 1186/1807/1354 1185/1808/1353 1201/1809/1369 1202/1810/1370
f 1187/1811/1355 1186/1812/1354 1202/1813/1370 1203/1814/1371
f 1188/1815/1356 1187/1816/1355 1203/1817/1371 1204/1818/1372
f 1184/1819/1352 1189/1820/1357 1205/1821/1373 1200/1822/1368
f 1189/1823/1357 1190/1824/1358 1206/1825/1374 1205/1826/1373
f 1191/1827/1359 1188/1828/1356 1204/1829/1372 1207/1830/1375
f 1192/1831/1360 1191/1832/1359 1207/1833/1375 1208/1834/1376
f 1190/1835/1358 1193/1836/1361 1209/1837/1377 1206/1838/1374
f 1193/1839/1361 1194/1840/1362 1210/1841/1378 1209/1842/1377
f 1194/1843/1362 1195/1844/1363 1211/1845/1379 1210/1846/1378
f 1195/1847/1363 1192/1848/1360 1208/1849/1376 1211/1850/1379
g default
v -137.211065 349.480823 -1042.737127
v -147.735767 336.399269 -1021.505003
v -162.745774 336.525772 -998.979835
v -133.787673 369.685483 -1039.134571
v -145.758653 357.739659 -1014.033085
v -162.899310 354.915675 -989.247714
v -128.301289 391.587931 -1028.656873
v -139.782377 379.938908 -1003.973165
v -156.766095 377.146293 -979.878451
v -145.305126 396.828176 -973.490088
v -129.818260 401.239321 -991.852242
v -121.847148 408.729596 -1013.688612
v -149.929226 317.060150 -1028.510660
v -158.729440 322.555783 -1012.054646
v -142.414724 330.833065 -1040.012193
v -112.536263 421.067826 -994.377372
v -116.945083 415.341294 -980.164941
v -97.322579 433.656869 -963.291545
v -104.366276 429.429480 -976.095777
v -110.448050 426.343888 -965.673808
v -127.638516 413.405688 -968.497551
v -104.591879 425.941259 -969.817899
vt 0.000000 0.000000
vt 0.500000 0.000000
vt 1.000000 0.000000
vt 0.000000 0.500000
vt 0.500000 0.500000
vt 1.000000 0.500000
vt 0.000000 1.000000
vt 0.500000 1.000000
vt 1.000000 1.000000
vt 0.000000 0.000000
vt 1.000000 0.000000
vt 1.000000 1.000000
vt 0.000000 1.000000
vt 0.000000 0.000000
vt 1.000000 0.000000
vt 1.000000 1.000000
vt 0.000000 1.000000
vt 0.000000 0.000000
vt 1.000000 0.000000
vt 1.000000 1.000000
vt 0.000000 1.000000
vt 0.000000 0.000000
vt 1.000000 0.000000
vt 1.000000 1.000000
vt 0.000000 1.000000
vt 0.000000 0.000000
vt 1.000000 0.000000
vt 1.000000 1.000000
vt 0.000000 1.000000
vt 0.000000 0.000000
vt 1.000000 0.000000
vt 1.000000 1.000000
vt 0.000000 1.000000
vt 0.000000 0.000000
vt 1.000000 0.000000
vt 1.000000 1.000000
vt 0.000000 1.000000
vt 0.000000 0.000000
vt 1.000000 0.000000
vt 1.000000 1.000000
vt 0.000000 1.000000
vt 0.500000 1.000000
vt 0.500000 1.000000
vn -0.919300 0.210039 -0.332822
vn -0.919267 0.211928 -0.331715
vn -0.912323 0.284127 -0.294853
vn -0.910090 0.299234 -0.286697
vn -0.803241 0.270794 -0.530542
vn -0.803706 0.268686 -0.530910
vn -0.782775 0.363828 -0.504870
vn -0.786953 0.347733 -0.509692
vn -0.885548 0.411731 -0.215134
vn -0.884803 0.414298 -0.213259
vn -0.737373 0.489097 -0.465902
vn -0.738673 0.486248 -0.466824
vn -0.665182 0.622827 -0.411849
vn -0.649280 0.647278 -0.399334
vn -0.835222 0.536557 -0.120462
vn -0.822591 0.559348 -0.102340
vn -0.802201 0.275443 -0.529722
vn -0.802201 0.275443 -0.529722
vn -0.919177 0.216095 -0.329266
vn -0.919177 0.216095 -0.329266
vn -0.762324 0.633974 0.130146
vn -0.769048 0.621792 0.148119
vn -0.803809 0.531805 0.266600
vn -0.431702 0.792944 -0.429969
vn -0.445820 0.794552 -0.412227
vn -0.331288 0.771534 -0.543124
vn -0.757396 0.652321 0.028774
vn -0.756538 0.653898 0.008220
vn -0.530523 0.767425 -0.360005
vn -0.547253 0.760079 -0.350419
s 1
g group2 Hojas3 pPlane5
usemtl lambert5SG
f 1212/1851/1380 1213/1852/1381 1216/1855/1382 1215/1854/1383
s 2
f 1213/1852/1384 1214/1853/1385 1217/1856/1386 1216/1855/1387
s 1
f 1215/1854/1383 1216/1855/1382 1219/1858/1388 1218/1857/1389
s 2
f 1216/1855/1387 1217/1856/1386 1220/1859/1390 1219/1858/1391
f 1220/1860/1390 1221/1861/1392 1222/1862/1393 1219/1863/1391
s 1
f 1223/1864/1394 1218/1865/1389 1219/1866/1388 1222/1867/1395
s 2
f 1214/1868/1385 1213/1869/1384 1224/1870/1396 1225/1871/1397
s 1
f 1213/1872/1381 1212/1873/1380 1226/1874/1398 1224/1875/1399
f 1230/1876/1400 1233/1892/1401 1229/1879/1402
s 2
f 1233/1893/1403 1231/1881/1404 1229/1882/1405
s 1
f 1222/1884/1395 1228/1885/1406 1227/1886/1407 1223/1887/1394
s 2
f 1228/1888/1408 1222/1889/1393 1221/1890/1392 1232/1891/1409
s 1
f 1230/1876/1400 1227/1877/1407 1228/1878/1406 1233/1892/1401
s 2
f 1232/1880/1409 1231/1881/1404 1233/1893/1403 1228/1883/1408
g default
v -179.682400 300.521988 -1044.525751
v -154.604946 310.272579 -1047.483254
v -135.565857 321.689481 -1062.970893
v -187.701260 292.849812 -1062.125805
v -159.975315 303.249567 -1068.387494
v -137.404828 316.982468 -1083.154760
v -190.905212 281.889996 -1084.244053
v -163.698124 291.815582 -1090.413143
v -141.726315 305.486449 -1104.805767
v -147.236777 289.714022 -1121.551120
v -165.258996 276.389480 -1111.849258
v -187.765333 270.268075 -1104.606116
v -149.929231 317.060135 -1028.510675
v -138.990256 322.268952 -1043.730832
v -167.177336 308.744551 -1031.945804
v -178.408807 256.177109 -1122.654621
v -163.308052 259.565941 -1126.489603
v -159.393907 234.658135 -1145.711859
v -167.736441 244.094846 -1137.180535
v -157.228906 249.136450 -1141.573738
v -152.316511 268.696414 -1133.563819
v -160.568786 244.100832 -1137.685540
vt 0.000000 0.000000
vt 0.500000 0.000000
vt 1.000000 0.000000
vt 0.000000 0.500000
vt 0.500000 0.500000
vt 1.000000 0.500000
vt 0.000000 1.000000
vt 0.500000 1.000000
vt 1.000000 1.000000
vt 0.000000 0.000000
vt 1.000000 0.000000
vt 1.000000 1.000000
vt 0.000000 1.000000
vt 0.000000 0.000000
vt 1.000000 0.000000
vt 1.000000 1.000000
vt 0.000000 1.000000
vt 0.000000 0.000000
vt 1.000000 0.000000
vt 1.000000 1.000000
vt 0.000000 1.000000
vt 0.000000 0.000000
vt 1.000000 0.000000
vt 1.000000 1.000000
vt 0.000000 1.000000
vt 0.000000 0.000000
vt 1.000000 0.000000
vt 1.000000 1.000000
vt 0.000000 1.000000
vt 0.000000 0.000000
vt 1.000000 0.000000
vt 1.000000 1.000000
vt 0.000000 1.000000
vt 0.000000 0.000000
vt 1.000000 0.000000
vt 1.000000 1.000000
vt 0.000000 1.000000
vt 0.000000 0.000000
vt 1.000000 0.000000
vt 1.000000 1.000000
vt 0.000000 1.000000
vt 0.500000 1.000000
vt 0.500000 1.000000
vn -0.380553 0.899878 -0.213071
vn -0.380652 0.899332 -0.215189
vn -0.389108 0.873706 -0.291945
vn -0.390516 0.867525 -0.308055
vn -0.581112 0.803149 -0.131377
vn -0.580267 0.804054 -0.129570
vn -0.610480 0.761984 -0.216088
vn -0.605711 0.769779 -0.201384
vn -0.392034 0.812289 -0.431853
vn -0.391868 0.810815 -0.434762
vn -0.646585 0.688600 -0.328265
vn -0.645790 0.690534 -0.325757
vn -0.675014 0.585468 -0.448980
vn -0.678042 0.563616 -0.471800
vn -0.381235 0.726425 -0.571809
vn -0.378610 0.707287 -0.596993
vn -0.582967 0.801140 -0.135362
vn -0.582967 0.801140 -0.135362
vn -0.380866 0.898110 -0.219861
vn -0.380866 0.898110 -0.219861
vn -0.225024 0.602066 -0.766081
vn -0.203224 0.608407 -0.767164
vn -0.054379 0.642755 -0.764140
vn -0.786058 0.328757 -0.523480
vn -0.771850 0.339693 -0.537453
vn -0.870749 0.251050 -0.422811
vn -0.320118 0.607943 -0.726588
vn -0.338232 0.609679 -0.716862
vn -0.712089 0.419872 -0.562704
vn -0.699816 0.436188 -0.565684
s 1
g group2 Hojas3 pPlane7
usemtl lambert5SG
f 1234/1894/1410 1235/1895/1411 1238/1898/1412 1237/1897/1413
s 2
f 1235/1895/1414 1236/1896/1415 1239/1899/1416 1238/1898/1417
s 1
f 1237/1897/1413 1238/1898/1412 1241/1901/1418 1240/1900/1419
s 2
f 1238/1898/1417 1239/1899/1416 1242/1902/1420 1241/1901/1421
f 1242/1903/1420 1243/1904/1422 1244/1905/1423 1241/1906/1421
s 1
f 1245/1907/1424 1240/1908/1419 1241/1909/1418 1244/1910/1425
s 2
f 1236/1911/1415 1235/1912/1414 1246/1913/1426 1247/1914/1427
s 1
f 1235/1915/1411 1234/1916/1410 1248/1917/1428 1246/1918/1429
f 1252/1919/1430 1255/1935/1431 1251/1922/1432
s 2
f 1255/1936/1433 1253/1924/1434 1251/1925/1435
s 1
f 1244/1927/1425 1250/1928/1436 1249/1929/1437 1245/1930/1424
s 2
f 1250/1931/1438 1244/1932/1423 1243/1933/1422 1254/1934/1439
s 1
f 1252/1919/1430 1249/1920/1437 1250/1921/1436 1255/1935/1431
s 2
f 1254/1923/1439 1253/1924/1434 1255/1936/1433 1250/1926/1438
g default
v 85.457149 81.636417 -909.938975
v 92.520454 79.544669 -899.441757
v 104.083537 74.494743 -897.150562
v 113.372912 69.444817 -904.407439
v 114.946973 67.353063 -916.961386
v 107.883655 69.444817 -927.458605
v 96.320578 74.494743 -929.749799
v 87.031209 79.544676 -922.492922
v 23.138162 334.677698 -998.129190
v 24.532737 340.047509 -995.649168
v 27.415746 345.043140 -997.560307
v 30.097803 346.738820 -1002.742493
v 31.009198 344.141461 -1008.160190
v 29.615759 338.772276 -1010.640420
v 26.732664 333.776176 -1008.730430
v 24.049643 332.079738 -1003.547826
v 94.777706 106.642064 -911.991944
v 96.990121 114.921803 -912.480407
v 101.785710 105.478791 -902.065383
v 103.882367 113.777459 -902.707790
v 113.527679 102.842763 -900.058263
v 115.448466 111.181901 -900.719157
v 123.123454 100.289947 -907.136758
v 124.917725 108.664928 -907.688617
v 124.961120 99.312712 -919.148872
v 126.735130 107.701244 -919.536656
v 117.967012 100.474518 -929.066243
v 119.832067 108.848826 -929.315018
v 106.231982 103.102321 -931.086312
v 108.259983 111.440494 -931.292163
v 96.624014 105.660685 -924.017322
v 98.802277 113.958557 -924.316959
v 100.825408 137.876584 -913.331381
v 101.666297 146.412950 -913.698486
v 107.553991 137.714846 -904.021013
v 108.282744 146.251813 -904.536422
v 118.873639 137.100950 -902.195723
v 119.428552 145.648975 -902.732438
v 128.152335 136.408843 -908.916826
v 128.573279 144.970770 -909.348996
v 129.961163 136.032991 -920.243503
v 130.355487 144.602752 -920.508153
v 123.243990 136.194663 -929.548336
v 123.732245 144.763014 -929.668337
v 111.928735 136.801509 -931.384592
v 112.588114 145.360656 -931.465010
v 102.639510 137.499452 -924.669338
v 103.450242 146.045545 -924.850540
v 102.429645 171.206950 -914.910298
v 102.500090 179.747259 -915.794379
v 108.750451 172.082349 -906.236489
v 108.711429 180.605099 -907.260101
v 119.376868 172.524742 -904.575587
v 119.168237 181.040899 -905.622698
v 128.085402 172.267325 -910.895433
v 127.738911 180.790910 -911.843431
v 129.779229 171.466234 -921.495420
v 129.399056 180.005564 -922.272763
v 123.465206 170.586632 -930.170691
v 123.182710 179.142019 -930.796388
v 112.837111 170.146079 -931.838904
v 112.735374 178.709482 -932.428987
v 104.121768 170.403379 -925.517178
v 104.169882 178.960934 -926.218072
v 102.162926 202.984444 -919.482139
v 101.826155 211.293876 -921.610617
v 108.032677 205.216461 -911.570426
v 107.584442 213.487029 -913.828304
v 117.977704 206.164211 -910.096575
v 117.362673 214.417990 -912.374192
v 126.179002 205.263694 -915.919079
v 125.426097 213.530528 -918.101970
v 127.835439 203.051690 -925.634986
v 127.044310 211.356240 -927.653176
v 121.971028 200.814543 -933.555576
v 121.277419 209.162853 -935.423478
v 112.016582 199.862890 -935.034440
v 111.510886 208.232270 -936.868190
v 103.810127 200.764843 -929.202223
v 103.456410 209.116455 -931.151274
v 100.354634 232.988803 -929.386350
v 99.420135 240.714327 -933.006747
v 105.654562 236.941474 -922.653341
v 104.608437 244.596736 -926.390815
v 114.851920 238.756033 -921.606021
v 113.637706 246.382313 -925.353835
v 122.566895 237.368867 -926.851811
v 121.215186 245.018541 -930.506777
v 124.286257 233.589017 -935.324156
v 122.896298 241.303157 -938.826327
v 118.993979 229.643186 -942.071055
v 117.696135 237.430408 -945.441319
v 109.785779 227.820090 -943.125163
v 108.673263 235.646554 -946.468169
v 102.062018 229.210206 -937.868407
v 101.105593 237.009490 -941.321179
v 96.007260 259.712637 -944.222509
v 94.010558 266.716249 -948.765212
v 100.633213 264.773125 -938.748937
v 98.528633 271.674150 -943.397750
v 108.951634 267.530877 -938.385592
v 106.675420 274.383391 -943.029079
v 116.094568 266.371363 -943.338324
v 113.681897 273.249386 -947.880191
v 117.883330 261.976469 -950.712174
v 115.435724 268.934414 -955.110436
v 113.265953 256.920315 -956.194519
v 110.905398 263.973666 -960.480196
v 104.940463 254.164521 -956.570084
v 102.751476 261.278212 -960.844272
v 97.789945 255.314374 -951.605445
v 95.759255 262.410180 -955.987520
v 87.464979 283.035241 -960.396853
v 83.732062 289.362319 -964.835220
v 91.356984 288.576934 -955.926214
v 87.524014 294.772627 -960.464634
v 98.448730 292.469839 -956.518073
v 94.452912 298.584070 -961.030488
v 104.585689 292.435061 -961.816186
v 100.466887 298.556237 -966.209122
v 106.176153 288.505445 -968.724131
v 102.028043 294.705968 -972.972836
v 102.296348 282.967094 -973.193204
v 98.226652 289.282005 -977.344153
v 95.203108 279.080141 -972.619413
v 91.281429 285.486646 -976.771825
v 89.059438 279.099489 -967.314719
v 85.285998 285.517508 -971.585670
v 72.586391 303.246016 -974.397496
v 66.929645 308.535487 -978.103429
v 75.524720 309.078129 -970.802060
v 69.790323 314.215902 -974.595409
v 80.784354 314.113603 -972.353719
v 74.924094 319.139600 -976.104247
v 85.255535 315.435965 -978.154291
v 79.291802 320.440760 -981.768944
v 86.346321 312.255833 -984.789753
v 80.358143 317.334676 -988.255893
v 83.418384 306.436670 -988.384667
v 77.491949 311.646976 -991.762242
v 78.176740 301.383258 -986.837186
v 72.370665 306.717717 -990.237320
v 73.683999 300.061210 -981.046849
v 67.993375 305.434025 -984.582127
v 50.618460 320.079347 -986.368043
v 43.777647 324.201184 -989.513240
v 52.589720 325.870729 -983.437470
v 45.694063 329.837264 -986.659325
v 56.324110 331.187433 -985.367095
v 49.329046 335.021591 -988.535373
v 59.624608 332.923636 -991.024898
v 52.545118 336.719386 -994.048110
v 60.571248 330.060765 -997.093463
v 53.467228 333.929415 -999.962939
v 58.610187 324.273482 -1000.023932
v 51.553393 328.288112 -1002.813512
v 54.878640 318.952288 -998.102140
v 47.917937 323.106136 -1000.933914
v 51.567401 317.212246 -992.444963
v 44.698683 321.413745 -995.424936
v 93.176367 109.684734 -911.591836
v 94.121852 113.134255 -911.819514
v 96.221302 112.006386 -925.499319
v 95.279309 108.550834 -925.362503
v 101.200216 108.354325 -900.229753
v 102.089904 111.813304 -900.519364
v 114.641448 105.328535 -897.923623
v 115.458727 108.803695 -898.227438
v 125.637823 102.387419 -906.021866
v 126.388573 105.880602 -906.288500
v 127.750582 101.251907 -919.790236
v 128.475106 104.756160 -919.969140
v 119.730526 102.582499 -931.163598
v 120.505964 106.079403 -931.255087
v 106.277799 105.605887 -933.471920
v 107.149399 109.081204 -933.546177
v 98.754620 140.614636 -912.870593
v 99.128677 144.175059 -913.068924
v 101.224674 143.718553 -926.073841
v 100.827197 140.155455 -925.949662
v 106.512520 140.430901 -902.140683
v 106.849037 143.990644 -902.374419
v 119.562156 139.703153 -900.018681
v 119.853112 143.264998 -900.284479
v 130.288476 138.868785 -907.757964
v 130.492943 142.438320 -908.012275
v 132.397124 138.406549 -920.851341
v 132.546838 141.983604 -920.999854
v 124.626077 138.591459 -931.617387
v 124.843338 142.167861 -931.652061
v 111.539515 139.316544 -933.724769
v 111.881268 142.885805 -933.759338
v 100.126923 173.773004 -914.586640
v 100.171147 177.333021 -915.021735
v 102.157639 176.376120 -927.286593
v 102.075850 172.806638 -926.934423
v 107.483325 174.802947 -904.505821
v 107.484004 178.357378 -904.962536
v 119.840932 175.303552 -902.562201
v 119.806284 178.854575 -903.041161
v 129.996072 174.973510 -909.899079
v 129.881058 178.524207 -910.377726
v 131.993491 174.008776 -922.253547
v 131.812419 177.567671 -922.635273
v 124.629498 172.971117 -932.382720
v 124.508048 176.542780 -932.638493
v 112.223451 172.473136 -934.319761
v 112.240709 176.049551 -934.568013
v 99.745216 205.456228 -919.532688
v 99.607487 208.912120 -920.475672
v 101.551159 206.315348 -931.795979
v 101.676421 202.830396 -930.971324
v 106.657796 208.100546 -910.240910
v 106.436403 211.540001 -911.229013
v 118.344483 209.226430 -908.523820
v 118.059010 212.665142 -909.493436
v 127.976394 208.170507 -915.363565
v 127.649903 211.611960 -916.306028
v 129.932050 205.558722 -926.773063
v 129.567073 209.011011 -927.661009
v 123.049014 202.906989 -936.089384
v 122.705996 206.384996 -936.880618
v 111.337777 201.770778 -937.836240
v 111.109498 205.267636 -938.582461
v 97.756668 235.211198 -929.899357
v 97.387356 238.451722 -931.382712
v 99.391212 234.021240 -941.380083
v 99.801307 230.743483 -939.991350
v 104.057225 239.905938 -921.876520
v 103.621829 243.097585 -923.445202
v 115.004297 242.070814 -920.637762
v 114.452164 245.248831 -922.200282
v 124.167392 240.435134 -926.899435
v 123.555324 243.640644 -928.385192
v 126.188911 235.965460 -936.973674
v 125.588710 239.201311 -938.395932
v 119.900697 231.292235 -944.977398
v 119.338408 234.548738 -946.363729
v 108.977835 229.119657 -946.230986
v 108.480527 232.397336 -947.590371
v 93.139761 261.513880 -944.907006
v 92.325433 264.476412 -946.752871
v 94.414556 259.266602 -955.557229
v 95.303278 256.259892 -953.816848
v 98.712707 267.605734 -938.290030
v 97.823241 270.479023 -940.236783
v 108.742370 270.941194 -937.872898
v 107.704149 273.789443 -939.789677
v 117.314382 269.563767 -943.879425
v 116.227075 272.465619 -945.693958
v 119.422651 264.310301 -952.758667
v 118.380410 267.252781 -954.528395
v 113.875227 258.260562 -959.332405
v 112.854775 261.208551 -961.096493
v 103.899841 254.929933 -959.783271
v 102.907737 257.906094 -961.516758
v 84.259997 284.269429 -960.774297
v 82.714181 286.930523 -962.609405
v 84.605836 282.198471 -970.947231
v 86.210484 279.488761 -969.234945
v 89.015965 291.042203 -955.310960
v 87.388295 293.599640 -957.222622
v 97.668658 295.807179 -956.061776
v 95.917912 298.327331 -957.920069
v 105.121542 295.775194 -962.552276
v 103.340182 298.336470 -964.324406
v 107.030344 291.000871 -970.969373
v 105.275799 293.599275 -972.707769
v 102.314272 284.266479 -976.405242
v 100.566039 286.882036 -978.120453
v 93.697794 279.507012 -975.705810
v 91.983243 282.170325 -977.384363
v 69.162563 303.755994 -974.234466
v 66.825800 305.964290 -975.820798
v 68.196340 302.050314 -983.977318
v 70.523292 299.795229 -982.434850
v 72.793462 310.952532 -969.790981
v 70.436980 313.121637 -971.397366
v 79.310490 317.171985 -971.673399
v 76.926292 319.292056 -973.307565
v 84.893776 318.806412 -978.827822
v 82.436294 320.876064 -980.419376
v 86.281484 314.852278 -987.065595
v 83.777833 316.953941 -988.533180
v 82.633828 307.622895 -991.532683
v 80.185739 309.835081 -992.932069
v 76.100743 301.383781 -989.603267
v 73.740814 303.662625 -991.056335
v 47.191554 319.973811 -985.875820
v 44.356803 321.721946 -987.198025
v 45.548677 318.137607 -994.799239
v 48.387941 316.359550 -993.521108
v 49.681990 327.255728 -982.168216
v 46.841338 328.960938 -983.533136
v 54.415144 333.959676 -984.569908
v 51.536640 335.589116 -985.950390
v 58.617589 336.158233 -991.704069
v 55.674652 337.732842 -993.007892
v 59.823246 332.534650 -999.385493
v 56.856516 334.158633 -1000.568480
v 57.318237 325.219235 -1003.088188
v 54.396616 326.952670 -1004.235143
v 52.576401 318.524373 -1000.649838
v 49.711954 320.314101 -1001.858308
vt 0.329370 0.085928
vt 0.000000 0.113619
vt 0.329370 0.188386
vt 0.329370 0.202201
vt 0.000000 0.216013
vt 0.329370 0.295746
vt 0.327901 0.309544
vt 0.000000 0.323359
vt 0.329370 0.398903
vt 0.326628 0.412734
vt 0.000000 0.426592
vt 0.329370 0.500732
vt 0.321060 0.514586
vt 0.000000 0.528436
vt 0.329370 0.600108
vt 0.323022 0.613948
vt 0.000000 0.627780
vt 0.329370 0.695462
vt 0.000000 0.723269
vt 0.329370 0.788150
vt 0.329370 0.802067
vt 0.000000 0.815968
vt 0.329370 0.885393
vt 0.329249 0.899206
vt 0.000000 0.913019
vt 0.000000 0.000000
vt 0.000000 0.085928
vt 0.041171 0.000000
vt 0.041171 0.086331
vt 0.082342 0.000000
vt 0.082342 0.087244
vt 0.123514 0.000000
vt 0.123514 0.088076
vt 0.164685 0.000000
vt 0.164685 0.088423
vt 0.205856 0.000000
vt 0.205856 0.088143
vt 0.247027 0.000000
vt 0.247027 0.087347
vt 0.288199 0.000000
vt 0.329370 0.000000
vt 0.288199 0.086410
vt 0.041171 0.113225
vt 0.000000 0.188386
vt 0.082343 0.112464
vt 0.041171 0.188801
vt 0.123514 0.111850
vt 0.082342 0.189530
vt 0.164685 0.111674
vt 0.123514 0.190153
vt 0.205856 0.111986
vt 0.164685 0.190339
vt 0.247027 0.112674
vt 0.205856 0.190018
vt 0.288199 0.113386
vt 0.247027 0.189327
vt 0.329370 0.113619
vt 0.288198 0.188628
vt 0.041171 0.215591
vt 0.000000 0.295746
vt 0.082342 0.215181
vt 0.041171 0.296160
vt 0.123514 0.215046
vt 0.082342 0.296561
vt 0.164685 0.215212
vt 0.123514 0.296707
vt 0.205856 0.215608
vt 0.164685 0.296546
vt 0.247027 0.216027
vt 0.205856 0.296143
vt 0.288199 0.216207
vt 0.247027 0.295723
vt 0.329370 0.216013
vt 0.288199 0.295552
vt 0.041171 0.322742
vt 0.000000 0.398903
vt 0.082342 0.322534
vt 0.041171 0.399492
vt 0.123514 0.322799
vt 0.082342 0.399712
vt 0.164685 0.323434
vt 0.123514 0.399437
vt 0.205856 0.324095
vt 0.164685 0.398820
vt 0.247027 0.324364
vt 0.205856 0.398153
vt 0.288199 0.324042
vt 0.247027 0.397869
vt 0.329370 0.323360
vt 0.288199 0.398210
vt 0.041171 0.425743
vt 0.000000 0.500732
vt 0.082342 0.425366
vt 0.041171 0.501566
vt 0.123513 0.425577
vt 0.082342 0.501949
vt 0.164685 0.426332
vt 0.123514 0.501722
vt 0.205856 0.427249
vt 0.164685 0.500964
vt 0.247027 0.427736
vt 0.205856 0.500084
vt 0.288199 0.427447
vt 0.247027 0.499561
vt 0.329370 0.426592
vt 0.288199 0.499868
vt 0.041171 0.527728
vt 0.000000 0.600108
vt 0.082342 0.527233
vt 0.041171 0.600821
vt 0.123514 0.527173
vt 0.082343 0.601323
vt 0.164685 0.527565
vt 0.123514 0.601367
vt 0.205856 0.528287
vt 0.164685 0.600952
vt 0.247027 0.528855
vt 0.205856 0.600275
vt 0.288199 0.528934
vt 0.247027 0.599715
vt 0.329370 0.528436
vt 0.288199 0.599613
vt 0.041171 0.627273
vt 0.000000 0.695463
vt 0.082342 0.626552
vt 0.041171 0.695987
vt 0.123514 0.626035
vt 0.082342 0.696723
vt 0.164685 0.625964
vt 0.123514 0.697223
vt 0.205856 0.626384
vt 0.164685 0.697294
vt 0.247027 0.627117
vt 0.205856 0.696861
vt 0.288199 0.627703
vt 0.247027 0.696188
vt 0.329370 0.627780
vt 0.288199 0.695552
vt 0.041171 0.722756
vt 0.000000 0.788150
vt 0.082342 0.721826
vt 0.041171 0.788695
vt 0.123514 0.721063
vt 0.082343 0.789582
vt 0.164685 0.720845
vt 0.123514 0.790369
vt 0.205856 0.721209
vt 0.164685 0.790596
vt 0.247027 0.722099
vt 0.205856 0.790202
vt 0.288198 0.722968
vt 0.247027 0.789344
vt 0.329370 0.723269
vt 0.288198 0.788468
vt 0.041171 0.815552
vt 0.000000 0.885393
vt 0.082342 0.814909
vt 0.041171 0.885816
vt 0.123514 0.814545
vt 0.082343 0.886387
vt 0.164685 0.814525
vt 0.123514 0.886804
vt 0.205856 0.814879
vt 0.164685 0.886827
vt 0.247027 0.815460
vt 0.205856 0.886450
vt 0.288198 0.815947
vt 0.247027 0.885880
vt 0.329370 0.815968
vt 0.288199 0.885420
vt 0.041171 0.912808
vt 0.041171 0.992370
vt 0.000000 0.992310
vt 0.082343 0.912548
vt 0.082343 0.992443
vt 0.123514 0.912418
vt 0.123514 0.992490
vt 0.164685 0.912450
vt 0.164685 0.992482
vt 0.205856 0.912634
vt 0.205856 0.992424
vt 0.247027 0.912897
vt 0.247027 0.992350
vt 0.288199 0.913058
vt 0.288199 0.992301
vt 0.329370 0.913020
vt 0.329370 0.992310
vt 0.329370 0.113619
vt 0.288199 0.113386
vt 0.288199 0.086410
vt 0.329370 0.085928
vt 0.000000 0.085928
vt 0.041171 0.086331
vt 0.041171 0.113225
vt 0.000000 0.113619
vt 0.082342 0.087244
vt 0.082343 0.112464
vt 0.123514 0.088076
vt 0.123514 0.111850
vt 0.164685 0.088423
vt 0.164685 0.111674
vt 0.205856 0.088143
vt 0.205856 0.111986
vt 0.247027 0.087347
vt 0.247027 0.112674
vt 0.329370 0.202201
vt 0.288199 0.216207
vt 0.288198 0.188628
vt 0.329370 0.188386
vt 0.000000 0.188386
vt 0.041171 0.188801
vt 0.041171 0.215591
vt 0.000000 0.216013
vt 0.082342 0.189530
vt 0.082342 0.215181
vt 0.123514 0.190153
vt 0.123514 0.215046
vt 0.164685 0.190339
vt 0.164685 0.215212
vt 0.205856 0.190018
vt 0.205856 0.215608
vt 0.247027 0.189327
vt 0.247027 0.216027
vt 0.327901 0.309544
vt 0.288199 0.324042
vt 0.288199 0.295552
vt 0.329370 0.295746
vt 0.000000 0.295746
vt 0.041171 0.296160
vt 0.041171 0.322742
vt 0.000000 0.323359
vt 0.082342 0.296561
vt 0.082342 0.322534
vt 0.123514 0.296707
vt 0.123514 0.322799
vt 0.164685 0.296546
vt 0.164685 0.323434
vt 0.205856 0.296143
vt 0.205856 0.324095
vt 0.247027 0.295723
vt 0.247027 0.324364
vt 0.326628 0.412734
vt 0.288199 0.427447
vt 0.288199 0.398210
vt 0.329370 0.398903
vt 0.000000 0.398903
vt 0.041171 0.399492
vt 0.041171 0.425743
vt 0.000000 0.426592
vt 0.082342 0.399712
vt 0.082342 0.425366
vt 0.123514 0.399437
vt 0.123513 0.425577
vt 0.164685 0.398820
vt 0.164685 0.426332
vt 0.205856 0.398153
vt 0.205856 0.427249
vt 0.247027 0.397869
vt 0.247027 0.427736
vt 0.321060 0.514586
vt 0.288199 0.528934
vt 0.288199 0.499868
vt 0.329370 0.500732
vt 0.000000 0.500732
vt 0.041171 0.501566
vt 0.041171 0.527728
vt 0.000000 0.528436
vt 0.082342 0.501949
vt 0.082342 0.527233
vt 0.123514 0.501722
vt 0.123514 0.527173
vt 0.164685 0.500964
vt 0.164685 0.527565
vt 0.205856 0.500084
vt 0.205856 0.528287
vt 0.247027 0.499561
vt 0.247027 0.528855
vt 0.323022 0.613948
vt 0.288199 0.627703
vt 0.288199 0.599613
vt 0.329370 0.600108
vt 0.000000 0.600108
vt 0.041171 0.600821
vt 0.041171 0.627273
vt 0.000000 0.627780
vt 0.082343 0.601323
vt 0.082342 0.626552
vt 0.123514 0.601367
vt 0.123514 0.626035
vt 0.164685 0.600952
vt 0.164685 0.625964
vt 0.205856 0.600275
vt 0.205856 0.626384
vt 0.247027 0.599715
vt 0.247027 0.627117
vt 0.329370 0.723269
vt 0.288198 0.722968
vt 0.288199 0.695552
vt 0.329370 0.695462
vt 0.000000 0.695463
vt 0.041171 0.695987
vt 0.041171 0.722756
vt 0.000000 0.723269
vt 0.082342 0.696723
vt 0.082342 0.721826
vt 0.123514 0.697223
vt 0.123514 0.721063
vt 0.164685 0.697294
vt 0.164685 0.720845
vt 0.205856 0.696861
vt 0.205856 0.721209
vt 0.247027 0.696188
vt 0.247027 0.722099
vt 0.329370 0.802067
vt 0.288198 0.815947
vt 0.288198 0.788468
vt 0.329370 0.788150
vt 0.000000 0.788150
vt 0.041171 0.788695
vt 0.041171 0.815552
vt 0.000000 0.815968
vt 0.082343 0.789582
vt 0.082342 0.814909
vt 0.123514 0.790369
vt 0.123514 0.814545
vt 0.164685 0.790596
vt 0.164685 0.814525
vt 0.205856 0.790202
vt 0.205856 0.814879
vt 0.247027 0.789344
vt 0.247027 0.815460
vt 0.329249 0.899206
vt 0.288199 0.913058
vt 0.288199 0.885420
vt 0.329370 0.885393
vt 0.000000 0.885393
vt 0.041171 0.885816
vt 0.041171 0.912808
vt 0.000000 0.913019
vt 0.082343 0.886387
vt 0.082343 0.912548
vt 0.123514 0.886804
vt 0.123514 0.912418
vt 0.164685 0.886827
vt 0.164685 0.912450
vt 0.205856 0.886450
vt 0.205856 0.912634
vt 0.247027 0.885880
vt 0.247027 0.912897
vn -0.971578 -0.057704 0.229578
vn -0.809367 0.554606 0.193228
vn -0.701953 0.492007 -0.514968
vn -0.862360 -0.121364 -0.491534
vn -0.551128 -0.126619 0.824758
vn -0.396617 0.487026 0.778139
vn 0.152090 -0.288150 0.945430
vn 0.294870 0.328230 0.897394
vn 0.726356 -0.447720 0.521491
vn 0.860162 0.171157 0.480443
vn 0.835670 -0.511904 -0.199021
vn 0.967539 0.108037 -0.228467
vn 0.415796 -0.442877 -0.794338
vn 0.554173 0.176017 -0.813579
vn -0.287527 -0.281013 -0.915620
vn -0.137387 0.335178 -0.932084
vn -0.948518 -0.216299 0.231364
vn -0.887669 0.413141 0.203366
vn -0.774511 0.378992 -0.506457
vn -0.834463 -0.250854 -0.490656
vn -0.520121 -0.225227 0.823861
vn -0.466269 0.404484 0.786757
vn 0.199967 -0.273064 0.940983
vn 0.243025 0.357363 0.901793
vn 0.791129 -0.331787 0.513840
vn 0.824223 0.299552 0.480546
vn 0.906566 -0.367025 -0.208401
vn 0.936555 0.264995 -0.229438
vn 0.477920 -0.357588 -0.802324
vn 0.515041 0.274262 -0.812104
vn -0.243573 -0.309310 -0.919239
vn -0.193446 0.321559 -0.926919
vn -0.924844 -0.284841 0.252049
vn -0.920872 0.342982 0.185360
vn -0.806690 0.276598 -0.522251
vn -0.810556 -0.352349 -0.467813
vn -0.495442 -0.220316 0.840237
vn -0.498665 0.406733 0.765442
vn 0.226198 -0.196398 0.954077
vn 0.212821 0.430315 0.877232
vn 0.819082 -0.227612 0.526591
vn 0.795839 0.399431 0.455076
vn 0.935626 -0.295350 -0.193319
vn 0.908499 0.332792 -0.252744
vn 0.506122 -0.359832 -0.783813
vn 0.486088 0.269543 -0.831303
vn -0.217781 -0.383325 -0.897571
vn -0.223884 0.246384 -0.942959
vn -0.910772 -0.288464 0.295437
vn -0.937092 0.320723 0.137826
vn -0.818292 0.157508 -0.552802
vn -0.791396 -0.454956 -0.408299
vn -0.485225 -0.118034 0.866386
vn -0.520124 0.488524 0.700582
vn 0.234886 -0.043042 0.971070
vn 0.189163 0.562703 0.804725
vn 0.828695 -0.107627 0.549255
vn 0.774440 0.499078 0.388797
vn 0.949569 -0.273752 -0.152898
vn 0.892058 0.335340 -0.302953
vn 0.525604 -0.444558 -0.725334
vn 0.473914 0.167638 -0.864467
vn -0.196012 -0.519729 -0.831541
vn -0.234214 0.094102 -0.967620
vn -0.888136 -0.292848 0.354195
vn -0.957768 0.272922 0.090523
vn -0.828272 -0.006316 -0.560290
vn -0.756180 -0.577142 -0.308380
vn -0.476078 0.009840 0.879348
vn -0.553644 0.570314 0.606811
vn 0.238102 0.153787 0.958987
vn 0.148029 0.712181 0.686211
vn 0.835483 0.054944 0.546763
vn 0.736350 0.615305 0.281403
vn 0.966619 -0.229023 -0.114871
vn 0.866123 0.335782 -0.370244
vn 0.555710 -0.531555 -0.639247
vn 0.461055 0.037925 -0.886561
vn -0.157687 -0.676282 -0.719568
vn -0.240721 -0.104112 -0.964994
vn -0.833744 -0.345554 0.430655
vn -0.980827 0.166251 0.101679
vn -0.839129 -0.181194 -0.512865
vn -0.687694 -0.699148 -0.195624
vn -0.445401 0.072444 0.892396
vn -0.600553 0.576000 0.554581
vn 0.248511 0.309689 0.917788
vn 0.079712 0.809645 0.581482
vn 0.840008 0.227552 0.492551
vn 0.662819 0.730341 0.165146
vn 0.983269 -0.125021 -0.132485
vn 0.805867 0.383404 -0.451199
vn 0.596722 -0.541865 -0.591866
vn 0.424479 -0.027994 -0.905005
vn -0.094505 -0.779895 -0.618734
vn -0.257210 -0.261850 -0.930203
vn -0.704699 -0.470962 0.530654
vn -0.977689 -0.011214 0.209756
vn -0.841442 -0.353470 -0.408698
vn -0.564318 -0.819426 -0.100429
vn -0.352477 0.031042 0.935305
vn -0.633185 0.480528 0.606769
vn 0.284231 0.391148 0.875338
vn -0.008713 0.835053 0.550100
vn 0.831060 0.398570 0.387919
vn 0.531045 0.844299 0.071771
vn 0.969232 0.050885 -0.240832
vn 0.668489 0.501976 -0.548764
vn 0.619326 -0.449284 -0.643879
vn 0.322699 0.008273 -0.946465
vn -0.015417 -0.809568 -0.586823
vn -0.303531 -0.345613 -0.887930
vn -0.498330 -0.602892 0.623048
vn -0.908274 -0.221574 0.354885
vn -0.794847 -0.535886 -0.284681
vn -0.384159 -0.922891 -0.026343
vn -0.208586 -0.031297 0.977503
vn -0.622737 0.341661 0.703894
vn 0.317260 0.456773 0.831086
vn -0.104110 0.822630 0.558965
vn 0.771503 0.576985 0.268089
vn 0.342368 0.939558 0.003900
vn 0.887736 0.256742 -0.382111
vn 0.455705 0.624178 -0.634615
vn 0.596554 -0.315504 -0.737957
vn 0.169606 0.062216 -0.983546
vn 0.069412 -0.804145 -0.590367
vn -0.348183 -0.418217 -0.838966
vn -0.321361 -0.665205 0.673966
vn -0.814138 -0.368704 0.448594
vn -0.711171 -0.674774 -0.197271
vn -0.217147 -0.975960 0.018686
vn -0.102674 -0.043143 0.993779
vn -0.598227 0.244570 0.763092
vn 0.312243 0.526572 0.790712
vn -0.189401 0.805134 0.562037
vn 0.680236 0.709884 0.182606
vn 0.172113 0.984405 -0.036390
vn 0.785036 0.398647 -0.474131
vn 0.274899 0.678439 -0.681287
vn 0.564909 -0.224456 -0.794039
vn 0.058983 0.066277 -0.996056
vn 0.149454 -0.793759 -0.589584
vn -0.349632 -0.494342 -0.795854
vn -0.909499 0.356126 0.214442
vn -0.456367 0.249099 0.854212
vn -0.483775 0.154968 0.861363
vn -0.940302 0.257971 0.221997
vn 0.277079 0.006145 0.960828
vn 0.252065 -0.076995 0.964643
vn 0.836048 -0.219604 0.502791
vn 0.811302 -0.292012 0.506476
vn 0.925985 -0.305020 -0.222517
vn 0.902074 -0.373347 -0.216505
vn 0.520209 -0.211662 -0.827395
vn 0.497124 -0.284190 -0.819819
vn -0.181127 0.016739 -0.983317
vn -0.205335 -0.066136 -0.976455
vn -0.787752 0.256260 -0.560158
vn -0.816202 0.162688 -0.554388
vn -0.930707 0.289303 0.223805
vn -0.465796 0.236841 0.852608
vn -0.502715 0.015130 0.864320
vn -0.970429 0.054522 0.235147
vn 0.287606 0.121182 0.950051
vn 0.256184 -0.077096 0.963549
vn 0.868807 0.014128 0.494950
vn 0.845719 -0.165741 0.507237
vn 0.973589 -0.026988 -0.226707
vn 0.954283 -0.201906 -0.220406
vn 0.559023 0.017860 -0.828960
vn 0.534493 -0.167144 -0.828481
vn -0.168296 0.127709 -0.977429
vn -0.203438 -0.078188 -0.975961
vn -0.800056 0.242327 -0.548806
vn -0.840995 0.015013 -0.540835
vn -0.958433 0.157170 0.238126
vn -0.495476 0.174185 0.850978
vn -0.502940 -0.031274 0.863756
vn -0.965313 -0.062430 0.253522
vn 0.252267 0.166956 0.953146
vn 0.244297 -0.025311 0.969370
vn 0.848610 0.140187 0.510107
vn 0.847570 -0.046930 0.528604
vn 0.969100 0.109446 -0.221057
vn 0.974217 -0.083558 -0.209570
vn 0.540793 0.092097 -0.836099
vn 0.540353 -0.114649 -0.833591
vn -0.209176 0.098566 -0.972898
vn -0.220710 -0.122014 -0.967677
vn -0.840198 0.125583 -0.527537
vn -0.852508 -0.100382 -0.512985
vn -0.959410 0.142856 0.243154
vn -0.504828 0.240267 0.829108
vn -0.497258 0.038592 0.866744
vn -0.955913 -0.080371 0.282438
vn 0.221063 0.281516 0.933745
vn 0.231114 0.088570 0.968887
vn 0.823103 0.245462 0.512104
vn 0.835492 0.045050 0.547653
vn 0.964129 0.149946 -0.219024
vn 0.980535 -0.071396 -0.182903
vn 0.531551 0.048541 -0.845634
vn 0.548661 -0.196974 -0.812510
vn -0.235116 0.003595 -0.971961
vn -0.225615 -0.253450 -0.940671
vn -0.859182 0.043686 -0.509802
vn -0.856780 -0.203219 -0.473952
vn -0.962439 0.142813 0.230901
vn -0.506166 0.363795 0.781952
vn -0.489776 0.174827 0.854140
vn -0.948224 -0.075277 0.308552
vn 0.209363 0.454920 0.865572
vn 0.229745 0.279020 0.932397
vn 0.803818 0.375276 0.461567
vn 0.827579 0.191740 0.527589
vn 0.959121 0.161378 -0.232473
vn 0.985669 -0.047162 -0.161966
vn 0.543484 -0.072777 -0.836259
vn 0.571630 -0.312468 -0.758685
vn -0.225896 -0.179757 -0.957423
vn -0.200620 -0.437450 -0.876578
vn -0.860999 -0.087042 -0.501103
vn -0.843092 -0.335166 -0.420546
vn -0.972500 0.095979 0.212208
vn -0.532316 0.460107 0.710592
vn -0.496720 0.275142 0.823144
vn -0.936744 -0.118713 0.329270
vn 0.183543 0.627006 0.757083
vn 0.226098 0.460650 0.858301
vn 0.777922 0.519404 0.353634
vn 0.823004 0.352104 0.445744
vn 0.938263 0.194091 -0.286341
vn 0.981585 0.010452 -0.190739
vn 0.546679 -0.180063 -0.817753
vn 0.592056 -0.386084 -0.707396
vn -0.202501 -0.375587 -0.904394
vn -0.150797 -0.602203 -0.783972
vn -0.845108 -0.258231 -0.468092
vn -0.798164 -0.491036 -0.349024
vn -0.967070 -0.033047 0.252354
vn -0.553292 0.448151 0.702160
vn -0.472469 0.259564 0.842259
vn -0.884111 -0.247241 0.396509
vn 0.155242 0.720481 0.675875
vn 0.235673 0.558142 0.795572
vn 0.731464 0.644159 0.223652
vn 0.806340 0.494371 0.324675
vn 0.878266 0.282156 -0.386054
vn 0.948742 0.130431 -0.287882
vn 0.521423 -0.176213 -0.834905
vn 0.596538 -0.342572 -0.725801
vn -0.173990 -0.479967 -0.859860
vn -0.087275 -0.671152 -0.736165
vn -0.807264 -0.426149 -0.408316
vn -0.717282 -0.640902 -0.273407
vn -0.892776 -0.237721 0.382673
vn -0.519416 0.336014 0.785686
vn -0.370775 0.159591 0.914908
vn -0.734488 -0.432587 0.522873
vn 0.119120 0.753110 0.647021
vn 0.246850 0.605350 0.756714
vn 0.617084 0.780263 0.101966
vn 0.730149 0.654831 0.195137
vn 0.730159 0.448523 -0.515456
vn 0.841034 0.328076 -0.430148
vn 0.421985 -0.064431 -0.904311
vn 0.541947 -0.201735 -0.815841
vn -0.177980 -0.504815 -0.844680
vn -0.043721 -0.672357 -0.738935
vn -0.742202 -0.592605 -0.312980
vn -0.591879 -0.784901 -0.183331
vn -0.747559 -0.417981 0.516186
vn -0.461779 0.224949 0.857997
vn -0.277368 0.086603 0.956853
vn -0.545526 -0.564530 0.619440
vn 0.027823 0.765972 0.642271
vn 0.192930 0.648862 0.736041
vn 0.425333 0.904163 0.039776
vn 0.581861 0.804324 0.120423
vn 0.527191 0.595667 -0.606012
vn 0.684588 0.493758 -0.536229
vn 0.282239 0.003271 -0.959339
vn 0.447361 -0.117395 -0.886616
vn -0.195195 -0.561610 -0.804048
vn -0.015212 -0.700921 -0.713077
vn -0.633345 -0.750417 -0.189074
vn -0.435130 -0.896407 -0.084362
vn -0.644626 -0.507930 0.571371
vn -0.438118 0.161161 0.884353
vn -0.344895 0.106218 0.932612
vn -0.545469 -0.567717 0.616571
vn -0.046537 0.762371 0.645465
vn 0.043478 0.719420 0.693214
vn 0.299057 0.954150 0.012733
vn 0.390566 0.919184 0.050593
vn 0.406949 0.639866 -0.651893
vn 0.500482 0.599572 -0.624525
vn 0.215638 -0.006960 -0.976449
vn 0.309723 -0.060322 -0.948912
vn -0.173439 -0.623184 -0.762601
vn -0.077403 -0.683911 -0.725448
vn -0.534238 -0.837057 -0.118007
vn -0.434305 -0.897685 -0.074444
s 1
g group2 sweep7
usemtl lambert4SG
f 1416/2127/1440 1417/2124/1441 1418/2125/1442 1419/2126/1443
f 1417/2131/1441 1416/2128/1440 1420/2129/1444 1421/2130/1445
f 1421/2130/1445 1420/2129/1444 1422/2132/1446 1423/2133/1447
f 1423/2133/1447 1422/2132/1446 1424/2134/1448 1425/2135/1449
f 1425/2135/1449 1424/2134/1448 1426/2136/1450 1427/2137/1451
f 1427/2137/1451 1426/2136/1450 1428/2138/1452 1429/2139/1453
f 1429/2139/1453 1428/2138/1452 1430/2140/1454 1431/2141/1455
f 1431/2141/1455 1430/2140/1454 1419/2126/1443 1418/2125/1442
f 1432/2145/1456 1433/2142/1457 1434/2143/1458 1435/2144/1459
f 1433/2149/1457 1432/2146/1456 1436/2147/1460 1437/2148/1461
f 1437/2148/1461 1436/2147/1460 1438/2150/1462 1439/2151/1463
f 1439/2151/1463 1438/2150/1462 1440/2152/1464 1441/2153/1465
f 1441/2153/1465 1440/2152/1464 1442/2154/1466 1443/2155/1467
f 1443/2155/1467 1442/2154/1466 1444/2156/1468 1445/2157/1469
f 1445/2157/1469 1444/2156/1468 1446/2158/1470 1447/2159/1471
f 1447/2159/1471 1446/2158/1470 1435/2144/1459 1434/2143/1458
f 1448/2163/1472 1449/2160/1473 1450/2161/1474 1451/2162/1475
f 1449/2167/1473 1448/2164/1472 1452/2165/1476 1453/2166/1477
f 1453/2166/1477 1452/2165/1476 1454/2168/1478 1455/2169/1479
f 1455/2169/1479 1454/2168/1478 1456/2170/1480 1457/2171/1481
f 1457/2171/1481 1456/2170/1480 1458/2172/1482 1459/2173/1483
f 1459/2173/1483 1458/2172/1482 1460/2174/1484 1461/2175/1485
f 1461/2175/1485 1460/2174/1484 1462/2176/1486 1463/2177/1487
f 1463/2177/1487 1462/2176/1486 1451/2162/1475 1450/2161/1474
f 1464/2181/1488 1465/2178/1489 1466/2179/1490 1467/2180/1491
f 1465/2185/1489 1464/2182/1488 1468/2183/1492 1469/2184/1493
f 1469/2184/1493 1468/2183/1492 1470/2186/1494 1471/2187/1495
f 1471/2187/1495 1470/2186/1494 1472/2188/1496 1473/2189/1497
f 1473/2189/1497 1472/2188/1496 1474/2190/1498 1475/2191/1499
f 1475/2191/1499 1474/2190/1498 1476/2192/1500 1477/2193/1501
f 1477/2193/1501 1476/2192/1500 1478/2194/1502 1479/2195/1503
f 1479/2195/1503 1478/2194/1502 1467/2180/1491 1466/2179/1490
f 1480/2199/1504 1481/2196/1505 1482/2197/1506 1483/2198/1507
f 1481/2203/1505 1480/2200/1504 1484/2201/1508 1485/2202/1509
f 1485/2202/1509 1484/2201/1508 1486/2204/1510 1487/2205/1511
f 1487/2205/1511 1486/2204/1510 1488/2206/1512 1489/2207/1513
f 1489/2207/1513 1488/2206/1512 1490/2208/1514 1491/2209/1515
f 1491/2209/1515 1490/2208/1514 1492/2210/1516 1493/2211/1517
f 1493/2211/1517 1492/2210/1516 1494/2212/1518 1495/2213/1519
f 1495/2213/1519 1494/2212/1518 1483/2198/1507 1482/2197/1506
f 1496/2217/1520 1497/2214/1521 1498/2215/1522 1499/2216/1523
f 1497/2221/1521 1496/2218/1520 1500/2219/1524 1501/2220/1525
f 1501/2220/1525 1500/2219/1524 1502/2222/1526 1503/2223/1527
f 1503/2223/1527 1502/2222/1526 1504/2224/1528 1505/2225/1529
f 1505/2225/1529 1504/2224/1528 1506/2226/1530 1507/2227/1531
f 1507/2227/1531 1506/2226/1530 1508/2228/1532 1509/2229/1533
f 1509/2229/1533 1508/2228/1532 1510/2230/1534 1511/2231/1535
f 1511/2231/1535 1510/2230/1534 1499/2216/1523 1498/2215/1522
f 1512/2235/1536 1513/2232/1537 1514/2233/1538 1515/2234/1539
f 1513/2239/1537 1512/2236/1536 1516/2237/1540 1517/2238/1541
f 1517/2238/1541 1516/2237/1540 1518/2240/1542 1519/2241/1543
f 1519/2241/1543 1518/2240/1542 1520/2242/1544 1521/2243/1545
f 1521/2243/1545 1520/2242/1544 1522/2244/1546 1523/2245/1547
f 1523/2245/1547 1522/2244/1546 1524/2246/1548 1525/2247/1549
f 1525/2247/1549 1524/2246/1548 1526/2248/1550 1527/2249/1551
f 1527/2249/1551 1526/2248/1550 1515/2234/1539 1514/2233/1538
f 1528/2253/1552 1529/2250/1553 1530/2251/1554 1531/2252/1555
f 1529/2257/1553 1528/2254/1552 1532/2255/1556 1533/2256/1557
f 1533/2256/1557 1532/2255/1556 1534/2258/1558 1535/2259/1559
f 1535/2259/1559 1534/2258/1558 1536/2260/1560 1537/2261/1561
f 1537/2261/1561 1536/2260/1560 1538/2262/1562 1539/2263/1563
f 1539/2263/1563 1538/2262/1562 1540/2264/1564 1541/2265/1565
f 1541/2265/1565 1540/2264/1564 1542/2266/1566 1543/2267/1567
f 1543/2267/1567 1542/2266/1566 1531/2252/1555 1530/2251/1554
f 1544/2271/1568 1545/2268/1569 1546/2269/1570 1547/2270/1571
f 1545/2275/1569 1544/2272/1568 1548/2273/1572 1549/2274/1573
f 1549/2274/1573 1548/2273/1572 1550/2276/1574 1551/2277/1575
f 1551/2277/1575 1550/2276/1574 1552/2278/1576 1553/2279/1577
f 1553/2279/1577 1552/2278/1576 1554/2280/1578 1555/2281/1579
f 1555/2281/1579 1554/2280/1578 1556/2282/1580 1557/2283/1581
f 1557/2283/1581 1556/2282/1580 1558/2284/1582 1559/2285/1583
f 1559/2285/1583 1558/2284/1582 1547/2270/1571 1546/2269/1570
f 1256/1962/1584 1257/1964/1585 1274/1965/1586 1272/1963/1587
f 1257/1964/1585 1258/1966/1588 1276/1967/1589 1274/1965/1586
f 1258/1966/1588 1259/1968/1590 1278/1969/1591 1276/1967/1589
f 1259/1968/1590 1260/1970/1592 1280/1971/1593 1278/1969/1591
f 1260/1970/1592 1261/1972/1594 1282/1973/1595 1280/1971/1593
f 1261/1972/1594 1262/1974/1596 1284/1975/1597 1282/1973/1595
f 1262/1974/1596 1263/1976/1598 1286/1978/1599 1284/1975/1597
f 1263/1976/1598 1256/1977/1584 1272/1937/1587 1286/1978/1599
f 1273/1938/1600 1275/1979/1601 1290/1982/1602 1288/1980/1603
f 1275/1979/1601 1277/1981/1604 1292/1984/1605 1290/1982/1602
f 1277/1981/1604 1279/1983/1606 1294/1986/1607 1292/1984/1605
f 1279/1983/1606 1281/1985/1608 1296/1988/1609 1294/1986/1607
f 1281/1985/1608 1283/1987/1610 1298/1990/1611 1296/1988/1609
f 1283/1987/1610 1285/1989/1612 1300/1992/1613 1298/1990/1611
f 1285/1989/1612 1287/1991/1614 1302/1994/1615 1300/1992/1613
f 1287/1991/1614 1273/1993/1600 1288/1939/1603 1302/1994/1615
f 1289/1941/1616 1291/1995/1617 1306/1998/1618 1304/1996/1619
f 1291/1995/1617 1293/1997/1620 1308/2000/1621 1306/1998/1618
f 1293/1997/1620 1295/1999/1622 1310/2002/1623 1308/2000/1621
f 1295/1999/1622 1297/2001/1624 1312/2004/1625 1310/2002/1623
f 1297/2001/1624 1299/2003/1626 1314/2006/1627 1312/2004/1625
f 1299/2003/1626 1301/2005/1628 1316/2008/1629 1314/2006/1627
f 1301/2005/1628 1303/2007/1630 1318/2010/1631 1316/2008/1629
f 1303/2007/1630 1289/2009/1616 1304/1942/1619 1318/2010/1631
f 1305/1944/1632 1307/2011/1633 1322/2014/1634 1320/2012/1635
f 1307/2011/1633 1309/2013/1636 1324/2016/1637 1322/2014/1634
f 1309/2013/1636 1311/2015/1638 1326/2018/1639 1324/2016/1637
f 1311/2015/1638 1313/2017/1640 1328/2020/1641 1326/2018/1639
f 1313/2017/1640 1315/2019/1642 1330/2022/1643 1328/2020/1641
f 1315/2019/1642 1317/2021/1644 1332/2024/1645 1330/2022/1643
f 1317/2021/1644 1319/2023/1646 1334/2026/1647 1332/2024/1645
f 1319/2023/1646 1305/2025/1632 1320/1945/1635 1334/2026/1647
f 1321/1947/1648 1323/2027/1649 1338/2030/1650 1336/2028/1651
f 1323/2027/1649 1325/2029/1652 1340/2032/1653 1338/2030/1650
f 1325/2029/1652 1327/2031/1654 1342/2034/1655 1340/2032/1653
f 1327/2031/1654 1329/2033/1656 1344/2036/1657 1342/2034/1655
f 1329/2033/1656 1331/2035/1658 1346/2038/1659 1344/2036/1657
f 1331/2035/1658 1333/2037/1660 1348/2040/1661 1346/2038/1659
f 1333/2037/1660 1335/2039/1662 1350/2042/1663 1348/2040/1661
f 1335/2039/1662 1321/2041/1648 1336/1948/1651 1350/2042/1663
f 1337/1950/1664 1339/2043/1665 1354/2046/1666 1352/2044/1667
f 1339/2043/1665 1341/2045/1668 1356/2048/1669 1354/2046/1666
f 1341/2045/1668 1343/2047/1670 1358/2050/1671 1356/2048/1669
f 1343/2047/1670 1345/2049/1672 1360/2052/1673 1358/2050/1671
f 1345/2049/1672 1347/2051/1674 1362/2054/1675 1360/2052/1673
f 1347/2051/1674 1349/2053/1676 1364/2056/1677 1362/2054/1675
f 1349/2053/1676 1351/2055/1678 1366/2058/1679 1364/2056/1677
f 1351/2055/1678 1337/2057/1664 1352/1951/1667 1366/2058/1679
f 1353/1953/1680 1355/2059/1681 1370/2062/1682 1368/2060/1683
f 1355/2059/1681 1357/2061/1684 1372/2064/1685 1370/2062/1682
f 1357/2061/1684 1359/2063/1686 1374/2066/1687 1372/2064/1685
f 1359/2063/1686 1361/2065/1688 1376/2068/1689 1374/2066/1687
f 1361/2065/1688 1363/2067/1690 1378/2070/1691 1376/2068/1689
f 1363/2067/1690 1365/2069/1692 1380/2072/1693 1378/2070/1691
f 1365/2069/1692 1367/2071/1694 1382/2074/1695 1380/2072/1693
f 1367/2071/1694 1353/2073/1680 1368/1954/1683 1382/2074/1695
f 1369/1955/1696 1371/2075/1697 1386/2078/1698 1384/2076/1699
f 1371/2075/1697 1373/2077/1700 1388/2080/1701 1386/2078/1698
f 1373/2077/1700 1375/2079/1702 1390/2082/1703 1388/2080/1701
f 1375/2079/1702 1377/2081/1704 1392/2084/1705 1390/2082/1703
f 1377/2081/1704 1379/2083/1706 1394/2086/1707 1392/2084/1705
f 1379/2083/1706 1381/2085/1708 1396/2088/1709 1394/2086/1707
f 1381/2085/1708 1383/2087/1710 1398/2090/1711 1396/2088/1709
f 1383/2087/1710 1369/2089/1696 1384/1956/1699 1398/2090/1711
f 1385/1958/1712 1387/2091/1713 1402/2094/1714 1400/2092/1715
f 1387/2091/1713 1389/2093/1716 1404/2096/1717 1402/2094/1714
f 1389/2093/1716 1391/2095/1718 1406/2098/1719 1404/2096/1717
f 1391/2095/1718 1393/2097/1720 1408/2100/1721 1406/2098/1719
f 1393/2097/1720 1395/2099/1722 1410/2102/1723 1408/2100/1721
f 1395/2099/1722 1397/2101/1724 1412/2104/1725 1410/2102/1723
f 1397/2101/1724 1399/2103/1726 1414/2106/1727 1412/2104/1725
f 1399/2103/1726 1385/2105/1712 1400/1959/1715 1414/2106/1727
f 1401/1961/1728 1403/2107/1729 1265/2108/1730 1264/2109/1731
f 1403/2107/1729 1405/2110/1732 1266/2111/1733 1265/2108/1730
f 1405/2110/1732 1407/2112/1734 1267/2113/1735 1266/2111/1733
f 1407/2112/1734 1409/2114/1736 1268/2115/1737 1267/2113/1735
f 1409/2114/1736 1411/2116/1738 1269/2117/1739 1268/2115/1737
f 1411/2116/1738 1413/2118/1740 1270/2119/1741 1269/2117/1739
f 1413/2118/1740 1415/2120/1742 1271/2121/1743 1270/2119/1741
f 1415/2120/1742 1401/2122/1728 1264/2123/1731 1271/2121/1743
f 1273/1993/1600 1287/1991/1614 1418/2125/1442 1417/2124/1441
f 1286/1978/1599 1272/1937/1587 1416/2127/1440 1419/2126/1443
f 1272/1963/1587 1274/1965/1586 1420/2129/1444 1416/2128/1440
f 1275/1979/1601 1273/1938/1600 1417/2131/1441 1421/2130/1445
f 1274/1965/1586 1276/1967/1589 1422/2132/1446 1420/2129/1444
f 1277/1981/1604 1275/1979/1601 1421/2130/1445 1423/2133/1447
f 1276/1967/1589 1278/1969/1591 1424/2134/1448 1422/2132/1446
f 1279/1983/1606 1277/1981/1604 1423/2133/1447 1425/2135/1449
f 1278/1969/1591 1280/1971/1593 1426/2136/1450 1424/2134/1448
f 1281/1985/1608 1279/1983/1606 1425/2135/1449 1427/2137/1451
f 1280/1971/1593 1282/1973/1595 1428/2138/1452 1426/2136/1450
f 1283/1987/1610 1281/1985/1608 1427/2137/1451 1429/2139/1453
f 1282/1973/1595 1284/1975/1597 1430/2140/1454 1428/2138/1452
f 1285/1989/1612 1283/1987/1610 1429/2139/1453 1431/2141/1455
f 1284/1975/1597 1286/1978/1599 1419/2126/1443 1430/2140/1454
f 1287/1991/1614 1285/1989/1612 1431/2141/1455 1418/2125/1442
f 1289/1940/1616 1303/2007/1630 1434/2143/1458 1433/2142/1457
f 1302/1994/1615 1288/1939/1603 1432/2145/1456 1435/2144/1459
f 1288/1980/1603 1290/1982/1602 1436/2147/1460 1432/2146/1456
f 1291/1995/1617 1289/1941/1616 1433/2149/1457 1437/2148/1461
f 1290/1982/1602 1292/1984/1605 1438/2150/1462 1436/2147/1460
f 1293/1997/1620 1291/1995/1617 1437/2148/1461 1439/2151/1463
f 1292/1984/1605 1294/1986/1607 1440/2152/1464 1438/2150/1462
f 1295/1999/1622 1293/1997/1620 1439/2151/1463 1441/2153/1465
f 1294/1986/1607 1296/1988/1609 1442/2154/1466 1440/2152/1464
f 1297/2001/1624 1295/1999/1622 1441/2153/1465 1443/2155/1467
f 1296/1988/1609 1298/1990/1611 1444/2156/1468 1442/2154/1466
f 1299/2003/1626 1297/2001/1624 1443/2155/1467 1445/2157/1469
f 1298/1990/1611 1300/1992/1613 1446/2158/1470 1444/2156/1468
f 1301/2005/1628 1299/2003/1626 1445/2157/1469 1447/2159/1471
f 1300/1992/1613 1302/1994/1615 1435/2144/1459 1446/2158/1470
f 1303/2007/1630 1301/2005/1628 1447/2159/1471 1434/2143/1458
f 1305/1943/1632 1319/2023/1646 1450/2161/1474 1449/2160/1473
f 1318/2010/1631 1304/1942/1619 1448/2163/1472 1451/2162/1475
f 1304/1996/1619 1306/1998/1618 1452/2165/1476 1448/2164/1472
f 1307/2011/1633 1305/1944/1632 1449/2167/1473 1453/2166/1477
f 1306/1998/1618 1308/2000/1621 1454/2168/1478 1452/2165/1476
f 1309/2013/1636 1307/2011/1633 1453/2166/1477 1455/2169/1479
f 1308/2000/1621 1310/2002/1623 1456/2170/1480 1454/2168/1478
f 1311/2015/1638 1309/2013/1636 1455/2169/1479 1457/2171/1481
f 1310/2002/1623 1312/2004/1625 1458/2172/1482 1456/2170/1480
f 1313/2017/1640 1311/2015/1638 1457/2171/1481 1459/2173/1483
f 1312/2004/1625 1314/2006/1627 1460/2174/1484 1458/2172/1482
f 1315/2019/1642 1313/2017/1640 1459/2173/1483 1461/2175/1485
f 1314/2006/1627 1316/2008/1629 1462/2176/1486 1460/2174/1484
f 1317/2021/1644 1315/2019/1642 1461/2175/1485 1463/2177/1487
f 1316/2008/1629 1318/2010/1631 1451/2162/1475 1462/2176/1486
f 1319/2023/1646 1317/2021/1644 1463/2177/1487 1450/2161/1474
f 1321/1946/1648 1335/2039/1662 1466/2179/1490 1465/2178/1489
f 1334/2026/1647 1320/1945/1635 1464/2181/1488 1467/2180/1491
f 1320/2012/1635 1322/2014/1634 1468/2183/1492 1464/2182/1488
f 1323/2027/1649 1321/1947/1648 1465/2185/1489 1469/2184/1493
f 1322/2014/1634 1324/2016/1637 1470/2186/1494 1468/2183/1492
f 1325/2029/1652 1323/2027/1649 1469/2184/1493 1471/2187/1495
f 1324/2016/1637 1326/2018/1639 1472/2188/1496 1470/2186/1494
f 1327/2031/1654 1325/2029/1652 1471/2187/1495 1473/2189/1497
f 1326/2018/1639 1328/2020/1641 1474/2190/1498 1472/2188/1496
f 1329/2033/1656 1327/2031/1654 1473/2189/1497 1475/2191/1499
f 1328/2020/1641 1330/2022/1643 1476/2192/1500 1474/2190/1498
f 1331/2035/1658 1329/2033/1656 1475/2191/1499 1477/2193/1501
f 1330/2022/1643 1332/2024/1645 1478/2194/1502 1476/2192/1500
f 1333/2037/1660 1331/2035/1658 1477/2193/1501 1479/2195/1503
f 1332/2024/1645 1334/2026/1647 1467/2180/1491 1478/2194/1502
f 1335/2039/1662 1333/2037/1660 1479/2195/1503 1466/2179/1490
f 1337/1949/1664 1351/2055/1678 1482/2197/1506 1481/2196/1505
f 1350/2042/1663 1336/1948/1651 1480/2199/1504 1483/2198/1507
f 1336/2028/1651 1338/2030/1650 1484/2201/1508 1480/2200/1504
f 1339/2043/1665 1337/1950/1664 1481/2203/1505 1485/2202/1509
f 1338/2030/1650 1340/2032/1653 1486/2204/1510 1484/2201/1508
f 1341/2045/1668 1339/2043/1665 1485/2202/1509 1487/2205/1511
f 1340/2032/1653 1342/2034/1655 1488/2206/1512 1486/2204/1510
f 1343/2047/1670 1341/2045/1668 1487/2205/1511 1489/2207/1513
f 1342/2034/1655 1344/2036/1657 1490/2208/1514 1488/2206/1512
f 1345/2049/1672 1343/2047/1670 1489/2207/1513 1491/2209/1515
f 1344/2036/1657 1346/2038/1659 1492/2210/1516 1490/2208/1514
f 1347/2051/1674 1345/2049/1672 1491/2209/1515 1493/2211/1517
f 1346/2038/1659 1348/2040/1661 1494/2212/1518 1492/2210/1516
f 1349/2053/1676 1347/2051/1674 1493/2211/1517 1495/2213/1519
f 1348/2040/1661 1350/2042/1663 1483/2198/1507 1494/2212/1518
f 1351/2055/1678 1349/2053/1676 1495/2213/1519 1482/2197/1506
f 1353/1952/1680 1367/2071/1694 1498/2215/1522 1497/2214/1521
f 1366/2058/1679 1352/1951/1667 1496/2217/1520 1499/2216/1523
f 1352/2044/1667 1354/2046/1666 1500/2219/1524 1496/2218/1520
f 1355/2059/1681 1353/1953/1680 1497/2221/1521 1501/2220/1525
f 1354/2046/1666 1356/2048/1669 1502/2222/1526 1500/2219/1524
f 1357/2061/1684 1355/2059/1681 1501/2220/1525 1503/2223/1527
f 1356/2048/1669 1358/2050/1671 1504/2224/1528 1502/2222/1526
f 1359/2063/1686 1357/2061/1684 1503/2223/1527 1505/2225/1529
f 1358/2050/1671 1360/2052/1673 1506/2226/1530 1504/2224/1528
f 1361/2065/1688 1359/2063/1686 1505/2225/1529 1507/2227/1531
f 1360/2052/1673 1362/2054/1675 1508/2228/1532 1506/2226/1530
f 1363/2067/1690 1361/2065/1688 1507/2227/1531 1509/2229/1533
f 1362/2054/1675 1364/2056/1677 1510/2230/1534 1508/2228/1532
f 1365/2069/1692 1363/2067/1690 1509/2229/1533 1511/2231/1535
f 1364/2056/1677 1366/2058/1679 1499/2216/1523 1510/2230/1534
f 1367/2071/1694 1365/2069/1692 1511/2231/1535 1498/2215/1522
f 1369/2089/1696 1383/2087/1710 1514/2233/1538 1513/2232/1537
f 1382/2074/1695 1368/1954/1683 1512/2235/1536 1515/2234/1539
f 1368/2060/1683 1370/2062/1682 1516/2237/1540 1512/2236/1536
f 1371/2075/1697 1369/1955/1696 1513/2239/1537 1517/2238/1541
f 1370/2062/1682 1372/2064/1685 1518/2240/1542 1516/2237/1540
f 1373/2077/1700 1371/2075/1697 1517/2238/1541 1519/2241/1543
f 1372/2064/1685 1374/2066/1687 1520/2242/1544 1518/2240/1542
f 1375/2079/1702 1373/2077/1700 1519/2241/1543 1521/2243/1545
f 1374/2066/1687 1376/2068/1689 1522/2244/1546 1520/2242/1544
f 1377/2081/1704 1375/2079/1702 1521/2243/1545 1523/2245/1547
f 1376/2068/1689 1378/2070/1691 1524/2246/1548 1522/2244/1546
f 1379/2083/1706 1377/2081/1704 1523/2245/1547 1525/2247/1549
f 1378/2070/1691 1380/2072/1693 1526/2248/1550 1524/2246/1548
f 1381/2085/1708 1379/2083/1706 1525/2247/1549 1527/2249/1551
f 1380/2072/1693 1382/2074/1695 1515/2234/1539 1526/2248/1550
f 1383/2087/1710 1381/2085/1708 1527/2249/1551 1514/2233/1538
f 1385/1957/1712 1399/2103/1726 1530/2251/1554 1529/2250/1553
f 1398/2090/1711 1384/1956/1699 1528/2253/1552 1531/2252/1555
f 1384/2076/1699 1386/2078/1698 1532/2255/1556 1528/2254/1552
f 1387/2091/1713 1385/1958/1712 1529/2257/1553 1533/2256/1557
f 1386/2078/1698 1388/2080/1701 1534/2258/1558 1532/2255/1556
f 1389/2093/1716 1387/2091/1713 1533/2256/1557 1535/2259/1559
f 1388/2080/1701 1390/2082/1703 1536/2260/1560 1534/2258/1558
f 1391/2095/1718 1389/2093/1716 1535/2259/1559 1537/2261/1561
f 1390/2082/1703 1392/2084/1705 1538/2262/1562 1536/2260/1560
f 1393/2097/1720 1391/2095/1718 1537/2261/1561 1539/2263/1563
f 1392/2084/1705 1394/2086/1707 1540/2264/1564 1538/2262/1562
f 1395/2099/1722 1393/2097/1720 1539/2263/1563 1541/2265/1565
f 1394/2086/1707 1396/2088/1709 1542/2266/1566 1540/2264/1564
f 1397/2101/1724 1395/2099/1722 1541/2265/1565 1543/2267/1567
f 1396/2088/1709 1398/2090/1711 1531/2252/1555 1542/2266/1566
f 1399/2103/1726 1397/2101/1724 1543/2267/1567 1530/2251/1554
f 1401/1960/1728 1415/2120/1742 1546/2269/1570 1545/2268/1569
f 1414/2106/1727 1400/1959/1715 1544/2271/1568 1547/2270/1571
f 1400/2092/1715 1402/2094/1714 1548/2273/1572 1544/2272/1568
f 1403/2107/1729 1401/1961/1728 1545/2275/1569 1549/2274/1573
f 1402/2094/1714 1404/2096/1717 1550/2276/1574 1548/2273/1572
f 1405/2110/1732 1403/2107/1729 1549/2274/1573 1551/2277/1575
f 1404/2096/1717 1406/2098/1719 1552/2278/1576 1550/2276/1574
f 1407/2112/1734 1405/2110/1732 1551/2277/1575 1553/2279/1577
f 1406/2098/1719 1408/2100/1721 1554/2280/1578 1552/2278/1576
f 1409/2114/1736 1407/2112/1734 1553/2279/1577 1555/2281/1579
f 1408/2100/1721 1410/2102/1723 1556/2282/1580 1554/2280/1578
f 1411/2116/1738 1409/2114/1736 1555/2281/1579 1557/2283/1581
f 1410/2102/1723 1412/2104/1725 1558/2284/1582 1556/2282/1580
f 1413/2118/1740 1411/2116/1738 1557/2283/1581 1559/2285/1583
f 1412/2104/1725 1414/2106/1727 1547/2270/1571 1558/2284/1582
f 1415/2120/1742 1413/2118/1740 1559/2285/1583 1546/2269/1570
g default
v 293.229885 377.590059 -994.941085
v 284.156028 380.773649 -979.188018
v 279.446584 392.202811 -965.483104
v 304.931890 385.476676 -996.400598
v 296.119425 390.562334 -978.446097
v 289.217810 402.136397 -962.816115
v 319.132850 394.340977 -993.606584
v 310.651462 399.243363 -975.952860
v 303.767921 410.630536 -960.768313
v 319.302380 414.865082 -959.831335
v 326.847460 405.952445 -971.702868
v 331.964689 401.440781 -986.893506
v 273.100608 372.056848 -980.036811
v 273.280722 381.732464 -970.965526
v 282.087192 372.396039 -989.786911
v 344.284030 405.808944 -976.235220
v 340.912210 407.989690 -966.132597
v 360.725210 409.523549 -957.623031
v 354.046555 408.795231 -965.526030
v 350.763693 412.275648 -958.509824
v 336.132032 414.451513 -958.812587
v 352.909622 408.495494 -960.769950
vt 0.000000 0.000000
vt 0.500000 0.000000
vt 1.000000 0.000000
vt 0.000000 0.500000
vt 0.500000 0.500000
vt 1.000000 0.500000
vt 0.000000 1.000000
vt 0.500000 1.000000
vt 1.000000 1.000000
vt 0.000000 0.000000
vt 1.000000 0.000000
vt 1.000000 1.000000
vt 0.000000 1.000000
vt 0.000000 0.000000
vt 1.000000 0.000000
vt 1.000000 1.000000
vt 0.000000 1.000000
vt 0.000000 0.000000
vt 1.000000 0.000000
vt 1.000000 1.000000
vt 0.000000 1.000000
vt 0.000000 0.000000
vt 1.000000 0.000000
vt 1.000000 1.000000
vt 0.000000 1.000000
vt 0.000000 0.000000
vt 1.000000 0.000000
vt 1.000000 1.000000
vt 0.000000 1.000000
vt 0.000000 0.000000
vt 1.000000 0.000000
vt 1.000000 1.000000
vt 0.000000 1.000000
vt 0.000000 0.000000
vt 1.000000 0.000000
vt 1.000000 1.000000
vt 0.000000 1.000000
vt 0.000000 0.000000
vt 1.000000 0.000000
vt 1.000000 1.000000
vt 0.000000 1.000000
vt 0.500000 1.000000
vt 0.500000 1.000000
vn -0.539086 0.706052 -0.459212
vn -0.537564 0.707542 -0.458704
vn -0.476276 0.758984 -0.443965
vn -0.462845 0.769306 -0.440390
vn -0.445709 0.610160 -0.655018
vn -0.447573 0.609033 -0.654796
vn -0.362053 0.662449 -0.655805
vn -0.377024 0.653759 -0.656088
vn -0.355707 0.843362 -0.402756
vn -0.353098 0.844984 -0.401651
vn -0.236382 0.721244 -0.651099
vn -0.239431 0.720089 -0.651264
vn -0.083907 0.770315 -0.632119
vn -0.053757 0.778046 -0.625903
vn -0.218522 0.913031 -0.344417
vn -0.190963 0.923508 -0.332664
vn -0.441587 0.612638 -0.655496
vn -0.441587 0.612638 -0.655496
vn -0.534194 0.710818 -0.457575
vn -0.534194 0.710818 -0.457575
vn -0.061467 0.989925 -0.127553
vn -0.072000 0.991597 -0.107480
vn -0.141634 0.989509 0.028499
vn 0.195066 0.708458 -0.678260
vn 0.189100 0.724279 -0.663069
vn 0.232444 0.592916 -0.770987
vn -0.060431 0.971541 -0.229032
vn -0.061829 0.966528 -0.248998
vn 0.119178 0.781124 -0.612897
vn 0.103856 0.790873 -0.603103
s 1
g group2 Hojas1 pPlane10
usemtl lambert5SG
f 1560/2286/1744 1561/2287/1745 1564/2290/1746 1563/2289/1747
s 2
f 1561/2287/1748 1562/2288/1749 1565/2291/1750 1564/2290/1751
s 1
f 1563/2289/1747 1564/2290/1746 1567/2293/1752 1566/2292/1753
s 2
f 1564/2290/1751 1565/2291/1750 1568/2294/1754 1567/2293/1755
f 1568/2295/1754 1569/2296/1756 1570/2297/1757 1567/2298/1755
s 1
f 1571/2299/1758 1566/2300/1753 1567/2301/1752 1570/2302/1759
s 2
f 1562/2303/1749 1561/2304/1748 1572/2305/1760 1573/2306/1761
s 1
f 1561/2307/1745 1560/2308/1744 1574/2309/1762 1572/2310/1763
f 1578/2311/1764 1581/2327/1765 1577/2314/1766
s 2
f 1581/2328/1767 1579/2316/1768 1577/2317/1769
s 1
f 1570/2319/1759 1576/2320/1770 1575/2321/1771 1571/2322/1758
s 2
f 1576/2323/1772 1570/2324/1757 1569/2325/1756 1580/2326/1773
s 1
f 1578/2311/1764 1575/2312/1771 1576/2313/1770 1581/2327/1765
s 2
f 1580/2315/1773 1579/2316/1768 1581/2328/1767 1576/2318/1772
g default
v 519.920655 323.324108 -958.413900
v 519.983899 323.313427 -976.869933
v 517.072834 332.040722 -992.869598
v 510.280853 332.097617 -952.813401
v 508.989451 333.621142 -973.353574
v 507.034106 342.035262 -992.095687
v 496.349852 341.311037 -949.798483
v 494.922699 342.724575 -969.887944
v 493.175245 351.027878 -988.207957
v 479.103279 356.070862 -982.151819
v 478.587536 349.712140 -966.770099
v 481.719487 348.063168 -950.498394
v 530.216860 314.138315 -980.036827
v 525.373759 322.210697 -989.381303
v 527.193298 316.641450 -967.366761
v 465.653453 351.454016 -954.349466
v 463.561695 351.745579 -965.013768
v 442.098536 353.187461 -962.875035
v 451.817950 353.307289 -959.254137
v 451.139665 355.383384 -967.460683
v 463.969137 356.609372 -974.727950
v 450.471255 352.168264 -963.824891
vt 0.000000 0.000000
vt 0.500000 0.000000
vt 1.000000 0.000000
vt 0.000000 0.500000
vt 0.500000 0.500000
vt 1.000000 0.500000
vt 0.000000 1.000000
vt 0.500000 1.000000
vt 1.000000 1.000000
vt 0.000000 0.000000
vt 1.000000 0.000000
vt 1.000000 1.000000
vt 0.000000 1.000000
vt 0.000000 0.000000
vt 1.000000 0.000000
vt 1.000000 1.000000
vt 0.000000 1.000000
vt 0.000000 0.000000
vt 1.000000 0.000000
vt 1.000000 1.000000
vt 0.000000 1.000000
vt 0.000000 0.000000
vt 1.000000 0.000000
vt 1.000000 1.000000
vt 0.000000 1.000000
vt 0.000000 0.000000
vt 1.000000 0.000000
vt 1.000000 1.000000
vt 0.000000 1.000000
vt 0.000000 0.000000
vt 1.000000 0.000000
vt 1.000000 1.000000
vt 0.000000 1.000000
vt 0.000000 0.000000
vt 1.000000 0.000000
vt 1.000000 1.000000
vt 0.000000 1.000000
vt 0.000000 0.000000
vt 1.000000 0.000000
vt 1.000000 1.000000
vt 0.000000 1.000000
vt 0.500000 1.000000
vt 0.500000 1.000000
vn 0.679249 0.733874 0.007030
vn 0.677640 0.735360 0.007082
vn 0.615900 0.787672 0.015518
vn 0.602220 0.798144 0.017236
vn 0.696619 0.677270 0.236701
vn 0.698156 0.676001 0.235796
vn 0.623045 0.734403 0.269198
vn 0.636406 0.724905 0.263629
vn 0.488804 0.872047 0.024582
vn 0.485952 0.873638 0.024631
vn 0.510068 0.799826 0.316400
vn 0.512828 0.798514 0.315251
vn 0.366959 0.855135 0.366177
vn 0.337493 0.863731 0.374254
vn 0.339146 0.940266 0.029663
vn 0.309145 0.950501 0.031265
vn 0.693212 0.680060 0.238695
vn 0.693212 0.680060 0.238695
vn 0.674078 0.738625 0.007195
vn 0.674078 0.738625 0.007195
vn 0.093958 0.991283 -0.092358
vn 0.093198 0.988989 -0.114958
vn 0.086850 0.960356 -0.264904
vn 0.148377 0.820094 0.552657
vn 0.145729 0.832823 0.534012
vn 0.164139 0.723783 0.670221
vn 0.143455 0.989655 -0.001889
vn 0.154619 0.987855 0.015369
vn 0.180565 0.876070 0.447100
vn 0.188852 0.883075 0.429550
s 1
g Hojas2 group2 pPlane11
usemtl lambert5SG
f 1582/2329/1774 1583/2330/1775 1586/2333/1776 1585/2332/1777
s 2
f 1583/2330/1778 1584/2331/1779 1587/2334/1780 1586/2333/1781
s 1
f 1585/2332/1777 1586/2333/1776 1589/2336/1782 1588/2335/1783
s 2
f 1586/2333/1781 1587/2334/1780 1590/2337/1784 1589/2336/1785
f 1590/2338/1784 1591/2339/1786 1592/2340/1787 1589/2341/1785
s 1
f 1593/2342/1788 1588/2343/1783 1589/2344/1782 1592/2345/1789
s 2
f 1584/2346/1779 1583/2347/1778 1594/2348/1790 1595/2349/1791
s 1
f 1583/2350/1775 1582/2351/1774 1596/2352/1792 1594/2353/1793
f 1600/2354/1794 1603/2370/1795 1599/2357/1796
s 2
f 1603/2371/1797 1601/2359/1798 1599/2360/1799
s 1
f 1592/2362/1789 1598/2363/1800 1597/2364/1801 1593/2365/1788
s 2
f 1598/2366/1802 1592/2367/1787 1591/2368/1786 1602/2369/1803
s 1
f 1600/2354/1794 1597/2355/1801 1598/2356/1800 1603/2370/1795
s 2
f 1602/2358/1803 1601/2359/1798 1603/2371/1797 1598/2361/1802
g default
v 11.102796 321.350102 -995.509487
v 21.068192 326.954489 -1009.997792
v 23.194276 328.613426 -1028.255858
v 2.915013 310.107419 -998.307363
v 13.035008 314.981447 -1015.619703
v 16.700279 318.388196 -1035.640877
v -3.347155 295.533638 -1004.343900
v 6.647172 300.147634 -1021.268609
v 10.131816 303.630425 -1040.847902
v 5.657875 288.187096 -1042.119193
v 2.642442 283.347243 -1026.473759
v -5.450207 281.514497 -1012.036076
v 28.146250 338.048553 -1004.923521
v 27.611186 335.895489 -1018.000838
v 19.885660 331.254783 -997.078424
v -2.812167 267.217559 -1020.585016
v 3.143490 268.415188 -1029.600760
v 5.252250 247.259668 -1033.514518
v 1.187800 255.428210 -1028.580208
v 4.067709 257.158165 -1036.379632
v 4.339220 271.513381 -1039.952535
v 4.864600 255.566606 -1031.815132
vt 0.000000 0.000000
vt 0.500000 0.000000
vt 1.000000 0.000000
vt 0.000000 0.500000
vt 0.500000 0.500000
vt 1.000000 0.500000
vt 0.000000 1.000000
vt 0.500000 1.000000
vt 1.000000 1.000000
vt 0.000000 0.000000
vt 1.000000 0.000000
vt 1.000000 1.000000
vt 0.000000 1.000000
vt 0.000000 0.000000
vt 1.000000 0.000000
vt 1.000000 1.000000
vt 0.000000 1.000000
vt 0.000000 0.000000
vt 1.000000 0.000000
vt 1.000000 1.000000
vt 0.000000 1.000000
vt 0.000000 0.000000
vt 1.000000 0.000000
vt 1.000000 1.000000
vt 0.000000 1.000000
vt 0.000000 0.000000
vt 1.000000 0.000000
vt 1.000000 1.000000
vt 0.000000 1.000000
vt 0.000000 0.000000
vt 1.000000 0.000000
vt 1.000000 1.000000
vt 0.000000 1.000000
vt 0.000000 0.000000
vt 1.000000 0.000000
vt 1.000000 1.000000
vt 0.000000 1.000000
vt 0.000000 0.000000
vt 1.000000 0.000000
vt 1.000000 1.000000
vt 0.000000 1.000000
vt 0.500000 1.000000
vt 0.500000 1.000000
vn -0.742954 0.613750 -0.267078
vn -0.743860 0.612138 -0.268251
vn -0.778317 0.548537 -0.305499
vn -0.784957 0.534539 -0.313225
vn -0.824440 0.563734 -0.050023
vn -0.823234 0.565526 -0.049662
vn -0.873378 0.481425 -0.073763
vn -0.865386 0.496235 -0.069697
vn -0.825746 0.421103 -0.375253
vn -0.826481 0.418304 -0.376765
vn -0.928871 0.356798 -0.099470
vn -0.927750 0.359830 -0.099004
vn -0.971270 0.203120 -0.124006
vn -0.976550 0.172249 -0.129154
vn -0.853178 0.274057 -0.443825
vn -0.856185 0.244552 -0.455128
vn -0.827088 0.559770 -0.050821
vn -0.827088 0.559770 -0.050821
vn -0.745848 0.608570 -0.270836
vn -0.745848 0.608570 -0.270836
vn -0.778155 0.074898 -0.623591
vn -0.763917 0.081060 -0.640203
vn -0.658248 0.121274 -0.742968
vn -0.998201 -0.059675 -0.005707
vn -0.997965 -0.057142 -0.028294
vn -0.986407 -0.075852 0.145768
vn -0.835937 0.094957 -0.540549
vn -0.846101 0.100487 -0.523465
vn -0.993500 0.000309 -0.113834
vn -0.991448 0.013177 -0.129832
s 1
g group2 Hojas pPlane8
usemtl lambert5SG
f 1604/2372/1804 1605/2373/1805 1608/2376/1806 1607/2375/1807
s 2
f 1605/2373/1808 1606/2374/1809 1609/2377/1810 1608/2376/1811
s 1
f 1607/2375/1807 1608/2376/1806 1611/2379/1812 1610/2378/1813
s 2
f 1608/2376/1811 1609/2377/1810 1612/2380/1814 1611/2379/1815
f 1612/2381/1814 1613/2382/1816 1614/2383/1817 1611/2384/1815
s 1
f 1615/2385/1818 1610/2386/1813 1611/2387/1812 1614/2388/1819
s 2
f 1606/2389/1809 1605/2390/1808 1616/2391/1820 1617/2392/1821
s 1
f 1605/2393/1805 1604/2394/1804 1618/2395/1822 1616/2396/1823
f 1622/2397/1824 1625/2413/1825 1621/2400/1826
s 2
f 1625/2414/1827 1623/2402/1828 1621/2403/1829
s 1
f 1614/2405/1819 1620/2406/1830 1619/2407/1831 1615/2408/1818
s 2
f 1620/2409/1832 1614/2410/1817 1613/2411/1816 1624/2412/1833
s 1
f 1622/2397/1824 1619/2398/1831 1620/2399/1830 1625/2413/1825
s 2
f 1624/2401/1833 1623/2402/1828 1625/2414/1827 1620/2404/1832
g default
v -172.081078 309.537491 -1017.991765
v -160.670382 308.826387 -1032.480368
v -157.993740 306.900511 -1050.639549
v -183.915078 301.914288 -1019.755007
v -172.626652 300.067239 -1036.931951
v -167.854373 298.907918 -1056.976125
v -195.219875 290.049285 -1024.167816
v -184.148203 288.067558 -1040.934216
v -179.516021 287.109713 -1060.561919
v -189.518057 274.467932 -1060.039055
v -194.214852 273.437147 -1044.096213
v -202.459675 276.890446 -1030.046507
v -149.929235 317.060135 -1028.510667
v -151.185409 313.394674 -1041.196274
v -160.186135 315.079502 -1020.336849
v -205.416038 261.573006 -1036.456031
v -199.412857 259.126501 -1045.183244
v -205.485671 238.401017 -1046.129621
v -206.162066 248.119998 -1042.569261
v -202.806790 247.491931 -1050.345204
v -197.084221 260.013391 -1055.765242
v -202.694498 246.397318 -1045.571111
vt 0.000000 0.000000
vt 0.500000 0.000000
vt 1.000000 0.000000
vt 0.000000 0.500000
vt 0.500000 0.500000
vt 1.000000 0.500000
vt 0.000000 1.000000
vt 0.500000 1.000000
vt 1.000000 1.000000
vt 0.000000 0.000000
vt 1.000000 0.000000
vt 1.000000 1.000000
vt 0.000000 1.000000
vt 0.000000 0.000000
vt 1.000000 0.000000
vt 1.000000 1.000000
vt 0.000000 1.000000
vt 0.000000 0.000000
vt 1.000000 0.000000
vt 1.000000 1.000000
vt 0.000000 1.000000
vt 0.000000 0.000000
vt 1.000000 0.000000
vt 1.000000 1.000000
vt 0.000000 1.000000
vt 0.000000 0.000000
vt 1.000000 0.000000
vt 1.000000 1.000000
vt 0.000000 1.000000
vt 0.000000 0.000000
vt 1.000000 0.000000
vt 1.000000 1.000000
vt 0.000000 1.000000
vt 0.000000 0.000000
vt 1.000000 0.000000
vt 1.000000 1.000000
vt 0.000000 1.000000
vt 0.000000 0.000000
vt 1.000000 0.000000
vt 1.000000 1.000000
vt 0.000000 1.000000
vt 0.500000 1.000000
vt 0.500000 1.000000
vn -0.452769 0.802092 -0.389420
vn -0.454215 0.800787 -0.390421
vn -0.510095 0.750104 -0.420888
vn -0.521524 0.738663 -0.427071
vn -0.548096 0.818360 -0.172850
vn -0.546301 0.819600 -0.172658
vn -0.624539 0.757946 -0.188331
vn -0.611536 0.769092 -0.185796
vn -0.602094 0.641145 -0.475832
vn -0.603831 0.638638 -0.477001
vn -0.723121 0.660968 -0.200541
vn -0.720935 0.663390 -0.200415
vn -0.820639 0.532649 -0.206972
vn -0.837233 0.505625 -0.208290
vn -0.683054 0.506895 -0.525828
vn -0.697000 0.479375 -0.533282
vn -0.552048 0.815610 -0.173271
vn -0.552048 0.815610 -0.173271
vn -0.457399 0.797893 -0.392623
vn -0.457399 0.797893 -0.392623
vn -0.688570 0.270354 -0.672889
vn -0.672987 0.268242 -0.689301
vn -0.559516 0.250486 -0.790062
vn -0.945943 0.319336 -0.056714
vn -0.944663 0.318292 -0.079385
vn -0.941842 0.322052 0.095998
vn -0.734754 0.322448 -0.596794
vn -0.742128 0.333803 -0.581225
vn -0.918325 0.356810 -0.171364
vn -0.911467 0.365501 -0.188776
s 1
g group2 Hojas3 pPlane11
usemtl lambert5SG
f 1626/2415/1834 1627/2416/1835 1630/2419/1836 1629/2418/1837
s 2
f 1627/2416/1838 1628/2417/1839 1631/2420/1840 1630/2419/1841
s 1
f 1629/2418/1837 1630/2419/1836 1633/2422/1842 1632/2421/1843
s 2
f 1630/2419/1841 1631/2420/1840 1634/2423/1844 1633/2422/1845
f 1634/2424/1844 1635/2425/1846 1636/2426/1847 1633/2427/1845
s 1
f 1637/2428/1848 1632/2429/1843 1633/2430/1842 1636/2431/1849
s 2
f 1628/2432/1839 1627/2433/1838 1638/2434/1850 1639/2435/1851
s 1
f 1627/2436/1835 1626/2437/1834 1640/2438/1852 1638/2439/1853
f 1644/2440/1854 1647/2456/1855 1643/2443/1856
s 2
f 1647/2457/1857 1645/2445/1858 1643/2446/1859
s 1
f 1636/2448/1849 1642/2449/1860 1641/2450/1861 1637/2451/1848
s 2
f 1642/2452/1862 1636/2453/1847 1635/2454/1846 1646/2455/1863
s 1
f 1644/2440/1854 1641/2441/1861 1642/2442/1860 1647/2456/1855
s 2
f 1646/2444/1863 1645/2445/1858 1647/2457/1857 1642/2447/1862
g default
v 514.408365 323.495003 -1012.866512
v 536.265766 314.292844 -999.817612
v 563.151422 311.695158 -998.053228
v 517.113212 325.077174 -1033.436073
v 543.007086 314.944902 -1021.480488
v 572.684244 311.624394 -1016.547729
v 524.136767 321.512110 -1057.048777
v 549.432085 311.365881 -1045.472873
v 578.473069 308.358237 -1040.535675
v 578.423309 302.201052 -1063.374853
v 554.962801 303.337496 -1070.066860
v 533.644512 313.041219 -1076.983377
v 530.216870 314.138309 -980.036839
v 549.062015 312.330826 -984.513407
v 517.918948 319.870021 -993.977957
v 544.365345 298.356237 -1093.754290
v 557.683454 291.205068 -1088.683509
v 560.781821 272.294522 -1113.942284
v 554.586064 283.896304 -1106.297411
v 566.195526 281.085856 -1102.769232
v 573.193947 291.377334 -1084.993118
v 559.327153 279.178009 -1103.672513
vt 0.000000 0.000000
vt 0.500000 0.000000
vt 1.000000 0.000000
vt 0.000000 0.500000
vt 0.500000 0.500000
vt 1.000000 0.500000
vt 0.000000 1.000000
vt 0.500000 1.000000
vt 1.000000 1.000000
vt 0.000000 0.000000
vt 1.000000 0.000000
vt 1.000000 1.000000
vt 0.000000 1.000000
vt 0.000000 0.000000
vt 1.000000 0.000000
vt 1.000000 1.000000
vt 0.000000 1.000000
vt 0.000000 0.000000
vt 1.000000 0.000000
vt 1.000000 1.000000
vt 0.000000 1.000000
vt 0.000000 0.000000
vt 1.000000 0.000000
vt 1.000000 1.000000
vt 0.000000 1.000000
vt 0.000000 0.000000
vt 1.000000 0.000000
vt 1.000000 1.000000
vt 0.000000 1.000000
vt 0.000000 0.000000
vt 1.000000 0.000000
vt 1.000000 1.000000
vt 0.000000 1.000000
vt 0.000000 0.000000
vt 1.000000 0.000000
vt 1.000000 1.000000
vt 0.000000 1.000000
vt 0.000000 0.000000
vt 1.000000 0.000000
vt 1.000000 1.000000
vt 0.000000 1.000000
vt 0.500000 1.000000
vt 0.500000 1.000000
vn 0.318425 0.940426 0.119184
vn 0.319458 0.940318 0.117257
vn 0.351226 0.935325 0.042521
vn 0.357748 0.933440 0.026594
vn 0.097977 0.993935 0.049947
vn 0.097767 0.993843 0.052125
vn 0.114716 0.992273 -0.047265
vn 0.111909 0.993259 -0.030209
vn 0.410006 0.907050 -0.095683
vn 0.411277 0.906167 -0.098558
vn 0.129848 0.974296 -0.184086
vn 0.129638 0.974922 -0.180888
vn 0.141351 0.930178 -0.338805
vn 0.143879 0.918537 -0.368224
vn 0.465938 0.851601 -0.240161
vn 0.474713 0.838448 -0.267682
vn 0.098438 0.994119 0.045140
vn 0.098438 0.994119 0.045140
vn 0.321734 0.940063 0.113000
vn 0.321734 0.940063 0.113000
vn 0.628201 0.676693 -0.383991
vn 0.645265 0.666958 -0.372559
vn 0.750988 0.592767 -0.290938
vn 0.001308 0.822848 -0.568260
vn 0.024029 0.822953 -0.567602
vn -0.150999 0.811118 -0.565054
vn 0.547187 0.740150 -0.390850
vn 0.530638 0.752455 -0.390172
vn 0.114110 0.844991 -0.522465
vn 0.131136 0.849168 -0.511583
s 1
g Hojas2 group2 pPlane4
usemtl lambert5SG
f 1648/2458/1864 1649/2459/1865 1652/2462/1866 1651/2461/1867
s 2
f 1649/2459/1868 1650/2460/1869 1653/2463/1870 1652/2462/1871
s 1
f 1651/2461/1867 1652/2462/1866 1655/2465/1872 1654/2464/1873
s 2
f 1652/2462/1871 1653/2463/1870 1656/2466/1874 1655/2465/1875
f 1656/2467/1874 1657/2468/1876 1658/2469/1877 1655/2470/1875
s 1
f 1659/2471/1878 1654/2472/1873 1655/2473/1872 1658/2474/1879
s 2
f 1650/2475/1869 1649/2476/1868 1660/2477/1880 1661/2478/1881
s 1
f 1649/2479/1865 1648/2480/1864 1662/2481/1882 1660/2482/1883
f 1666/2483/1884 1669/2499/1885 1665/2486/1886
s 2
f 1669/2500/1887 1667/2488/1888 1665/2489/1889
s 1
f 1658/2491/1879 1664/2492/1890 1663/2493/1891 1659/2494/1878
s 2
f 1664/2495/1892 1658/2496/1877 1657/2497/1876 1668/2498/1893
s 1
f 1666/2483/1884 1663/2484/1891 1664/2485/1890 1669/2499/1885
s 2
f 1668/2487/1893 1667/2488/1888 1669/2500/1887 1664/2490/1892
g default
v -142.299735 320.667167 -1052.733011
v -147.180513 328.257792 -1036.633643
v -154.610028 342.243381 -1027.155518
v -139.104395 330.213436 -1062.729229
v -144.475295 340.521386 -1045.676746
v -153.139127 354.812068 -1033.568815
v -133.677692 343.955939 -1071.080523
v -138.761798 354.099159 -1054.380575
v -147.400586 368.008015 -1042.568023
v -138.495432 377.991568 -1051.576666
v -130.150752 368.012745 -1061.973110
v -127.186331 358.170141 -1075.073949
v -149.929227 317.060147 -1028.510669
v -153.776399 329.167942 -1024.697693
v -145.911067 315.382399 -1041.039745
v -118.380648 372.552400 -1074.835962
v -119.806996 378.538314 -1065.873698
v -104.225251 392.816630 -1070.418950
v -110.555032 384.931800 -1072.733168
v -113.487058 390.070753 -1066.641204
v -125.661451 385.313440 -1059.708405
v -110.051807 387.010461 -1068.325370
vt 0.000000 0.000000
vt 0.500000 0.000000
vt 1.000000 0.000000
vt 0.000000 0.500000
vt 0.500000 0.500000
vt 1.000000 0.500000
vt 0.000000 1.000000
vt 0.500000 1.000000
vt 1.000000 1.000000
vt 0.000000 0.000000
vt 1.000000 0.000000
vt 1.000000 1.000000
vt 0.000000 1.000000
vt 0.000000 0.000000
vt 1.000000 0.000000
vt 1.000000 1.000000
vt 0.000000 1.000000
vt 0.000000 0.000000
vt 1.000000 0.000000
vt 1.000000 1.000000
vt 0.000000 1.000000
vt 0.000000 0.000000
vt 1.000000 0.000000
vt 1.000000 1.000000
vt 0.000000 1.000000
vt 0.000000 0.000000
vt 1.000000 0.000000
vt 1.000000 1.000000
vt 0.000000 1.000000
vt 0.000000 0.000000
vt 1.000000 0.000000
vt 1.000000 1.000000
vt 0.000000 1.000000
vt 0.000000 0.000000
vt 1.000000 0.000000
vt 1.000000 1.000000
vt 0.000000 1.000000
vt 0.000000 0.000000
vt 1.000000 0.000000
vt 1.000000 1.000000
vt 0.000000 1.000000
vt 0.500000 1.000000
vt 0.500000 1.000000
vn -0.955069 0.002025 -0.296377
vn -0.954780 0.003996 -0.297285
vn -0.939113 0.074080 -0.335527
vn -0.934991 0.088974 -0.343330
vn -0.872742 -0.139792 -0.467738
vn -0.873336 -0.141229 -0.466196
vn -0.844970 -0.068804 -0.530369
vn -0.850469 -0.081288 -0.519707
vn -0.894638 0.207288 -0.395796
vn -0.893494 0.210152 -0.396868
vn -0.789251 0.027446 -0.613457
vn -0.790788 0.025271 -0.611568
vn -0.704271 0.136368 -0.696711
vn -0.685619 0.157957 -0.710617
vn -0.824500 0.347093 -0.446907
vn -0.808162 0.372738 -0.456005
vn -0.871417 -0.136618 -0.471134
vn -0.871417 -0.136618 -0.471134
vn -0.954127 0.008347 -0.299285
vn -0.954127 0.008347 -0.299285
vn -0.706251 0.592309 -0.387788
vn -0.710198 0.600742 -0.367053
vn -0.727130 0.649219 -0.223153
vn -0.471672 0.182680 -0.862643
vn -0.482462 0.200075 -0.852761
vn -0.393027 0.063640 -0.917322
vn -0.718212 0.520949 -0.461285
vn -0.720850 0.505265 -0.474429
vn -0.557798 0.239791 -0.794583
vn -0.572872 0.245904 -0.781888
s 1
g group2 Hojas3 pPlane9
usemtl lambert5SG
f 1670/2501/1894 1671/2502/1895 1674/2505/1896 1673/2504/1897
s 2
f 1671/2502/1898 1672/2503/1899 1675/2506/1900 1674/2505/1901
s 1
f 1673/2504/1897 1674/2505/1896 1677/2508/1902 1676/2507/1903
s 2
f 1674/2505/1901 1675/2506/1900 1678/2509/1904 1677/2508/1905
f 1678/2510/1904 1679/2511/1906 1680/2512/1907 1677/2513/1905
s 1
f 1681/2514/1908 1676/2515/1903 1677/2516/1902 1680/2517/1909
s 2
f 1672/2518/1899 1671/2519/1898 1682/2520/1910 1683/2521/1911
s 1
f 1671/2522/1895 1670/2523/1894 1684/2524/1912 1682/2525/1913
f 1688/2526/1914 1691/2542/1915 1687/2529/1916
s 2
f 1691/2543/1917 1689/2531/1918 1687/2532/1919
s 1
f 1680/2534/1909 1686/2535/1920 1685/2536/1921 1681/2537/1908
s 2
f 1686/2538/1922 1680/2539/1907 1679/2540/1906 1690/2541/1923
s 1
f 1688/2526/1914 1685/2527/1921 1686/2528/1920 1691/2542/1915
s 2
f 1690/2530/1923 1689/2531/1918 1691/2543/1917 1686/2533/1922
g default
v -23.030914 37.408266 -245.242721
v 26.664001 208.905323 -285.848634
v 241.701970 206.707959 -267.360043
v 26.664001 208.905323 -435.338158
v 233.902199 206.707959 -421.146886
v 27.322578 37.408266 -497.106448
v 284.869441 37.408266 -488.811904
v -121.923123 37.408266 -455.883685
v -121.923123 37.408266 -245.242721
v -15.274446 163.764785 -292.992482
v -24.259506 183.872722 -391.066305
v 79.049364 280.162841 -280.039004
v 203.107643 280.162841 -267.360043
v 203.107643 280.162841 -382.539663
v 56.234166 280.162841 -382.539663
v -23.030914 37.408266 -94.139898
v 284.869441 37.408266 -94.139898
v 221.166893 186.834305 -174.758617
v 56.234166 186.834305 -174.758617
v 185.276144 259.293670 -227.505246
v 105.575425 259.293670 -229.674680
v 110.317913 384.902120 -301.316588
v 188.770667 384.902120 -295.886902
v 188.770667 401.175465 -367.921819
v 108.156320 401.175465 -357.441253
v 347.969249 37.408266 -455.883685
v 387.596926 37.408266 -232.249148
v 293.785098 175.211592 -384.088060
v 324.119452 186.963408 -246.299577
v 289.570878 172.023204 -202.434566
v 347.969249 37.408266 -94.139898
v 27.322578 17.442104 -497.106448
v 284.869441 17.442104 -488.811904
v -23.030914 17.442104 -245.242721
v -121.923123 17.442104 -245.242721
v -121.923123 17.442104 -455.883685
v 284.869441 17.442104 -94.139898
v -23.030914 17.442104 -94.139898
v 347.969249 17.442104 -455.883685
v 387.596926 17.442104 -232.249148
v 347.969249 17.442104 -94.139898
v 148.463494 401.175465 -391.464926
v 129.670907 280.162841 -417.842792
v 134.182983 207.806641 -434.768697
v 156.096011 37.408266 -515.266832
v 156.096011 17.442104 -515.266832
v 130.919266 17.442104 -34.756750
v 130.919266 37.408266 -34.756750
v 138.700531 186.834305 -141.843894
v 145.425783 259.293670 -213.348936
v 141.078505 280.162841 -256.363121
v 149.544290 384.902120 -289.441144
v 202.314662 402.146730 -331.904361
v 155.437417 402.146730 -340.453035
v 108.560174 402.146730 -329.378920
v 59.527396 280.162841 -331.289334
v 28.734024 208.905323 -345.289253
v -61.737293 163.764785 -339.778558
v -163.932488 37.408266 -350.563203
v -163.932488 17.442104 -350.563203
v 389.978630 17.442104 -350.563203
v 389.978630 37.408266 -350.563203
v 320.189966 181.087500 -318.572524
v 264.710306 206.707959 -331.904361
v 219.215153 280.162841 -324.949853
vt 0.375000 0.000000
vt 0.375000 0.250000
vt 0.625000 0.250000
vt 0.375000 0.500000
vt 0.625000 0.500000
vt 0.375000 0.750000
vt 0.625000 0.750000
vt 0.875000 0.000000
vt 0.875000 0.250000
vt 0.125000 0.000000
vt 0.125000 0.250000
vt 0.125000 0.000000
vt 0.375000 0.000000
vt 0.375000 0.250000
vt 0.125000 0.250000
vt 0.375000 0.250000
vt 0.625000 0.250000
vt 0.625000 0.500000
vt 0.375000 0.500000
vt 0.375000 0.000000
vt 0.625000 0.000000
vt 0.625000 0.250000
vt 0.375000 0.250000
vt 0.625000 0.250000
vt 0.375000 0.250000
vt 0.375000 0.250000
vt 0.625000 0.250000
vt 0.625000 0.500000
vt 0.375000 0.500000
vt 0.625000 0.000000
vt 0.875000 0.000000
vt 0.875000 0.250000
vt 0.625000 0.250000
vt 0.625000 0.250000
vt 0.625000 0.000000
vt 0.375000 0.750000
vt 0.625000 0.750000
vt 0.375000 0.000000
vt 0.375000 0.000000
vt 0.125000 0.000000
vt 0.125000 0.000000
vt 0.625000 0.000000
vt 0.375000 0.000000
vt 0.875000 0.000000
vt 0.875000 0.000000
vt 0.625000 0.000000
vt 0.625000 0.000000
vt 0.500000 0.500000
vt 0.500000 0.500000
vt 0.500000 0.500000
vt 0.500000 0.750000
vt 0.500000 0.750000
vt 0.500000 0.000000
vt 0.500000 0.000000
vt 0.500000 0.250000
vt 0.500000 0.250000
vt 0.500000 0.250000
vt 0.500000 0.250000
vt 0.625000 0.375000
vt 0.500000 0.375000
vt 0.375000 0.375000
vt 0.375000 0.375000
vt 0.250000 0.250000
vt 0.375000 0.375000
vt 0.250000 0.250000
vt 0.250000 0.000000
vt 0.250000 0.000000
vt 0.750000 0.000000
vt 0.750000 0.000000
vt 0.750000 0.250000
vt 0.625000 0.375000
vt 0.750000 0.250000
vt 0.625000 0.375000
vn -0.674950 0.487252 0.554102
vn -0.008270 0.515236 0.857008
vn 0.002455 0.605954 0.795496
vn -0.653682 0.568107 0.499954
vn -0.003719 0.916672 0.399624
vn -0.006360 0.923697 0.383072
vn -0.003777 0.986114 0.166030
vn -0.007541 0.975243 0.221007
vn -0.292522 0.478337 -0.828025
vn 0.041063 0.410503 -0.910934
vn 0.051460 0.363615 -0.930127
vn -0.218135 0.365606 -0.904848
vn 0.897511 0.402132 0.181006
vn 0.897074 0.397916 -0.192150
vn 0.877928 0.450352 -0.162562
vn 0.869206 0.463817 0.171331
vn -0.817036 0.576159 0.022223
vn -0.590183 0.501362 0.632709
vn -0.410349 0.506471 0.758354
vn -0.752218 0.657823 0.037918
vn -0.793766 0.414504 0.445109
vn -0.795233 0.533097 0.288811
vn -0.742617 0.662506 0.098011
vn -0.498375 0.858099 0.123650
vn -0.550185 0.802764 0.229926
vn -0.611924 0.483209 -0.626146
vn -0.536529 0.525442 -0.660339
vn 0.000995 0.700021 0.714121
vn -0.519807 0.668457 0.531945
vn 0.598102 0.753051 0.274203
vn 0.659036 0.747510 -0.083064
vn 0.935113 0.354349 -0.001033
vn 0.701432 0.451230 0.551711
vn -0.711539 0.457899 -0.532955
vn -0.026945 0.361920 -0.931820
vn -0.698867 0.518743 0.492433
vn -0.906840 0.401925 0.126877
vn 0.605260 0.572598 0.552985
vn 0.618493 0.505269 0.601805
vn 0.559645 0.614809 0.555704
vn 0.319608 0.614526 0.721255
vn -0.083302 0.531056 0.843232
vn -0.176580 0.875536 0.449729
vn -0.020501 0.887162 0.461003
vn -0.076652 0.296995 0.951798
vn -0.670921 0.349009 0.654261
vn 0.985862 0.157385 -0.057499
vn 0.683258 0.257034 0.683442
vn -0.745361 0.384975 -0.544271
vn -0.009807 0.258814 -0.965877
vn -0.917643 0.367256 0.151834
vn 0.314210 0.414296 -0.854184
vn 0.351163 0.491221 -0.797111
vn 0.693810 0.500412 -0.517896
vn 0.710445 0.442245 -0.547437
vn 0.271556 0.947562 0.168474
vn 0.382811 0.920902 -0.073455
vn 0.224726 0.918607 0.325054
vn 0.277451 0.515510 0.810722
vn 0.032189 0.000000 -0.999482
vn -0.208882 0.000000 -0.977941
vn -0.598705 0.000000 0.800970
vn -0.836731 0.000000 0.547615
vn -1.000000 0.000000 0.000000
vn -0.608208 0.000000 -0.793778
vn -0.807147 0.000000 0.590350
vn 0.000000 0.000000 1.000000
vn 0.796051 0.000000 -0.605230
vn 0.295656 0.000000 -0.955295
vn 0.986844 0.000000 0.161673
vn 0.984661 0.000000 -0.174480
vn 0.802376 0.000000 0.596818
vn 0.263894 0.000000 0.964552
vn 0.665195 0.342660 -0.663400
vn 0.725248 0.147136 -0.672581
vn 0.113973 0.879720 0.461631
vn -0.008955 0.930306 0.366675
vn -0.002078 0.975471 0.220120
vn -0.002332 0.999712 -0.023895
vn 0.008994 0.999661 -0.024433
vn -0.012118 0.999652 -0.023427
vn -0.439487 0.898075 0.017668
vn 0.508202 0.832798 -0.219498
s 1
g group2 pCube2
usemtl initialShadingGroup
f 1707/2563/1924 1739/2597/1925 1740/2598/1926 1710/2566/1927
s 2
f 1713/2569/1928 1743/2601/1929 1745/2603/1930 1746/2604/1931
s 1
f 1695/2547/1932 1735/2593/1933 1736/2594/1934 1697/2549/1935
f 1718/2573/1936 1753/2612/1937 1754/2613/1938 1720/2576/1939
f 1750/2609/1940 1700/2556/1941 1701/2557/1942 1749/2608/1943
f 1692/2544/1944 1693/2545/1945 1701/2557/1942 1700/2556/1941
f 1693/2545/1945 1748/2606/1946 1749/2608/1947 1701/2557/1948
f 1695/2554/1932 1697/2553/1935 1699/2555/1949 1702/2558/1950
f 1710/2566/1927 1740/2598/1926 1741/2599/1951 1712/2568/1952
f 1694/2546/1953 1755/2614/1954 1756/2616/1955 1704/2560/1956
f 1735/2593/1933 1695/2547/1932 1706/2562/1957 1734/2592/1958
f 1748/2607/1946 1693/2545/1945 1703/2559/1959 1747/2605/1960
f 1718/2573/1936 1720/2576/1939 1721/2577/1961 1722/2578/1962
f 1693/2545/1945 1692/2544/1944 1707/2563/1924 1710/2566/1927
f 1694/2546/1953 1704/2560/1956 1711/2567/1963 1709/2565/1964
f 1742/2600/1965 1703/2559/1959 1712/2568/1966 1741/2599/1967
f 1703/2559/1959 1693/2545/1945 1710/2566/1927 1712/2568/1952
f 1703/2559/1959 1742/2600/1965 1743/2601/1968 1713/2569/1969
f 1704/2560/1956 1756/2616/1955 1744/2602/1970 1714/2570/1971
f 1734/2592/1958 1706/2562/1957 1716/2572/1972 1733/2591/1973
f 1747/2605/1960 1703/2559/1959 1713/2569/1969 1746/2604/1974
f 1698/2551/1975 1696/2552/1976 1719/2575/1977 1717/2574/1978
f 1755/2615/1954 1694/2546/1953 1720/2576/1979 1754/2613/1980
f 1694/2546/1953 1709/2565/1964 1721/2577/1981 1720/2576/1979
f 1709/2565/1964 1708/2564/1982 1722/2578/1962 1721/2577/1961
f 1697/2549/1935 1736/2594/1934 1737/2595/1983 1723/2579/1984
f 1692/2544/1944 1700/2556/1941 1726/2582/1985 1725/2581/1986
f 1700/2556/1941 1750/2609/1940 1751/2610/1987 1726/2582/1985
f 1699/2555/1949 1697/2553/1935 1723/2584/1984 1727/2583/1988
f 1739/2597/1925 1707/2563/1924 1729/2586/1989 1738/2596/1990
f 1707/2563/1924 1692/2544/1944 1725/2581/1986 1729/2586/1989
f 1698/2551/1975 1717/2574/1978 1730/2588/1991 1724/2587/1992
f 1753/2612/1937 1718/2573/1936 1731/2589/1993 1752/2611/1994
f 1718/2573/1936 1722/2578/1962 1732/2590/1995 1731/2589/1993
f 1722/2578/1962 1708/2564/1982 1728/2585/1996 1732/2590/1995
f 1705/2561/1997 1734/2592/1958 1733/2591/1973 1715/2571/1998
f 1696/2548/1976 1735/2593/1933 1734/2592/1958 1705/2561/1997
f 1736/2594/1934 1735/2593/1933 1696/2548/1976 1698/2550/1975
f 1737/2595/1983 1736/2594/1934 1698/2550/1975 1724/2580/1992
f 1708/2564/1982 1739/2597/1925 1738/2596/1990 1728/2585/1996
f 1740/2598/1926 1739/2597/1925 1708/2564/1982 1709/2565/1964
f 1741/2599/1951 1740/2598/1926 1709/2565/1964 1711/2567/1963
f 1704/2560/1956 1742/2600/1965 1741/2599/1967 1711/2567/1999
f 1743/2601/1968 1742/2600/1965 1704/2560/1956 1714/2570/1971
s 2
f 1745/2603/1930 1743/2601/1929 1714/2570/2000 1744/2602/2001
f 1733/2591/2002 1745/2603/1930 1744/2602/2001 1715/2571/2003
f 1746/2604/1931 1745/2603/1930 1733/2591/2002 1716/2572/2004
s 1
f 1706/2562/1957 1747/2605/1960 1746/2604/1974 1716/2572/1972
f 1695/2547/1932 1748/2607/1946 1747/2605/1960 1706/2562/1957
f 1749/2608/1947 1748/2606/1946 1695/2554/1932 1702/2558/2005
f 1699/2555/1949 1750/2609/1940 1749/2608/1943 1702/2558/1950
f 1751/2610/1987 1750/2609/1940 1699/2555/1949 1727/2583/1988
f 1717/2574/1978 1753/2612/1937 1752/2611/1994 1730/2588/1991
f 1754/2613/1938 1753/2612/1937 1717/2574/1978 1719/2575/1977
f 1696/2552/1976 1755/2615/1954 1754/2613/1980 1719/2575/2006
f 1756/2616/1955 1755/2614/1954 1696/2548/1976 1705/2561/1997
f 1744/2602/1970 1756/2616/1955 1705/2561/1997 1715/2571/1998
g default
v 507.621347 343.782323 -974.945696
v 521.216362 328.120484 -992.340577
v 534.405219 325.088063 -1015.783230
v 497.295711 359.328664 -984.144544
v 511.709832 343.777778 -1005.743032
v 527.831494 338.015693 -1030.702640
v 484.192108 373.343664 -1000.002513
v 498.059938 358.047561 -1021.227807
v 514.049418 352.504245 -1045.526136
v 496.263703 364.112692 -1055.940252
v 480.904302 369.562226 -1037.750658
v 471.658156 381.286554 -1018.424023
v 530.216860 314.138317 -980.036836
v 535.954706 316.025200 -998.529076
v 518.841871 327.969396 -972.437030
v 457.942861 382.581566 -1038.968173
v 463.524295 373.954680 -1051.160321
v 438.165971 378.165287 -1069.719431
v 446.709795 381.073970 -1057.472983
v 453.089090 376.621432 -1067.199534
v 473.783919 371.525029 -1063.121131
v 447.891934 375.878382 -1062.293641
vt 0.000000 0.000000
vt 0.500000 0.000000
vt 1.000000 0.000000
vt 0.000000 0.500000
vt 0.500000 0.500000
vt 1.000000 0.500000
vt 0.000000 1.000000
vt 0.500000 1.000000
vt 1.000000 1.000000
vt 0.000000 0.000000
vt 1.000000 0.000000
vt 1.000000 1.000000
vt 0.000000 1.000000
vt 0.000000 0.000000
vt 1.000000 0.000000
vt 1.000000 1.000000
vt 0.000000 1.000000
vt 0.000000 0.000000
vt 1.000000 0.000000
vt 1.000000 1.000000
vt 0.000000 1.000000
vt 0.000000 0.000000
vt 1.000000 0.000000
vt 1.000000 1.000000
vt 0.000000 1.000000
vt 0.000000 0.000000
vt 1.000000 0.000000
vt 1.000000 1.000000
vt 0.000000 1.000000
vt 0.000000 0.000000
vt 1.000000 0.000000
vt 1.000000 1.000000
vt 0.000000 1.000000
vt 0.000000 0.000000
vt 1.000000 0.000000
vt 1.000000 1.000000
vt 0.000000 1.000000
vt 0.000000 0.000000
vt 1.000000 0.000000
vt 1.000000 1.000000
vt 0.000000 1.000000
vt 0.500000 1.000000
vt 0.500000 1.000000
vn 0.801867 0.588188 0.105094
vn 0.801142 0.589463 0.103468
vn 0.768307 0.638330 0.047312
vn 0.760689 0.648158 0.035265
vn 0.679439 0.674407 0.289028
vn 0.680618 0.672816 0.289964
vn 0.627145 0.741367 0.238881
vn 0.636804 0.730115 0.247815
vn 0.696133 0.715111 -0.063369
vn 0.694478 0.716498 -0.065819
vn 0.539835 0.824433 0.169966
vn 0.542073 0.822639 0.171526
vn 0.423918 0.901380 0.088361
vn 0.400091 0.913691 0.071388
vn 0.602276 0.776892 -0.183582
vn 0.581881 0.786807 -0.205788
vn 0.676828 0.677908 0.286958
vn 0.676828 0.677908 0.286959
vn 0.799527 0.592268 0.099879
vn 0.799527 0.592268 0.099879
vn 0.490897 0.753209 -0.437832
vn 0.500739 0.738289 -0.451873
vn 0.559997 0.628391 -0.539934
vn 0.146891 0.985262 0.087641
vn 0.158910 0.984924 0.068352
vn 0.064362 0.974323 0.215761
vn 0.483726 0.803120 -0.347861
vn 0.483144 0.811389 -0.328967
vn 0.245754 0.969217 0.014976
vn 0.263621 0.964609 0.005741
s 1
g Hojas2 group2 pPlane7
usemtl lambert5SG
f 1757/2617/2007 1758/2618/2008 1761/2621/2009 1760/2620/2010
s 2
f 1758/2618/2011 1759/2619/2012 1762/2622/2013 1761/2621/2014
s 1
f 1760/2620/2010 1761/2621/2009 1764/2624/2015 1763/2623/2016
s 2
f 1761/2621/2014 1762/2622/2013 1765/2625/2017 1764/2624/2018
f 1765/2626/2017 1766/2627/2019 1767/2628/2020 1764/2629/2018
s 1
f 1768/2630/2021 1763/2631/2016 1764/2632/2015 1767/2633/2022
s 2
f 1759/2634/2012 1758/2635/2011 1769/2636/2023 1770/2637/2024
s 1
f 1758/2638/2008 1757/2639/2007 1771/2640/2025 1769/2641/2026
f 1775/2642/2027 1778/2658/2028 1774/2645/2029
s 2
f 1778/2659/2030 1776/2647/2031 1774/2648/2032
s 1
f 1767/2650/2022 1773/2651/2033 1772/2652/2034 1768/2653/2021
s 2
f 1773/2654/2035 1767/2655/2020 1766/2656/2019 1777/2657/2036
s 1
f 1775/2642/2027 1772/2643/2034 1773/2644/2033 1778/2658/2028
s 2
f 1777/2646/2036 1776/2647/2031 1778/2659/2030 1773/2649/2035
g default
v -139.538321 301.879584 -1061.325665
v -136.811249 322.202657 -1043.655485
v -131.338779 348.204686 -1038.493500
v -127.598140 303.966884 -1078.237246
v -122.796194 328.037880 -1060.527923
v -118.249998 356.781252 -1052.206728
v -109.091928 309.223827 -1094.032323
v -104.146557 332.688538 -1076.661335
v -99.951492 360.864714 -1068.580176
v -81.132618 358.731361 -1082.751989
v -81.859326 335.619145 -1090.611205
v -88.665294 316.173867 -1103.727221
v -149.929221 317.060143 -1028.510672
v -142.577152 335.049616 -1029.389363
v -147.816030 305.451436 -1043.977362
v -65.211540 323.307016 -1107.026930
v -60.585906 335.286472 -1097.575993
v -29.941418 333.803173 -1105.571590
v -44.625158 330.166970 -1107.183627
v -42.672218 341.200531 -1101.745536
v -60.362001 350.705542 -1093.523069
v -41.815444 334.067030 -1101.842712
vt 0.000000 0.000000
vt 0.500000 0.000000
vt 1.000000 0.000000
vt 0.000000 0.500000
vt 0.500000 0.500000
vt 1.000000 0.500000
vt 0.000000 1.000000
vt 0.500000 1.000000
vt 1.000000 1.000000
vt 0.000000 0.000000
vt 1.000000 0.000000
vt 1.000000 1.000000
vt 0.000000 1.000000
vt 0.000000 0.000000
vt 1.000000 0.000000
vt 1.000000 1.000000
vt 0.000000 1.000000
vt 0.000000 0.000000
vt 1.000000 0.000000
vt 1.000000 1.000000
vt 0.000000 1.000000
vt 0.000000 0.000000
vt 1.000000 0.000000
vt 1.000000 1.000000
vt 0.000000 1.000000
vt 0.000000 0.000000
vt 1.000000 0.000000
vt 1.000000 1.000000
vt 0.000000 1.000000
vt 0.000000 0.000000
vt 1.000000 0.000000
vt 1.000000 1.000000
vt 0.000000 1.000000
vt 0.000000 0.000000
vt 1.000000 0.000000
vt 1.000000 1.000000
vt 0.000000 1.000000
vt 0.000000 0.000000
vt 1.000000 0.000000
vt 1.000000 1.000000
vt 0.000000 1.000000
vt 0.500000 1.000000
vt 0.500000 1.000000
vn -0.741952 0.490314 -0.457275
vn -0.740503 0.491229 -0.458639
vn -0.685142 0.518390 -0.511715
vn -0.672756 0.523783 -0.522543
vn -0.777761 0.280734 -0.562385
vn -0.779070 0.280602 -0.560635
vn -0.713639 0.292807 -0.636383
vn -0.725400 0.290943 -0.623816
vn -0.568134 0.565154 -0.598185
vn -0.565465 0.566119 -0.599799
vn -0.612807 0.298651 -0.731625
vn -0.615297 0.298694 -0.729514
vn -0.481462 0.295386 -0.825192
vn -0.453931 0.294502 -0.840961
vn -0.426860 0.603872 -0.673149
vn -0.398278 0.608925 -0.685992
vn -0.774856 0.281020 -0.566238
vn -0.774856 0.281020 -0.566238
vn -0.737294 0.493239 -0.461642
vn -0.737294 0.493239 -0.461642
vn -0.176157 0.725122 -0.665707
vn -0.172837 0.740572 -0.649370
vn -0.148266 0.834199 -0.531158
vn -0.281163 0.128559 -0.951010
vn -0.277791 0.150920 -0.948712
vn -0.299997 -0.023044 -0.953662
vn -0.234432 0.656916 -0.716592
vn -0.247113 0.642950 -0.724949
vn -0.307284 0.245322 -0.919453
vn -0.314318 0.263265 -0.912083
s 1
g group2 Hojas3 pPlane4
usemtl lambert5SG
f 1779/2660/2037 1780/2661/2038 1783/2664/2039 1782/2663/2040
s 2
f 1780/2661/2041 1781/2662/2042 1784/2665/2043 1783/2664/2044
s 1
f 1782/2663/2040 1783/2664/2039 1786/2667/2045 1785/2666/2046
s 2
f 1783/2664/2044 1784/2665/2043 1787/2668/2047 1786/2667/2048
f 1787/2669/2047 1788/2670/2049 1789/2671/2050 1786/2672/2048
s 1
f 1790/2673/2051 1785/2674/2046 1786/2675/2045 1789/2676/2052
s 2
f 1781/2677/2042 1780/2678/2041 1791/2679/2053 1792/2680/2054
s 1
f 1780/2681/2038 1779/2682/2037 1793/2683/2055 1791/2684/2056
f 1797/2685/2057 1800/2701/2058 1796/2688/2059
s 2
f 1800/2702/2060 1798/2690/2061 1796/2691/2062
s 1
f 1789/2693/2052 1795/2694/2063 1794/2695/2064 1790/2696/2051
s 2
f 1795/2697/2065 1789/2698/2050 1788/2699/2049 1799/2700/2066
s 1
f 1797/2685/2057 1794/2686/2064 1795/2687/2063 1800/2701/2058
s 2
f 1799/2689/2066 1798/2690/2061 1800/2702/2060 1795/2692/2065
g default
v -1.043596 329.807377 -982.668627
v 12.283160 324.794589 -1005.689684
v 12.228472 316.747369 -1031.534195
v -18.037721 318.053775 -980.223459
v -5.410236 310.614937 -1006.705565
v -2.906489 303.164309 -1035.934164
v -34.561944 299.439248 -980.445288
v -22.146952 291.922577 -1006.255523
v -19.766912 284.880609 -1034.918159
v -33.245938 266.633984 -1028.216071
v -36.405167 269.733021 -1004.197637
v -45.438592 278.631825 -983.324726
v 28.146246 338.048550 -1004.923518
v 23.744640 329.019105 -1021.583084
v 15.264808 337.363446 -990.361741
v -50.081615 254.669607 -987.337575
v -43.172664 248.730028 -1000.422370
v -50.726356 218.531937 -994.403117
v -51.588724 233.525925 -991.980415
v -48.427626 230.415335 -1003.619057
v -42.231980 246.945394 -1016.238636
v -47.119877 230.250595 -996.555560
vt 0.000000 0.000000
vt 0.500000 0.000000
vt 1.000000 0.000000
vt 0.000000 0.500000
vt 0.500000 0.500000
vt 1.000000 0.500000
vt 0.000000 1.000000
vt 0.500000 1.000000
vt 1.000000 1.000000
vt 0.000000 0.000000
vt 1.000000 0.000000
vt 1.000000 1.000000
vt 0.000000 1.000000
vt 0.000000 0.000000
vt 1.000000 0.000000
vt 1.000000 1.000000
vt 0.000000 1.000000
vt 0.000000 0.000000
vt 1.000000 0.000000
vt 1.000000 1.000000
vt 0.000000 1.000000
vt 0.000000 0.000000
vt 1.000000 0.000000
vt 1.000000 1.000000
vt 0.000000 1.000000
vt 0.000000 0.000000
vt 1.000000 0.000000
vt 1.000000 1.000000
vt 0.000000 1.000000
vt 0.000000 0.000000
vt 1.000000 0.000000
vt 1.000000 1.000000
vt 0.000000 1.000000
vt 0.000000 0.000000
vt 1.000000 0.000000
vt 1.000000 1.000000
vt 0.000000 1.000000
vt 0.000000 0.000000
vt 1.000000 0.000000
vt 1.000000 1.000000
vt 0.000000 1.000000
vt 0.500000 1.000000
vt 0.500000 1.000000
vn -0.544641 0.700134 -0.461713
vn -0.546159 0.698631 -0.462197
vn -0.603552 0.641960 -0.472877
vn -0.615231 0.629326 -0.474805
vn -0.606465 0.757974 -0.240158
vn -0.604723 0.759256 -0.240501
vn -0.681405 0.694443 -0.231162
vn -0.668715 0.706082 -0.232958
vn -0.697554 0.522705 -0.490100
vn -0.699327 0.519987 -0.490465
vn -0.775956 0.595392 -0.208328
vn -0.773894 0.597826 -0.209028
vn -0.867078 0.466819 -0.173940
vn -0.882371 0.439814 -0.167290
vn -0.778697 0.379851 -0.499343
vn -0.792289 0.351172 -0.498956
vn -0.610299 0.755131 -0.239399
vn -0.610299 0.755131 -0.239399
vn -0.549499 0.695302 -0.463256
vn -0.549499 0.695302 -0.463256
vn -0.795302 0.118553 -0.594509
vn -0.782323 0.113444 -0.612455
vn -0.684843 0.077683 -0.724538
vn -0.957662 0.285983 0.033120
vn -0.959809 0.280432 0.011182
vn -0.930437 0.319357 0.179716
vn -0.831764 0.184097 -0.523715
vn -0.837208 0.198223 -0.509697
vn -0.949685 0.300134 -0.089550
vn -0.945987 0.305264 -0.109190
s 1
g group2 Hojas pPlane7
usemtl lambert5SG
f 1801/2703/2067 1802/2704/2068 1805/2707/2069 1804/2706/2070
s 2
f 1802/2704/2071 1803/2705/2072 1806/2708/2073 1805/2707/2074
s 1
f 1804/2706/2070 1805/2707/2069 1808/2710/2075 1807/2709/2076
s 2
f 1805/2707/2074 1806/2708/2073 1809/2711/2077 1808/2710/2078
f 1809/2712/2077 1810/2713/2079 1811/2714/2080 1808/2715/2078
s 1
f 1812/2716/2081 1807/2717/2076 1808/2718/2075 1811/2719/2082
s 2
f 1803/2720/2072 1802/2721/2071 1813/2722/2083 1814/2723/2084
s 1
f 1802/2724/2068 1801/2725/2067 1815/2726/2085 1813/2727/2086
f 1819/2728/2087 1822/2744/2088 1818/2731/2089
s 2
f 1822/2745/2090 1820/2733/2091 1818/2734/2092
s 1
f 1811/2736/2082 1817/2737/2093 1816/2738/2094 1812/2739/2081
s 2
f 1817/2740/2095 1811/2741/2080 1810/2742/2079 1821/2743/2096
s 1
f 1819/2728/2087 1816/2729/2094 1817/2730/2093 1822/2744/2088
s 2
f 1821/2732/2096 1820/2733/2091 1822/2745/2090 1817/2735/2095
