# This file uses meters as units for non-parametric coordinates.

mtllib Palmeras y Piedras.mtl
g default
v -283.027039 68.405289 -465.971771
v -166.088745 68.390091 -470.019440
v -251.237366 84.958168 -482.483673
v -179.126984 84.983719 -480.734833
v -251.237366 84.494003 -568.665649
v -189.421387 83.882576 -555.716064
v -265.290192 68.405289 -580.261597
v -170.026947 68.405289 -581.665283
v -270.701569 38.565159 -585.409424
v -164.615509 38.565159 -586.813110
v -160.252960 38.565159 -472.457977
v -288.438416 38.565159 -468.573090
v -165.878693 84.862961 -508.791534
v -270.183716 84.613075 -536.425903
v -309.795654 68.405289 -530.371582
v -318.242249 38.565159 -530.371582
v -135.069702 38.565159 -519.119873
v -144.003540 68.405289 -511.294952
v -213.044067 84.983719 -464.805328
v -213.944824 68.405289 -444.345551
v -213.944824 38.565159 -444.225067
v -216.734009 38.565159 -619.986694
v -216.734009 68.405289 -611.951538
v -221.905151 84.414017 -579.696045
v -215.476074 96.213028 -507.732086
v -200.008331 96.213028 -515.183838
v -194.059692 96.213028 -527.854614
v -217.491760 97.470657 -531.401489
v -219.442078 96.213028 -553.262939
v -204.930450 96.213028 -542.882568
v -232.527893 96.213028 -514.646973
v -240.980316 96.213028 -533.494995
v -232.527893 96.213028 -548.342041
vt 0.824342 0.069747
vt 0.880239 0.070991
vt 0.877905 0.098883
vt 0.832146 0.094488
vt 0.841117 0.139085
vt 0.859313 0.141825
vt 0.868721 0.153887
vt 0.845668 0.163952
vt 0.855372 0.216321
vt 0.885397 0.185511
vt 0.914864 0.213036
vt 0.870949 0.249340
vt 0.922545 0.124361
vt 0.894726 0.126998
vt 0.748133 0.188683
vt 0.748076 0.116797
vt 0.794372 0.118598
vt 0.791628 0.183963
vt 0.953871 0.205973
vt 0.879974 0.279730
vt 0.886100 0.038808
vt 0.956310 0.125519
vt 0.818538 0.038808
vt 0.718437 0.200333
vt 0.714339 0.123327
vt 0.849637 0.186862
vt 0.862334 0.172630
vt 0.812111 0.243039
vt 0.817028 0.214830
vt 0.808264 0.277343
vt 0.824843 0.150347
vt 0.822237 0.172614
vt 0.834466 0.186129
vt 0.821918 0.217272
vt 0.791456 0.122820
vt 0.886868 0.182535
vt 0.871327 0.096454
vt 0.755287 0.097659
vt 0.738369 0.069721
vt 0.898407 0.081788
vt 0.930858 0.071217
vt 0.920994 0.202765
vt 0.936832 0.239753
vt 0.798380 0.235162
vt 0.773847 0.259571
vn 0.017176 0.326070 0.945190
vn 0.638467 0.320305 0.699832
vn 0.353564 0.849489 0.391613
vn 0.008827 0.871737 0.489895
vn -0.004381 0.975251 0.221055
vn 0.168486 0.972014 0.163711
vn 0.361907 0.925438 -0.112195
vn 0.000108 1.000000 -0.000812
vn 0.035102 0.893614 -0.447461
vn 0.405609 0.863418 -0.299985
vn 0.652833 0.561882 -0.508033
vn 0.017454 0.534853 -0.844765
vn 0.866452 0.499181 -0.008921
vn 0.507426 0.861551 -0.015762
vn -0.804494 0.586583 -0.093329
vn -0.566625 0.524360 0.635596
vn -0.281205 0.911227 0.300981
vn -0.407955 0.911566 -0.051191
vn 0.761565 0.275588 -0.586575
vn -0.013285 0.268993 -0.963051
vn 0.713535 0.080375 0.695994
vn 0.959588 0.262336 -0.101834
vn 0.032208 -0.001930 0.999479
vn -0.960278 0.244762 -0.134009
vn -0.685805 0.107017 0.719874
vn 0.092761 0.934587 -0.343428
vn 0.319701 0.905106 -0.280313
vn -0.581368 0.481280 -0.656035
vn -0.347336 0.847893 -0.400544
vn -0.644548 0.228942 -0.729482
vn -0.217190 0.962055 0.165162
vn -0.306642 0.951825 -0.000229
vn -0.208212 0.949185 -0.235999
s 1
g pCube5 group3
usemtl initialShadingGroup
f 20/1/1 2/2/2 4/37/3 19/4/4
f 25/5/5 26/6/6 27/7/7 28/8/8
f 24/9/9 6/10/10 8/11/11 23/12/12
f 2/40/2 18/13/13 13/14/14 4/3/3
f 15/15/15 1/16/16 3/35/17 14/18/18
f 23/12/12 8/11/11 10/43/19 22/20/20
f 18/13/13 2/40/2 11/41/21 17/22/22
f 2/2/2 20/1/1 21/23/23 11/21/21
f 1/16/16 15/15/15 16/24/24 12/25/25
f 29/26/26 28/8/8 27/7/7 30/27/27
f 7/44/28 15/15/15 14/18/18 5/29/29
f 16/24/24 15/15/15 7/44/28 9/45/30
f 8/42/11 18/13/13 17/22/22 10/19/19
f 13/14/14 18/13/13 8/42/11 6/36/10
f 31/31/31 25/5/5 28/8/8 32/32/32
f 1/38/16 20/1/1 19/4/4 3/17/17
f 21/23/23 20/1/1 1/38/16 12/39/25
f 7/28/28 23/12/12 22/20/20 9/30/30
f 5/34/29 24/9/9 23/12/12 7/28/28
f 32/32/32 28/8/8 29/26/26 33/33/33
f 19/4/4 4/37/3 26/6/6 25/5/5
f 4/3/3 13/14/14 27/7/7 26/6/6
f 13/14/14 6/36/10 30/27/27 27/7/7
f 6/10/10 24/9/9 29/26/26 30/27/27
f 3/17/17 19/4/4 25/5/5 31/31/31
f 14/18/18 3/35/17 31/31/31 32/32/32
f 24/9/9 5/34/29 33/33/33 29/26/26
f 5/29/29 14/18/18 32/32/32 33/33/33
g default
v -1006.476562 19.820919 -964.769226
v -972.105469 13.046782 -958.532898
v -937.734375 19.820919 -964.769226
v -1011.291443 29.291903 -989.973450
v -972.105469 23.307327 -986.549744
v -932.919495 29.291903 -989.973450
v -1010.420715 35.154217 -1022.153992
v -972.105469 29.039066 -1019.036011
v -933.790222 35.154217 -1022.153992
v -940.529785 34.863777 -1052.508911
v -972.105469 29.205854 -1053.813354
v -1003.681152 34.863777 -1052.508911
v -972.105469 4.254983 -932.801025
v -950.144958 10.823033 -944.140259
v -994.065979 10.823033 -944.140259
v -992.434021 26.497593 -1081.848633
v -972.105469 21.403084 -1082.189087
v -972.105469 7.608980 -1121.518677
v -980.291870 16.875114 -1105.800537
v -963.919067 16.875114 -1105.800537
v -951.776917 26.497593 -1081.848633
v -972.105469 12.163047 -1105.800537
vt 0.481308 0.594833
vt 0.518197 0.587144
vt 0.517599 0.619127
vt 0.475408 0.623081
vt 0.554772 0.596207
vt 0.559612 0.624655
vt 0.516935 0.654608
vt 0.475408 0.657567
vt 0.558323 0.659117
vt 0.550468 0.690900
vt 0.516234 0.692139
vt 0.482070 0.689621
vt 0.518739 0.558143
vt 0.541939 0.572209
vt 0.495030 0.571332
vt 0.505316 0.749205
vt 0.515133 0.751004
vt 0.514807 0.768459
vt 0.525011 0.749573
vt 0.515638 0.723992
vt 0.493560 0.721630
vt 0.537790 0.722457
vn 0.118363 0.935076 0.334102
vn 0.118805 0.935745 0.332065
vn 0.128373 0.958504 0.254539
vn 0.130365 0.962522 0.237817
vn -0.118806 0.935745 0.332065
vn -0.118364 0.935076 0.334101
vn -0.130366 0.962522 0.237817
vn -0.128373 0.958504 0.254539
vn 0.150393 0.983001 0.105310
vn 0.150963 0.983252 0.102104
vn -0.150963 0.983252 0.102104
vn -0.150393 0.983001 0.105310
vn -0.174113 0.983044 -0.057523
vn -0.177464 0.980099 -0.088947
vn 0.174113 0.983044 -0.057523
vn 0.177464 0.980099 -0.088947
vn -0.119780 0.937206 0.327564
vn -0.119780 0.937206 0.327564
vn 0.119779 0.937206 0.327563
vn 0.119779 0.937206 0.327563
vn 0.324089 0.904069 -0.278613
vn 0.345431 0.897389 -0.274538
vn 0.483844 0.840584 -0.243544
vn -0.345428 0.897390 -0.274536
vn -0.324086 0.904071 -0.278611
vn -0.483844 0.840584 -0.243544
vn 0.232309 0.940330 -0.248622
vn 0.214298 0.946629 -0.240768
vn -0.232307 0.940330 -0.248621
vn -0.214297 0.946630 -0.240767
s 1
g group3 pPlane42
usemtl initialShadingGroup
f 34/46/34 35/47/35 38/48/36 37/49/37
s 2
f 35/47/38 36/50/39 39/51/40 38/48/41
s 1
f 37/49/37 38/48/36 41/52/42 40/53/43
s 2
f 38/48/41 39/51/40 42/54/44 41/52/45
f 42/54/44 43/55/46 44/56/47 41/52/45
s 1
f 45/57/48 40/53/43 41/52/42 44/56/49
s 2
f 36/50/39 35/47/38 46/58/50 47/59/51
s 1
f 35/47/35 34/46/34 48/60/52 46/58/53
f 52/61/54 55/62/55 51/63/56
s 2
f 55/62/57 53/64/58 51/63/59
s 1
f 44/56/49 50/65/60 49/66/61 45/57/48
s 2
f 50/65/62 44/56/47 43/55/46 54/67/63
s 1
f 52/61/54 49/66/61 50/65/60 55/62/55
s 2
f 54/67/63 53/64/58 55/62/57 50/65/62
g default
v 27.217896 58.787312 -933.556519
v 29.628906 57.909626 -946.102295
v 22.545380 55.790710 -956.557556
v 10.116760 53.671795 -958.797729
v -0.376434 52.794117 -951.510681
v -2.787476 53.671799 -938.965027
v 4.296082 55.790710 -928.509644
v 16.724701 57.909626 -926.269409
v 120.720520 311.552399 -974.331055
v 121.921204 310.564117 -980.174622
v 119.023865 311.628265 -985.374695
v 113.725769 314.121429 -986.884888
v 109.130432 316.583191 -983.820740
v 107.929749 317.571472 -977.977051
v 110.827026 316.507324 -972.777100
v 116.125122 314.014130 -971.266785
v 21.303558 118.964134 -945.583008
v 21.549500 127.074509 -947.033997
v 23.496765 116.935646 -956.513367
v 23.698334 125.079102 -957.771973
v 17.194550 115.740326 -965.862244
v 17.514984 123.902237 -966.956238
v 6.096039 116.055077 -968.144653
v 6.607056 124.210632 -969.205444
v -3.295593 117.732048 -962.033997
v -2.629639 125.862457 -963.196533
v -5.482117 119.759705 -951.109741
v -4.780731 127.860519 -952.445312
v 0.812561 120.957787 -941.767822
v 1.416504 129.039368 -943.258911
v 11.904877 120.638214 -939.479065
v 12.325684 128.722656 -941.022949
v 26.714417 159.566040 -952.166809
v 29.023041 167.396072 -953.289185
v 28.713257 157.775925 -962.111755
v 30.981232 165.643799 -963.034851
v 23.319641 158.461502 -970.856323
v 25.701294 166.313766 -971.613831
v 13.701477 161.209457 -973.276123
v 16.263306 169.008331 -974.003540
v 5.495392 164.418610 -967.963684
v 8.197540 172.160172 -968.795410
v 3.498932 166.206497 -958.031982
v 6.234711 173.915527 -959.037415
v 8.878754 165.520920 -949.289246
v 11.524597 173.238358 -950.452637
v 18.496368 162.784164 -946.858215
v 20.971283 170.548950 -948.076599
v 42.512451 198.008606 -957.197205
v 46.634277 205.089203 -958.114197
v 44.133209 196.022476 -966.098206
v 48.216309 203.144119 -966.821106
v 39.894897 197.933899 -974.107056
v 44.073547 205.014267 -974.660461
v 32.283691 202.607483 -976.527649
v 36.621185 209.595627 -977.041443
v 25.771881 207.327423 -971.953064
v 30.238190 214.225189 -972.566772
v 24.156311 209.311172 -963.064636
v 28.652893 216.171234 -963.854187
v 28.379700 207.397476 -955.060303
v 32.795776 214.292831 -956.010864
v 35.982117 202.717880 -952.626526
v 40.245850 209.703232 -953.635010
v 67.629730 233.341949 -961.832275
v 72.651459 239.814926 -962.769714
v 68.878052 231.328812 -969.703735
v 73.866974 237.844650 -970.457092
v 65.454987 233.470245 -976.863098
v 70.529236 239.941849 -977.449585
v 59.370392 238.511490 -979.114258
v 64.588928 244.868622 -979.650024
v 54.190521 243.498505 -975.142517
v 59.530029 249.744019 -975.772095
v 52.945953 245.511185 -967.276489
v 58.312592 251.711578 -968.087463
v 56.361908 243.369339 -960.119934
v 61.649994 249.619217 -961.095337
v 62.442963 238.328598 -957.863220
v 67.589905 244.692047 -958.891846
v 96.074951 268.746796 -967.355347
v 100.652710 275.518372 -968.445862
v 97.079468 266.883270 -974.214478
v 101.630188 273.697510 -975.123657
v 93.763916 268.349426 -980.411926
v 98.398193 275.122742 -981.158447
v 88.078125 272.299225 -982.318787
v 92.861237 278.973022 -983.013611
v 83.338593 276.402405 -978.814026
v 88.253540 282.970123 -979.603149
v 82.335052 278.267395 -971.951782
v 87.279114 284.786774 -972.929810
v 85.652985 276.798798 -965.754150
v 90.505310 283.359924 -966.899414
v 91.345245 272.856567 -963.851501
v 96.044983 279.524017 -965.041138
v 23.886322 120.658119 -944.190857
v 24.010040 125.821442 -945.092896
v 12.834991 127.779030 -937.819824
v 12.591125 122.636871 -936.834656
v 26.511688 118.251755 -957.330811
v 26.624847 123.435585 -958.104675
v 18.941345 116.825386 -968.556702
v 19.135681 122.018364 -969.236389
v 5.614075 117.190781 -971.302063
v 5.917786 122.381203 -971.953918
v -5.679199 119.171844 -963.962524
v -5.267090 124.348740 -964.662964
v -8.322205 121.579498 -950.820862
v -7.862732 126.734398 -951.643250
v -0.754059 123.009163 -939.578552
v -0.362701 128.147430 -940.529175
v 29.551025 160.533676 -950.587891
v 31.020966 165.508331 -951.330139
v 21.103821 169.412766 -944.901733
v 19.510529 164.484085 -944.108459
v 31.994751 158.325989 -962.741272
v 33.423401 163.331848 -963.340271
v 25.399078 159.155579 -973.436096
v 26.913452 164.150223 -973.906616
v 13.638184 162.524704 -976.396057
v 15.290161 167.477692 -976.851562
v 3.613312 166.465759 -969.897888
v 5.355347 171.379639 -970.440674
v 1.185730 168.667526 -957.759399
v 2.936462 173.563995 -958.417480
v 7.763977 167.838379 -947.080994
v 9.460022 172.739777 -947.832336
v 45.458008 198.255463 -955.534729
v 48.050293 202.777298 -956.110718
v 39.968994 208.557617 -950.473694
v 37.307770 204.083618 -949.822205
v 47.477081 195.787903 -966.616394
v 50.049652 200.328873 -967.090759
v 42.188049 198.131104 -976.595215
v 44.799377 202.659607 -976.964478
v 32.670319 203.908112 -979.630615
v 35.380585 208.384018 -979.938721
v 24.505554 209.764313 -973.928101
v 27.332642 214.161819 -974.293213
v 22.481659 212.239624 -962.819946
v 25.338837 216.601471 -963.342468
v 27.788788 209.876709 -952.831970
v 30.561432 214.280579 -953.477783
v 70.573883 233.212357 -960.150757
v 73.733398 237.359421 -960.732422
v 67.133667 243.629395 -955.722534
v 63.925079 239.526932 -955.059998
v 72.167542 230.651505 -970.188110
v 75.314209 234.811981 -970.690613
v 67.779877 233.334534 -979.327332
v 70.948669 237.495300 -979.732849
v 59.955322 239.713257 -982.225098
v 63.212524 243.809998 -982.547424
v 53.273010 246.059601 -977.150818
v 56.651276 250.049942 -977.519897
v 51.671173 248.635498 -967.067932
v 55.078766 252.579712 -967.610352
v 56.092163 245.920609 -957.912231
v 59.408173 249.929626 -958.586243
v 99.053894 268.820068 -965.739929
v 101.923584 273.164520 -966.390015
v 95.722687 278.466339 -961.849060
v 92.787506 274.186218 -961.092896
v 100.390076 266.412048 -974.782776
v 103.271118 270.760162 -975.325806
v 96.030609 268.345825 -982.936157
v 98.949280 272.672943 -983.405151
v 88.522034 273.506287 -985.454407
v 91.513855 277.789215 -985.870789
v 82.225800 278.872803 -980.845032
v 85.328705 283.074341 -981.289001
v 80.860352 281.307098 -971.780396
v 84.011658 285.451935 -972.373535
v 85.242157 279.364014 -963.588379
v 88.311859 283.545563 -964.333862
vt 0.536812 0.902905
vt 0.542184 0.902905
vt 0.542184 0.913693
vt 0.536811 0.913693
vt 0.536811 0.980832
vt 0.542184 0.980832
vt 0.536811 0.968443
vt 0.542184 0.968443
vt 0.536811 0.956803
vt 0.542184 0.956803
vt 0.536811 0.945222
vt 0.542184 0.945222
vt 0.536811 0.935630
vt 0.542184 0.935630
vt 0.536812 0.924588
vt 0.542184 0.924588
vt 0.584742 0.902905
vt 0.590135 0.902905
vt 0.590134 0.913693
vt 0.584742 0.913693
vt 0.584742 0.980832
vt 0.590134 0.980832
vt 0.584742 0.968443
vt 0.590134 0.968443
vt 0.584742 0.956803
vt 0.590134 0.956803
vt 0.584742 0.945222
vt 0.590135 0.945222
vt 0.584742 0.935630
vt 0.590135 0.935630
vt 0.584742 0.924588
vt 0.590135 0.924588
vt 0.632218 0.902905
vt 0.637797 0.902904
vt 0.637797 0.913693
vt 0.632218 0.913693
vt 0.632218 0.980832
vt 0.637797 0.980832
vt 0.632218 0.968443
vt 0.637797 0.968443
vt 0.632218 0.956803
vt 0.637797 0.956803
vt 0.632218 0.945222
vt 0.637797 0.945222
vt 0.632218 0.935630
vt 0.637797 0.935630
vt 0.632218 0.924588
vt 0.637797 0.924588
vt 0.680443 0.902904
vt 0.685911 0.902904
vt 0.685911 0.913693
vt 0.680443 0.913693
vt 0.680443 0.980832
vt 0.685911 0.980832
vt 0.680443 0.968443
vt 0.685911 0.968443
vt 0.680443 0.956803
vt 0.685911 0.956803
vt 0.680443 0.945222
vt 0.685911 0.945222
vt 0.680443 0.935630
vt 0.685911 0.935630
vt 0.680443 0.924588
vt 0.685910 0.924588
vt 0.727368 0.903608
vt 0.736056 0.903608
vt 0.736056 0.914453
vt 0.727368 0.914453
vt 0.727368 0.980832
vt 0.736056 0.980832
vt 0.727368 0.968443
vt 0.736056 0.968443
vt 0.727368 0.956803
vt 0.736056 0.956803
vt 0.727368 0.945222
vt 0.736056 0.945222
vt 0.727368 0.933432
vt 0.736056 0.933432
vt 0.727368 0.924819
vt 0.736056 0.924819
vt 0.470144 0.902905
vt 0.470144 0.892586
vt 0.533558 0.980832
vt 0.533558 0.902905
vt 0.470144 0.968443
vt 0.533558 0.968443
vt 0.470143 0.956803
vt 0.533558 0.956803
vt 0.470144 0.945222
vt 0.533558 0.945222
vt 0.470143 0.935630
vt 0.533558 0.935630
vt 0.470143 0.924588
vt 0.533558 0.924588
vt 0.470144 0.913693
vt 0.533558 0.913693
vt 0.545254 0.902905
vt 0.545254 0.892586
vt 0.581401 0.980832
vt 0.581401 0.902905
vt 0.545254 0.968443
vt 0.581400 0.968443
vt 0.545254 0.956803
vt 0.581400 0.956803
vt 0.545253 0.945222
vt 0.581401 0.945222
vt 0.545254 0.935630
vt 0.581401 0.935629
vt 0.545254 0.924588
vt 0.581401 0.924588
vt 0.545254 0.913693
vt 0.581401 0.913693
vt 0.593160 0.902904
vt 0.593160 0.892585
vt 0.628963 0.980832
vt 0.628963 0.902904
vt 0.593160 0.968443
vt 0.628963 0.968443
vt 0.593160 0.956803
vt 0.628963 0.956803
vt 0.593159 0.945222
vt 0.628963 0.945222
vt 0.593160 0.935630
vt 0.628963 0.935630
vt 0.593160 0.924588
vt 0.628963 0.924588
vt 0.593160 0.913693
vt 0.628963 0.913693
vt 0.640816 0.902905
vt 0.640815 0.892585
vt 0.677269 0.980832
vt 0.677269 0.902904
vt 0.640815 0.968443
vt 0.677269 0.968443
vt 0.640815 0.956803
vt 0.677269 0.956803
vt 0.640815 0.945222
vt 0.677269 0.945222
vt 0.640815 0.935630
vt 0.677269 0.935630
vt 0.640816 0.924588
vt 0.677269 0.924588
vt 0.640816 0.913693
vt 0.677269 0.913693
vt 0.689051 0.902904
vt 0.689051 0.892586
vt 0.727368 0.980832
vt 0.727368 0.902904
vt 0.689051 0.968443
vt 0.727368 0.968443
vt 0.689051 0.956802
vt 0.727368 0.956803
vt 0.689051 0.945222
vt 0.727368 0.945222
vt 0.689051 0.935630
vt 0.727368 0.935630
vt 0.689051 0.924588
vt 0.727368 0.924588
vt 0.689051 0.913693
vt 0.727368 0.913693
vt 0.736056 0.903608
vt 0.736056 0.892585
vt 0.778226 0.980832
vt 0.778226 0.903608
vt 0.736056 0.969672
vt 0.778226 0.969672
vt 0.736056 0.958700
vt 0.778226 0.958700
vt 0.736056 0.947707
vt 0.778226 0.947707
vt 0.736056 0.936653
vt 0.778226 0.936653
vt 0.736056 0.924819
vt 0.778226 0.924819
vt 0.736056 0.914453
vt 0.778226 0.914453
vt 0.727368 0.892586
vt 0.736056 0.892585
vt 0.736056 0.980832
vt 0.727368 0.892586
vt 0.680443 0.892585
vt 0.685911 0.892586
vt 0.689051 0.980832
vt 0.677269 0.892586
vt 0.632218 0.892586
vt 0.637797 0.892585
vt 0.640815 0.980832
vt 0.628963 0.892586
vt 0.584742 0.892586
vt 0.590135 0.892586
vt 0.593160 0.980832
vt 0.581401 0.892586
vt 0.536811 0.892586
vt 0.542184 0.892586
vt 0.545254 0.980832
vt 0.533558 0.892586
vt 0.778226 0.892585
vt 0.470144 0.980832
vn 0.776560 -0.252739 0.577129
vn 0.798042 0.383411 0.464893
vn 0.203135 0.479002 0.853987
vn 0.169796 -0.155453 0.973141
vn 0.918261 -0.374195 -0.129518
vn 0.936946 0.264298 -0.228645
vn 0.512418 -0.448373 -0.732386
vn 0.538934 0.191601 -0.820268
vn -0.202801 -0.431978 -0.878787
vn -0.163307 0.207644 -0.964476
vn -0.809297 -0.333629 -0.483456
vn -0.758922 0.304264 -0.575727
vn -0.951372 -0.212510 0.223004
vn -0.898201 0.423281 0.118610
vn -0.545788 -0.139191 0.826282
vn -0.499458 0.495219 0.710844
vn 0.663086 -0.452478 0.596306
vn 0.845421 0.157894 0.510228
vn 0.274876 0.387738 0.879831
vn 0.081309 -0.218177 0.972516
vn 0.803550 -0.585097 -0.109404
vn 0.982921 0.027872 -0.181904
vn 0.419795 -0.538642 -0.730505
vn 0.606826 0.073263 -0.791451
vn -0.262744 -0.340867 -0.902649
vn -0.063214 0.267230 -0.961557
vn -0.843807 -0.107344 -0.525801
vn -0.634657 0.496737 -0.592000
vn -0.983529 0.025394 0.178959
vn -0.772221 0.627307 0.100803
vn -0.600525 -0.020744 0.799337
vn -0.395447 0.581931 0.710618
vn 0.519508 -0.600102 0.608267
vn 0.840531 -0.052883 0.539176
vn 0.327110 0.301558 0.895579
vn -0.002929 -0.239254 0.970953
vn 0.648039 -0.755717 -0.094537
vn 0.966901 -0.205628 -0.151064
vn 0.307830 -0.614462 -0.726414
vn 0.632588 -0.066764 -0.771605
vn -0.303050 -0.259908 -0.916847
vn 0.032266 0.281585 -0.958994
vn -0.826187 0.101042 -0.554262
vn -0.481619 0.636141 -0.602800
vn -0.954970 0.256521 0.149095
vn -0.608262 0.788839 0.088040
vn -0.613816 0.115522 0.780951
vn -0.273266 0.650254 0.708870
vn 0.434129 -0.655913 0.617503
vn 0.821227 -0.160300 0.547622
vn 0.355440 0.262312 0.897137
vn -0.039098 -0.226158 0.973306
vn 0.546198 -0.833564 -0.082693
vn 0.931574 -0.335046 -0.141121
vn 0.231953 -0.655358 -0.718821
vn 0.622245 -0.159439 -0.766414
vn -0.325991 -0.224717 -0.918277
vn 0.073731 0.263843 -0.961744
vn -0.800520 0.205818 -0.562856
vn -0.391959 0.686647 -0.612277
vn -0.912982 0.383681 0.138753
vn -0.502458 0.861213 0.076478
vn -0.597458 0.204713 0.775330
vn -0.193156 0.685624 0.701863
vn 0.489073 -0.617552 0.615985
vn 0.838126 -0.104060 0.535459
vn 0.351727 0.293060 0.889047
vn -0.005065 -0.213957 0.976830
vn 0.599629 -0.795660 -0.085851
vn 0.947553 -0.279562 -0.154882
vn 0.262397 -0.645065 -0.717662
vn 0.615822 -0.131262 -0.776874
vn -0.325111 -0.253549 -0.911052
vn 0.037523 0.254231 -0.966415
vn -0.820658 0.149750 -0.551449
vn -0.449247 0.650410 -0.612491
vn -0.932164 0.328895 0.151319
vn -0.558306 0.825995 0.077633
vn -0.594006 0.178099 0.784498
vn -0.226514 0.678031 0.699261
vn 0.807596 0.190316 0.558183
vn 0.979158 0.067467 -0.191567
vn 0.978656 0.001421 -0.205500
vn 0.816613 0.129366 0.562501
vn 0.547507 -0.080234 -0.832946
vn 0.527741 -0.144111 -0.837092
vn -0.224812 -0.158368 -0.961446
vn -0.235015 -0.214694 -0.947985
vn -0.850269 -0.121393 -0.512159
vn -0.842834 -0.175217 -0.508852
vn -0.976734 -0.000367 0.214452
vn -0.978033 -0.056869 0.200543
vn -0.567619 0.135361 0.812088
vn -0.585422 0.077564 0.807010
vn 0.159283 0.215255 0.963480
vn 0.150106 0.157677 0.976015
vn 0.825382 0.082820 0.558467
vn 0.977084 -0.051952 -0.206419
vn 0.943433 -0.283629 -0.171726
vn 0.787899 -0.147010 0.598000
vn 0.527030 -0.066613 -0.847232
vn 0.493724 -0.284455 -0.821780
vn -0.213112 0.041419 -0.976149
vn -0.250862 -0.155995 -0.955371
vn -0.797491 0.198989 -0.569571
vn -0.838129 0.016609 -0.545219
vn -0.938792 0.321931 0.122597
vn -0.978246 0.140692 0.152446
vn -0.562278 0.347260 0.750503
vn -0.600233 0.153325 0.784992
vn 0.167360 0.251334 0.953322
vn 0.128938 0.037291 0.990951
vn 0.789355 -0.135942 0.598698
vn 0.943261 -0.288751 -0.163954
vn 0.850777 -0.506758 -0.139190
vn 0.696058 -0.349735 0.627048
vn 0.533103 -0.175187 -0.827715
vn 0.444266 -0.382405 -0.810182
vn -0.158615 0.121580 -0.979826
vn -0.245976 -0.065641 -0.967051
vn -0.702856 0.411487 -0.580234
vn -0.789711 0.240272 -0.564469
vn -0.831381 0.544922 0.108932
vn -0.917117 0.376682 0.130415
vn -0.490060 0.459557 0.740708
vn -0.576358 0.280632 0.767501
vn 0.175549 0.182459 0.967415
vn 0.086231 -0.015139 0.996160
vn 0.727126 -0.309134 0.612964
vn 0.859872 -0.492455 -0.134566
vn 0.727278 -0.677076 -0.112405
vn 0.597999 -0.493193 0.631789
vn 0.512837 -0.299675 -0.804483
vn 0.387815 -0.484241 -0.784290
vn -0.086265 0.139068 -0.986518
vn -0.208346 -0.037077 -0.977352
vn -0.573725 0.552927 -0.604245
vn -0.701138 0.391876 -0.595683
vn -0.689020 0.717788 0.100157
vn -0.817805 0.562544 0.121403
vn -0.377425 0.550452 0.744683
vn -0.500455 0.385730 0.775085
vn 0.204056 0.130556 0.970215
vn 0.083007 -0.048143 0.995386
vn 0.724504 -0.343409 0.597632
vn 0.836053 -0.535341 -0.120109
vn 0.705588 -0.702322 -0.094281
vn 0.596224 -0.512281 0.618130
vn 0.516157 -0.352783 -0.780465
vn 0.389642 -0.527704 -0.754790
vn -0.054552 0.104051 -0.993075
vn -0.185458 -0.075141 -0.979775
vn -0.538136 0.565319 -0.625160
vn -0.683660 0.394845 -0.613764
vn -0.646317 0.755918 0.104226
vn -0.795244 0.591463 0.133260
vn -0.317991 0.565295 0.761133
vn -0.452758 0.394601 0.799563
vn 0.249294 0.109965 0.962164
vn 0.124283 -0.064628 0.990140
vn 0.797681 -0.233955 0.555850
vn 0.904431 -0.400748 -0.146308
vn 0.857460 -0.492201 -0.149998
vn 0.751930 -0.324850 0.573649
vn 0.559163 -0.286089 -0.778132
vn 0.495544 -0.370712 -0.785499
vn -0.069837 0.057930 -0.995875
vn -0.139024 -0.026586 -0.989932
vn -0.632157 0.446594 -0.633191
vn -0.695741 0.353756 -0.625142
vn -0.763520 0.635010 0.117473
vn -0.832121 0.542096 0.117079
vn -0.373569 0.499940 0.781349
vn -0.451284 0.416267 0.789345
vn 0.280307 0.133804 0.950539
vn 0.214357 0.051052 0.975420
s 1
g group3 sweep1
usemtl initialShadingGroup
f 152/68/64 153/69/65 154/70/66 155/71/67
f 153/69/65 152/68/64 156/260/68 157/261/69
f 157/73/69 156/72/68 158/74/70 159/75/71
f 159/75/71 158/74/70 160/76/72 161/77/73
f 161/77/73 160/76/72 162/78/74 163/79/75
f 163/79/75 162/78/74 164/80/76 165/81/77
f 165/81/77 164/80/76 166/82/78 167/83/79
f 167/83/79 166/82/78 155/71/67 154/70/66
f 168/84/80 169/85/81 170/86/82 171/87/83
f 169/85/81 168/84/80 172/256/84 173/257/85
f 173/89/85 172/88/84 174/90/86 175/91/87
f 175/91/87 174/90/86 176/92/88 177/93/89
f 177/93/89 176/92/88 178/94/90 179/95/91
f 179/95/91 178/94/90 180/96/92 181/97/93
f 181/97/93 180/96/92 182/98/94 183/99/95
f 183/99/95 182/98/94 171/87/83 170/86/82
f 184/100/96 185/101/97 186/102/98 187/103/99
f 185/101/97 184/100/96 188/252/100 189/253/101
f 189/105/101 188/104/100 190/106/102 191/107/103
f 191/107/103 190/106/102 192/108/104 193/109/105
f 193/109/105 192/108/104 194/110/106 195/111/107
f 195/111/107 194/110/106 196/112/108 197/113/109
f 197/113/109 196/112/108 198/114/110 199/115/111
f 199/115/111 198/114/110 187/103/99 186/102/98
f 200/116/112 201/117/113 202/118/114 203/119/115
f 201/117/113 200/116/112 204/248/116 205/249/117
f 205/121/117 204/120/116 206/122/118 207/123/119
f 207/123/119 206/122/118 208/124/120 209/125/121
f 209/125/121 208/124/120 210/126/122 211/127/123
f 211/127/123 210/126/122 212/128/124 213/129/125
f 213/129/125 212/128/124 214/130/126 215/131/127
f 215/131/127 214/130/126 203/119/115 202/118/114
f 216/132/128 217/133/129 218/134/130 219/135/131
f 217/133/129 216/132/128 220/244/132 221/245/133
f 221/137/133 220/136/132 222/138/134 223/139/135
f 223/139/135 222/138/134 224/140/136 225/141/137
f 225/141/137 224/140/136 226/142/138 227/143/139
f 227/143/139 226/142/138 228/144/140 229/145/141
f 229/145/141 228/144/140 230/146/142 231/147/143
f 231/147/143 230/146/142 219/135/131 218/134/130
f 56/148/144 57/149/145 74/263/146 72/151/147
f 57/265/145 58/152/148 76/153/149 74/150/146
f 58/152/148 59/154/150 78/155/151 76/153/149
f 59/154/150 60/156/152 80/157/153 78/155/151
f 60/156/152 61/158/154 82/159/155 80/157/153
f 61/158/154 62/160/156 84/161/157 82/159/155
f 62/160/156 63/162/158 86/163/159 84/161/157
f 63/162/158 56/148/144 72/151/147 86/163/159
f 73/164/160 75/165/161 90/259/162 88/167/163
f 75/262/161 77/168/164 92/169/165 90/166/162
f 77/168/164 79/170/166 94/171/167 92/169/165
f 79/170/166 81/172/168 96/173/169 94/171/167
f 81/172/168 83/174/170 98/175/171 96/173/169
f 83/174/170 85/176/172 100/177/173 98/175/171
f 85/176/172 87/178/174 102/179/175 100/177/173
f 87/178/174 73/164/160 88/167/163 102/179/175
f 89/180/176 91/181/177 106/255/178 104/183/179
f 91/258/177 93/184/180 108/185/181 106/182/178
f 93/184/180 95/186/182 110/187/183 108/185/181
f 95/186/182 97/188/184 112/189/185 110/187/183
f 97/188/184 99/190/186 114/191/187 112/189/185
f 99/190/186 101/192/188 116/193/189 114/191/187
f 101/192/188 103/194/190 118/195/191 116/193/189
f 103/194/190 89/180/176 104/183/179 118/195/191
f 105/196/192 107/197/193 122/251/194 120/199/195
f 107/254/193 109/200/196 124/201/197 122/198/194
f 109/200/196 111/202/198 126/203/199 124/201/197
f 111/202/198 113/204/200 128/205/201 126/203/199
f 113/204/200 115/206/202 130/207/203 128/205/201
f 115/206/202 117/208/204 132/209/205 130/207/203
f 117/208/204 119/210/206 134/211/207 132/209/205
f 119/210/206 105/196/192 120/199/195 134/211/207
f 121/212/208 123/213/209 138/247/210 136/215/211
f 123/250/209 125/216/212 140/217/213 138/214/210
f 125/216/212 127/218/214 142/219/215 140/217/213
f 127/218/214 129/220/216 144/221/217 142/219/215
f 129/220/216 131/222/218 146/223/219 144/221/217
f 131/222/218 133/224/220 148/225/221 146/223/219
f 133/224/220 135/226/222 150/227/223 148/225/221
f 135/226/222 121/212/208 136/215/211 150/227/223
f 137/228/224 139/229/225 65/264/226 64/231/227
f 139/246/225 141/232/228 66/233/229 65/230/226
f 141/232/228 143/234/230 67/235/231 66/233/229
f 143/234/230 145/236/232 68/237/233 67/235/231
f 145/236/232 147/238/234 69/239/235 68/237/233
f 147/238/234 149/240/236 70/241/237 69/239/235
f 149/240/236 151/242/238 71/243/239 70/241/237
f 151/242/238 137/228/224 64/231/227 71/243/239
f 73/164/160 87/178/174 154/70/66 153/69/65
f 86/163/159 72/151/147 152/68/64 155/71/67
f 72/151/147 74/263/146 156/260/68 152/68/64
f 75/165/161 73/164/160 153/69/65 157/261/69
f 74/150/146 76/153/149 158/74/70 156/72/68
f 77/168/164 75/262/161 157/73/69 159/75/71
f 76/153/149 78/155/151 160/76/72 158/74/70
f 79/170/166 77/168/164 159/75/71 161/77/73
f 78/155/151 80/157/153 162/78/74 160/76/72
f 81/172/168 79/170/166 161/77/73 163/79/75
f 80/157/153 82/159/155 164/80/76 162/78/74
f 83/174/170 81/172/168 163/79/75 165/81/77
f 82/159/155 84/161/157 166/82/78 164/80/76
f 85/176/172 83/174/170 165/81/77 167/83/79
f 84/161/157 86/163/159 155/71/67 166/82/78
f 87/178/174 85/176/172 167/83/79 154/70/66
f 89/180/176 103/194/190 170/86/82 169/85/81
f 102/179/175 88/167/163 168/84/80 171/87/83
f 88/167/163 90/259/162 172/256/84 168/84/80
f 91/181/177 89/180/176 169/85/81 173/257/85
f 90/166/162 92/169/165 174/90/86 172/88/84
f 93/184/180 91/258/177 173/89/85 175/91/87
f 92/169/165 94/171/167 176/92/88 174/90/86
f 95/186/182 93/184/180 175/91/87 177/93/89
f 94/171/167 96/173/169 178/94/90 176/92/88
f 97/188/184 95/186/182 177/93/89 179/95/91
f 96/173/169 98/175/171 180/96/92 178/94/90
f 99/190/186 97/188/184 179/95/91 181/97/93
f 98/175/171 100/177/173 182/98/94 180/96/92
f 101/192/188 99/190/186 181/97/93 183/99/95
f 100/177/173 102/179/175 171/87/83 182/98/94
f 103/194/190 101/192/188 183/99/95 170/86/82
f 105/196/192 119/210/206 186/102/98 185/101/97
f 118/195/191 104/183/179 184/100/96 187/103/99
f 104/183/179 106/255/178 188/252/100 184/100/96
f 107/197/193 105/196/192 185/101/97 189/253/101
f 106/182/178 108/185/181 190/106/102 188/104/100
f 109/200/196 107/254/193 189/105/101 191/107/103
f 108/185/181 110/187/183 192/108/104 190/106/102
f 111/202/198 109/200/196 191/107/103 193/109/105
f 110/187/183 112/189/185 194/110/106 192/108/104
f 113/204/200 111/202/198 193/109/105 195/111/107
f 112/189/185 114/191/187 196/112/108 194/110/106
f 115/206/202 113/204/200 195/111/107 197/113/109
f 114/191/187 116/193/189 198/114/110 196/112/108
f 117/208/204 115/206/202 197/113/109 199/115/111
f 116/193/189 118/195/191 187/103/99 198/114/110
f 119/210/206 117/208/204 199/115/111 186/102/98
f 121/212/208 135/226/222 202/118/114 201/117/113
f 134/211/207 120/199/195 200/116/112 203/119/115
f 120/199/195 122/251/194 204/248/116 200/116/112
f 123/213/209 121/212/208 201/117/113 205/249/117
f 122/198/194 124/201/197 206/122/118 204/120/116
f 125/216/212 123/250/209 205/121/117 207/123/119
f 124/201/197 126/203/199 208/124/120 206/122/118
f 127/218/214 125/216/212 207/123/119 209/125/121
f 126/203/199 128/205/201 210/126/122 208/124/120
f 129/220/216 127/218/214 209/125/121 211/127/123
f 128/205/201 130/207/203 212/128/124 210/126/122
f 131/222/218 129/220/216 211/127/123 213/129/125
f 130/207/203 132/209/205 214/130/126 212/128/124
f 133/224/220 131/222/218 213/129/125 215/131/127
f 132/209/205 134/211/207 203/119/115 214/130/126
f 135/226/222 133/224/220 215/131/127 202/118/114
f 137/228/224 151/242/238 218/134/130 217/133/129
f 150/227/223 136/215/211 216/132/128 219/135/131
f 136/215/211 138/247/210 220/244/132 216/132/128
f 139/229/225 137/228/224 217/133/129 221/245/133
f 138/214/210 140/217/213 222/138/134 220/136/132
f 141/232/228 139/246/225 221/137/133 223/139/135
f 140/217/213 142/219/215 224/140/136 222/138/134
f 143/234/230 141/232/228 223/139/135 225/141/137
f 142/219/215 144/221/217 226/142/138 224/140/136
f 145/236/232 143/234/230 225/141/137 227/143/139
f 144/221/217 146/223/219 228/144/140 226/142/138
f 147/238/234 145/236/232 227/143/139 229/145/141
f 146/223/219 148/225/221 230/146/142 228/144/140
f 149/240/236 147/238/234 229/145/141 231/147/143
f 148/225/221 150/227/223 219/135/131 230/146/142
f 151/242/238 149/240/236 231/147/143 218/134/130
g default
v -513.418762 63.903156 -968.148438
v -521.736572 62.440285 -958.497925
v -520.831238 58.908604 -946.202942
v -511.233368 55.376923 -938.465881
v -498.565002 53.914055 -939.818909
v -490.247284 55.376923 -949.469299
v -491.152527 58.908604 -961.764282
v -500.750458 62.440285 -969.501343
v -582.985840 311.651550 -1036.789429
v -586.928284 312.102844 -1032.252808
v -587.370056 315.531647 -1027.315674
v -584.052368 319.929352 -1024.869995
v -578.918701 322.719818 -1026.348511
v -574.976196 322.268494 -1030.885132
v -574.534424 318.839691 -1035.822388
v -577.852112 314.442017 -1038.267944
v -511.175354 98.743393 -960.679626
v -511.246002 106.515388 -959.731262
v -518.901367 97.622589 -951.655640
v -518.847961 105.410973 -950.856262
v -517.937134 96.530937 -939.816406
v -517.907104 104.335045 -939.201111
v -508.857788 96.103287 -932.103760
v -508.965668 103.913536 -931.590759
v -496.985840 96.607002 -933.023621
v -497.260803 104.411873 -932.491638
v -489.268646 97.726295 -942.035217
v -489.654480 105.516914 -941.377869
v -490.220764 98.812630 -953.866516
v -490.605865 106.587318 -953.037170
v -499.291626 99.238609 -961.591736
v -499.551544 107.005028 -960.636108
v -513.864685 138.809814 -958.712341
v -514.761963 146.568710 -959.252930
v -521.017700 138.597092 -950.436646
v -521.794312 146.357529 -951.125305
v -520.313843 139.687607 -939.578552
v -521.111389 147.427353 -940.445557
v -512.174561 141.454895 -932.500732
v -513.106628 149.166443 -933.471558
v -501.369934 142.861237 -933.341370
v -502.468445 150.552551 -934.296265
v -494.221527 143.079071 -941.605652
v -495.435120 150.767517 -942.436157
v -494.914490 141.987411 -952.459534
v -496.129272 149.692535 -953.116882
v -503.049133 140.217896 -959.548645
v -504.135193 147.952530 -960.078918
v -519.396118 177.254074 -964.569397
v -520.814941 184.699234 -966.528076
v -526.109924 178.194611 -957.252441
v -527.406494 185.623657 -959.351074
v -525.815247 181.250580 -947.766846
v -527.126343 188.627106 -950.035828
v -518.694763 184.642776 -941.672302
v -520.136963 191.962540 -944.041992
v -508.918762 186.375504 -942.528992
v -510.528992 193.666718 -944.880981
v -502.205750 185.432037 -949.833801
v -503.933411 192.737732 -952.062012
v -502.488434 182.373230 -959.316895
v -504.218018 189.728424 -961.378113
v -509.608856 178.989883 -965.424744
v -511.212585 186.403046 -967.370056
v -527.850098 214.957245 -977.370361
v -529.850708 221.961533 -980.236084
v -533.976929 216.052643 -970.856018
v -535.852173 223.035477 -973.855957
v -533.937195 219.717484 -962.628296
v -535.818787 226.625412 -965.794189
v -527.757080 223.798859 -957.506348
v -529.765625 230.626770 -960.767822
v -519.059753 225.912033 -958.488953
v -521.236694 232.699829 -961.727051
v -512.935974 224.818115 -964.998108
v -515.230103 231.625275 -968.111450
v -512.970703 221.156662 -973.223999
v -515.267761 228.032730 -976.177979
v -519.148193 217.074814 -978.351318
v -521.326477 224.032883 -981.200256
v -539.617554 250.518143 -993.459351
v -542.687561 256.790283 -996.999573
v -545.049011 251.384888 -987.585083
v -547.991333 257.637207 -991.262878
v -545.267273 255.337646 -980.578918
v -548.208496 261.497192 -984.418213
v -540.143799 260.046112 -976.542114
v -543.201172 266.102722 -980.463013
v -532.683899 262.756012 -977.837524
v -535.896545 268.755524 -981.718384
v -527.258545 261.892334 -983.708801
v -530.583374 267.906555 -987.460144
v -527.038513 257.950104 -990.714172
v -530.375122 264.047028 -994.315857
v -532.160706 253.250854 -994.759827
v -535.399231 259.453766 -998.273315
v -558.138733 279.986633 -1012.909424
v -562.125488 285.456482 -1016.858704
v -562.753174 280.493378 -1007.556641
v -566.616699 285.944122 -1011.639587
v -563.437378 284.722046 -1001.916992
v -567.292114 290.077393 -1006.152954
v -559.796265 290.194305 -999.300903
v -563.747681 295.422394 -1003.603882
v -553.973145 293.711761 -1001.241272
v -558.071045 298.860504 -1005.495178
v -549.369873 293.209503 -1006.590881
v -553.577576 298.368164 -1010.708801
v -548.674194 288.977203 -1012.217102
v -552.903809 294.240051 -1016.197327
v -552.302917 283.498535 -1014.835083
v -556.443848 288.891632 -1018.744995
v -512.312134 100.899170 -962.602905
v -512.283081 104.883652 -962.012329
v -498.772156 105.385040 -963.064087
v -498.612305 101.406342 -963.661926
v -521.218506 99.648735 -952.199341
v -521.065063 103.649948 -951.754456
v -520.107788 98.387329 -938.552673
v -519.977661 102.404945 -938.295776
v -509.640869 97.850838 -929.662659
v -509.648743 101.874535 -929.507385
v -495.952454 98.361710 -930.728699
v -496.127380 102.379684 -930.554504
v -487.054047 99.610596 -941.123779
v -487.339783 103.613937 -940.824219
v -488.153076 100.869904 -954.762817
v -488.438019 104.857071 -954.287964
v -515.142334 140.260117 -960.997253
v -515.582825 144.561859 -961.207581
v -503.149536 146.142609 -962.172180
v -502.520508 141.865402 -961.967834
v -523.490967 140.046906 -951.345276
v -523.810791 144.350220 -951.708069
v -522.673157 141.341202 -938.679688
v -523.013916 145.624054 -939.220764
v -513.176514 143.390335 -930.421204
v -513.651855 147.645020 -931.066223
v -500.565918 144.993027 -931.399841
v -501.207703 149.228104 -932.024475
v -492.221130 145.209656 -941.035828
v -492.977966 149.441315 -941.540466
v -493.027924 143.915878 -953.697876
v -493.785706 148.164200 -954.024963
v -520.693848 178.082382 -967.082764
v -521.492554 182.509247 -968.132446
v -510.105957 184.539032 -969.131958
v -509.122528 180.144699 -968.099426
v -528.620972 179.129181 -958.413208
v -529.297485 183.539551 -959.599121
v -528.258301 182.664932 -947.170593
v -528.949097 187.022278 -948.526978
v -519.826172 186.624664 -939.945190
v -520.648071 190.924896 -941.402100
v -508.264557 188.684219 -940.959778
v -509.254517 192.955872 -942.398987
v -500.338867 187.636734 -949.622742
v -501.446136 191.922287 -950.938171
v -500.691650 184.100189 -960.862427
v -501.800964 188.435272 -962.010925
v -529.255005 215.575333 -980.043396
v -530.250366 219.217041 -981.421570
v -519.975525 221.746307 -982.595764
v -518.802612 218.150604 -981.235352
v -536.613403 216.866623 -972.203064
v -537.483398 220.487106 -973.713318
v -536.564575 221.267456 -962.306091
v -537.440552 224.812653 -963.984009
v -529.140503 226.194366 -956.155640
v -530.143433 229.659119 -957.929871
v -518.692688 228.765869 -957.353149
v -519.864075 232.190659 -959.103760
v -511.338226 227.475266 -965.189758
v -512.626709 230.920776 -966.814209
v -511.381775 223.078949 -975.079956
v -512.673523 226.592407 -976.546753
v -541.164551 250.685883 -996.149414
v -542.653015 253.731232 -997.777832
v -533.715942 257.096405 -999.395081
v -532.058899 254.119324 -997.793579
v -547.813538 251.722382 -988.930542
v -549.174194 254.748032 -990.696533
v -548.104736 256.617950 -980.365356
v -549.463623 259.550629 -982.292969
v -541.870239 262.494965 -975.474121
v -543.344910 265.323395 -977.483154
v -532.766663 265.911255 -977.120422
v -534.397522 268.684753 -979.089600
v -526.125671 264.876648 -984.334290
v -527.869751 267.666931 -986.173767
v -525.830261 259.991302 -992.892456
v -527.585938 262.863373 -994.587280
v -560.078186 279.948547 -1015.802002
v -561.621582 282.401703 -1017.320740
v -554.328674 286.604523 -1019.596069
v -552.634216 284.231720 -1018.121948
v -565.896484 280.612488 -1009.099731
v -567.319336 283.049774 -1010.753723
v -566.685913 285.835297 -1001.934814
v -568.094849 288.171478 -1003.739136
v -561.978394 292.560089 -998.511414
v -563.483521 294.767822 -1000.380371
v -554.539001 296.845062 -1000.838562
v -556.190430 298.974274 -1002.657227
v -548.724854 296.182190 -1007.541260
v -550.488342 298.323456 -1009.225647
v -547.932190 290.959351 -1014.695984
v -549.715698 293.201874 -1016.241821
vt 0.045409 0.070527
vt 0.045409 0.074997
vt 0.117208 0.074997
vt 0.117208 0.070527
vt 0.055528 0.070528
vt 0.055528 0.074997
vt 0.065668 0.070527
vt 0.065668 0.074997
vt 0.075935 0.070527
vt 0.075935 0.074997
vt 0.086353 0.070527
vt 0.086353 0.074997
vt 0.096777 0.070527
vt 0.096777 0.074997
vt 0.107092 0.070527
vt 0.107092 0.074997
vt 0.045409 0.118900
vt 0.045409 0.123698
vt 0.117208 0.123698
vt 0.117208 0.118900
vt 0.055528 0.118900
vt 0.055528 0.123698
vt 0.065668 0.118901
vt 0.065668 0.123698
vt 0.075935 0.118900
vt 0.075935 0.123698
vt 0.086353 0.118900
vt 0.086353 0.123698
vt 0.096777 0.118900
vt 0.096777 0.123698
vt 0.107092 0.118900
vt 0.107092 0.123698
vt 0.045409 0.166192
vt 0.045409 0.171364
vt 0.117208 0.171364
vt 0.117208 0.166192
vt 0.055528 0.166192
vt 0.055528 0.171364
vt 0.065668 0.166192
vt 0.065668 0.171364
vt 0.075935 0.166192
vt 0.075935 0.171364
vt 0.086353 0.166192
vt 0.086354 0.171364
vt 0.096777 0.166192
vt 0.096777 0.171364
vt 0.107092 0.166192
vt 0.107092 0.171364
vt 0.045409 0.214258
vt 0.045409 0.218729
vt 0.117208 0.218729
vt 0.117208 0.214259
vt 0.055528 0.214259
vt 0.055528 0.218729
vt 0.065668 0.214258
vt 0.065668 0.218729
vt 0.075935 0.214259
vt 0.075935 0.218729
vt 0.086353 0.214258
vt 0.086353 0.218729
vt 0.096777 0.214259
vt 0.096777 0.218729
vt 0.107092 0.214259
vt 0.107092 0.218729
vt 0.045409 0.261815
vt 0.045409 0.265995
vt 0.117208 0.265995
vt 0.117208 0.261815
vt 0.055528 0.261816
vt 0.055528 0.265995
vt 0.065668 0.261815
vt 0.065668 0.265995
vt 0.075935 0.261815
vt 0.075935 0.265995
vt 0.086353 0.261815
vt 0.086353 0.265995
vt 0.096777 0.261815
vt 0.096777 0.265994
vt 0.107092 0.261815
vt 0.107092 0.265995
vt 0.045409 0.308664
vt 0.045409 0.312367
vt 0.117208 0.312367
vt 0.117208 0.308664
vt 0.055528 0.308664
vt 0.055528 0.312367
vt 0.065668 0.308664
vt 0.065668 0.312367
vt 0.075935 0.308664
vt 0.075935 0.312367
vt 0.086353 0.308664
vt 0.086353 0.312367
vt 0.096777 0.308664
vt 0.096777 0.312367
vt 0.107092 0.308664
vt 0.107092 0.312367
vt 0.127200 0.025259
vt 0.055528 0.025259
vt 0.055528 0.067268
vt 0.045409 0.067268
vt 0.065668 0.025259
vt 0.065668 0.067268
vt 0.075935 0.025259
vt 0.075935 0.067268
vt 0.086353 0.025259
vt 0.086353 0.067268
vt 0.096777 0.025259
vt 0.096777 0.067268
vt 0.107092 0.025259
vt 0.107092 0.067268
vt 0.117208 0.025259
vt 0.117208 0.067268
vt 0.127200 0.078062
vt 0.055528 0.078062
vt 0.055528 0.115758
vt 0.045409 0.115758
vt 0.065668 0.078062
vt 0.065668 0.115758
vt 0.075935 0.078062
vt 0.075935 0.115758
vt 0.086353 0.078062
vt 0.086353 0.115758
vt 0.096777 0.078062
vt 0.096777 0.115758
vt 0.107092 0.078062
vt 0.107092 0.115758
vt 0.117208 0.078062
vt 0.117208 0.115758
vt 0.127200 0.126668
vt 0.055528 0.126668
vt 0.055528 0.162897
vt 0.045409 0.162897
vt 0.065668 0.126668
vt 0.065668 0.162897
vt 0.075935 0.126668
vt 0.075935 0.162897
vt 0.086353 0.126668
vt 0.086353 0.162897
vt 0.096777 0.126668
vt 0.096777 0.162897
vt 0.107092 0.126668
vt 0.107092 0.162897
vt 0.117208 0.126668
vt 0.117208 0.162897
vt 0.127200 0.174121
vt 0.055528 0.174121
vt 0.055528 0.210893
vt 0.045409 0.210893
vt 0.065668 0.174121
vt 0.065668 0.210893
vt 0.075935 0.174121
vt 0.075935 0.210893
vt 0.086353 0.174121
vt 0.086353 0.210893
vt 0.096777 0.174121
vt 0.096777 0.210893
vt 0.107092 0.174121
vt 0.107092 0.210893
vt 0.117208 0.174121
vt 0.117208 0.210893
vt 0.127200 0.221739
vt 0.055528 0.221739
vt 0.055528 0.258380
vt 0.045409 0.258381
vt 0.065668 0.221739
vt 0.065668 0.258380
vt 0.075935 0.221739
vt 0.075935 0.258380
vt 0.086353 0.221739
vt 0.086353 0.258381
vt 0.096777 0.221739
vt 0.096777 0.258380
vt 0.107092 0.221739
vt 0.107092 0.258381
vt 0.117208 0.221739
vt 0.117208 0.258381
vt 0.127200 0.269093
vt 0.055528 0.269094
vt 0.055528 0.305136
vt 0.045409 0.305136
vt 0.065668 0.269094
vt 0.065668 0.305136
vt 0.075935 0.269094
vt 0.075935 0.305136
vt 0.086353 0.269094
vt 0.086353 0.305136
vt 0.096777 0.269093
vt 0.096777 0.305136
vt 0.107092 0.269093
vt 0.107092 0.305136
vt 0.117208 0.269093
vt 0.117208 0.305136
vt 0.127200 0.315738
vt 0.055528 0.315738
vt 0.055528 0.357297
vt 0.045409 0.357297
vt 0.065668 0.315738
vt 0.065668 0.357297
vt 0.075935 0.315738
vt 0.075935 0.357297
vt 0.086354 0.315738
vt 0.086353 0.357297
vt 0.096777 0.315738
vt 0.096777 0.357297
vt 0.107092 0.315738
vt 0.107092 0.357297
vt 0.117208 0.315738
vt 0.117208 0.357297
vt 0.127200 0.308664
vt 0.127200 0.312367
vt 0.045409 0.315738
vt 0.127200 0.305136
vt 0.127200 0.261815
vt 0.127200 0.265995
vt 0.045409 0.269093
vt 0.127200 0.258381
vt 0.127200 0.214258
vt 0.127200 0.218729
vt 0.045409 0.221739
vt 0.127200 0.210893
vt 0.127200 0.166192
vt 0.127200 0.171364
vt 0.045409 0.174121
vt 0.127200 0.162897
vt 0.127200 0.118900
vt 0.127200 0.123698
vt 0.045409 0.126668
vt 0.127200 0.115758
vt 0.127200 0.070527
vt 0.127200 0.074997
vt 0.045409 0.078062
vt 0.127200 0.067268
vt 0.127200 0.357297
vt 0.045409 0.025259
vn -0.431813 -0.205225 -0.878305
vn -0.435289 0.414518 -0.799186
vn 0.279882 0.434518 -0.856073
vn 0.301265 -0.184466 -0.935528
vn -0.908327 -0.267704 -0.321367
vn -0.899576 0.353931 -0.255921
vn -0.848919 -0.335100 0.408711
vn -0.842143 0.288269 0.455736
vn -0.289046 -0.368674 0.883477
vn -0.295942 0.255186 0.920488
vn 0.443304 -0.348640 0.825792
vn 0.420201 0.274381 0.864955
vn 0.919369 -0.286575 0.269508
vn 0.885966 0.334815 0.320879
vn 0.860633 -0.218396 -0.460015
vn 0.827672 0.401384 -0.392238
vn -0.387549 -0.401355 -0.829891
vn -0.455031 0.193805 -0.869130
vn 0.259106 0.280356 -0.924264
vn 0.343113 -0.312531 -0.885775
vn -0.871099 -0.408806 -0.272147
vn -0.927303 0.186581 -0.324495
vn -0.823981 -0.331009 0.459878
vn -0.881998 0.262588 0.391314
vn -0.274579 -0.213669 0.937524
vn -0.344858 0.377341 0.859469
vn 0.455284 -0.125421 0.881468
vn 0.369801 0.463609 0.805179
vn 0.938423 -0.117710 0.324819
vn 0.843009 0.471051 0.259704
vn 0.892232 -0.195043 -0.407285
vn 0.797016 0.395244 -0.456671
vn -0.342640 -0.561581 -0.753143
vn -0.446167 -0.011265 -0.894879
vn 0.263504 0.116826 -0.957558
vn 0.382843 -0.430615 -0.817314
vn -0.838389 -0.504342 -0.206744
vn -0.931818 0.044252 -0.360219
vn -0.813561 -0.293289 0.502096
vn -0.908474 0.250546 0.334518
vn -0.283094 -0.051888 0.957688
vn -0.388840 0.487228 0.781928
vn 0.442191 0.078766 0.893456
vn 0.322656 0.615441 0.719115
vn 0.937615 0.022146 0.346969
vn 0.808193 0.559845 0.182751
vn 0.913012 -0.188788 -0.361618
vn 0.783117 0.353241 -0.511809
vn -0.284876 -0.692070 -0.663238
vn -0.441448 -0.138487 -0.886535
vn 0.251141 0.036390 -0.967266
vn 0.424433 -0.513061 -0.746073
vn -0.784144 -0.607017 -0.129030
vn -0.929448 -0.055602 -0.364740
vn -0.780774 -0.308007 0.543621
vn -0.926540 0.236472 0.292581
vn -0.276820 0.029685 0.960463
vn -0.434115 0.566648 0.700324
vn 0.432008 0.208463 0.877447
vn 0.258862 0.741461 0.619052
vn 0.930959 0.123697 0.343532
vn 0.746202 0.658615 0.097004
vn 0.928012 -0.175100 -0.328837
vn 0.742979 0.366534 -0.560032
vn -0.189386 -0.804159 -0.563437
vn -0.437691 -0.296837 -0.848713
vn 0.217384 -0.032639 -0.975540
vn 0.481031 -0.534775 -0.694712
vn -0.682092 -0.730878 -0.023823
vn -0.919782 -0.225468 -0.321193
vn -0.708631 -0.357857 0.608095
vn -0.944708 0.139457 0.296780
vn -0.252897 0.095595 0.962759
vn -0.498386 0.582555 0.642060
vn 0.418227 0.363203 0.832568
vn 0.155764 0.843791 0.513570
vn 0.911164 0.289571 0.293135
vn 0.635113 0.772327 -0.011937
vn 0.937045 -0.082157 -0.339406
vn 0.661225 0.409950 -0.628269
vn -0.096007 -0.872168 -0.479694
vn -0.435159 -0.393783 -0.809673
vn 0.174122 -0.075836 -0.981800
vn 0.531319 -0.538289 -0.654175
vn -0.577195 -0.813807 0.067559
vn -0.898441 -0.336250 -0.282383
vn -0.631025 -0.397181 0.666374
vn -0.952628 0.062459 0.297657
vn -0.223564 0.131823 0.965734
vn -0.560130 0.576023 0.595359
vn 0.403680 0.460589 0.790507
vn 0.053312 0.901967 0.428502
vn 0.882125 0.401287 0.246625
vn 0.524356 0.844903 -0.105779
vn 0.936129 -0.010152 -0.351509
vn 0.574149 0.438337 -0.691530
vn -0.441404 0.214728 -0.871237
vn -0.953471 0.129415 -0.272294
vn -0.957929 0.049221 -0.282753
vn -0.445581 0.133887 -0.885173
vn -0.867927 -0.017690 0.496376
vn -0.868895 -0.090981 0.486564
vn -0.263778 -0.133772 0.955262
vn -0.265086 -0.198447 0.943583
vn 0.470508 -0.155339 0.868615
vn 0.466596 -0.215622 0.857785
vn 0.943901 -0.077814 0.320929
vn 0.939624 -0.139657 0.312414
vn 0.910296 0.059855 -0.409608
vn 0.908256 -0.008263 -0.418333
vn 0.345157 0.183819 -0.920368
vn 0.343969 0.107991 -0.932750
vn -0.452596 0.085234 -0.887633
vn -0.958335 0.032322 -0.283812
vn -0.947781 -0.145602 -0.283744
vn -0.444075 -0.099123 -0.890490
vn -0.871686 0.029117 0.489199
vn -0.862532 -0.132734 0.488283
vn -0.282681 0.073925 0.956361
vn -0.276117 -0.072580 0.958380
vn 0.441794 0.137469 0.886521
vn 0.451516 -0.001817 0.892261
vn 0.921449 0.186787 0.340649
vn 0.937989 0.042950 0.343995
vn 0.892891 0.195344 -0.405692
vn 0.911092 0.036709 -0.410566
vn 0.329950 0.154167 -0.931325
vn 0.342002 -0.021762 -0.939447
vn -0.445976 -0.121275 -0.886791
vn -0.953445 -0.089744 -0.287904
vn -0.928699 -0.267278 -0.257062
vn -0.415491 -0.306899 -0.856259
vn -0.884273 0.064059 0.462557
vn -0.862759 -0.097349 0.496155
vn -0.322149 0.241112 0.915470
vn -0.297983 0.093695 0.949962
vn 0.393720 0.345026 0.852022
vn 0.421645 0.201717 0.884039
vn 0.891911 0.323860 0.315611
vn 0.922324 0.173227 0.345415
vn 0.885600 0.181529 -0.427504
vn 0.917393 0.015686 -0.397674
vn 0.332232 -0.006082 -0.943178
vn 0.364859 -0.186658 -0.912161
vn -0.410189 -0.300198 -0.861177
vn -0.933427 -0.210058 -0.290844
vn -0.895250 -0.378208 -0.235557
vn -0.368011 -0.469259 -0.802723
vn -0.902292 0.070855 0.425262
vn -0.871567 -0.088184 0.482280
vn -0.360051 0.367606 0.857455
vn -0.328021 0.221772 0.918270
vn 0.362267 0.513364 0.777959
vn 0.402134 0.373973 0.835723
vn 0.867481 0.433416 0.244186
vn 0.910666 0.289096 0.295144
vn 0.873202 0.167253 -0.457760
vn 0.913203 0.011945 -0.407329
vn 0.348885 -0.139889 -0.926666
vn 0.388271 -0.304224 -0.869881
vn -0.381778 -0.407521 -0.829561
vn -0.910175 -0.316875 -0.266782
vn -0.858646 -0.476596 -0.188637
vn -0.322193 -0.566399 -0.758541
vn -0.903999 0.026921 0.426686
vn -0.852122 -0.120466 0.509290
vn -0.380667 0.410175 0.828763
vn -0.325519 0.276018 0.904351
vn 0.332296 0.609002 0.720206
vn 0.385497 0.481757 0.786958
vn 0.833305 0.521595 0.183142
vn 0.884374 0.394628 0.249301
vn 0.850589 0.196932 -0.487561
vn 0.906413 0.063855 -0.417537
vn 0.354853 -0.189583 -0.915499
vn 0.417360 -0.335493 -0.844544
vn -0.307081 -0.583646 -0.751704
vn -0.839129 -0.518825 -0.163346
vn -0.749078 -0.658669 -0.070980
vn -0.226677 -0.721799 -0.653930
vn -0.869714 -0.069393 0.488654
vn -0.792276 -0.210859 0.572571
vn -0.399447 0.464186 0.790552
vn -0.336830 0.337780 0.878892
vn 0.248362 0.761124 0.599172
vn 0.316525 0.654655 0.686468
vn 0.718049 0.692905 0.065487
vn 0.797000 0.587670 0.139407
vn 0.784796 0.303466 -0.540374
vn 0.862129 0.180760 -0.473350
vn 0.378221 -0.226652 -0.897540
vn 0.449336 -0.363725 -0.815966
vn -0.301193 -0.650145 -0.697563
vn -0.793178 -0.595330 -0.128260
vn -0.753166 -0.652231 -0.085647
vn -0.260565 -0.707362 -0.657073
vn -0.861633 -0.155119 0.483246
vn -0.823099 -0.210789 0.527328
vn -0.461504 0.419619 0.781623
vn -0.423467 0.367603 0.827976
vn 0.178088 0.790688 0.585745
vn 0.219434 0.743627 0.631559
vn 0.677816 0.735192 0.007553
vn 0.723516 0.688603 0.048485
vn 0.740211 0.286172 -0.608434
vn 0.785959 0.234743 -0.571983
vn 0.332327 -0.287699 -0.898214
vn 0.374849 -0.343765 -0.860996
s 1
g group3 sweep5
usemtl initialShadingGroup
f 344/494/240 345/495/241 346/268/242 347/269/243
f 345/267/241 344/266/240 348/270/244 349/271/245
f 349/271/245 348/270/244 350/272/246 351/273/247
f 351/273/247 350/272/246 352/274/248 353/275/249
f 353/275/249 352/274/248 354/276/250 355/277/251
f 355/277/251 354/276/250 356/278/252 357/279/253
f 357/279/253 356/278/252 358/280/254 359/281/255
f 359/281/255 358/280/254 347/269/243 346/268/242
f 360/490/256 361/491/257 362/284/258 363/285/259
f 361/283/257 360/282/256 364/286/260 365/287/261
f 365/287/261 364/286/260 366/288/262 367/289/263
f 367/289/263 366/288/262 368/290/264 369/291/265
f 369/291/265 368/290/264 370/292/266 371/293/267
f 371/293/267 370/292/266 372/294/268 373/295/269
f 373/295/269 372/294/268 374/296/270 375/297/271
f 375/297/271 374/296/270 363/285/259 362/284/258
f 376/486/272 377/487/273 378/300/274 379/301/275
f 377/299/273 376/298/272 380/302/276 381/303/277
f 381/303/277 380/302/276 382/304/278 383/305/279
f 383/305/279 382/304/278 384/306/280 385/307/281
f 385/307/281 384/306/280 386/308/282 387/309/283
f 387/309/283 386/308/282 388/310/284 389/311/285
f 389/311/285 388/310/284 390/312/286 391/313/287
f 391/313/287 390/312/286 379/301/275 378/300/274
f 392/482/288 393/483/289 394/316/290 395/317/291
f 393/315/289 392/314/288 396/318/292 397/319/293
f 397/319/293 396/318/292 398/320/294 399/321/295
f 399/321/295 398/320/294 400/322/296 401/323/297
f 401/323/297 400/322/296 402/324/298 403/325/299
f 403/325/299 402/324/298 404/326/300 405/327/301
f 405/327/301 404/326/300 406/328/302 407/329/303
f 407/329/303 406/328/302 395/317/291 394/316/290
f 408/478/304 409/479/305 410/332/306 411/333/307
f 409/331/305 408/330/304 412/334/308 413/335/309
f 413/335/309 412/334/308 414/336/310 415/337/311
f 415/337/311 414/336/310 416/338/312 417/339/313
f 417/339/313 416/338/312 418/340/314 419/341/315
f 419/341/315 418/340/314 420/342/316 421/343/317
f 421/343/317 420/342/316 422/344/318 423/345/319
f 423/345/319 422/344/318 411/333/307 410/332/306
f 424/474/320 425/475/321 426/348/322 427/349/323
f 425/347/321 424/346/320 428/350/324 429/351/325
f 429/351/325 428/350/324 430/352/326 431/353/327
f 431/353/327 430/352/326 432/354/328 433/355/329
f 433/355/329 432/354/328 434/356/330 435/357/331
f 435/357/331 434/356/330 436/358/332 437/359/333
f 437/359/333 436/358/332 438/360/334 439/361/335
f 439/361/335 438/360/334 427/349/323 426/348/322
f 232/499/336 233/363/337 250/364/338 248/365/339
f 233/363/337 234/366/340 252/367/341 250/364/338
f 234/366/340 235/368/342 254/369/343 252/367/341
f 235/368/342 236/370/344 256/371/345 254/369/343
f 236/370/344 237/372/346 258/373/347 256/371/345
f 237/372/346 238/374/348 260/375/349 258/373/347
f 238/374/348 239/376/350 262/377/351 260/375/349
f 239/376/350 232/362/336 248/497/339 262/377/351
f 249/496/352 251/379/353 266/380/354 264/381/355
f 251/379/353 253/382/356 268/383/357 266/380/354
f 253/382/356 255/384/358 270/385/359 268/383/357
f 255/384/358 257/386/360 272/387/361 270/385/359
f 257/386/360 259/388/362 274/389/363 272/387/361
f 259/388/362 261/390/364 276/391/365 274/389/363
f 261/390/364 263/392/366 278/393/367 276/391/365
f 263/392/366 249/378/352 264/493/355 278/393/367
f 265/492/368 267/395/369 282/396/370 280/397/371
f 267/395/369 269/398/372 284/399/373 282/396/370
f 269/398/372 271/400/374 286/401/375 284/399/373
f 271/400/374 273/402/376 288/403/377 286/401/375
f 273/402/376 275/404/378 290/405/379 288/403/377
f 275/404/378 277/406/380 292/407/381 290/405/379
f 277/406/380 279/408/382 294/409/383 292/407/381
f 279/408/382 265/394/368 280/489/371 294/409/383
f 281/488/384 283/411/385 298/412/386 296/413/387
f 283/411/385 285/414/388 300/415/389 298/412/386
f 285/414/388 287/416/390 302/417/391 300/415/389
f 287/416/390 289/418/392 304/419/393 302/417/391
f 289/418/392 291/420/394 306/421/395 304/419/393
f 291/420/394 293/422/396 308/423/397 306/421/395
f 293/422/396 295/424/398 310/425/399 308/423/397
f 295/424/398 281/410/384 296/485/387 310/425/399
f 297/484/400 299/427/401 314/428/402 312/429/403
f 299/427/401 301/430/404 316/431/405 314/428/402
f 301/430/404 303/432/406 318/433/407 316/431/405
f 303/432/406 305/434/408 320/435/409 318/433/407
f 305/434/408 307/436/410 322/437/411 320/435/409
f 307/436/410 309/438/412 324/439/413 322/437/411
f 309/438/412 311/440/414 326/441/415 324/439/413
f 311/440/414 297/426/400 312/481/403 326/441/415
f 313/480/416 315/443/417 330/444/418 328/445/419
f 315/443/417 317/446/420 332/447/421 330/444/418
f 317/446/420 319/448/422 334/449/423 332/447/421
f 319/448/422 321/450/424 336/451/425 334/449/423
f 321/450/424 323/452/426 338/453/427 336/451/425
f 323/452/426 325/454/428 340/455/429 338/453/427
f 325/454/428 327/456/430 342/457/431 340/455/429
f 327/456/430 313/442/416 328/477/419 342/457/431
f 329/476/432 331/459/433 241/460/434 240/461/435
f 331/459/433 333/462/436 242/463/437 241/460/434
f 333/462/436 335/464/438 243/465/439 242/463/437
f 335/464/438 337/466/440 244/467/441 243/465/439
f 337/466/440 339/468/442 245/469/443 244/467/441
f 339/468/442 341/470/444 246/471/445 245/469/443
f 341/470/444 343/472/446 247/473/447 246/471/445
f 343/472/446 329/458/432 240/498/435 247/473/447
f 249/378/352 263/392/366 346/268/242 345/495/241
f 262/377/351 248/497/339 344/494/240 347/269/243
f 248/365/339 250/364/338 348/270/244 344/266/240
f 251/379/353 249/496/352 345/267/241 349/271/245
f 250/364/338 252/367/341 350/272/246 348/270/244
f 253/382/356 251/379/353 349/271/245 351/273/247
f 252/367/341 254/369/343 352/274/248 350/272/246
f 255/384/358 253/382/356 351/273/247 353/275/249
f 254/369/343 256/371/345 354/276/250 352/274/248
f 257/386/360 255/384/358 353/275/249 355/277/251
f 256/371/345 258/373/347 356/278/252 354/276/250
f 259/388/362 257/386/360 355/277/251 357/279/253
f 258/373/347 260/375/349 358/280/254 356/278/252
f 261/390/364 259/388/362 357/279/253 359/281/255
f 260/375/349 262/377/351 347/269/243 358/280/254
f 263/392/366 261/390/364 359/281/255 346/268/242
f 265/394/368 279/408/382 362/284/258 361/491/257
f 278/393/367 264/493/355 360/490/256 363/285/259
f 264/381/355 266/380/354 364/286/260 360/282/256
f 267/395/369 265/492/368 361/283/257 365/287/261
f 266/380/354 268/383/357 366/288/262 364/286/260
f 269/398/372 267/395/369 365/287/261 367/289/263
f 268/383/357 270/385/359 368/290/264 366/288/262
f 271/400/374 269/398/372 367/289/263 369/291/265
f 270/385/359 272/387/361 370/292/266 368/290/264
f 273/402/376 271/400/374 369/291/265 371/293/267
f 272/387/361 274/389/363 372/294/268 370/292/266
f 275/404/378 273/402/376 371/293/267 373/295/269
f 274/389/363 276/391/365 374/296/270 372/294/268
f 277/406/380 275/404/378 373/295/269 375/297/271
f 276/391/365 278/393/367 363/285/259 374/296/270
f 279/408/382 277/406/380 375/297/271 362/284/258
f 281/410/384 295/424/398 378/300/274 377/487/273
f 294/409/383 280/489/371 376/486/272 379/301/275
f 280/397/371 282/396/370 380/302/276 376/298/272
f 283/411/385 281/488/384 377/299/273 381/303/277
f 282/396/370 284/399/373 382/304/278 380/302/276
f 285/414/388 283/411/385 381/303/277 383/305/279
f 284/399/373 286/401/375 384/306/280 382/304/278
f 287/416/390 285/414/388 383/305/279 385/307/281
f 286/401/375 288/403/377 386/308/282 384/306/280
f 289/418/392 287/416/390 385/307/281 387/309/283
f 288/403/377 290/405/379 388/310/284 386/308/282
f 291/420/394 289/418/392 387/309/283 389/311/285
f 290/405/379 292/407/381 390/312/286 388/310/284
f 293/422/396 291/420/394 389/311/285 391/313/287
f 292/407/381 294/409/383 379/301/275 390/312/286
f 295/424/398 293/422/396 391/313/287 378/300/274
f 297/426/400 311/440/414 394/316/290 393/483/289
f 310/425/399 296/485/387 392/482/288 395/317/291
f 296/413/387 298/412/386 396/318/292 392/314/288
f 299/427/401 297/484/400 393/315/289 397/319/293
f 298/412/386 300/415/389 398/320/294 396/318/292
f 301/430/404 299/427/401 397/319/293 399/321/295
f 300/415/389 302/417/391 400/322/296 398/320/294
f 303/432/406 301/430/404 399/321/295 401/323/297
f 302/417/391 304/419/393 402/324/298 400/322/296
f 305/434/408 303/432/406 401/323/297 403/325/299
f 304/419/393 306/421/395 404/326/300 402/324/298
f 307/436/410 305/434/408 403/325/299 405/327/301
f 306/421/395 308/423/397 406/328/302 404/326/300
f 309/438/412 307/436/410 405/327/301 407/329/303
f 308/423/397 310/425/399 395/317/291 406/328/302
f 311/440/414 309/438/412 407/329/303 394/316/290
f 313/442/416 327/456/430 410/332/306 409/479/305
f 326/441/415 312/481/403 408/478/304 411/333/307
f 312/429/403 314/428/402 412/334/308 408/330/304
f 315/443/417 313/480/416 409/331/305 413/335/309
f 314/428/402 316/431/405 414/336/310 412/334/308
f 317/446/420 315/443/417 413/335/309 415/337/311
f 316/431/405 318/433/407 416/338/312 414/336/310
f 319/448/422 317/446/420 415/337/311 417/339/313
f 318/433/407 320/435/409 418/340/314 416/338/312
f 321/450/424 319/448/422 417/339/313 419/341/315
f 320/435/409 322/437/411 420/342/316 418/340/314
f 323/452/426 321/450/424 419/341/315 421/343/317
f 322/437/411 324/439/413 422/344/318 420/342/316
f 325/454/428 323/452/426 421/343/317 423/345/319
f 324/439/413 326/441/415 411/333/307 422/344/318
f 327/456/430 325/454/428 423/345/319 410/332/306
f 329/458/432 343/472/446 426/348/322 425/475/321
f 342/457/431 328/477/419 424/474/320 427/349/323
f 328/445/419 330/444/418 428/350/324 424/346/320
f 331/459/433 329/476/432 425/347/321 429/351/325
f 330/444/418 332/447/421 430/352/326 428/350/324
f 333/462/436 331/459/433 429/351/325 431/353/327
f 332/447/421 334/449/423 432/354/328 430/352/326
f 335/464/438 333/462/436 431/353/327 433/355/329
f 334/449/423 336/451/425 434/356/330 432/354/328
f 337/466/440 335/464/438 433/355/329 435/357/331
f 336/451/425 338/453/427 436/358/332 434/356/330
f 339/468/442 337/466/440 435/357/331 437/359/333
f 338/453/427 340/455/429 438/360/334 436/358/332
f 341/470/444 339/468/442 437/359/333 439/361/335
f 340/455/429 342/457/431 427/349/323 438/360/334
f 343/472/446 341/470/444 439/361/335 426/348/322
g default
v -800.421753 19.820919 -964.769165
v -766.050537 13.046782 -958.532959
v -731.679443 19.820919 -964.769165
v -805.236450 29.291903 -989.973389
v -766.050537 23.307327 -986.549805
v -726.864624 29.291903 -989.973389
v -804.365723 35.154217 -1022.153931
v -766.050537 29.039066 -1019.036011
v -727.735352 35.154217 -1022.153931
v -734.474854 34.863777 -1052.508911
v -766.050537 29.205853 -1053.813354
v -797.626343 34.863777 -1052.508911
v -766.050537 4.254984 -932.801025
v -744.090088 10.823033 -944.140137
v -788.011108 10.823033 -944.140137
v -786.379028 26.497595 -1081.848511
v -766.050537 21.403084 -1082.188965
v -766.050537 7.608981 -1121.518555
v -774.236938 16.875114 -1105.800537
v -757.864136 16.875114 -1105.800537
v -745.722046 26.497595 -1081.848511
v -766.050537 12.163048 -1105.800537
vt 0.248717 0.587511
vt 0.285605 0.579821
vt 0.285008 0.611804
vt 0.242817 0.615758
vt 0.322181 0.588884
vt 0.327021 0.617333
vt 0.284344 0.647285
vt 0.242817 0.650244
vt 0.325732 0.651794
vt 0.317877 0.683577
vt 0.283642 0.684816
vt 0.249479 0.682298
vt 0.286148 0.550821
vt 0.309348 0.564886
vt 0.262438 0.564009
vt 0.272724 0.741882
vt 0.282542 0.743681
vt 0.282215 0.761136
vt 0.292420 0.742250
vt 0.283047 0.716669
vt 0.260968 0.714307
vt 0.305198 0.715134
vn 0.118365 0.935075 0.334102
vn 0.118806 0.935745 0.332064
vn 0.128375 0.958504 0.254540
vn 0.130367 0.962521 0.237818
vn -0.118806 0.935745 0.332064
vn -0.118364 0.935076 0.334101
vn -0.130366 0.962521 0.237818
vn -0.128374 0.958504 0.254539
vn 0.150394 0.983001 0.105310
vn 0.150963 0.983252 0.102104
vn -0.150963 0.983252 0.102104
vn -0.150394 0.983001 0.105310
vn -0.174114 0.983044 -0.057523
vn -0.177465 0.980099 -0.088947
vn 0.174114 0.983044 -0.057523
vn 0.177464 0.980099 -0.088948
vn -0.119778 0.937207 0.327562
vn -0.119778 0.937207 0.327562
vn 0.119777 0.937207 0.327562
vn 0.119777 0.937207 0.327562
vn 0.324087 0.904070 -0.278612
vn 0.345429 0.897390 -0.274537
vn 0.483849 0.840580 -0.243546
vn -0.345428 0.897390 -0.274537
vn -0.324085 0.904071 -0.278611
vn -0.483849 0.840580 -0.243546
vn 0.232308 0.940330 -0.248622
vn 0.214299 0.946629 -0.240768
vn -0.232308 0.940330 -0.248621
vn -0.214299 0.946629 -0.240767
s 1
g group3 pPlane3
usemtl initialShadingGroup
f 440/500/448 441/501/449 444/502/450 443/503/451
s 2
f 441/501/452 442/504/453 445/505/454 444/502/455
s 1
f 443/503/451 444/502/450 447/506/456 446/507/457
s 2
f 444/502/455 445/505/454 448/508/458 447/506/459
f 448/508/458 449/509/460 450/510/461 447/506/459
s 1
f 451/511/462 446/507/457 447/506/456 450/510/463
s 2
f 442/504/453 441/501/452 452/512/464 453/513/465
s 1
f 441/501/449 440/500/448 454/514/466 452/512/467
f 458/515/468 461/516/469 457/517/470
s 2
f 461/516/471 459/518/472 457/517/473
s 1
f 450/510/463 456/519/474 455/520/475 451/511/462
s 2
f 456/519/476 450/510/461 449/509/460 460/521/477
s 1
f 458/515/468 455/520/475 456/519/474 461/516/469
s 2
f 460/521/477 459/518/472 461/516/471 456/519/476
g default
v -891.897095 37.408264 -369.204895
v -842.202209 208.905334 -409.810822
v -627.164246 206.707977 -391.322235
v -842.202209 208.905334 -559.300293
v -634.963989 206.707977 -545.109131
v -841.543640 37.408264 -621.068604
v -583.996765 37.408264 -612.774048
v -990.789368 37.408264 -579.845825
v -990.789368 37.408264 -369.204895
v -884.140625 163.764801 -416.954681
v -893.125732 183.872726 -515.028442
v -789.816833 280.162842 -404.001190
v -665.758545 280.162842 -391.322235
v -665.758545 280.162842 -506.501862
v -812.632019 280.162842 -506.501862
v -891.897095 37.408264 -218.102051
v -583.996765 37.408264 -218.102051
v -647.699341 186.834290 -298.720764
v -812.632019 186.834290 -298.720764
v -683.590088 259.293671 -351.467407
v -763.290771 259.293671 -353.636871
v -758.548279 341.219971 -425.278778
v -680.095520 341.219971 -419.849091
v -680.095520 357.493317 -491.884003
v -760.709900 357.493317 -481.403351
v -520.896973 37.408264 -579.845825
v -481.269257 37.408264 -356.211304
v -575.081116 175.211594 -508.050262
v -544.746704 186.963409 -370.261749
v -579.295349 172.023209 -326.396729
v -520.896973 37.408264 -218.102051
v -841.543640 17.442093 -621.068604
v -583.996765 17.442093 -612.774048
v -891.897095 17.442093 -369.204895
v -990.789368 17.442093 -369.204895
v -990.789368 17.442093 -579.845825
v -583.996765 17.442093 -218.102051
v -891.897095 17.442093 -218.102051
v -520.896973 17.442093 -579.845825
v -481.269257 17.442093 -356.211304
v -520.896973 17.442093 -218.102051
v -720.402710 357.493317 -515.427002
v -739.195312 280.162842 -541.804932
v -734.683228 207.806641 -558.730835
v -712.770203 37.408264 -639.229004
v -712.770203 17.442093 -639.229004
v -737.946899 17.442093 -158.718903
v -737.946899 37.408264 -158.718903
v -730.165649 186.834290 -265.806061
v -723.440430 259.293671 -337.311096
v -727.787720 280.162842 -380.325287
v -719.321899 341.219971 -413.403320
v -666.551514 358.464569 -455.866547
v -713.428772 373.748932 -464.415192
v -760.306030 358.464569 -453.341095
v -809.338806 280.162842 -455.251495
v -840.132202 208.905334 -469.251373
v -930.603516 163.764801 -463.740753
v -1032.798706 37.408264 -474.525360
v -1032.798706 17.442093 -474.525360
v -478.887543 17.442093 -474.525360
v -478.887543 37.408264 -474.525360
v -548.676208 181.087494 -442.534698
v -604.155884 206.707977 -455.866547
v -649.651062 280.162842 -448.912018
vt 0.514403 0.043071
vt 0.613635 0.113327
vt 0.537431 0.194102
vt 0.493793 0.161568
vt 0.415618 0.257077
vt 0.435281 0.277385
vt 0.412472 0.296593
vt 0.401374 0.271974
vt 0.286413 0.227831
vt 0.312980 0.363622
vt 0.232153 0.446942
vt 0.184713 0.385229
vt 0.632932 0.441232
vt 0.581481 0.489863
vt 0.528037 0.408051
vt 0.591406 0.321628
vt 0.241621 0.070406
vt 0.302877 0.046883
vt 0.340058 0.144532
vt 0.300935 0.148629
vt 0.357053 0.059509
vt 0.424205 0.175870
vt 0.334616 0.196743
vt 0.194859 0.118448
vt 0.288307 0.185052
vt 0.493591 0.237505
vt 0.474522 0.220214
vt 0.536274 0.305501
vt 0.494054 0.389293
vt 0.460679 0.348841
vt 0.487795 0.285886
vt 0.340872 0.247774
vt 0.346752 0.332501
vt 0.437319 0.223274
vt 0.368258 0.230550
vt 0.588290 0.286811
vt 0.680450 0.228345
vt 0.505882 0.260507
vt 0.566763 0.239152
vt 0.469234 0.251239
vt 0.427792 0.314818
vt 0.449524 0.302341
vt 0.383770 0.280833
vt 0.390064 0.310522
vt 0.284927 0.505836
vt 0.447230 0.424732
vt 0.492910 0.432339
vt 0.528667 0.531703
vt 0.669919 0.193034
vt 0.222710 0.454566
vt 0.175271 0.392908
vt 0.298897 0.037956
vt 0.359566 0.047477
vt 0.235331 0.060330
vt 0.183056 0.115842
vt 0.511495 0.031324
vt 0.622305 0.104907
vt 0.536474 0.541177
vt 0.485336 0.549155
vt 0.706358 0.307002
vt 0.589686 0.498790
vt 0.691142 0.223278
vt 0.679413 0.185220
vt 0.429085 0.370038
vt 0.409093 0.326064
vt 0.694269 0.310159
vt 0.641383 0.449959
vt 0.524189 0.526517
vt 0.527400 0.538204
vt 0.536376 0.053500
vt 0.543778 0.043851
vt 0.655863 0.202974
vt 0.665428 0.195116
vt 0.191932 0.116132
vt 0.184161 0.106483
vt 0.300983 0.041331
vt 0.303639 0.031324
vt 0.426724 0.066999
vt 0.423991 0.055075
vt 0.481928 0.537423
vt 0.275839 0.514013
vt 0.176785 0.210467
vt 0.164905 0.207487
vt 0.560571 0.377584
vt 0.517288 0.354167
vt 0.320280 0.291357
vt 0.381882 0.367099
vt 0.484732 0.320421
vt 0.397023 0.214261
vt 0.492396 0.157083
vt 0.561121 0.251193
vt 0.268929 0.314611
vt 0.352368 0.411268
vt 0.363041 0.172747
vn -0.674950 0.487252 0.554101
vn -0.008270 0.515236 0.857009
vn 0.002455 0.605955 0.795496
vn -0.653682 0.568108 0.499954
vn -0.515501 0.606407 0.605416
vn -0.048079 0.615269 0.786850
vn 0.011200 0.991043 0.133073
vn -0.633920 0.745380 0.206286
vn -0.292522 0.478337 -0.828025
vn 0.041062 0.410503 -0.910934
vn 0.051459 0.363615 -0.930127
vn -0.218135 0.365606 -0.904848
vn 0.897511 0.402132 0.181006
vn 0.897074 0.397916 -0.192150
vn 0.802072 0.578314 -0.149109
vn 0.778479 0.601287 0.180067
vn -0.817035 0.576159 0.022223
vn -0.590183 0.501362 0.632709
vn -0.449656 0.578658 0.680415
vn -0.725190 0.686814 0.048835
vn -0.793766 0.414504 0.445109
vn -0.795233 0.533098 0.288811
vn -0.742617 0.662506 0.098011
vn -0.611924 0.483209 -0.626146
vn -0.544336 0.637320 -0.545456
vn -0.003378 0.743848 0.668340
vn -0.466613 0.712432 0.524132
vn 0.598102 0.753051 0.274203
vn 0.659036 0.747510 -0.083065
vn 0.905757 0.423795 -0.001326
vn 0.692547 0.535002 0.483892
vn -0.679127 0.527239 -0.510692
vn -0.021561 0.429024 -0.903036
vn -0.678420 0.596363 0.429065
vn -0.872396 0.474340 0.118010
vn 0.538712 0.664128 0.518386
vn 0.618493 0.505268 0.601806
vn 0.487211 0.678405 0.549901
vn 0.319608 0.614526 0.721255
vn -0.074245 0.689555 0.720417
vn 0.828525 0.557693 0.050247
vn 0.536517 0.549453 0.640509
vn -0.609652 0.656909 -0.443616
vn 0.001438 0.519869 -0.854245
vn 0.314210 0.414296 -0.854185
vn 0.351163 0.491222 -0.797111
vn 0.673429 0.566450 -0.475002
vn 0.710445 0.442245 -0.547437
vn 0.277451 0.515510 0.810722
vn 0.032189 0.000000 -0.999482
vn -0.208882 0.000000 -0.977941
vn -0.598705 0.000000 0.800970
vn -0.836731 0.000000 0.547615
vn -1.000000 0.000000 0.000000
vn -0.608208 0.000000 -0.793778
vn -0.807147 0.000000 0.590350
vn 0.000000 0.000000 1.000000
vn 0.796051 0.000000 -0.605230
vn 0.295656 0.000000 -0.955295
vn 0.986844 0.000000 0.161673
vn 0.984661 0.000000 -0.174480
vn 0.802377 0.000000 0.596818
vn 0.263894 0.000000 0.964552
vn 0.642266 0.407553 -0.649150
vn 0.658313 0.439765 -0.610926
s 1
g group3 pCube2
usemtl initialShadingGroup
f 477/591/478 509/523/479 510/524/480 480/525/481
f 483/526/482 513/527/483 515/528/484 516/529/485
f 465/613/486 505/531/487 506/532/488 467/533/489
f 488/534/490 523/535/491 524/536/492 490/605/493
f 520/538/494 470/539/495 471/540/496 519/541/497
f 462/542/498 463/615/499 471/540/496 470/597/495
f 463/615/499 518/544/500 519/541/497 471/540/496
f 465/530/486 467/603/489 469/545/501 472/546/502
f 480/525/481 510/524/480 511/547/503 482/548/504
f 464/606/505 525/550/506 526/551/507 474/609/508
f 505/531/487 465/613/486 476/607/509 504/554/510
f 518/544/500 463/615/499 473/610/511 517/556/512
f 488/587/490 490/537/493 491/557/513 492/558/514
f 463/543/499 462/599/498 477/522/478 480/611/481
f 464/549/505 474/552/508 481/559/515 479/612/516
f 512/561/517 473/555/511 482/548/504 511/547/503
f 473/555/511 463/543/499 480/611/481 482/548/504
f 473/555/511 512/561/517 513/527/483 483/526/482
f 474/609/508 526/551/507 514/562/518 484/563/519
f 504/554/510 476/607/509 486/564/520 503/565/521
f 517/556/512 473/610/511 483/526/482 516/529/485
f 468/601/522 466/567/523 489/568/524 487/589/525
f 525/550/506 464/606/505 490/605/493 524/536/492
f 464/549/505 479/612/516 491/557/513 490/537/493
f 479/612/516 478/593/526 492/558/514 491/557/513
f 467/533/489 506/532/488 507/571/527 493/572/528
f 462/542/498 470/597/495 496/598/529 495/574/530
f 470/539/495 520/538/494 521/575/531 496/573/529
f 469/545/501 467/603/489 493/604/528 497/576/532
f 509/523/479 477/591/478 499/592/533 508/578/534
f 477/522/478 462/599/498 495/600/530 499/577/533
f 468/601/522 487/589/525 500/590/535 494/580/536
f 523/535/491 488/534/490 501/588/537 522/582/538
f 488/587/490 492/558/514 502/583/539 501/581/537
f 492/558/514 478/593/526 498/594/540 502/583/539
f 475/608/541 504/554/510 503/565/521 485/586/542
f 466/614/523 505/531/487 504/554/510 475/608/541
f 506/532/488 505/531/487 466/614/523 468/566/522
f 507/571/527 506/532/488 468/566/522 494/602/536
f 478/570/526 509/523/479 508/578/534 498/584/540
f 510/524/480 509/523/479 478/570/526 479/560/516
f 511/547/503 510/524/480 479/560/516 481/559/515
f 474/552/508 512/561/517 511/547/503 481/559/515
f 513/527/483 512/561/517 474/552/508 484/563/519
f 515/528/484 513/527/483 484/563/519 514/562/518
f 503/565/521 515/528/484 514/562/518 485/586/542
f 516/529/485 515/528/484 503/565/521 486/564/520
f 476/553/509 517/556/512 516/529/485 486/564/520
f 465/530/486 518/544/500 517/556/512 476/553/509
f 519/541/497 518/544/500 465/530/486 472/546/502
f 469/595/501 520/538/494 519/541/497 472/546/502
f 521/575/531 520/538/494 469/595/501 497/596/532
f 487/569/525 523/535/491 522/582/538 500/579/535
f 524/536/492 523/535/491 487/569/525 489/568/524
f 466/567/523 525/550/506 524/536/492 489/568/524
f 526/551/507 525/550/506 466/567/523 475/585/541
f 514/562/518 526/551/507 475/585/541 485/586/542
g default
v -155.704468 58.651749 -927.453491
v -158.778168 58.004295 -915.020020
v -152.201050 56.441200 -904.122498
v -139.825897 54.878113 -901.144592
v -128.901886 54.230656 -907.830627
v -125.828125 54.878113 -920.264038
v -132.405212 56.441200 -931.161499
v -144.780396 58.004295 -934.139465
v -149.362885 369.492950 -982.948242
v -150.858765 372.350098 -977.856384
v -147.796051 375.119629 -973.465637
v -141.968719 376.179199 -972.348267
v -136.790466 374.908142 -975.158752
v -135.294586 372.050964 -980.250549
v -138.357300 369.281464 -984.641235
v -144.184631 368.221893 -985.758728
v -152.549927 87.846901 -925.390686
v -151.987579 94.061905 -925.088562
v -155.434235 87.667946 -913.542419
v -154.842529 93.885010 -913.368958
v -149.114075 86.927681 -903.140259
v -148.592133 93.152977 -903.075684
v -137.294037 86.060829 -900.276306
v -136.896149 92.295486 -900.239319
v -126.897156 85.574638 -906.626221
v -126.606842 91.814545 -906.523071
v -124.011505 85.753258 -918.471008
v -123.753174 91.991447 -918.245056
v -130.328278 86.493240 -928.874573
v -130.005951 92.723526 -928.536926
v -142.149628 87.360489 -931.741882
v -141.700653 93.581070 -931.370911
v -150.055542 120.530167 -924.382080
v -149.667603 126.765694 -924.338135
v -152.756073 120.737877 -913.205078
v -152.338989 126.970985 -913.289062
v -146.767090 120.605141 -903.389465
v -146.419281 126.839966 -903.582458
v -135.598541 120.210457 -900.683594
v -135.375061 126.449974 -900.905212
v -125.791870 119.784325 -906.671326
v -125.676910 126.028816 -906.826782
v -123.090088 119.576569 -917.845886
v -123.006958 125.823517 -917.877380
v -129.076660 119.709160 -927.662964
v -128.928223 125.954590 -927.582642
v -140.246490 120.104027 -930.370972
v -139.971008 126.344727 -930.258301
v -148.291046 153.517807 -924.674438
v -147.998444 159.755310 -924.878601
v -150.817017 154.080704 -914.183777
v -150.495789 160.311295 -914.515198
v -145.176971 154.388306 -904.973572
v -144.924683 160.615280 -905.413574
v -134.675781 154.260880 -902.437866
v -134.547699 160.489471 -902.906921
v -125.463989 153.772308 -908.061157
v -125.444824 160.006760 -908.464355
v -122.936554 153.209442 -918.550293
v -122.949249 159.450729 -918.829346
v -128.575073 152.901749 -927.761963
v -128.521729 159.146881 -927.929077
v -139.077698 153.029190 -930.299255
v -138.896912 159.272781 -930.434509
v -146.907379 185.514542 -926.241882
v -146.690918 191.739670 -926.724182
v -149.267761 186.452255 -916.433411
v -149.022949 192.665314 -917.042908
v -143.970947 187.165466 -907.826965
v -143.795593 193.369415 -908.544556
v -134.120575 187.237106 -905.462646
v -134.069458 193.439972 -906.208801
v -125.485718 186.624374 -910.724670
v -125.543182 192.834610 -911.405151
v -123.123566 185.686813 -920.531494
v -123.212860 191.908844 -921.088379
v -128.419067 184.973434 -929.139648
v -128.442352 191.204956 -929.584961
v -138.271210 184.901550 -931.505432
v -138.166748 191.134460 -931.918762
v -145.998749 217.211884 -929.325623
v -145.925232 223.405930 -930.138306
v -148.200806 218.519363 -920.219849
v -148.099030 224.695099 -921.159912
v -143.253815 219.721664 -912.249023
v -143.222046 225.880936 -913.296448
v -134.056885 220.115952 -910.081177
v -134.149261 226.269852 -911.156189
v -125.996399 219.470490 -914.984619
v -126.196960 225.632736 -915.994385
v -123.792633 218.163513 -924.088196
v -124.025177 224.343353 -924.975342
v -128.737610 216.960968 -932.060791
v -128.904877 223.157806 -932.836609
v -137.936188 216.566147 -934.230774
v -137.975525 222.769089 -934.974182
v -146.013947 248.479355 -934.162231
v -146.100281 254.593857 -935.445679
v -148.072449 250.222580 -925.800171
v -148.131104 256.309692 -927.209412
v -143.493988 252.006592 -918.518005
v -143.622253 258.067017 -920.031555
v -134.962463 252.789551 -916.580444
v -135.213623 258.838959 -918.120667
v -127.473846 252.109161 -921.120056
v -127.833313 258.168884 -922.596069
v -125.413239 250.366898 -929.479492
v -125.806458 256.452698 -930.834778
v -129.989044 248.581314 -936.763489
v -130.317566 254.694641 -938.008362
v -138.522705 247.798431 -938.703918
v -138.722321 253.924026 -939.917358
v -146.714203 279.230377 -941.859558
v -146.856232 285.181671 -943.755432
v -148.652252 281.675446 -934.371338
v -148.766815 287.587280 -936.388184
v -144.460022 284.093079 -927.862671
v -144.643341 289.967834 -929.980164
v -136.594696 285.066315 -926.143494
v -136.900299 290.926605 -928.286865
v -129.660950 284.023743 -930.218689
v -130.075592 289.899750 -932.300293
v -127.719055 281.578735 -937.704712
v -128.168304 287.492737 -939.668823
v -131.908997 279.160706 -944.217163
v -132.293335 285.113892 -946.073975
v -139.778168 278.186615 -945.938660
v -140.033112 284.155762 -947.765930
v -147.402466 309.169250 -952.841797
v -147.546387 314.916107 -955.287659
v -149.211182 312.065338 -946.233154
v -149.326233 317.761993 -948.795166
v -145.393890 314.840546 -940.484802
v -145.576874 320.490479 -943.144653
v -138.187622 315.869568 -938.961853
v -138.493774 321.502411 -941.647034
v -131.811523 314.548187 -942.554810
v -132.227234 320.202789 -945.179565
v -129.999603 311.652618 -949.162048
v -130.449188 317.356201 -951.673096
v -133.815369 308.877045 -954.913635
v -134.199829 314.629120 -957.322327
v -141.024841 307.847351 -956.437866
v -141.281158 313.617798 -958.818726
v -148.186157 338.277710 -966.362122
v -148.369995 343.851685 -969.177795
v -149.850952 341.276825 -960.530701
v -150.004303 346.793396 -963.458801
v -146.398163 344.158966 -955.477905
v -146.618591 349.621490 -958.501465
v -139.851227 345.236603 -954.162292
v -140.195618 350.679321 -957.210266
v -134.043945 343.877899 -957.353577
v -134.498383 349.345917 -960.341675
v -132.377319 340.879242 -963.183777
v -132.864929 346.403656 -966.061340
v -135.828857 337.996490 -968.238342
v -136.251465 343.576050 -971.017883
v -142.377594 336.918243 -969.555054
v -142.673615 342.518677 -972.308350
v -153.854492 90.023460 -926.379944
v -153.636871 92.257378 -926.262024
v -142.116730 91.716904 -933.296143
v -142.287018 89.480667 -933.445679
v -157.063751 89.823318 -913.201355
v -156.833252 92.058029 -913.137634
v -150.035614 88.996521 -901.628296
v -149.832489 91.234657 -901.613525
v -136.885345 88.028175 -898.439026
v -136.737976 90.270706 -898.440979
v -125.315369 87.485184 -905.503906
v -125.221039 89.730453 -905.476135
v -122.105133 87.685242 -918.684814
v -122.025757 89.929672 -918.597290
v -129.135681 88.512184 -930.258789
v -129.023254 90.752762 -930.120300
v -151.422516 122.626648 -925.456055
v -151.266602 124.868744 -925.433105
v -140.336823 124.391731 -932.104248
v -140.445679 122.147346 -932.160156
v -154.444885 122.859024 -912.947876
v -154.277557 125.100075 -912.979065
v -147.743988 122.708061 -901.961365
v -147.603973 124.949722 -902.039978
v -135.243195 122.262756 -898.929749
v -135.157715 124.506470 -899.025513
v -124.263519 121.783234 -905.631653
v -124.231293 124.029388 -905.699097
v -121.238800 121.550751 -918.142456
v -121.222870 123.798203 -918.149780
v -127.942505 121.701820 -929.131592
v -127.893005 123.948448 -929.086487
v -149.691193 155.548965 -925.827454
v -149.569946 157.792282 -925.895142
v -139.237335 157.242859 -932.201050
v -139.308441 154.996643 -932.167542
v -152.537109 156.184448 -914.005066
v -152.405701 158.424667 -914.130005
v -146.181458 156.531036 -903.625977
v -146.080719 158.769730 -903.797058
v -134.347412 156.386200 -900.767273
v -134.300110 158.625549 -900.952148
v -123.964783 155.833984 -907.103821
v -123.967529 158.075851 -907.261719
v -121.115448 155.198425 -918.925964
v -121.135437 157.443512 -919.027100
v -127.470947 154.851700 -929.308716
v -127.460449 157.098694 -929.356018
v -148.331696 187.475067 -927.482788
v -148.242004 189.714661 -927.647705
v -138.490326 189.024033 -933.591980
v -138.523132 186.780762 -933.459595
v -151.011841 188.541000 -916.343262
v -150.910492 190.774628 -916.572144
v -144.994873 189.353943 -906.571289
v -144.931213 191.583664 -906.847839
v -133.810242 189.438461 -903.889587
v -133.801727 191.668228 -904.173035
v -124.008301 188.744568 -909.864563
v -124.042816 190.977325 -910.119324
v -121.326111 187.679230 -920.997009
v -121.376190 189.916763 -921.202026
v -127.336456 186.865997 -930.770874
v -127.362671 189.108032 -930.924194
v -147.470612 219.071014 -930.663330
v -147.431396 221.300034 -930.948303
v -138.254089 220.565979 -936.532104
v -138.235962 218.332764 -936.280579
v -149.991791 220.570023 -920.234192
v -149.941895 222.789841 -920.583313
v -144.324615 221.950180 -911.107727
v -144.312683 224.162750 -911.503540
v -133.793854 222.404434 -908.628418
v -133.835938 224.615524 -909.030212
v -124.566254 221.666519 -914.242981
v -124.651123 223.880966 -914.617554
v -122.042236 220.168701 -924.664734
v -122.143829 222.390121 -924.989929
v -127.702301 218.788254 -933.794006
v -127.780609 221.017685 -934.066467
v -147.544556 250.195221 -935.620850
v -147.544342 252.392532 -936.098267
v -138.934509 251.601974 -941.305298
v -138.884064 249.395630 -940.877991
v -149.916412 252.221741 -925.956238
v -149.922394 254.405853 -926.490234
v -144.624390 254.287521 -917.546204
v -144.660736 256.463409 -918.108826
v -134.768616 255.188370 -915.303894
v -134.841736 257.359680 -915.879395
v -126.108368 254.393188 -920.541626
v -126.231720 256.565002 -921.106689
v -123.717041 252.367844 -930.205750
v -123.874420 254.551086 -930.715210
v -129.008759 250.296661 -938.634949
v -129.136200 252.496704 -939.075806
v -148.248199 280.770508 -943.500610
v -148.286652 282.915619 -944.170288
v -140.226715 281.704163 -948.908081
v -140.142212 279.551300 -948.267639
v -150.516632 283.624634 -934.747498
v -150.539886 285.753601 -935.466919
v -145.618378 286.446838 -927.133667
v -145.667389 288.558655 -927.900757
v -136.419464 287.582489 -925.119263
v -136.526855 289.686005 -925.903076
v -128.309326 286.363495 -929.886475
v -128.471588 288.474731 -930.640015
v -126.041809 283.507324 -938.643311
v -126.217041 285.637482 -939.338989
v -130.944244 280.685699 -946.256836
v -131.084869 282.833069 -946.906189
v -148.927521 310.543610 -954.631226
v -148.976410 312.620514 -955.488403
v -141.473328 311.069702 -959.724854
v -141.374756 308.986359 -958.887695
v -151.076233 313.965790 -946.800659
v -151.101074 316.021057 -947.709534
v -146.555603 317.250519 -939.983704
v -146.609985 319.280426 -940.946655
v -138.013245 318.470673 -938.179199
v -138.134766 320.492035 -939.154480
v -130.459869 316.909149 -942.443665
v -130.632416 318.944763 -943.381653
v -128.320648 313.486298 -950.274231
v -128.497375 315.544800 -951.160217
v -132.841766 310.205963 -957.083252
v -132.987701 312.281982 -957.932556
v -149.722656 339.522858 -968.234619
v -149.781647 341.536774 -969.230347
v -142.844727 339.915253 -973.046753
v -142.738037 337.892395 -972.073059
v -151.729095 343.124207 -961.219177
v -151.767151 345.113983 -962.263184
v -147.577667 346.588470 -955.135376
v -147.642853 348.550781 -956.228760
v -139.698364 347.884766 -953.550598
v -139.826996 349.836365 -954.657776
v -132.711151 346.251617 -957.394592
v -132.892944 348.217896 -958.468323
v -130.710938 342.648651 -964.411926
v -130.900604 344.642212 -965.433105
v -134.864929 339.187164 -970.490417
v -135.021942 341.202484 -971.473389
vt 0.094982 0.455145
vt 0.094982 0.457579
vt 0.166196 0.457579
vt 0.166196 0.455145
vt 0.105099 0.455145
vt 0.105099 0.457579
vt 0.115273 0.455145
vt 0.115273 0.457579
vt 0.125737 0.455145
vt 0.125737 0.457579
vt 0.135743 0.455145
vt 0.135743 0.457579
vt 0.145952 0.455145
vt 0.145952 0.457579
vt 0.156098 0.455145
vt 0.156098 0.457579
vt 0.094982 0.492336
vt 0.094982 0.494774
vt 0.166196 0.494773
vt 0.166196 0.492336
vt 0.105099 0.492336
vt 0.105099 0.494773
vt 0.115273 0.492336
vt 0.115273 0.494774
vt 0.125737 0.492336
vt 0.125737 0.494773
vt 0.135743 0.492336
vt 0.135743 0.494774
vt 0.145952 0.492336
vt 0.145952 0.494774
vt 0.156098 0.492336
vt 0.156098 0.494773
vt 0.094982 0.529549
vt 0.094982 0.532004
vt 0.166196 0.532004
vt 0.166196 0.529549
vt 0.105099 0.529549
vt 0.105099 0.532004
vt 0.115273 0.529549
vt 0.115273 0.532004
vt 0.125737 0.529549
vt 0.125737 0.532004
vt 0.135743 0.529549
vt 0.135743 0.532004
vt 0.145952 0.529549
vt 0.145952 0.532004
vt 0.156098 0.529549
vt 0.156098 0.532004
vt 0.094982 0.565805
vt 0.094982 0.568258
vt 0.166196 0.568258
vt 0.166196 0.565806
vt 0.105099 0.565806
vt 0.105099 0.568258
vt 0.115273 0.565805
vt 0.115273 0.568258
vt 0.125737 0.565806
vt 0.125737 0.568258
vt 0.135743 0.565806
vt 0.135743 0.568258
vt 0.145952 0.565805
vt 0.145952 0.568258
vt 0.156098 0.565805
vt 0.156098 0.568258
vt 0.094982 0.601957
vt 0.094983 0.604407
vt 0.166196 0.604407
vt 0.166196 0.601957
vt 0.105099 0.601957
vt 0.105099 0.604407
vt 0.115273 0.601957
vt 0.115273 0.604407
vt 0.125737 0.601957
vt 0.125737 0.604407
vt 0.135743 0.601958
vt 0.135743 0.604407
vt 0.145952 0.601957
vt 0.145952 0.604407
vt 0.156098 0.601957
vt 0.156098 0.604407
vt 0.094982 0.638022
vt 0.094983 0.640476
vt 0.166196 0.640476
vt 0.166196 0.638022
vt 0.105099 0.638022
vt 0.105099 0.640476
vt 0.115273 0.638022
vt 0.115273 0.640476
vt 0.125737 0.638022
vt 0.125737 0.640476
vt 0.135743 0.638022
vt 0.135743 0.640476
vt 0.145952 0.638022
vt 0.145952 0.640476
vt 0.156098 0.638022
vt 0.156098 0.640476
vt 0.094982 0.674174
vt 0.094982 0.676627
vt 0.166196 0.676627
vt 0.166196 0.674174
vt 0.105099 0.674174
vt 0.105099 0.676627
vt 0.115273 0.674174
vt 0.115273 0.676627
vt 0.125737 0.674174
vt 0.125737 0.676628
vt 0.135743 0.674174
vt 0.135743 0.676627
vt 0.145952 0.674174
vt 0.145952 0.676627
vt 0.156098 0.674174
vt 0.156098 0.676627
vt 0.094982 0.710290
vt 0.094982 0.712753
vt 0.166196 0.712754
vt 0.166196 0.710290
vt 0.105099 0.710290
vt 0.105099 0.712753
vt 0.115273 0.710290
vt 0.115273 0.712753
vt 0.125737 0.710290
vt 0.125737 0.712753
vt 0.135743 0.710290
vt 0.135743 0.712754
vt 0.145952 0.710290
vt 0.145952 0.712753
vt 0.156098 0.710290
vt 0.156098 0.712754
vt 0.094982 0.746552
vt 0.094982 0.749024
vt 0.166196 0.749024
vt 0.166196 0.746552
vt 0.105099 0.746552
vt 0.105099 0.749025
vt 0.115273 0.746552
vt 0.115273 0.749025
vt 0.125737 0.746552
vt 0.125737 0.749024
vt 0.135743 0.746552
vt 0.135743 0.749025
vt 0.145952 0.746552
vt 0.145952 0.749024
vt 0.156098 0.746552
vt 0.156098 0.749024
vt 0.094982 0.419697
vt 0.105099 0.419697
vt 0.105099 0.452316
vt 0.094982 0.452316
vt 0.115273 0.419697
vt 0.115273 0.452317
vt 0.125737 0.419697
vt 0.125737 0.452316
vt 0.135743 0.419697
vt 0.135743 0.452317
vt 0.145952 0.419697
vt 0.145952 0.452317
vt 0.156098 0.419697
vt 0.156098 0.452316
vt 0.166196 0.419697
vt 0.084876 0.452317
vt 0.094982 0.460365
vt 0.105099 0.460365
vt 0.105099 0.489505
vt 0.094982 0.489505
vt 0.115273 0.460365
vt 0.115273 0.489505
vt 0.125737 0.460365
vt 0.125737 0.489505
vt 0.135743 0.460365
vt 0.135743 0.489505
vt 0.145952 0.460365
vt 0.145952 0.489505
vt 0.156098 0.460365
vt 0.156098 0.489505
vt 0.166196 0.460365
vt 0.084876 0.489505
vt 0.094982 0.497564
vt 0.105099 0.497564
vt 0.105099 0.526716
vt 0.094983 0.526716
vt 0.115273 0.497564
vt 0.115273 0.526716
vt 0.125737 0.497563
vt 0.125737 0.526716
vt 0.135743 0.497563
vt 0.135743 0.526716
vt 0.145952 0.497564
vt 0.145952 0.526716
vt 0.156098 0.497563
vt 0.156098 0.526716
vt 0.166196 0.497564
vt 0.084876 0.526716
vt 0.094982 0.534780
vt 0.105099 0.534780
vt 0.105099 0.562912
vt 0.094982 0.562912
vt 0.115273 0.534780
vt 0.115273 0.562912
vt 0.125737 0.534780
vt 0.125737 0.562912
vt 0.135743 0.534780
vt 0.135743 0.562913
vt 0.145952 0.534780
vt 0.145952 0.562912
vt 0.156098 0.534780
vt 0.156098 0.562912
vt 0.166196 0.534780
vt 0.084876 0.562912
vt 0.094982 0.571013
vt 0.105099 0.571013
vt 0.105099 0.599070
vt 0.094982 0.599070
vt 0.115273 0.571013
vt 0.115273 0.599069
vt 0.125737 0.571013
vt 0.125737 0.599070
vt 0.135743 0.571013
vt 0.135743 0.599070
vt 0.145952 0.571013
vt 0.145952 0.599069
vt 0.156098 0.571013
vt 0.156098 0.599069
vt 0.166196 0.571013
vt 0.084876 0.599069
vt 0.094982 0.607155
vt 0.105099 0.607155
vt 0.105099 0.635128
vt 0.094983 0.635128
vt 0.115273 0.607155
vt 0.115273 0.635128
vt 0.125737 0.607155
vt 0.125737 0.635128
vt 0.135743 0.607155
vt 0.135743 0.635128
vt 0.145952 0.607155
vt 0.145952 0.635128
vt 0.156098 0.607155
vt 0.156098 0.635128
vt 0.166196 0.607155
vt 0.084876 0.635128
vt 0.094982 0.643233
vt 0.105099 0.643233
vt 0.105099 0.671286
vt 0.094982 0.671286
vt 0.115273 0.643233
vt 0.115273 0.671286
vt 0.125737 0.643233
vt 0.125737 0.671286
vt 0.135743 0.643233
vt 0.135743 0.671286
vt 0.145952 0.643233
vt 0.145952 0.671286
vt 0.156099 0.643233
vt 0.156098 0.671286
vt 0.166196 0.643233
vt 0.084876 0.671286
vt 0.094982 0.679376
vt 0.105099 0.679376
vt 0.105099 0.707356
vt 0.094982 0.707356
vt 0.115273 0.679376
vt 0.115273 0.707356
vt 0.125737 0.679376
vt 0.125737 0.707356
vt 0.135743 0.679376
vt 0.135743 0.707356
vt 0.145952 0.679376
vt 0.145952 0.707356
vt 0.156098 0.679376
vt 0.156098 0.707356
vt 0.166196 0.679376
vt 0.084876 0.707356
vt 0.094982 0.715505
vt 0.105099 0.715505
vt 0.105099 0.743640
vt 0.094982 0.743640
vt 0.115273 0.715505
vt 0.115273 0.743640
vt 0.125737 0.715505
vt 0.125737 0.743641
vt 0.135743 0.715505
vt 0.135743 0.743641
vt 0.145952 0.715505
vt 0.145952 0.743641
vt 0.156098 0.715505
vt 0.156098 0.743640
vt 0.166196 0.715505
vt 0.084876 0.743640
vt 0.094982 0.751776
vt 0.105099 0.751776
vt 0.105099 0.783246
vt 0.094982 0.783246
vt 0.115273 0.751776
vt 0.115273 0.783246
vt 0.125737 0.751776
vt 0.125737 0.783246
vt 0.135743 0.751776
vt 0.135743 0.783246
vt 0.145952 0.751776
vt 0.145952 0.783246
vt 0.156098 0.751776
vt 0.156098 0.783246
vt 0.166196 0.751776
vt 0.084876 0.783246
vt 0.084876 0.749024
vt 0.084876 0.746552
vt 0.166196 0.743640
vt 0.084876 0.751776
vt 0.084876 0.712754
vt 0.084876 0.710290
vt 0.166196 0.707356
vt 0.084876 0.715505
vt 0.084876 0.676627
vt 0.084876 0.674174
vt 0.166196 0.671286
vt 0.084876 0.679376
vt 0.084876 0.640476
vt 0.084876 0.638022
vt 0.166196 0.635128
vt 0.084876 0.643233
vt 0.084876 0.604407
vt 0.084876 0.601957
vt 0.166196 0.599069
vt 0.084876 0.607155
vt 0.084876 0.568258
vt 0.084876 0.565806
vt 0.166196 0.562912
vt 0.084876 0.571013
vt 0.084876 0.532004
vt 0.084876 0.529549
vt 0.166196 0.526716
vt 0.084876 0.534780
vt 0.084876 0.494773
vt 0.084876 0.492336
vt 0.166196 0.489505
vt 0.084876 0.497563
vt 0.084876 0.457579
vt 0.084876 0.455145
vt 0.166196 0.452316
vt 0.084876 0.460365
vt 0.166196 0.783246
vt 0.084876 0.419697
vn -0.782145 -0.259799 -0.566352
vn -0.718927 0.446663 -0.532575
vn -0.115177 0.417447 -0.901373
vn -0.166198 -0.289588 -0.942612
vn -0.953009 -0.271002 0.135393
vn -0.886588 0.435702 0.155326
vn -0.578803 -0.316692 0.751461
vn -0.519846 0.390920 0.759567
vn 0.121170 -0.370084 0.921062
vn 0.166661 0.338552 0.926071
vn 0.736970 -0.399890 0.544943
vn 0.770674 0.309303 0.557130
vn 0.907967 -0.388657 -0.156658
vn 0.938205 0.320308 -0.131047
vn 0.533915 -0.342953 -0.772864
vn 0.571191 0.365123 -0.735137
vn -0.775402 -0.304252 -0.553338
vn -0.732050 0.403410 -0.548966
vn -0.127979 0.375880 -0.917788
vn -0.159262 -0.332320 -0.929623
vn -0.945010 -0.291234 0.148789
vn -0.898520 0.416202 0.139420
vn -0.568873 -0.300915 0.765398
vn -0.529764 0.406728 0.744260
vn 0.132644 -0.327614 0.935454
vn 0.158314 0.380535 0.911115
vn 0.748736 -0.355703 0.559348
vn 0.762554 0.352974 0.542144
vn 0.918525 -0.368706 -0.142717
vn 0.928879 0.340215 -0.146417
vn 0.542439 -0.359008 -0.759522
vn 0.559957 0.349718 -0.751096
vn -0.771557 -0.337212 -0.539433
vn -0.739103 0.369440 -0.563242
vn -0.135001 0.336532 -0.931945
vn -0.155407 -0.370783 -0.915625
vn -0.940396 -0.298944 0.162137
vn -0.904900 0.406972 0.124622
vn -0.563203 -0.278404 0.778006
vn -0.535117 0.427147 0.728832
vn 0.138983 -0.287601 0.947612
vn 0.153723 0.418138 0.895282
vn 0.755021 -0.321160 0.571663
vn 0.757981 0.385202 0.526388
vn 0.924109 -0.359419 -0.129773
vn 0.923582 0.347663 -0.161634
vn 0.547027 -0.379972 -0.745911
vn 0.553657 0.327515 -0.765636
vn -0.768270 -0.369722 -0.522557
vn -0.744656 0.334214 -0.577744
vn -0.140585 0.292275 -0.945944
vn -0.152024 -0.412511 -0.898178
vn -0.936602 -0.302273 0.177226
vn -0.909958 0.400323 0.108250
vn -0.558576 -0.249669 0.790986
vn -0.539522 0.451935 0.710402
vn 0.144118 -0.242688 0.959340
vn 0.149831 0.458812 0.875809
vn 0.759971 -0.285435 0.583927
vn 0.754138 0.416877 0.507435
vn 0.928515 -0.352880 -0.115483
vn 0.919251 0.350716 -0.178818
vn 0.550869 -0.405516 -0.729452
vn 0.548573 0.299113 -0.780768
vn -0.761037 -0.413606 -0.499753
vn -0.753628 0.285265 -0.592173
vn -0.149441 0.237514 -0.959820
vn -0.144634 -0.462326 -0.874835
vn -0.929316 -0.312804 0.196281
vn -0.918902 0.384058 0.090107
vn -0.551044 -0.219024 0.805220
vn -0.548276 0.476060 0.687575
vn 0.151834 -0.187160 0.970524
vn 0.141360 0.507374 0.850053
vn 0.767784 -0.235897 0.595701
vn 0.745858 0.459562 0.482181
vn 0.936307 -0.336676 -0.099890
vn 0.910905 0.360681 -0.200405
vn 0.558498 -0.430439 -0.709086
vn 0.539955 0.268739 -0.797639
vn -0.751729 -0.468782 -0.463839
vn -0.761775 0.219066 -0.609680
vn -0.156917 0.158571 -0.974799
vn -0.134819 -0.530648 -0.836802
vn -0.921014 -0.319272 0.223157
vn -0.928547 0.365665 0.063948
vn -0.544257 -0.169783 0.821558
vn -0.559185 0.512511 0.651647
vn 0.157700 -0.107640 0.981603
vn 0.130124 0.573562 0.808761
vn 0.774406 -0.169368 0.609599
vn 0.735251 0.512869 0.443138
vn 0.944682 -0.318769 -0.077216
vn 0.901457 0.366237 -0.230749
vn 0.568135 -0.468454 -0.676589
vn 0.531841 0.219547 -0.817890
vn -0.745999 -0.519897 -0.416164
vn -0.762776 0.148031 -0.629492
vn -0.156199 0.056987 -0.986080
vn -0.127569 -0.612766 -0.779900
vn -0.918766 -0.303789 0.252154
vn -0.932578 0.360023 0.026121
vn -0.544891 -0.090903 0.833565
vn -0.565824 0.568961 0.596764
vn 0.156696 -0.005915 0.987629
vn 0.122694 0.652347 0.747924
vn 0.775124 -0.098629 0.624064
vn 0.729418 0.561294 0.391022
vn 0.948159 -0.314696 -0.044288
vn 0.898855 0.349272 -0.264706
vn 0.574263 -0.527696 -0.625907
vn 0.531987 0.140397 -0.835032
vn -0.743665 -0.557345 -0.369228
vn -0.760982 0.085701 -0.643087
vn -0.152519 -0.037248 -0.987598
vn -0.123367 -0.682616 -0.720289
vn -0.919680 -0.279738 0.275563
vn -0.933653 0.358026 -0.010516
vn -0.548202 -0.012392 0.836254
vn -0.569294 0.620290 0.539578
vn 0.153093 0.088099 0.984277
vn 0.118694 0.718894 0.684911
vn 0.773284 -0.037182 0.632968
vn 0.727299 0.596001 0.340321
vn 0.949109 -0.314729 -0.011735
vn 0.899876 0.323638 -0.292372
vn 0.577723 -0.582070 -0.572216
vn 0.535388 0.061341 -0.842376
vn -0.740153 -0.584410 -0.332624
vn -0.761763 0.036809 -0.646810
vn -0.151949 -0.104353 -0.982864
vn -0.118700 -0.728203 -0.675004
vn -0.918335 -0.266273 0.292848
vn -0.936536 0.349012 -0.033021
vn -0.548763 0.039860 0.835027
vn -0.573870 0.649386 0.498970
vn 0.152093 0.154653 0.976192
vn 0.113769 0.762005 0.637500
vn 0.773564 0.010832 0.633626
vn 0.723620 0.620893 0.301439
vn 0.951578 -0.307300 0.008115
vn 0.898394 0.308698 -0.312401
vn 0.581976 -0.613398 -0.533898
vn 0.535699 0.008289 -0.844368
vn -0.801785 0.127762 -0.583795
vn -0.980594 0.102134 0.167344
vn -0.985896 0.033802 0.163912
vn -0.807504 0.057812 -0.587022
vn -0.577250 0.032175 0.815934
vn -0.582508 -0.033483 0.812135
vn 0.159784 -0.040340 0.986327
vn 0.154193 -0.103885 0.982564
vn 0.803156 -0.073968 0.591159
vn 0.797338 -0.137141 0.587746
vn 0.988491 -0.049807 -0.142847
vn 0.982630 -0.114524 -0.146025
vn 0.602273 0.019068 -0.798063
vn 0.596393 -0.048269 -0.801240
vn -0.141289 0.093050 -0.985586
vn -0.147194 0.023522 -0.988828
vn -0.798200 0.155962 -0.581853
vn -0.974071 0.155003 0.164803
vn -0.986582 -0.000023 0.163266
vn -0.810154 -0.002679 -0.586211
vn -0.571656 0.124726 0.810958
vn -0.582637 -0.025134 0.812344
vn 0.163302 0.083310 0.983052
vn 0.155783 -0.062911 0.985786
vn 0.805312 0.054597 0.590333
vn 0.801194 -0.091502 0.591368
vn 0.988303 0.054959 -0.142258
vn 0.984891 -0.094567 -0.145073
vn 0.599945 0.084601 -0.795555
vn 0.593975 -0.070014 -0.801431
vn -0.142149 0.126615 -0.981714
vn -0.151709 -0.031832 -0.987913
vn -0.802926 0.115324 -0.584817
vn -0.977246 0.139781 0.159536
vn -0.986311 -0.014009 0.164301
vn -0.811583 -0.042172 -0.582714
vn -0.575600 0.144062 0.804942
vn -0.583294 -0.005475 0.812243
vn 0.159778 0.125994 0.979080
vn 0.155209 -0.021213 0.987654
vn 0.803934 0.096165 0.586892
vn 0.802790 -0.051954 0.593994
vn 0.986425 0.071704 -0.147732
vn 0.986274 -0.080064 -0.144405
vn 0.594491 0.066944 -0.801310
vn 0.591879 -0.089108 -0.801086
vn -0.149066 0.085015 -0.985166
vn -0.155386 -0.073425 -0.985121
vn -0.805418 0.087273 -0.586246
vn -0.977890 0.139599 0.155704
vn -0.985633 -0.019167 0.167811
vn -0.812616 -0.076100 -0.577809
vn -0.576516 0.173472 0.798459
vn -0.581797 0.019383 0.813103
vn 0.157860 0.169627 0.972783
vn 0.155898 0.017643 0.987616
vn 0.802441 0.130514 0.582283
vn 0.802992 -0.023050 0.595544
vn 0.985302 0.078447 -0.151746
vn 0.986785 -0.079552 -0.141161
vn 0.591839 0.043749 -0.804868
vn 0.591890 -0.119058 -0.797177
vn -0.152913 0.047338 -0.987105
vn -0.156570 -0.117749 -0.980623
vn -0.807455 0.047664 -0.588001
vn -0.979131 0.133559 0.153178
vn -0.984562 -0.026671 0.172995
vn -0.811908 -0.117879 -0.571760
vn -0.574915 0.204234 0.792314
vn -0.577771 0.050192 0.814654
vn 0.159365 0.219204 0.962576
vn 0.160189 0.068621 0.984698
vn 0.801372 0.170666 0.573302
vn 0.804616 0.019015 0.593491
vn 0.984095 0.086074 -0.155395
vn 0.987984 -0.070555 -0.137515
vn 0.592424 0.014054 -0.805504
vn 0.595069 -0.148781 -0.789783
vn -0.152900 -0.002218 -0.988239
vn -0.153582 -0.168848 -0.973603
vn -0.810190 -0.008726 -0.586103
vn -0.981718 0.114366 0.152155
vn -0.981960 -0.045337 0.183576
vn -0.811505 -0.175748 -0.557289
vn -0.575420 0.233047 0.783952
vn -0.573607 0.081263 0.815089
vn 0.158002 0.278779 0.947268
vn 0.161306 0.131389 0.978119
vn 0.797451 0.227085 0.559021
vn 0.803478 0.078383 0.590151
vn 0.980932 0.107101 -0.162179
vn 0.989934 -0.048393 -0.132999
vn 0.591947 -0.013106 -0.805870
vn 0.599721 -0.177253 -0.780331
vn -0.153446 -0.061940 -0.986214
vn -0.151198 -0.231039 -0.961124
vn -0.815844 -0.078456 -0.572926
vn -0.982435 0.109124 0.151373
vn -0.979898 -0.045090 0.194338
vn -0.812610 -0.242901 -0.529778
vn -0.578717 0.292678 0.761200
vn -0.575551 0.147804 0.804298
vn 0.145607 0.368974 0.917963
vn 0.151579 0.227650 0.961873
vn 0.785991 0.297606 0.541894
vn 0.796147 0.151877 0.585734
vn 0.979292 0.115715 -0.166123
vn 0.991451 -0.040392 -0.124072
vn 0.592642 -0.073957 -0.802063
vn 0.602412 -0.240256 -0.761168
vn -0.158385 -0.155927 -0.974988
vn -0.152790 -0.325635 -0.933069
vn -0.812961 -0.138747 -0.565547
vn -0.983592 0.124179 0.130871
vn -0.981693 -0.025461 0.188760
vn -0.808303 -0.297910 -0.507834
vn -0.585879 0.371964 0.719993
vn -0.582307 0.231160 0.779412
vn 0.138264 0.465851 0.873994
vn 0.146642 0.327441 0.933423
vn 0.783310 0.354777 0.510450
vn 0.795162 0.211004 0.568503
vn 0.979694 0.097196 -0.175362
vn 0.991470 -0.056143 -0.117624
vn 0.593679 -0.159578 -0.788721
vn 0.603802 -0.320957 -0.729664
vn -0.156130 -0.258754 -0.953242
vn -0.148064 -0.422544 -0.894167
vn -0.807096 -0.189912 -0.559043
vn -0.985355 0.128343 0.112266
vn -0.982946 -0.018330 0.182980
vn -0.802162 -0.343077 -0.488706
vn -0.590659 0.427677 0.684262
vn -0.586987 0.288006 0.756636
vn 0.137966 0.537338 0.832006
vn 0.146420 0.400305 0.904609
vn 0.784900 0.397023 0.475715
vn 0.797209 0.256458 0.546523
vn 0.978891 0.084186 -0.186238
vn 0.991140 -0.063372 -0.116731
vn 0.594884 -0.221703 -0.772632
vn 0.604928 -0.375202 -0.702343
vn -0.149431 -0.336742 -0.929664
vn -0.141620 -0.492420 -0.858759
vn -0.803596 -0.234308 -0.547114
vn -0.987541 0.116299 0.106005
vn -0.988599 0.047442 0.142902
vn -0.802523 -0.306130 -0.512095
vn -0.596145 0.450799 0.664373
vn -0.596005 0.385800 0.704227
vn 0.136001 0.575842 0.806170
vn 0.140915 0.512643 0.846959
vn 0.785896 0.421086 0.452828
vn 0.794953 0.356042 0.491207
vn 0.978162 0.074512 -0.194028
vn 0.987294 0.005674 -0.158802
vn 0.594151 -0.263710 -0.759896
vn 0.600602 -0.335470 -0.725767
vn -0.146297 -0.392764 -0.907928
vn -0.142569 -0.465512 -0.873483
s 1
g group3 sweep4
usemtl initialShadingGroup
f 687/616/543 688/617/544 689/952/545 690/953/546
f 688/617/544 687/616/543 691/620/547 692/621/548
f 692/621/548 691/620/547 693/622/549 694/623/550
f 694/623/550 693/622/549 695/624/551 696/625/552
f 696/625/552 695/624/551 697/626/553 698/627/554
f 698/627/554 697/626/553 699/628/555 700/629/556
f 700/629/556 699/628/555 701/630/557 702/631/558
f 702/631/558 701/630/557 690/619/546 689/618/545
f 703/632/559 704/633/560 705/948/561 706/949/562
f 704/633/560 703/632/559 707/636/563 708/637/564
f 708/637/564 707/636/563 709/638/565 710/639/566
f 710/639/566 709/638/565 711/640/567 712/641/568
f 712/641/568 711/640/567 713/642/569 714/643/570
f 714/643/570 713/642/569 715/644/571 716/645/572
f 716/645/572 715/644/571 717/646/573 718/647/574
f 718/647/574 717/646/573 706/635/562 705/634/561
f 719/648/575 720/649/576 721/944/577 722/945/578
f 720/649/576 719/648/575 723/652/579 724/653/580
f 724/653/580 723/652/579 725/654/581 726/655/582
f 726/655/582 725/654/581 727/656/583 728/657/584
f 728/657/584 727/656/583 729/658/585 730/659/586
f 730/659/586 729/658/585 731/660/587 732/661/588
f 732/661/588 731/660/587 733/662/589 734/663/590
f 734/663/590 733/662/589 722/651/578 721/650/577
f 735/664/591 736/665/592 737/940/593 738/941/594
f 736/665/592 735/664/591 739/668/595 740/669/596
f 740/669/596 739/668/595 741/670/597 742/671/598
f 742/671/598 741/670/597 743/672/599 744/673/600
f 744/673/600 743/672/599 745/674/601 746/675/602
f 746/675/602 745/674/601 747/676/603 748/677/604
f 748/677/604 747/676/603 749/678/605 750/679/606
f 750/679/606 749/678/605 738/667/594 737/666/593
f 751/680/607 752/681/608 753/936/609 754/937/610
f 752/681/608 751/680/607 755/684/611 756/685/612
f 756/685/612 755/684/611 757/686/613 758/687/614
f 758/687/614 757/686/613 759/688/615 760/689/616
f 760/689/616 759/688/615 761/690/617 762/691/618
f 762/691/618 761/690/617 763/692/619 764/693/620
f 764/693/620 763/692/619 765/694/621 766/695/622
f 766/695/622 765/694/621 754/683/610 753/682/609
f 767/696/623 768/697/624 769/932/625 770/933/626
f 768/697/624 767/696/623 771/700/627 772/701/628
f 772/701/628 771/700/627 773/702/629 774/703/630
f 774/703/630 773/702/629 775/704/631 776/705/632
f 776/705/632 775/704/631 777/706/633 778/707/634
f 778/707/634 777/706/633 779/708/635 780/709/636
f 780/709/636 779/708/635 781/710/637 782/711/638
f 782/711/638 781/710/637 770/699/626 769/698/625
f 783/712/639 784/713/640 785/928/641 786/929/642
f 784/713/640 783/712/639 787/716/643 788/717/644
f 788/717/644 787/716/643 789/718/645 790/719/646
f 790/719/646 789/718/645 791/720/647 792/721/648
f 792/721/648 791/720/647 793/722/649 794/723/650
f 794/723/650 793/722/649 795/724/651 796/725/652
f 796/725/652 795/724/651 797/726/653 798/727/654
f 798/727/654 797/726/653 786/715/642 785/714/641
f 799/728/655 800/729/656 801/924/657 802/925/658
f 800/729/656 799/728/655 803/732/659 804/733/660
f 804/733/660 803/732/659 805/734/661 806/735/662
f 806/735/662 805/734/661 807/736/663 808/737/664
f 808/737/664 807/736/663 809/738/665 810/739/666
f 810/739/666 809/738/665 811/740/667 812/741/668
f 812/741/668 811/740/667 813/742/669 814/743/670
f 814/743/670 813/742/669 802/731/658 801/730/657
f 815/744/671 816/745/672 817/920/673 818/921/674
f 816/745/672 815/744/671 819/748/675 820/749/676
f 820/749/676 819/748/675 821/750/677 822/751/678
f 822/751/678 821/750/677 823/752/679 824/753/680
f 824/753/680 823/752/679 825/754/681 826/755/682
f 826/755/682 825/754/681 827/756/683 828/757/684
f 828/757/684 827/756/683 829/758/685 830/759/686
f 830/759/686 829/758/685 818/747/674 817/746/673
f 527/760/687 528/761/688 545/762/689 543/763/690
f 528/761/688 529/764/691 547/765/692 545/762/689
f 529/764/691 530/766/693 549/767/694 547/765/692
f 530/766/693 531/768/695 551/769/696 549/767/694
f 531/768/695 532/770/697 553/771/698 551/769/696
f 532/770/697 533/772/699 555/773/700 553/771/698
f 533/772/699 534/774/701 557/954/702 555/773/700
f 534/957/701 527/760/687 543/763/690 557/775/702
f 544/776/703 546/777/704 561/778/705 559/779/706
f 546/777/704 548/780/707 563/781/708 561/778/705
f 548/780/707 550/782/709 565/783/710 563/781/708
f 550/782/709 552/784/711 567/785/712 565/783/710
f 552/784/711 554/786/713 569/787/714 567/785/712
f 554/786/713 556/788/715 571/789/716 569/787/714
f 556/788/715 558/790/717 573/950/718 571/789/716
f 558/955/717 544/776/703 559/779/706 573/791/718
f 560/792/719 562/793/720 577/794/721 575/795/722
f 562/793/720 564/796/723 579/797/724 577/794/721
f 564/796/723 566/798/725 581/799/726 579/797/724
f 566/798/725 568/800/727 583/801/728 581/799/726
f 568/800/727 570/802/729 585/803/730 583/801/728
f 570/802/729 572/804/731 587/805/732 585/803/730
f 572/804/731 574/806/733 589/946/734 587/805/732
f 574/951/733 560/792/719 575/795/722 589/807/734
f 576/808/735 578/809/736 593/810/737 591/811/738
f 578/809/736 580/812/739 595/813/740 593/810/737
f 580/812/739 582/814/741 597/815/742 595/813/740
f 582/814/741 584/816/743 599/817/744 597/815/742
f 584/816/743 586/818/745 601/819/746 599/817/744
f 586/818/745 588/820/747 603/821/748 601/819/746
f 588/820/747 590/822/749 605/942/750 603/821/748
f 590/947/749 576/808/735 591/811/738 605/823/750
f 592/824/751 594/825/752 609/826/753 607/827/754
f 594/825/752 596/828/755 611/829/756 609/826/753
f 596/828/755 598/830/757 613/831/758 611/829/756
f 598/830/757 600/832/759 615/833/760 613/831/758
f 600/832/759 602/834/761 617/835/762 615/833/760
f 602/834/761 604/836/763 619/837/764 617/835/762
f 604/836/763 606/838/765 621/938/766 619/837/764
f 606/943/765 592/824/751 607/827/754 621/839/766
f 608/840/767 610/841/768 625/842/769 623/843/770
f 610/841/768 612/844/771 627/845/772 625/842/769
f 612/844/771 614/846/773 629/847/774 627/845/772
f 614/846/773 616/848/775 631/849/776 629/847/774
f 616/848/775 618/850/777 633/851/778 631/849/776
f 618/850/777 620/852/779 635/853/780 633/851/778
f 620/852/779 622/854/781 637/934/782 635/853/780
f 622/939/781 608/840/767 623/843/770 637/855/782
f 624/856/783 626/857/784 641/858/785 639/859/786
f 626/857/784 628/860/787 643/861/788 641/858/785
f 628/860/787 630/862/789 645/863/790 643/861/788
f 630/862/789 632/864/791 647/865/792 645/863/790
f 632/864/791 634/866/793 649/867/794 647/865/792
f 634/866/793 636/868/795 651/869/796 649/867/794
f 636/868/795 638/870/797 653/930/798 651/869/796
f 638/935/797 624/856/783 639/859/786 653/871/798
f 640/872/799 642/873/800 657/874/801 655/875/802
f 642/873/800 644/876/803 659/877/804 657/874/801
f 644/876/803 646/878/805 661/879/806 659/877/804
f 646/878/805 648/880/807 663/881/808 661/879/806
f 648/880/807 650/882/809 665/883/810 663/881/808
f 650/882/809 652/884/811 667/885/812 665/883/810
f 652/884/811 654/886/813 669/926/814 667/885/812
f 654/931/813 640/872/799 655/875/802 669/887/814
f 656/888/815 658/889/816 673/890/817 671/891/818
f 658/889/816 660/892/819 675/893/820 673/890/817
f 660/892/819 662/894/821 677/895/822 675/893/820
f 662/894/821 664/896/823 679/897/824 677/895/822
f 664/896/823 666/898/825 681/899/826 679/897/824
f 666/898/825 668/900/827 683/901/828 681/899/826
f 668/900/827 670/902/829 685/922/830 683/901/828
f 670/927/829 656/888/815 671/891/818 685/903/830
f 672/904/831 674/905/832 536/906/833 535/907/834
f 674/905/832 676/908/835 537/909/836 536/906/833
f 676/908/835 678/910/837 538/911/838 537/909/836
f 678/910/837 680/912/839 539/913/840 538/911/838
f 680/912/839 682/914/841 540/915/842 539/913/840
f 682/914/841 684/916/843 541/917/844 540/915/842
f 684/916/843 686/918/845 542/956/846 541/917/844
f 686/923/845 672/904/831 535/907/834 542/919/846
f 544/776/703 558/955/717 689/952/545 688/617/544
f 557/775/702 543/763/690 687/616/543 690/953/546
f 543/763/690 545/762/689 691/620/547 687/616/543
f 546/777/704 544/776/703 688/617/544 692/621/548
f 545/762/689 547/765/692 693/622/549 691/620/547
f 548/780/707 546/777/704 692/621/548 694/623/550
f 547/765/692 549/767/694 695/624/551 693/622/549
f 550/782/709 548/780/707 694/623/550 696/625/552
f 549/767/694 551/769/696 697/626/553 695/624/551
f 552/784/711 550/782/709 696/625/552 698/627/554
f 551/769/696 553/771/698 699/628/555 697/626/553
f 554/786/713 552/784/711 698/627/554 700/629/556
f 553/771/698 555/773/700 701/630/557 699/628/555
f 556/788/715 554/786/713 700/629/556 702/631/558
f 555/773/700 557/954/702 690/619/546 701/630/557
f 558/790/717 556/788/715 702/631/558 689/618/545
f 560/792/719 574/951/733 705/948/561 704/633/560
f 573/791/718 559/779/706 703/632/559 706/949/562
f 559/779/706 561/778/705 707/636/563 703/632/559
f 562/793/720 560/792/719 704/633/560 708/637/564
f 561/778/705 563/781/708 709/638/565 707/636/563
f 564/796/723 562/793/720 708/637/564 710/639/566
f 563/781/708 565/783/710 711/640/567 709/638/565
f 566/798/725 564/796/723 710/639/566 712/641/568
f 565/783/710 567/785/712 713/642/569 711/640/567
f 568/800/727 566/798/725 712/641/568 714/643/570
f 567/785/712 569/787/714 715/644/571 713/642/569
f 570/802/729 568/800/727 714/643/570 716/645/572
f 569/787/714 571/789/716 717/646/573 715/644/571
f 572/804/731 570/802/729 716/645/572 718/647/574
f 571/789/716 573/950/718 706/635/562 717/646/573
f 574/806/733 572/804/731 718/647/574 705/634/561
f 576/808/735 590/947/749 721/944/577 720/649/576
f 589/807/734 575/795/722 719/648/575 722/945/578
f 575/795/722 577/794/721 723/652/579 719/648/575
f 578/809/736 576/808/735 720/649/576 724/653/580
f 577/794/721 579/797/724 725/654/581 723/652/579
f 580/812/739 578/809/736 724/653/580 726/655/582
f 579/797/724 581/799/726 727/656/583 725/654/581
f 582/814/741 580/812/739 726/655/582 728/657/584
f 581/799/726 583/801/728 729/658/585 727/656/583
f 584/816/743 582/814/741 728/657/584 730/659/586
f 583/801/728 585/803/730 731/660/587 729/658/585
f 586/818/745 584/816/743 730/659/586 732/661/588
f 585/803/730 587/805/732 733/662/589 731/660/587
f 588/820/747 586/818/745 732/661/588 734/663/590
f 587/805/732 589/946/734 722/651/578 733/662/589
f 590/822/749 588/820/747 734/663/590 721/650/577
f 592/824/751 606/943/765 737/940/593 736/665/592
f 605/823/750 591/811/738 735/664/591 738/941/594
f 591/811/738 593/810/737 739/668/595 735/664/591
f 594/825/752 592/824/751 736/665/592 740/669/596
f 593/810/737 595/813/740 741/670/597 739/668/595
f 596/828/755 594/825/752 740/669/596 742/671/598
f 595/813/740 597/815/742 743/672/599 741/670/597
f 598/830/757 596/828/755 742/671/598 744/673/600
f 597/815/742 599/817/744 745/674/601 743/672/599
f 600/832/759 598/830/757 744/673/600 746/675/602
f 599/817/744 601/819/746 747/676/603 745/674/601
f 602/834/761 600/832/759 746/675/602 748/677/604
f 601/819/746 603/821/748 749/678/605 747/676/603
f 604/836/763 602/834/761 748/677/604 750/679/606
f 603/821/748 605/942/750 738/667/594 749/678/605
f 606/838/765 604/836/763 750/679/606 737/666/593
f 608/840/767 622/939/781 753/936/609 752/681/608
f 621/839/766 607/827/754 751/680/607 754/937/610
f 607/827/754 609/826/753 755/684/611 751/680/607
f 610/841/768 608/840/767 752/681/608 756/685/612
f 609/826/753 611/829/756 757/686/613 755/684/611
f 612/844/771 610/841/768 756/685/612 758/687/614
f 611/829/756 613/831/758 759/688/615 757/686/613
f 614/846/773 612/844/771 758/687/614 760/689/616
f 613/831/758 615/833/760 761/690/617 759/688/615
f 616/848/775 614/846/773 760/689/616 762/691/618
f 615/833/760 617/835/762 763/692/619 761/690/617
f 618/850/777 616/848/775 762/691/618 764/693/620
f 617/835/762 619/837/764 765/694/621 763/692/619
f 620/852/779 618/850/777 764/693/620 766/695/622
f 619/837/764 621/938/766 754/683/610 765/694/621
f 622/854/781 620/852/779 766/695/622 753/682/609
f 624/856/783 638/935/797 769/932/625 768/697/624
f 637/855/782 623/843/770 767/696/623 770/933/626
f 623/843/770 625/842/769 771/700/627 767/696/623
f 626/857/784 624/856/783 768/697/624 772/701/628
f 625/842/769 627/845/772 773/702/629 771/700/627
f 628/860/787 626/857/784 772/701/628 774/703/630
f 627/845/772 629/847/774 775/704/631 773/702/629
f 630/862/789 628/860/787 774/703/630 776/705/632
f 629/847/774 631/849/776 777/706/633 775/704/631
f 632/864/791 630/862/789 776/705/632 778/707/634
f 631/849/776 633/851/778 779/708/635 777/706/633
f 634/866/793 632/864/791 778/707/634 780/709/636
f 633/851/778 635/853/780 781/710/637 779/708/635
f 636/868/795 634/866/793 780/709/636 782/711/638
f 635/853/780 637/934/782 770/699/626 781/710/637
f 638/870/797 636/868/795 782/711/638 769/698/625
f 640/872/799 654/931/813 785/928/641 784/713/640
f 653/871/798 639/859/786 783/712/639 786/929/642
f 639/859/786 641/858/785 787/716/643 783/712/639
f 642/873/800 640/872/799 784/713/640 788/717/644
f 641/858/785 643/861/788 789/718/645 787/716/643
f 644/876/803 642/873/800 788/717/644 790/719/646
f 643/861/788 645/863/790 791/720/647 789/718/645
f 646/878/805 644/876/803 790/719/646 792/721/648
f 645/863/790 647/865/792 793/722/649 791/720/647
f 648/880/807 646/878/805 792/721/648 794/723/650
f 647/865/792 649/867/794 795/724/651 793/722/649
f 650/882/809 648/880/807 794/723/650 796/725/652
f 649/867/794 651/869/796 797/726/653 795/724/651
f 652/884/811 650/882/809 796/725/652 798/727/654
f 651/869/796 653/930/798 786/715/642 797/726/653
f 654/886/813 652/884/811 798/727/654 785/714/641
f 656/888/815 670/927/829 801/924/657 800/729/656
f 669/887/814 655/875/802 799/728/655 802/925/658
f 655/875/802 657/874/801 803/732/659 799/728/655
f 658/889/816 656/888/815 800/729/656 804/733/660
f 657/874/801 659/877/804 805/734/661 803/732/659
f 660/892/819 658/889/816 804/733/660 806/735/662
f 659/877/804 661/879/806 807/736/663 805/734/661
f 662/894/821 660/892/819 806/735/662 808/737/664
f 661/879/806 663/881/808 809/738/665 807/736/663
f 664/896/823 662/894/821 808/737/664 810/739/666
f 663/881/808 665/883/810 811/740/667 809/738/665
f 666/898/825 664/896/823 810/739/666 812/741/668
f 665/883/810 667/885/812 813/742/669 811/740/667
f 668/900/827 666/898/825 812/741/668 814/743/670
f 667/885/812 669/926/814 802/731/658 813/742/669
f 670/902/829 668/900/827 814/743/670 801/730/657
f 672/904/831 686/923/845 817/920/673 816/745/672
f 685/903/830 671/891/818 815/744/671 818/921/674
f 671/891/818 673/890/817 819/748/675 815/744/671
f 674/905/832 672/904/831 816/745/672 820/749/676
f 673/890/817 675/893/820 821/750/677 819/748/675
f 676/908/835 674/905/832 820/749/676 822/751/678
f 675/893/820 677/895/822 823/752/679 821/750/677
f 678/910/837 676/908/835 822/751/678 824/753/680
f 677/895/822 679/897/824 825/754/681 823/752/679
f 680/912/839 678/910/837 824/753/680 826/755/682
f 679/897/824 681/899/826 827/756/683 825/754/681
f 682/914/841 680/912/839 826/755/682 828/757/684
f 681/899/826 683/901/828 829/758/685 827/756/683
f 684/916/843 682/914/841 828/757/684 830/759/686
f 683/901/828 685/922/830 818/747/674 829/758/685
f 686/918/845 684/916/843 830/759/686 817/746/673
g default
v -342.464294 68.405289 46.226727
v -225.571198 68.405289 57.529217
v -304.498199 123.161705 22.318146
v -245.800446 123.161705 37.300056
v -304.498199 123.161705 -32.438293
v -254.180054 123.161705 -21.897377
v -324.727448 68.405289 -52.667450
v -229.464172 68.405289 -54.071198
v -330.138824 52.158566 -57.815308
v -224.052734 52.158566 -59.219040
v -219.690186 52.158566 55.136143
v -347.875671 52.158566 51.374577
v -235.016296 123.161705 16.299164
v -319.920532 123.161705 -6.456848
v -369.232880 68.405289 -2.777435
v -377.679474 52.158566 -2.777435
v -194.506958 52.158566 8.474228
v -203.440796 68.405289 16.299164
v -273.408875 123.161705 36.708309
v -273.382080 68.405289 67.852936
v -273.382080 52.158566 75.888176
v -276.171265 52.158566 -92.392624
v -276.171265 68.405289 -84.357391
v -280.621826 123.161705 -41.417038
v -275.388550 137.840637 14.785179
v -262.797791 137.840637 10.650047
v -257.955627 137.840637 0.781784
v -277.001953 137.840637 -2.569794
v -278.616852 137.840637 -19.900520
v -266.804443 137.840637 -11.450958
v -289.268738 137.840637 8.533340
v -296.148987 137.840637 -4.303902
v -289.268738 137.840637 -15.894882
vt 0.769903 0.353272
vt 0.806192 0.315831
vt 0.851919 0.369478
vt 0.821984 0.394746
vt 0.840310 0.415391
vt 0.852604 0.408316
vt 0.863598 0.412800
vt 0.852160 0.429327
vt 0.881919 0.462912
vt 0.891357 0.429520
vt 0.962239 0.451389
vt 0.940290 0.506687
vt 0.923777 0.339555
vt 0.872976 0.382034
vt 0.763954 0.518718
vt 0.735935 0.466158
vt 0.806504 0.427898
vt 0.820740 0.466720
vt 0.981227 0.402411
vt 0.954975 0.519155
vt 0.799020 0.298681
vt 0.944015 0.332588
vt 0.754723 0.341328
vt 0.750612 0.532928
vt 0.718176 0.473832
vt 0.863747 0.443141
vt 0.867037 0.428268
vt 0.887355 0.538707
vt 0.850420 0.478308
vt 0.895997 0.555935
vt 0.834091 0.430268
vt 0.839375 0.444717
vt 0.852958 0.448921
vt 0.859553 0.477620
vt 0.806694 0.435254
vt 0.891586 0.423496
vt 0.840755 0.372190
vt 0.731221 0.420028
vt 0.713151 0.413967
vt 0.882658 0.310044
vt 0.897624 0.298681
vt 0.963339 0.409021
vt 0.980659 0.457122
vt 0.830955 0.542938
vt 0.824250 0.561077
vn -0.106226 0.446221 0.888596
vn 0.516538 0.413458 0.749827
vn 0.441069 0.554592 0.705610
vn -0.134747 0.552573 0.822500
vn -0.096677 0.890641 0.444310
vn 0.200868 0.932642 0.299720
vn 0.501251 0.853714 -0.141139
vn 0.000000 1.000000 0.000000
vn 0.056603 0.631325 -0.773450
vn 0.661320 0.575732 -0.480821
vn 0.666806 0.532658 -0.521196
vn 0.043029 0.557062 -0.829355
vn 0.872752 0.487321 -0.028690
vn 0.822603 0.566416 -0.049980
vn -0.803692 0.589076 -0.084080
vn -0.533656 0.552384 0.640377
vn -0.476085 0.620849 0.622808
vn -0.739301 0.666696 -0.094607
vn 0.700013 0.465646 -0.541438
vn -0.012158 0.456419 -0.889682
vn 0.669404 0.249314 0.699815
vn 0.879371 0.456368 -0.135774
vn -0.059798 0.342049 0.937778
vn -0.872953 0.470364 -0.129271
vn -0.548948 0.430258 0.716614
vn 0.120623 0.872887 -0.472777
vn 0.421659 0.830859 -0.363148
vn -0.581938 0.477184 -0.658516
vn -0.547357 0.556300 -0.625245
vn -0.608932 0.396519 -0.687004
vn -0.316846 0.881169 0.350928
vn -0.443762 0.896117 0.006970
vn -0.290257 0.897856 -0.331068
s 1
g group3 pCube1
usemtl initialShadingGroup
f 850/958/847 832/959/848 834/994/849 849/961/850
f 855/962/851 856/963/852 857/964/853 858/965/854
f 854/966/855 836/967/856 838/968/857 853/969/858
f 832/997/848 848/970/859 843/971/860 834/960/849
f 845/972/861 831/973/862 833/992/863 844/975/864
f 853/969/858 838/968/857 840/1000/865 852/977/866
f 848/970/859 832/997/848 841/998/867 847/979/868
f 832/959/848 850/958/847 851/980/869 841/978/867
f 831/973/862 845/972/861 846/981/870 842/982/871
f 859/983/872 858/965/854 857/964/853 860/984/873
f 837/1001/874 845/972/861 844/975/864 835/986/875
f 846/981/870 845/972/861 837/1001/874 839/1002/876
f 838/999/857 848/970/859 847/979/868 840/976/865
f 843/971/860 848/970/859 838/999/857 836/993/856
f 861/988/877 855/962/851 858/965/854 862/989/878
f 831/995/862 850/958/847 849/961/850 833/974/863
f 851/980/869 850/958/847 831/995/862 842/996/871
f 837/985/874 853/969/858 852/977/866 839/987/876
f 835/991/875 854/966/855 853/969/858 837/985/874
f 862/989/878 858/965/854 859/983/872 863/990/879
f 849/961/850 834/994/849 856/963/852 855/962/851
f 834/960/849 843/971/860 857/964/853 856/963/852
f 843/971/860 836/993/856 860/984/873 857/964/853
f 836/967/856 854/966/855 859/983/872 860/984/873
f 833/974/863 849/961/850 855/962/851 861/988/877
f 844/975/864 833/992/863 861/988/877 862/989/878
f 854/966/855 835/991/875 863/990/879 859/983/872
f 835/986/875 844/975/864 862/989/878 863/990/879
g default
v -329.777649 81.636421 -909.938965
v -322.714355 79.544670 -899.441772
v -311.151245 74.494743 -897.150574
v -301.861877 69.444817 -904.407471
v -300.287842 67.353065 -916.961365
v -307.351135 69.444817 -927.458618
v -318.914246 74.494743 -929.749817
v -328.203583 79.544678 -922.492920
v -392.096649 334.677704 -998.129211
v -390.702057 340.047516 -995.649170
v -387.819061 345.043152 -997.560303
v -385.136993 346.738831 -1002.742493
v -384.225616 344.141479 -1008.160217
v -385.619049 338.772278 -1010.640442
v -388.502136 333.776184 -1008.730408
v -391.185150 332.079742 -1003.547852
v -320.457092 106.642067 -911.991943
v -318.244690 114.921806 -912.480408
v -313.449097 105.478790 -902.065369
v -311.352417 113.777458 -902.707764
v -301.707153 102.842766 -900.058289
v -299.786377 111.181900 -900.719177
v -292.111328 100.289948 -907.136780
v -290.317078 108.664932 -907.688599
v -290.273682 99.312714 -919.148865
v -288.499664 107.701248 -919.536682
v -297.267792 100.474518 -929.066223
v -295.402740 108.848831 -929.315002
v -309.002808 103.102325 -931.086304
v -306.974823 111.440498 -931.292175
v -318.610779 105.660690 -924.017334
v -316.432526 113.958557 -924.316956
v -314.409393 137.876587 -913.331360
v -313.568512 146.412949 -913.698486
v -307.680817 137.714844 -904.020996
v -306.952057 146.251816 -904.536438
v -296.361145 137.100952 -902.195740
v -295.806244 145.648972 -902.732422
v -287.082458 136.408844 -908.916809
v -286.661499 144.970779 -909.348999
v -285.273621 136.032990 -920.243530
v -284.879333 144.602753 -920.508179
v -291.990814 136.194672 -929.548340
v -291.502563 144.763016 -929.668335
v -303.306061 136.801514 -931.384583
v -302.646667 145.360657 -931.465027
v -312.595276 137.499451 -924.669312
v -311.784546 146.045547 -924.850525
v -312.805145 171.206955 -914.910278
v -312.734741 179.747269 -915.794373
v -306.484375 172.082352 -906.236511
v -306.523376 180.605103 -907.260132
v -295.857941 172.524750 -904.575562
v -296.066559 181.040909 -905.622681
v -287.149414 172.267334 -910.895447
v -287.495880 180.790909 -911.843445
v -285.455566 171.466232 -921.495422
v -285.835754 180.005569 -922.272766
v -291.769592 170.586639 -930.170715
v -292.052094 179.142029 -930.796387
v -302.397705 170.146088 -931.838928
v -302.499420 178.709488 -932.429016
v -311.113037 170.403381 -925.517151
v -311.064911 178.960938 -926.218079
v -313.071899 202.984451 -919.482117
v -313.408630 211.293884 -921.610596
v -307.202118 205.216461 -911.570435
v -307.650391 213.487030 -913.828308
v -297.257080 206.164215 -910.096558
v -297.872131 214.417999 -912.374207
v -289.055786 205.263702 -915.919067
v -289.808716 213.530533 -918.101990
v -287.399353 203.051697 -925.635010
v -288.190491 211.356247 -927.653198
v -293.263763 200.814545 -933.555603
v -293.957397 209.162857 -935.423462
v -303.218201 199.862900 -935.034424
v -303.723907 208.232269 -936.868164
v -311.424683 200.764847 -929.202209
v -311.778381 209.116455 -931.151306
v -314.880157 232.988800 -929.386353
v -315.814667 240.714325 -933.006775
v -309.580231 236.941483 -922.653320
v -310.626373 244.596741 -926.390808
v -300.382874 238.756042 -921.606018
v -301.597107 246.382309 -925.353821
v -292.667908 237.368866 -926.851807
v -294.019623 245.018539 -930.506775
v -290.948547 233.589020 -935.324158
v -292.338501 241.303162 -938.826355
v -296.240814 229.643188 -942.071045
v -297.538666 237.430405 -945.441345
v -305.449036 227.820099 -943.125183
v -306.561523 235.646561 -946.468201
v -313.172791 229.210205 -937.868408
v -314.129211 237.009491 -941.321167
v -319.227539 259.712646 -944.222534
v -321.224243 266.716248 -948.765198
v -314.601624 264.773132 -938.748962
v -316.706177 271.674164 -943.397766
v -306.283173 267.530884 -938.385620
v -308.559387 274.383392 -943.029053
v -299.140228 266.371368 -943.338318
v -301.552917 273.249390 -947.880188
v -297.351501 261.976471 -950.712158
v -299.799072 268.934418 -955.110413
v -301.968842 256.920319 -956.194519
v -304.329407 263.973663 -960.480225
v -310.294342 254.164520 -956.570068
v -312.483337 261.278229 -960.844299
v -317.444885 255.314377 -951.605469
v -319.475555 262.410187 -955.987549
v -327.769836 283.035248 -960.396851
v -331.502747 289.362335 -964.835205
v -323.877808 288.576935 -955.926208
v -327.710785 294.772644 -960.464661
v -316.786072 292.469849 -956.518066
v -320.781891 298.584076 -961.030518
v -310.649109 292.435059 -961.816162
v -314.767944 298.556244 -966.209106
v -309.058655 288.505463 -968.724121
v -313.206757 294.705963 -972.972839
v -312.938477 282.967102 -973.193237
v -317.008148 289.282013 -977.344177
v -320.031677 279.080139 -972.619446
v -323.953369 285.486664 -976.771851
v -326.175354 279.099487 -967.314697
v -329.948792 285.517517 -971.585693
v -342.648407 303.246033 -974.397522
v -348.305145 308.535492 -978.103455
v -339.710083 309.078125 -970.802063
v -345.444489 314.215912 -974.595398
v -334.450439 314.113617 -972.353699
v -340.310699 319.139618 -976.104248
v -329.979248 315.435974 -978.154297
v -335.942993 320.440765 -981.768921
v -328.888489 312.255829 -984.789734
v -334.876648 317.334686 -988.255920
v -331.816406 306.436676 -988.384644
v -337.742859 311.646973 -991.762268
v -337.058044 301.383270 -986.837219
v -342.864136 306.717712 -990.237305
v -341.550812 300.061218 -981.046875
v -347.241425 305.434021 -984.582153
v -364.616333 320.079346 -986.368042
v -371.457153 324.201202 -989.513245
v -362.645081 325.870728 -983.437500
v -369.540741 329.837280 -986.659302
v -358.910706 331.187439 -985.367126
v -365.905762 335.021606 -988.535400
v -355.610229 332.923645 -991.024902
v -362.689697 336.719391 -994.048096
v -354.663544 330.060760 -997.093445
v -361.767578 333.929413 -999.962952
v -356.624603 324.273499 -1000.023926
v -363.681396 328.288116 -1002.813538
v -360.356171 318.952301 -998.102173
v -367.316864 323.106140 -1000.933899
v -363.667389 317.212250 -992.444946
v -370.536133 321.413757 -995.424927
v -322.058441 109.684738 -911.591858
v -321.112946 113.134254 -911.819519
v -319.013489 112.006386 -925.499329
v -319.955505 108.550835 -925.362488
v -314.034576 108.354324 -900.229736
v -313.144897 111.813309 -900.519348
v -300.593384 105.328537 -897.923645
v -299.776062 108.803696 -898.227417
v -289.596985 102.387421 -906.021851
v -288.846222 105.880600 -906.288513
v -287.484222 101.251907 -919.790222
v -286.759705 104.756165 -919.969116
v -295.504272 102.582504 -931.163574
v -294.728821 106.079407 -931.255066
v -308.957031 105.605888 -933.471924
v -308.085388 109.081207 -933.546204
v -316.480164 140.614639 -912.870605
v -316.106140 144.175064 -913.068909
v -314.010132 143.718552 -926.073853
v -314.407593 140.155457 -925.949646
v -308.722290 140.430908 -902.140686
v -308.385773 143.990646 -902.374451
v -295.672638 139.703156 -900.018677
v -295.381683 143.264999 -900.284485
v -284.946289 138.868790 -907.757996
v -284.741852 142.438324 -908.012268
v -282.837677 138.406555 -920.851318
v -282.687958 141.983612 -920.999878
v -290.608734 138.591461 -931.617371
v -290.391479 142.167862 -931.652039
v -303.695282 139.316544 -933.724792
v -303.353516 142.885803 -933.759338
v -315.107880 173.773010 -914.586670
v -315.063660 177.333023 -915.021729
v -313.077148 176.376129 -927.286621
v -313.158936 172.806641 -926.934448
v -307.751465 174.802948 -904.505798
v -307.750793 178.357376 -904.962524
v -295.393860 175.303558 -902.562195
v -295.428528 178.854584 -903.041138
v -285.238708 174.973511 -909.899109
v -285.353760 178.524216 -910.377747
v -283.241302 174.008774 -922.253540
v -283.422363 177.567673 -922.635254
v -290.605286 172.971115 -932.382751
v -290.726746 176.542786 -932.638489
v -303.011353 172.473145 -934.319763
v -302.994080 176.049561 -934.567993
v -315.489594 205.456238 -919.532715
v -315.627319 208.912125 -920.475647
v -313.683655 206.315353 -931.795959
v -313.558380 202.830399 -930.971313
v -308.576996 208.100555 -910.240906
v -308.798401 211.540009 -911.229004
v -296.890320 209.226440 -908.523804
v -297.175781 212.665146 -909.493469
v -287.258423 208.170517 -915.363586
v -287.584900 211.611969 -916.306030
v -285.302734 205.558731 -926.773071
v -285.667725 209.011017 -927.661011
v -292.185791 202.906998 -936.089417
v -292.528809 206.384995 -936.880615
v -303.897034 201.770782 -937.836243
v -304.125305 205.267639 -938.582458
v -317.478149 235.211197 -929.899353
v -317.847473 238.451721 -931.382690
v -315.843597 234.021240 -941.380066
v -315.433502 230.743484 -939.991333
v -311.177582 239.905945 -921.876526
v -311.612976 243.097595 -923.445190
v -300.230499 242.070816 -920.637756
v -300.782654 245.248840 -922.200256
v -291.067413 240.435135 -926.899414
v -291.679474 243.640640 -928.385193
v -289.045898 235.965469 -936.973694
v -289.646088 239.201309 -938.395935
v -295.334106 231.292236 -944.977417
v -295.896423 234.548737 -946.363708
v -306.256958 229.119659 -946.231018
v -306.754272 232.397339 -947.590393
v -322.095032 261.513885 -944.906982
v -322.909363 264.476410 -946.752869
v -320.820251 259.266602 -955.557251
v -319.931519 256.259888 -953.816833
v -316.522095 267.605743 -938.290039
v -317.411560 270.479034 -940.236816
v -306.492432 270.941193 -937.872925
v -307.530640 273.789459 -939.789673
v -297.920410 269.563782 -943.879456
v -299.007721 272.465637 -945.693970
v -295.812134 264.310303 -952.758667
v -296.854401 267.252777 -954.528381
v -301.359558 258.260559 -959.332397
v -302.380035 261.208557 -961.096497
v -311.334961 254.929932 -959.783264
v -312.327087 257.906097 -961.516785
v -330.974792 284.269440 -960.774292
v -332.520630 286.930511 -962.609436
v -330.628967 282.198486 -970.947205
v -329.024323 279.488770 -969.234924
v -326.218842 291.042206 -955.310974
v -327.846497 293.599640 -957.222595
v -317.566162 295.807190 -956.061768
v -319.316895 298.327332 -957.920044
v -310.113281 295.775208 -962.552307
v -311.894623 298.336487 -964.324402
v -308.204468 291.000885 -970.969360
v -309.958984 293.599274 -972.707764
v -312.920532 284.266479 -976.405273
v -314.668762 286.882050 -978.120483
v -321.537018 279.507019 -975.705811
v -323.251556 282.170319 -977.384338
v -346.072235 303.756012 -974.234497
v -348.408997 305.964294 -975.820801
v -347.038452 302.050323 -983.977295
v -344.711517 299.795227 -982.434875
v -342.441345 310.952545 -969.790955
v -344.797821 313.121643 -971.397400
v -335.924316 317.171997 -971.673401
v -338.308502 319.292053 -973.307556
v -330.341034 318.806427 -978.827820
v -332.798523 320.876068 -980.419373
v -328.953308 314.852295 -987.065613
v -331.456970 316.953949 -988.533203
v -332.600983 307.622894 -991.532715
v -335.049072 309.835083 -992.932068
v -339.134064 301.383789 -989.603271
v -341.493988 303.662628 -991.056335
v -368.043243 319.973816 -985.875793
v -370.877991 321.721954 -987.197998
v -369.686127 318.137604 -994.799255
v -366.846863 316.359558 -993.521118
v -365.552795 327.255737 -982.168213
v -368.393463 328.960938 -983.533142
v -360.819641 333.959686 -984.569885
v -363.698151 335.589111 -985.950378
v -356.617218 336.158234 -991.704102
v -359.560150 337.732849 -993.007874
v -355.411560 332.534668 -999.385498
v -358.378296 334.158630 -1000.568481
v -357.916565 325.219238 -1003.088196
v -360.838196 326.952667 -1004.235168
v -362.658386 318.524384 -1000.649841
v -365.522858 320.314117 -1001.858337
vt 0.118633 0.887411
vt 0.122660 0.887411
vt 0.122660 0.815001
vt 0.118633 0.815001
vt 0.118633 0.877277
vt 0.122660 0.877277
vt 0.118633 0.866744
vt 0.122660 0.866744
vt 0.118633 0.856475
vt 0.122660 0.856475
vt 0.118633 0.845906
vt 0.122660 0.845906
vt 0.118633 0.835394
vt 0.122660 0.835395
vt 0.118633 0.825092
vt 0.122660 0.825092
vt 0.157003 0.887411
vt 0.161079 0.887411
vt 0.161079 0.815001
vt 0.157003 0.815001
vt 0.157003 0.877277
vt 0.161079 0.877277
vt 0.157003 0.866744
vt 0.161079 0.866744
vt 0.157003 0.856475
vt 0.161079 0.856475
vt 0.157003 0.845906
vt 0.161079 0.845906
vt 0.157003 0.835394
vt 0.161079 0.835394
vt 0.157003 0.825092
vt 0.161079 0.825092
vt 0.195912 0.887411
vt 0.199879 0.887411
vt 0.199879 0.815001
vt 0.195912 0.815001
vt 0.195912 0.877277
vt 0.199879 0.877277
vt 0.195912 0.866744
vt 0.199879 0.866744
vt 0.195912 0.856475
vt 0.199879 0.856475
vt 0.195912 0.845906
vt 0.199880 0.845906
vt 0.195912 0.835394
vt 0.199879 0.835394
vt 0.195912 0.825092
vt 0.199879 0.825092
vt 0.232448 0.887411
vt 0.236330 0.887411
vt 0.236330 0.815001
vt 0.232448 0.815001
vt 0.232448 0.877277
vt 0.236330 0.877277
vt 0.232448 0.866744
vt 0.236330 0.866744
vt 0.232448 0.856475
vt 0.236330 0.856475
vt 0.232448 0.845906
vt 0.236330 0.845906
vt 0.232448 0.835394
vt 0.236330 0.835394
vt 0.232448 0.825092
vt 0.236330 0.825092
vt 0.268429 0.887411
vt 0.272373 0.887411
vt 0.272373 0.815001
vt 0.268429 0.815001
vt 0.268429 0.877277
vt 0.272373 0.877278
vt 0.268429 0.866744
vt 0.272373 0.866744
vt 0.268429 0.856475
vt 0.272373 0.856475
vt 0.268429 0.845906
vt 0.272373 0.845906
vt 0.268429 0.835395
vt 0.272373 0.835394
vt 0.268429 0.825092
vt 0.272373 0.825092
vt 0.304293 0.887411
vt 0.308283 0.887411
vt 0.308283 0.815001
vt 0.304293 0.815001
vt 0.304293 0.877277
vt 0.308283 0.877277
vt 0.304293 0.866744
vt 0.308283 0.866744
vt 0.304293 0.856475
vt 0.308283 0.856475
vt 0.304293 0.845906
vt 0.308283 0.845906
vt 0.304293 0.835395
vt 0.308283 0.835395
vt 0.304293 0.825092
vt 0.308283 0.825092
vt 0.340376 0.887411
vt 0.344406 0.887411
vt 0.344406 0.815001
vt 0.340377 0.815001
vt 0.340377 0.877277
vt 0.344406 0.877277
vt 0.340377 0.866744
vt 0.344406 0.866744
vt 0.340377 0.856475
vt 0.344406 0.856475
vt 0.340377 0.845906
vt 0.344406 0.845906
vt 0.340377 0.835394
vt 0.344406 0.835394
vt 0.340377 0.825092
vt 0.344406 0.825092
vt 0.375768 0.887411
vt 0.379973 0.887411
vt 0.379973 0.815001
vt 0.375768 0.815001
vt 0.375768 0.877278
vt 0.379973 0.877277
vt 0.375768 0.866744
vt 0.379973 0.866744
vt 0.375768 0.856475
vt 0.379973 0.856475
vt 0.375768 0.845906
vt 0.379973 0.845906
vt 0.375768 0.835395
vt 0.379973 0.835395
vt 0.375768 0.825092
vt 0.379973 0.825092
vt 0.411938 0.887411
vt 0.416069 0.887411
vt 0.416069 0.815001
vt 0.411938 0.815001
vt 0.411938 0.877277
vt 0.416069 0.877277
vt 0.411938 0.866744
vt 0.416069 0.866744
vt 0.411938 0.856475
vt 0.416069 0.856475
vt 0.411938 0.845906
vt 0.416069 0.845906
vt 0.411937 0.835395
vt 0.416069 0.835395
vt 0.411938 0.825092
vt 0.416069 0.825092
vt 0.082466 0.887411
vt 0.082465 0.877277
vt 0.114830 0.877277
vt 0.114830 0.887411
vt 0.082465 0.866744
vt 0.114830 0.866744
vt 0.082466 0.856475
vt 0.114830 0.856475
vt 0.082466 0.845906
vt 0.114830 0.845906
vt 0.082465 0.835394
vt 0.114831 0.835394
vt 0.082466 0.825092
vt 0.114830 0.825092
vt 0.082465 0.815001
vt 0.114830 0.897608
vt 0.126217 0.887411
vt 0.126217 0.877277
vt 0.153246 0.877277
vt 0.153246 0.887411
vt 0.126217 0.866744
vt 0.153246 0.866744
vt 0.126217 0.856475
vt 0.153246 0.856475
vt 0.126217 0.845906
vt 0.153246 0.845906
vt 0.126217 0.835394
vt 0.153246 0.835395
vt 0.126217 0.825092
vt 0.153246 0.825092
vt 0.126217 0.815001
vt 0.153246 0.897608
vt 0.164792 0.887411
vt 0.164792 0.877277
vt 0.192342 0.877277
vt 0.192342 0.887411
vt 0.164792 0.866744
vt 0.192342 0.866744
vt 0.164792 0.856475
vt 0.192342 0.856475
vt 0.164792 0.845906
vt 0.192342 0.845906
vt 0.164792 0.835394
vt 0.192342 0.835394
vt 0.164792 0.825092
vt 0.192342 0.825092
vt 0.164792 0.815001
vt 0.192342 0.897608
vt 0.203538 0.887411
vt 0.203538 0.877277
vt 0.228822 0.877277
vt 0.228822 0.887411
vt 0.203538 0.866744
vt 0.228822 0.866745
vt 0.203538 0.856475
vt 0.228822 0.856475
vt 0.203538 0.845906
vt 0.228822 0.845906
vt 0.203538 0.835394
vt 0.228822 0.835394
vt 0.203538 0.825092
vt 0.228822 0.825092
vt 0.203538 0.815001
vt 0.228822 0.897608
vt 0.239816 0.887411
vt 0.239816 0.877277
vt 0.264674 0.877277
vt 0.264674 0.887411
vt 0.239816 0.866744
vt 0.264674 0.866744
vt 0.239816 0.856475
vt 0.264674 0.856475
vt 0.239816 0.845906
vt 0.264674 0.845906
vt 0.239816 0.835394
vt 0.264674 0.835395
vt 0.239816 0.825092
vt 0.264674 0.825092
vt 0.239816 0.815001
vt 0.264674 0.897608
vt 0.275802 0.887411
vt 0.275802 0.877278
vt 0.300531 0.877277
vt 0.300531 0.887411
vt 0.275802 0.866744
vt 0.300531 0.866744
vt 0.275802 0.856475
vt 0.300531 0.856475
vt 0.275802 0.845906
vt 0.300531 0.845906
vt 0.275802 0.835394
vt 0.300531 0.835395
vt 0.275802 0.825092
vt 0.300531 0.825092
vt 0.275802 0.815001
vt 0.300531 0.897608
vt 0.311769 0.887411
vt 0.311769 0.877277
vt 0.336391 0.877277
vt 0.336391 0.887411
vt 0.311769 0.866744
vt 0.336391 0.866745
vt 0.311769 0.856475
vt 0.336391 0.856475
vt 0.311769 0.845906
vt 0.336391 0.845906
vt 0.311769 0.835395
vt 0.336391 0.835394
vt 0.311769 0.825092
vt 0.336391 0.825092
vt 0.311769 0.815001
vt 0.336391 0.897608
vt 0.347899 0.887411
vt 0.347899 0.877278
vt 0.371948 0.877277
vt 0.371948 0.887411
vt 0.347899 0.866745
vt 0.371948 0.866744
vt 0.347899 0.856475
vt 0.371948 0.856475
vt 0.347899 0.845906
vt 0.371948 0.845906
vt 0.347899 0.835394
vt 0.371948 0.835394
vt 0.347899 0.825092
vt 0.371948 0.825092
vt 0.347899 0.815001
vt 0.371948 0.897608
vt 0.383745 0.887411
vt 0.383745 0.877277
vt 0.408176 0.877277
vt 0.408176 0.887411
vt 0.383745 0.866745
vt 0.408176 0.866744
vt 0.383745 0.856475
vt 0.408176 0.856475
vt 0.383745 0.845906
vt 0.408176 0.845906
vt 0.383745 0.835395
vt 0.408176 0.835394
vt 0.383745 0.825092
vt 0.408176 0.825092
vt 0.383745 0.815001
vt 0.408176 0.897608
vt 0.419783 0.887411
vt 0.419783 0.877277
vt 0.446731 0.877277
vt 0.446731 0.887411
vt 0.419783 0.866745
vt 0.446731 0.866744
vt 0.419783 0.856475
vt 0.446731 0.856475
vt 0.419783 0.845906
vt 0.446731 0.845906
vt 0.419783 0.835395
vt 0.446731 0.835394
vt 0.419784 0.825092
vt 0.446731 0.825092
vt 0.419784 0.815001
vt 0.446731 0.897608
vt 0.416069 0.897608
vt 0.411938 0.897608
vt 0.408176 0.815001
vt 0.419783 0.897608
vt 0.379973 0.897608
vt 0.375768 0.897608
vt 0.371948 0.815001
vt 0.383745 0.897608
vt 0.344406 0.897608
vt 0.340377 0.897608
vt 0.336391 0.815001
vt 0.347899 0.897608
vt 0.308283 0.897608
vt 0.304293 0.897608
vt 0.300531 0.815001
vt 0.311769 0.897608
vt 0.272373 0.897608
vt 0.268429 0.897608
vt 0.264674 0.815001
vt 0.275802 0.897608
vt 0.236330 0.897608
vt 0.232448 0.897608
vt 0.228822 0.815001
vt 0.239816 0.897608
vt 0.199879 0.897608
vt 0.195912 0.897608
vt 0.192342 0.815001
vt 0.203538 0.897608
vt 0.161079 0.897608
vt 0.157003 0.897608
vt 0.153246 0.815001
vt 0.164792 0.897608
vt 0.122660 0.897608
vt 0.118633 0.897608
vt 0.114830 0.815001
vt 0.126217 0.897608
vt 0.446731 0.815001
vt 0.082465 0.897608
vn -0.971579 -0.057704 0.229577
vn -0.809368 0.554604 0.193230
vn -0.701951 0.492008 -0.514970
vn -0.862363 -0.121362 -0.491530
vn -0.551127 -0.126619 0.824759
vn -0.396616 0.487026 0.778140
vn 0.152096 -0.288153 0.945428
vn 0.294881 0.328228 0.897391
vn 0.726355 -0.447721 0.521493
vn 0.860162 0.171159 0.480443
vn 0.835670 -0.511905 -0.199021
vn 0.967539 0.108037 -0.228466
vn 0.415799 -0.442878 -0.794336
vn 0.554176 0.176014 -0.813577
vn -0.287531 -0.281012 -0.915619
vn -0.137384 0.335178 -0.932085
vn -0.948516 -0.216306 0.231362
vn -0.887669 0.413142 0.203367
vn -0.774511 0.378991 -0.506457
vn -0.834464 -0.250858 -0.490652
vn -0.520118 -0.225227 0.823863
vn -0.466269 0.404485 0.786756
vn 0.199968 -0.273063 0.940983
vn 0.243023 0.357363 0.901793
vn 0.791133 -0.331788 0.513834
vn 0.824223 0.299553 0.480546
vn 0.906566 -0.367026 -0.208400
vn 0.936555 0.264994 -0.229441
vn 0.477918 -0.357588 -0.802325
vn 0.515042 0.274260 -0.812105
vn -0.243578 -0.309310 -0.919237
vn -0.193446 0.321561 -0.926918
vn -0.924845 -0.284839 0.252046
vn -0.920871 0.342983 0.185363
vn -0.806689 0.276597 -0.522252
vn -0.810554 -0.352349 -0.467816
vn -0.495444 -0.220314 0.840236
vn -0.498668 0.406733 0.765440
vn 0.226199 -0.196396 0.954077
vn 0.212815 0.430317 0.877233
vn 0.819085 -0.227608 0.526588
vn 0.795839 0.399432 0.455077
vn 0.935625 -0.295352 -0.193319
vn 0.908499 0.332793 -0.252741
vn 0.506121 -0.359830 -0.783814
vn 0.486091 0.269542 -0.831302
vn -0.217776 -0.383321 -0.897574
vn -0.223878 0.246386 -0.942960
vn -0.910773 -0.288464 0.295436
vn -0.937090 0.320726 0.137827
vn -0.818294 0.157512 -0.552798
vn -0.791396 -0.454956 -0.408299
vn -0.485219 -0.118032 0.866390
vn -0.520117 0.488527 0.700585
vn 0.234887 -0.043040 0.971069
vn 0.189166 0.562705 0.804723
vn 0.828695 -0.107623 0.549255
vn 0.774437 0.499082 0.388798
vn 0.949570 -0.273750 -0.152898
vn 0.892055 0.335343 -0.302955
vn 0.525600 -0.444556 -0.725338
vn 0.473913 0.167640 -0.864467
vn -0.196013 -0.519728 -0.831542
vn -0.234208 0.094104 -0.967621
vn -0.888136 -0.292848 0.354196
vn -0.957767 0.272925 0.090523
vn -0.828273 -0.006315 -0.560289
vn -0.756181 -0.577141 -0.308381
vn -0.476079 0.009836 0.879348
vn -0.553645 0.570315 0.606810
vn 0.238103 0.153786 0.958987
vn 0.148029 0.712182 0.686210
vn 0.835484 0.054943 0.546762
vn 0.736354 0.615303 0.281398
vn 0.966620 -0.229021 -0.114874
vn 0.866123 0.335782 -0.370245
vn 0.555711 -0.531552 -0.639248
vn 0.461050 0.037924 -0.886563
vn -0.157687 -0.676280 -0.719569
vn -0.240724 -0.104111 -0.964994
vn -0.833746 -0.345548 0.430656
vn -0.980827 0.166252 0.101681
vn -0.839129 -0.181194 -0.512866
vn -0.687697 -0.699146 -0.195621
vn -0.445413 0.072444 0.892390
vn -0.600558 0.575997 0.554579
vn 0.248504 0.309688 0.917790
vn 0.079710 0.809646 0.581481
vn 0.840007 0.227553 0.492553
vn 0.662818 0.730343 0.165144
vn 0.983269 -0.125021 -0.132484
vn 0.805866 0.383405 -0.451199
vn 0.596721 -0.541869 -0.591863
vn 0.424471 -0.027997 -0.905008
vn -0.094507 -0.779899 -0.618730
vn -0.257217 -0.261855 -0.930200
vn -0.704701 -0.470959 0.530655
vn -0.977690 -0.011214 0.209755
vn -0.841443 -0.353470 -0.408696
vn -0.564320 -0.819425 -0.100429
vn -0.352480 0.031041 0.935305
vn -0.633182 0.480532 0.606770
vn 0.284229 0.391145 0.875340
vn -0.008712 0.835053 0.550100
vn 0.831063 0.398564 0.387919
vn 0.531041 0.844301 0.071771
vn 0.969233 0.050882 -0.240830
vn 0.668485 0.501976 -0.548770
vn 0.619320 -0.449283 -0.643885
vn 0.322692 0.008272 -0.946468
vn -0.015422 -0.809566 -0.586826
vn -0.303540 -0.345615 -0.887927
vn -0.498331 -0.602889 0.623050
vn -0.908273 -0.221575 0.354887
vn -0.794847 -0.535890 -0.284676
vn -0.384155 -0.922893 -0.026343
vn -0.208594 -0.031296 0.977501
vn -0.622745 0.341656 0.703889
vn 0.317259 0.456777 0.831085
vn -0.104113 0.822628 0.558966
vn 0.771504 0.576984 0.268089
vn 0.342371 0.939557 0.003903
vn 0.887737 0.256740 -0.382109
vn 0.455707 0.624177 -0.634614
vn 0.596552 -0.315504 -0.737959
vn 0.169602 0.062215 -0.983547
vn 0.069406 -0.804146 -0.590366
vn -0.348189 -0.418220 -0.838961
vn -0.321359 -0.665205 0.673967
vn -0.814137 -0.368702 0.448598
vn -0.711172 -0.674772 -0.197275
vn -0.217147 -0.975960 0.018683
vn -0.102673 -0.043142 0.993779
vn -0.598229 0.244570 0.763090
vn 0.312241 0.526572 0.790713
vn -0.189409 0.805132 0.562038
vn 0.680234 0.709885 0.182603
vn 0.172106 0.984406 -0.036391
vn 0.785037 0.398646 -0.474128
vn 0.274906 0.678437 -0.681285
vn 0.564920 -0.224453 -0.794032
vn 0.058993 0.066272 -0.996056
vn 0.149461 -0.793759 -0.589583
vn -0.349633 -0.494340 -0.795855
vn -0.909500 0.356125 0.214442
vn -0.456366 0.249098 0.854213
vn -0.483774 0.154967 0.861364
vn -0.940302 0.257970 0.221997
vn 0.277078 0.006145 0.960828
vn 0.252064 -0.076996 0.964643
vn 0.836045 -0.219606 0.502794
vn 0.811300 -0.292015 0.506479
vn 0.925985 -0.305021 -0.222519
vn 0.902073 -0.373349 -0.216507
vn 0.520210 -0.211661 -0.827394
vn 0.497125 -0.284190 -0.819819
vn -0.181125 0.016740 -0.983318
vn -0.205333 -0.066135 -0.976455
vn -0.787750 0.256261 -0.560161
vn -0.816201 0.162689 -0.554391
vn -0.930706 0.289304 0.223806
vn -0.465792 0.236842 0.852610
vn -0.502711 0.015131 0.864322
vn -0.970429 0.054523 0.235148
vn 0.287606 0.121182 0.950051
vn 0.256185 -0.077096 0.963548
vn 0.868806 0.014128 0.494952
vn 0.845717 -0.165742 0.507240
vn 0.973589 -0.026989 -0.226709
vn 0.954282 -0.201908 -0.220408
vn 0.559019 0.017859 -0.828962
vn 0.534488 -0.167144 -0.828484
vn -0.168297 0.127709 -0.977428
vn -0.203440 -0.078189 -0.975960
vn -0.800057 0.242327 -0.548805
vn -0.840996 0.015014 -0.540833
vn -0.958433 0.157171 0.238124
vn -0.495478 0.174184 0.850977
vn -0.502943 -0.031274 0.863753
vn -0.965313 -0.062430 0.253520
vn 0.252268 0.166956 0.953146
vn 0.244298 -0.025311 0.969370
vn 0.848611 0.140186 0.510105
vn 0.847571 -0.046931 0.528602
vn 0.969100 0.109445 -0.221058
vn 0.974217 -0.083559 -0.209570
vn 0.540791 0.092096 -0.836100
vn 0.540352 -0.114650 -0.833592
vn -0.209178 0.098566 -0.972897
vn -0.220712 -0.122014 -0.967677
vn -0.840198 0.125584 -0.527538
vn -0.852508 -0.100383 -0.512985
vn -0.959410 0.142856 0.243155
vn -0.504826 0.240267 0.829109
vn -0.497255 0.038592 0.866746
vn -0.955913 -0.080369 0.282439
vn 0.221065 0.281516 0.933745
vn 0.231118 0.088570 0.968886
vn 0.823105 0.245460 0.512102
vn 0.835493 0.045050 0.547651
vn 0.964130 0.149944 -0.219023
vn 0.980535 -0.071396 -0.182902
vn 0.531553 0.048540 -0.845633
vn 0.548661 -0.196974 -0.812510
vn -0.235118 0.003594 -0.971960
vn -0.225619 -0.253449 -0.940670
vn -0.859180 0.043685 -0.509806
vn -0.856778 -0.203218 -0.473956
vn -0.962439 0.142815 0.230900
vn -0.506167 0.363795 0.781952
vn -0.489776 0.174826 0.854140
vn -0.948224 -0.075278 0.308553
vn 0.209361 0.454919 0.865573
vn 0.229744 0.279019 0.932398
vn 0.803819 0.375276 0.461565
vn 0.827580 0.191739 0.527587
vn 0.959121 0.161378 -0.232473
vn 0.985669 -0.047161 -0.161965
vn 0.543481 -0.072777 -0.836260
vn 0.571628 -0.312470 -0.758686
vn -0.225898 -0.179758 -0.957422
vn -0.200624 -0.437451 -0.876577
vn -0.861001 -0.087041 -0.501100
vn -0.843094 -0.335165 -0.420544
vn -0.972500 0.095978 0.212206
vn -0.532314 0.460110 0.710591
vn -0.496719 0.275143 0.823145
vn -0.936744 -0.118714 0.329268
vn 0.183543 0.627008 0.757082
vn 0.226096 0.460651 0.858301
vn 0.777923 0.519403 0.353633
vn 0.823004 0.352103 0.445744
vn 0.938264 0.194089 -0.286339
vn 0.981586 0.010452 -0.190736
vn 0.546682 -0.180064 -0.817750
vn 0.592061 -0.386083 -0.707393
vn -0.202504 -0.375588 -0.904393
vn -0.150799 -0.602202 -0.783972
vn -0.845110 -0.258229 -0.468089
vn -0.798167 -0.491034 -0.349022
vn -0.967070 -0.033043 0.252355
vn -0.553294 0.448151 0.702159
vn -0.472474 0.259565 0.842255
vn -0.884111 -0.247240 0.396510
vn 0.155237 0.720482 0.675875
vn 0.235666 0.558144 0.795574
vn 0.731463 0.644160 0.223653
vn 0.806339 0.494372 0.324676
vn 0.878267 0.282155 -0.386051
vn 0.948743 0.130431 -0.287880
vn 0.521427 -0.176212 -0.834903
vn 0.596542 -0.342570 -0.725799
vn -0.173999 -0.479965 -0.859859
vn -0.087282 -0.671151 -0.736165
vn -0.807266 -0.426145 -0.408316
vn -0.717286 -0.640898 -0.273406
vn -0.892776 -0.237722 0.382675
vn -0.519414 0.336014 0.785687
vn -0.370773 0.159589 0.914909
vn -0.734488 -0.432587 0.522872
vn 0.119118 0.753110 0.647021
vn 0.246851 0.605349 0.756715
vn 0.617084 0.780263 0.101966
vn 0.730151 0.654829 0.195137
vn 0.730159 0.448522 -0.515456
vn 0.841037 0.328072 -0.430146
vn 0.421989 -0.064430 -0.904309
vn 0.541952 -0.201733 -0.815838
vn -0.177980 -0.504817 -0.844680
vn -0.043718 -0.672355 -0.738937
vn -0.742203 -0.592604 -0.312978
vn -0.591882 -0.784898 -0.183331
vn -0.747555 -0.417983 0.516190
vn -0.461773 0.224948 0.858000
vn -0.277359 0.086602 0.956855
vn -0.545521 -0.564532 0.619444
vn 0.027822 0.765972 0.642272
vn 0.192933 0.648862 0.736040
vn 0.425328 0.904165 0.039775
vn 0.581858 0.804326 0.120421
vn 0.527187 0.595671 -0.606012
vn 0.684584 0.493764 -0.536230
vn 0.282242 0.003270 -0.959338
vn 0.447365 -0.117393 -0.886613
vn -0.195197 -0.561611 -0.804047
vn -0.015210 -0.700922 -0.713076
vn -0.633349 -0.750413 -0.189073
vn -0.435138 -0.896403 -0.084362
vn -0.644626 -0.507930 0.571371
vn -0.438115 0.161161 0.884354
vn -0.344892 0.106217 0.932613
vn -0.545469 -0.567719 0.616571
vn -0.046531 0.762372 0.645464
vn 0.043482 0.719421 0.693212
vn 0.299060 0.954150 0.012731
vn 0.390568 0.919183 0.050591
vn 0.406948 0.639866 -0.651893
vn 0.500483 0.599572 -0.624523
vn 0.215634 -0.006963 -0.976449
vn 0.309721 -0.060324 -0.948912
vn -0.173442 -0.623185 -0.762600
vn -0.077403 -0.683912 -0.725447
vn -0.534240 -0.837056 -0.118005
vn -0.434305 -0.897685 -0.074443
s 1
g group3 sweep7
usemtl initialShadingGroup
f 1024/1003/880 1025/1004/881 1026/1339/882 1027/1340/883
f 1025/1004/881 1024/1003/880 1028/1007/884 1029/1008/885
f 1029/1008/885 1028/1007/884 1030/1009/886 1031/1010/887
f 1031/1010/887 1030/1009/886 1032/1011/888 1033/1012/889
f 1033/1012/889 1032/1011/888 1034/1013/890 1035/1014/891
f 1035/1014/891 1034/1013/890 1036/1015/892 1037/1016/893
f 1037/1016/893 1036/1015/892 1038/1017/894 1039/1018/895
f 1039/1018/895 1038/1017/894 1027/1006/883 1026/1005/882
f 1040/1019/896 1041/1020/897 1042/1335/898 1043/1336/899
f 1041/1020/897 1040/1019/896 1044/1023/900 1045/1024/901
f 1045/1024/901 1044/1023/900 1046/1025/902 1047/1026/903
f 1047/1026/903 1046/1025/902 1048/1027/904 1049/1028/905
f 1049/1028/905 1048/1027/904 1050/1029/906 1051/1030/907
f 1051/1030/907 1050/1029/906 1052/1031/908 1053/1032/909
f 1053/1032/909 1052/1031/908 1054/1033/910 1055/1034/911
f 1055/1034/911 1054/1033/910 1043/1022/899 1042/1021/898
f 1056/1035/912 1057/1036/913 1058/1331/914 1059/1332/915
f 1057/1036/913 1056/1035/912 1060/1039/916 1061/1040/917
f 1061/1040/917 1060/1039/916 1062/1041/918 1063/1042/919
f 1063/1042/919 1062/1041/918 1064/1043/920 1065/1044/921
f 1065/1044/921 1064/1043/920 1066/1045/922 1067/1046/923
f 1067/1046/923 1066/1045/922 1068/1047/924 1069/1048/925
f 1069/1048/925 1068/1047/924 1070/1049/926 1071/1050/927
f 1071/1050/927 1070/1049/926 1059/1038/915 1058/1037/914
f 1072/1051/928 1073/1052/929 1074/1327/930 1075/1328/931
f 1073/1052/929 1072/1051/928 1076/1055/932 1077/1056/933
f 1077/1056/933 1076/1055/932 1078/1057/934 1079/1058/935
f 1079/1058/935 1078/1057/934 1080/1059/936 1081/1060/937
f 1081/1060/937 1080/1059/936 1082/1061/938 1083/1062/939
f 1083/1062/939 1082/1061/938 1084/1063/940 1085/1064/941
f 1085/1064/941 1084/1063/940 1086/1065/942 1087/1066/943
f 1087/1066/943 1086/1065/942 1075/1054/931 1074/1053/930
f 1088/1067/944 1089/1068/945 1090/1323/946 1091/1324/947
f 1089/1068/945 1088/1067/944 1092/1071/948 1093/1072/949
f 1093/1072/949 1092/1071/948 1094/1073/950 1095/1074/951
f 1095/1074/951 1094/1073/950 1096/1075/952 1097/1076/953
f 1097/1076/953 1096/1075/952 1098/1077/954 1099/1078/955
f 1099/1078/955 1098/1077/954 1100/1079/956 1101/1080/957
f 1101/1080/957 1100/1079/956 1102/1081/958 1103/1082/959
f 1103/1082/959 1102/1081/958 1091/1070/947 1090/1069/946
f 1104/1083/960 1105/1084/961 1106/1319/962 1107/1320/963
f 1105/1084/961 1104/1083/960 1108/1087/964 1109/1088/965
f 1109/1088/965 1108/1087/964 1110/1089/966 1111/1090/967
f 1111/1090/967 1110/1089/966 1112/1091/968 1113/1092/969
f 1113/1092/969 1112/1091/968 1114/1093/970 1115/1094/971
f 1115/1094/971 1114/1093/970 1116/1095/972 1117/1096/973
f 1117/1096/973 1116/1095/972 1118/1097/974 1119/1098/975
f 1119/1098/975 1118/1097/974 1107/1086/963 1106/1085/962
f 1120/1099/976 1121/1100/977 1122/1315/978 1123/1316/979
f 1121/1100/977 1120/1099/976 1124/1103/980 1125/1104/981
f 1125/1104/981 1124/1103/980 1126/1105/982 1127/1106/983
f 1127/1106/983 1126/1105/982 1128/1107/984 1129/1108/985
f 1129/1108/985 1128/1107/984 1130/1109/986 1131/1110/987
f 1131/1110/987 1130/1109/986 1132/1111/988 1133/1112/989
f 1133/1112/989 1132/1111/988 1134/1113/990 1135/1114/991
f 1135/1114/991 1134/1113/990 1123/1102/979 1122/1101/978
f 1136/1115/992 1137/1116/993 1138/1311/994 1139/1312/995
f 1137/1116/993 1136/1115/992 1140/1119/996 1141/1120/997
f 1141/1120/997 1140/1119/996 1142/1121/998 1143/1122/999
f 1143/1122/999 1142/1121/998 1144/1123/1000 1145/1124/1001
f 1145/1124/1001 1144/1123/1000 1146/1125/1002 1147/1126/1003
f 1147/1126/1003 1146/1125/1002 1148/1127/1004 1149/1128/1005
f 1149/1128/1005 1148/1127/1004 1150/1129/1006 1151/1130/1007
f 1151/1130/1007 1150/1129/1006 1139/1118/995 1138/1117/994
f 1152/1131/1008 1153/1132/1009 1154/1307/1010 1155/1308/1011
f 1153/1132/1009 1152/1131/1008 1156/1135/1012 1157/1136/1013
f 1157/1136/1013 1156/1135/1012 1158/1137/1014 1159/1138/1015
f 1159/1138/1015 1158/1137/1014 1160/1139/1016 1161/1140/1017
f 1161/1140/1017 1160/1139/1016 1162/1141/1018 1163/1142/1019
f 1163/1142/1019 1162/1141/1018 1164/1143/1020 1165/1144/1021
f 1165/1144/1021 1164/1143/1020 1166/1145/1022 1167/1146/1023
f 1167/1146/1023 1166/1145/1022 1155/1134/1011 1154/1133/1010
f 864/1147/1024 865/1148/1025 882/1149/1026 880/1150/1027
f 865/1148/1025 866/1151/1028 884/1152/1029 882/1149/1026
f 866/1151/1028 867/1153/1030 886/1154/1031 884/1152/1029
f 867/1153/1030 868/1155/1032 888/1156/1033 886/1154/1031
f 868/1155/1032 869/1157/1034 890/1158/1035 888/1156/1033
f 869/1157/1034 870/1159/1036 892/1160/1037 890/1158/1035
f 870/1159/1036 871/1161/1038 894/1341/1039 892/1160/1037
f 871/1344/1038 864/1147/1024 880/1150/1027 894/1162/1039
f 881/1163/1040 883/1164/1041 898/1165/1042 896/1166/1043
f 883/1164/1041 885/1167/1044 900/1168/1045 898/1165/1042
f 885/1167/1044 887/1169/1046 902/1170/1047 900/1168/1045
f 887/1169/1046 889/1171/1048 904/1172/1049 902/1170/1047
f 889/1171/1048 891/1173/1050 906/1174/1051 904/1172/1049
f 891/1173/1050 893/1175/1052 908/1176/1053 906/1174/1051
f 893/1175/1052 895/1177/1054 910/1337/1055 908/1176/1053
f 895/1342/1054 881/1163/1040 896/1166/1043 910/1178/1055
f 897/1179/1056 899/1180/1057 914/1181/1058 912/1182/1059
f 899/1180/1057 901/1183/1060 916/1184/1061 914/1181/1058
f 901/1183/1060 903/1185/1062 918/1186/1063 916/1184/1061
f 903/1185/1062 905/1187/1064 920/1188/1065 918/1186/1063
f 905/1187/1064 907/1189/1066 922/1190/1067 920/1188/1065
f 907/1189/1066 909/1191/1068 924/1192/1069 922/1190/1067
f 909/1191/1068 911/1193/1070 926/1333/1071 924/1192/1069
f 911/1338/1070 897/1179/1056 912/1182/1059 926/1194/1071
f 913/1195/1072 915/1196/1073 930/1197/1074 928/1198/1075
f 915/1196/1073 917/1199/1076 932/1200/1077 930/1197/1074
f 917/1199/1076 919/1201/1078 934/1202/1079 932/1200/1077
f 919/1201/1078 921/1203/1080 936/1204/1081 934/1202/1079
f 921/1203/1080 923/1205/1082 938/1206/1083 936/1204/1081
f 923/1205/1082 925/1207/1084 940/1208/1085 938/1206/1083
f 925/1207/1084 927/1209/1086 942/1329/1087 940/1208/1085
f 927/1334/1086 913/1195/1072 928/1198/1075 942/1210/1087
f 929/1211/1088 931/1212/1089 946/1213/1090 944/1214/1091
f 931/1212/1089 933/1215/1092 948/1216/1093 946/1213/1090
f 933/1215/1092 935/1217/1094 950/1218/1095 948/1216/1093
f 935/1217/1094 937/1219/1096 952/1220/1097 950/1218/1095
f 937/1219/1096 939/1221/1098 954/1222/1099 952/1220/1097
f 939/1221/1098 941/1223/1100 956/1224/1101 954/1222/1099
f 941/1223/1100 943/1225/1102 958/1325/1103 956/1224/1101
f 943/1330/1102 929/1211/1088 944/1214/1091 958/1226/1103
f 945/1227/1104 947/1228/1105 962/1229/1106 960/1230/1107
f 947/1228/1105 949/1231/1108 964/1232/1109 962/1229/1106
f 949/1231/1108 951/1233/1110 966/1234/1111 964/1232/1109
f 951/1233/1110 953/1235/1112 968/1236/1113 966/1234/1111
f 953/1235/1112 955/1237/1114 970/1238/1115 968/1236/1113
f 955/1237/1114 957/1239/1116 972/1240/1117 970/1238/1115
f 957/1239/1116 959/1241/1118 974/1321/1119 972/1240/1117
f 959/1326/1118 945/1227/1104 960/1230/1107 974/1242/1119
f 961/1243/1120 963/1244/1121 978/1245/1122 976/1246/1123
f 963/1244/1121 965/1247/1124 980/1248/1125 978/1245/1122
f 965/1247/1124 967/1249/1126 982/1250/1127 980/1248/1125
f 967/1249/1126 969/1251/1128 984/1252/1129 982/1250/1127
f 969/1251/1128 971/1253/1130 986/1254/1131 984/1252/1129
f 971/1253/1130 973/1255/1132 988/1256/1133 986/1254/1131
f 973/1255/1132 975/1257/1134 990/1317/1135 988/1256/1133
f 975/1322/1134 961/1243/1120 976/1246/1123 990/1258/1135
f 977/1259/1136 979/1260/1137 994/1261/1138 992/1262/1139
f 979/1260/1137 981/1263/1140 996/1264/1141 994/1261/1138
f 981/1263/1140 983/1265/1142 998/1266/1143 996/1264/1141
f 983/1265/1142 985/1267/1144 1000/1268/1145 998/1266/1143
f 985/1267/1144 987/1269/1146 1002/1270/1147 1000/1268/1145
f 987/1269/1146 989/1271/1148 1004/1272/1149 1002/1270/1147
f 989/1271/1148 991/1273/1150 1006/1313/1151 1004/1272/1149
f 991/1318/1150 977/1259/1136 992/1262/1139 1006/1274/1151
f 993/1275/1152 995/1276/1153 1010/1277/1154 1008/1278/1155
f 995/1276/1153 997/1279/1156 1012/1280/1157 1010/1277/1154
f 997/1279/1156 999/1281/1158 1014/1282/1159 1012/1280/1157
f 999/1281/1158 1001/1283/1160 1016/1284/1161 1014/1282/1159
f 1001/1283/1160 1003/1285/1162 1018/1286/1163 1016/1284/1161
f 1003/1285/1162 1005/1287/1164 1020/1288/1165 1018/1286/1163
f 1005/1287/1164 1007/1289/1166 1022/1309/1167 1020/1288/1165
f 1007/1314/1166 993/1275/1152 1008/1278/1155 1022/1290/1167
f 1009/1291/1168 1011/1292/1169 873/1293/1170 872/1294/1171
f 1011/1292/1169 1013/1295/1172 874/1296/1173 873/1293/1170
f 1013/1295/1172 1015/1297/1174 875/1298/1175 874/1296/1173
f 1015/1297/1174 1017/1299/1176 876/1300/1177 875/1298/1175
f 1017/1299/1176 1019/1301/1178 877/1302/1179 876/1300/1177
f 1019/1301/1178 1021/1303/1180 878/1304/1181 877/1302/1179
f 1021/1303/1180 1023/1305/1182 879/1343/1183 878/1304/1181
f 1023/1310/1182 1009/1291/1168 872/1294/1171 879/1306/1183
f 881/1163/1040 895/1342/1054 1026/1339/882 1025/1004/881
f 894/1162/1039 880/1150/1027 1024/1003/880 1027/1340/883
f 880/1150/1027 882/1149/1026 1028/1007/884 1024/1003/880
f 883/1164/1041 881/1163/1040 1025/1004/881 1029/1008/885
f 882/1149/1026 884/1152/1029 1030/1009/886 1028/1007/884
f 885/1167/1044 883/1164/1041 1029/1008/885 1031/1010/887
f 884/1152/1029 886/1154/1031 1032/1011/888 1030/1009/886
f 887/1169/1046 885/1167/1044 1031/1010/887 1033/1012/889
f 886/1154/1031 888/1156/1033 1034/1013/890 1032/1011/888
f 889/1171/1048 887/1169/1046 1033/1012/889 1035/1014/891
f 888/1156/1033 890/1158/1035 1036/1015/892 1034/1013/890
f 891/1173/1050 889/1171/1048 1035/1014/891 1037/1016/893
f 890/1158/1035 892/1160/1037 1038/1017/894 1036/1015/892
f 893/1175/1052 891/1173/1050 1037/1016/893 1039/1018/895
f 892/1160/1037 894/1341/1039 1027/1006/883 1038/1017/894
f 895/1177/1054 893/1175/1052 1039/1018/895 1026/1005/882
f 897/1179/1056 911/1338/1070 1042/1335/898 1041/1020/897
f 910/1178/1055 896/1166/1043 1040/1019/896 1043/1336/899
f 896/1166/1043 898/1165/1042 1044/1023/900 1040/1019/896
f 899/1180/1057 897/1179/1056 1041/1020/897 1045/1024/901
f 898/1165/1042 900/1168/1045 1046/1025/902 1044/1023/900
f 901/1183/1060 899/1180/1057 1045/1024/901 1047/1026/903
f 900/1168/1045 902/1170/1047 1048/1027/904 1046/1025/902
f 903/1185/1062 901/1183/1060 1047/1026/903 1049/1028/905
f 902/1170/1047 904/1172/1049 1050/1029/906 1048/1027/904
f 905/1187/1064 903/1185/1062 1049/1028/905 1051/1030/907
f 904/1172/1049 906/1174/1051 1052/1031/908 1050/1029/906
f 907/1189/1066 905/1187/1064 1051/1030/907 1053/1032/909
f 906/1174/1051 908/1176/1053 1054/1033/910 1052/1031/908
f 909/1191/1068 907/1189/1066 1053/1032/909 1055/1034/911
f 908/1176/1053 910/1337/1055 1043/1022/899 1054/1033/910
f 911/1193/1070 909/1191/1068 1055/1034/911 1042/1021/898
f 913/1195/1072 927/1334/1086 1058/1331/914 1057/1036/913
f 926/1194/1071 912/1182/1059 1056/1035/912 1059/1332/915
f 912/1182/1059 914/1181/1058 1060/1039/916 1056/1035/912
f 915/1196/1073 913/1195/1072 1057/1036/913 1061/1040/917
f 914/1181/1058 916/1184/1061 1062/1041/918 1060/1039/916
f 917/1199/1076 915/1196/1073 1061/1040/917 1063/1042/919
f 916/1184/1061 918/1186/1063 1064/1043/920 1062/1041/918
f 919/1201/1078 917/1199/1076 1063/1042/919 1065/1044/921
f 918/1186/1063 920/1188/1065 1066/1045/922 1064/1043/920
f 921/1203/1080 919/1201/1078 1065/1044/921 1067/1046/923
f 920/1188/1065 922/1190/1067 1068/1047/924 1066/1045/922
f 923/1205/1082 921/1203/1080 1067/1046/923 1069/1048/925
f 922/1190/1067 924/1192/1069 1070/1049/926 1068/1047/924
f 925/1207/1084 923/1205/1082 1069/1048/925 1071/1050/927
f 924/1192/1069 926/1333/1071 1059/1038/915 1070/1049/926
f 927/1209/1086 925/1207/1084 1071/1050/927 1058/1037/914
f 929/1211/1088 943/1330/1102 1074/1327/930 1073/1052/929
f 942/1210/1087 928/1198/1075 1072/1051/928 1075/1328/931
f 928/1198/1075 930/1197/1074 1076/1055/932 1072/1051/928
f 931/1212/1089 929/1211/1088 1073/1052/929 1077/1056/933
f 930/1197/1074 932/1200/1077 1078/1057/934 1076/1055/932
f 933/1215/1092 931/1212/1089 1077/1056/933 1079/1058/935
f 932/1200/1077 934/1202/1079 1080/1059/936 1078/1057/934
f 935/1217/1094 933/1215/1092 1079/1058/935 1081/1060/937
f 934/1202/1079 936/1204/1081 1082/1061/938 1080/1059/936
f 937/1219/1096 935/1217/1094 1081/1060/937 1083/1062/939
f 936/1204/1081 938/1206/1083 1084/1063/940 1082/1061/938
f 939/1221/1098 937/1219/1096 1083/1062/939 1085/1064/941
f 938/1206/1083 940/1208/1085 1086/1065/942 1084/1063/940
f 941/1223/1100 939/1221/1098 1085/1064/941 1087/1066/943
f 940/1208/1085 942/1329/1087 1075/1054/931 1086/1065/942
f 943/1225/1102 941/1223/1100 1087/1066/943 1074/1053/930
f 945/1227/1104 959/1326/1118 1090/1323/946 1089/1068/945
f 958/1226/1103 944/1214/1091 1088/1067/944 1091/1324/947
f 944/1214/1091 946/1213/1090 1092/1071/948 1088/1067/944
f 947/1228/1105 945/1227/1104 1089/1068/945 1093/1072/949
f 946/1213/1090 948/1216/1093 1094/1073/950 1092/1071/948
f 949/1231/1108 947/1228/1105 1093/1072/949 1095/1074/951
f 948/1216/1093 950/1218/1095 1096/1075/952 1094/1073/950
f 951/1233/1110 949/1231/1108 1095/1074/951 1097/1076/953
f 950/1218/1095 952/1220/1097 1098/1077/954 1096/1075/952
f 953/1235/1112 951/1233/1110 1097/1076/953 1099/1078/955
f 952/1220/1097 954/1222/1099 1100/1079/956 1098/1077/954
f 955/1237/1114 953/1235/1112 1099/1078/955 1101/1080/957
f 954/1222/1099 956/1224/1101 1102/1081/958 1100/1079/956
f 957/1239/1116 955/1237/1114 1101/1080/957 1103/1082/959
f 956/1224/1101 958/1325/1103 1091/1070/947 1102/1081/958
f 959/1241/1118 957/1239/1116 1103/1082/959 1090/1069/946
f 961/1243/1120 975/1322/1134 1106/1319/962 1105/1084/961
f 974/1242/1119 960/1230/1107 1104/1083/960 1107/1320/963
f 960/1230/1107 962/1229/1106 1108/1087/964 1104/1083/960
f 963/1244/1121 961/1243/1120 1105/1084/961 1109/1088/965
f 962/1229/1106 964/1232/1109 1110/1089/966 1108/1087/964
f 965/1247/1124 963/1244/1121 1109/1088/965 1111/1090/967
f 964/1232/1109 966/1234/1111 1112/1091/968 1110/1089/966
f 967/1249/1126 965/1247/1124 1111/1090/967 1113/1092/969
f 966/1234/1111 968/1236/1113 1114/1093/970 1112/1091/968
f 969/1251/1128 967/1249/1126 1113/1092/969 1115/1094/971
f 968/1236/1113 970/1238/1115 1116/1095/972 1114/1093/970
f 971/1253/1130 969/1251/1128 1115/1094/971 1117/1096/973
f 970/1238/1115 972/1240/1117 1118/1097/974 1116/1095/972
f 973/1255/1132 971/1253/1130 1117/1096/973 1119/1098/975
f 972/1240/1117 974/1321/1119 1107/1086/963 1118/1097/974
f 975/1257/1134 973/1255/1132 1119/1098/975 1106/1085/962
f 977/1259/1136 991/1318/1150 1122/1315/978 1121/1100/977
f 990/1258/1135 976/1246/1123 1120/1099/976 1123/1316/979
f 976/1246/1123 978/1245/1122 1124/1103/980 1120/1099/976
f 979/1260/1137 977/1259/1136 1121/1100/977 1125/1104/981
f 978/1245/1122 980/1248/1125 1126/1105/982 1124/1103/980
f 981/1263/1140 979/1260/1137 1125/1104/981 1127/1106/983
f 980/1248/1125 982/1250/1127 1128/1107/984 1126/1105/982
f 983/1265/1142 981/1263/1140 1127/1106/983 1129/1108/985
f 982/1250/1127 984/1252/1129 1130/1109/986 1128/1107/984
f 985/1267/1144 983/1265/1142 1129/1108/985 1131/1110/987
f 984/1252/1129 986/1254/1131 1132/1111/988 1130/1109/986
f 987/1269/1146 985/1267/1144 1131/1110/987 1133/1112/989
f 986/1254/1131 988/1256/1133 1134/1113/990 1132/1111/988
f 989/1271/1148 987/1269/1146 1133/1112/989 1135/1114/991
f 988/1256/1133 990/1317/1135 1123/1102/979 1134/1113/990
f 991/1273/1150 989/1271/1148 1135/1114/991 1122/1101/978
f 993/1275/1152 1007/1314/1166 1138/1311/994 1137/1116/993
f 1006/1274/1151 992/1262/1139 1136/1115/992 1139/1312/995
f 992/1262/1139 994/1261/1138 1140/1119/996 1136/1115/992
f 995/1276/1153 993/1275/1152 1137/1116/993 1141/1120/997
f 994/1261/1138 996/1264/1141 1142/1121/998 1140/1119/996
f 997/1279/1156 995/1276/1153 1141/1120/997 1143/1122/999
f 996/1264/1141 998/1266/1143 1144/1123/1000 1142/1121/998
f 999/1281/1158 997/1279/1156 1143/1122/999 1145/1124/1001
f 998/1266/1143 1000/1268/1145 1146/1125/1002 1144/1123/1000
f 1001/1283/1160 999/1281/1158 1145/1124/1001 1147/1126/1003
f 1000/1268/1145 1002/1270/1147 1148/1127/1004 1146/1125/1002
f 1003/1285/1162 1001/1283/1160 1147/1126/1003 1149/1128/1005
f 1002/1270/1147 1004/1272/1149 1150/1129/1006 1148/1127/1004
f 1005/1287/1164 1003/1285/1162 1149/1128/1005 1151/1130/1007
f 1004/1272/1149 1006/1313/1151 1139/1118/995 1150/1129/1006
f 1007/1289/1166 1005/1287/1164 1151/1130/1007 1138/1117/994
f 1009/1291/1168 1023/1310/1182 1154/1307/1010 1153/1132/1009
f 1022/1290/1167 1008/1278/1155 1152/1131/1008 1155/1308/1011
f 1008/1278/1155 1010/1277/1154 1156/1135/1012 1152/1131/1008
f 1011/1292/1169 1009/1291/1168 1153/1132/1009 1157/1136/1013
f 1010/1277/1154 1012/1280/1157 1158/1137/1014 1156/1135/1012
f 1013/1295/1172 1011/1292/1169 1157/1136/1013 1159/1138/1015
f 1012/1280/1157 1014/1282/1159 1160/1139/1016 1158/1137/1014
f 1015/1297/1174 1013/1295/1172 1159/1138/1015 1161/1140/1017
f 1014/1282/1159 1016/1284/1161 1162/1141/1018 1160/1139/1016
f 1017/1299/1176 1015/1297/1174 1161/1140/1017 1163/1142/1019
f 1016/1284/1161 1018/1286/1163 1164/1143/1020 1162/1141/1018
f 1019/1301/1178 1017/1299/1176 1163/1142/1019 1165/1144/1021
f 1018/1286/1163 1020/1288/1165 1166/1145/1022 1164/1143/1020
f 1021/1303/1180 1019/1301/1178 1165/1144/1021 1167/1146/1023
f 1020/1288/1165 1022/1309/1167 1155/1134/1011 1166/1145/1022
f 1023/1305/1182 1021/1303/1180 1167/1146/1023 1154/1133/1010
g default
v -629.362305 300.089905 -649.349426
v -633.676636 300.089905 -651.136414
v -637.990967 300.089905 -649.349426
v -639.778076 300.089905 -645.035095
v -637.990967 300.089905 -640.720703
v -633.676636 300.089905 -638.933716
v -629.362305 300.089905 -640.720703
v -627.575195 300.089905 -645.035095
v -625.704773 303.546082 -653.006958
v -633.676636 303.546082 -656.308960
v -641.648499 303.546082 -653.006958
v -644.950562 303.546082 -645.035095
v -641.648499 303.546082 -637.063232
v -633.676636 303.546082 -633.761169
v -625.704773 303.546082 -637.063232
v -622.402710 303.546082 -645.035095
v -623.260864 308.718597 -655.450867
v -633.676636 308.718597 -659.765198
v -644.092407 308.718597 -655.450867
v -648.406738 308.718597 -645.035095
v -644.092407 308.718597 -634.619324
v -633.676636 308.718597 -630.304932
v -623.260864 308.718597 -634.619324
v -618.946533 308.718597 -645.035095
v -622.402710 314.820007 -656.308960
v -633.676636 314.820007 -660.978760
v -644.950562 314.820007 -656.308960
v -649.620422 314.820007 -645.035095
v -644.950562 314.820007 -633.761169
v -633.676636 314.820007 -629.091370
v -622.402710 314.820007 -633.761169
v -617.732849 314.820007 -645.035095
v -623.260864 320.921417 -655.450867
v -633.676636 320.921417 -659.765198
v -644.092407 320.921417 -655.450867
v -648.406738 320.921417 -645.035095
v -644.092407 320.921417 -634.619324
v -633.676636 320.921417 -630.304932
v -623.260864 320.921417 -634.619324
v -618.946533 320.921417 -645.035095
v -625.704773 326.093933 -653.006958
v -633.676636 326.093933 -656.308960
v -641.648499 326.093933 -653.006958
v -644.950562 326.093933 -645.035095
v -641.648499 326.093933 -637.063232
v -633.676636 326.093933 -633.761169
v -625.704773 326.093933 -637.063232
v -622.402710 326.093933 -645.035095
v -629.362305 329.550110 -649.349426
v -633.676636 329.550110 -651.136414
v -637.990967 329.550110 -649.349426
v -639.778076 329.550110 -645.035095
v -637.990967 329.550110 -640.720703
v -633.676636 329.550110 -638.933716
v -629.362305 329.550110 -640.720703
v -627.575195 329.550110 -645.035095
v -633.676636 298.876251 -645.035095
v -633.676636 330.763763 -645.035095
vt 0.630270 0.554871
vt 0.635239 0.555247
vt 0.634694 0.561111
vt 0.627533 0.560652
vt 0.640238 0.555009
vt 0.641927 0.560983
vt 0.645138 0.554005
vt 0.649288 0.560151
vt 0.649527 0.551727
vt 0.656801 0.558124
vt 0.652154 0.547237
vt 0.607538 0.551145
vt 0.621348 0.551392
vt 0.613471 0.556801
vt 0.625481 0.553735
vt 0.620416 0.559433
vt 0.634317 0.567055
vt 0.625986 0.566706
vt 0.642694 0.567073
vt 0.651317 0.566741
vt 0.660578 0.565892
vt 0.599087 0.559372
vt 0.608662 0.563965
vt 0.617525 0.565864
vt 0.634058 0.573148
vt 0.625349 0.572967
vt 0.642765 0.573339
vt 0.651745 0.573611
vt 0.661434 0.574217
vt 0.595146 0.570481
vt 0.606680 0.572104
vt 0.616369 0.572705
vt 0.633798 0.579245
vt 0.625437 0.579230
vt 0.642112 0.579602
vt 0.650583 0.580448
vt 0.659448 0.582354
vt 0.596623 0.582446
vt 0.607540 0.580428
vt 0.616804 0.579573
vt 0.633421 0.585195
vt 0.626192 0.585324
vt 0.640577 0.585656
vt 0.647694 0.586877
vt 0.654637 0.589515
vt 0.603729 0.592881
vt 0.611320 0.588193
vt 0.618831 0.586160
vt 0.632875 0.591062
vt 0.627878 0.591300
vt 0.637843 0.591438
vt 0.642630 0.592575
vt 0.646761 0.594920
vt 0.615969 0.599079
vt 0.618593 0.594586
vt 0.622980 0.592305
vt 0.635193 0.548267
vt 0.632922 0.598043
vt 0.648915 0.599079
vt 0.619190 0.547235
vt 0.660565 0.595177
vt 0.669019 0.586957
vt 0.672966 0.575851
vt 0.671497 0.563884
vt 0.664395 0.553443
vn 0.350877 -0.868199 -0.350880
vn -0.000000 -0.868199 -0.496217
vn -0.000000 -0.654269 -0.756262
vn 0.534756 -0.654269 -0.534760
vn -0.350878 -0.868197 -0.350883
vn -0.534757 -0.654268 -0.534760
vn -0.496221 -0.868196 0.000000
vn -0.756265 -0.654266 0.000001
vn -0.350881 -0.868196 0.350883
vn -0.534759 -0.654267 0.534760
vn 0.000000 -0.868197 0.496220
vn 0.000000 -0.654268 0.756263
vn 0.350881 -0.868196 0.350883
vn 0.534759 -0.654267 0.534759
vn 0.496221 -0.868196 0.000000
vn 0.756264 -0.654267 -0.000000
vn -0.000000 -0.349889 -0.936791
vn 0.662408 -0.349893 -0.662413
vn -0.662408 -0.349893 -0.662413
vn -0.936789 -0.349895 0.000000
vn -0.662411 -0.349892 0.662410
vn 0.000000 -0.349892 0.936790
vn 0.662410 -0.349895 0.662409
vn 0.936788 -0.349898 -0.000000
vn 0.000000 0.000000 -1.000000
vn 0.707106 0.000000 -0.707108
vn -0.707106 0.000000 -0.707108
vn -1.000000 0.000000 -0.000000
vn -0.707108 0.000000 0.707106
vn -0.000000 0.000000 1.000000
vn 0.707107 0.000000 0.707106
vn 1.000000 0.000000 0.000000
vn 0.000000 0.349888 -0.936792
vn 0.662408 0.349891 -0.662413
vn -0.662408 0.349892 -0.662414
vn -0.936789 0.349895 -0.000000
vn -0.662411 0.349892 0.662410
vn -0.000000 0.349892 0.936790
vn 0.662410 0.349894 0.662410
vn 0.936788 0.349896 0.000000
vn -0.000000 0.654267 -0.756264
vn 0.534759 0.654266 -0.534761
vn -0.534757 0.654267 -0.534761
vn -0.756264 0.654267 -0.000000
vn -0.534759 0.654268 0.534758
vn 0.000000 0.654267 0.756263
vn 0.534759 0.654266 0.534760
vn 0.756266 0.654265 -0.000000
vn -0.000001 0.868198 -0.496219
vn 0.350878 0.868198 -0.350880
vn -0.350878 0.868197 -0.350882
vn -0.496220 0.868197 -0.000001
vn -0.350880 0.868197 0.350880
vn 0.000000 0.868197 0.496220
vn 0.350881 0.868196 0.350882
vn 0.496222 0.868196 0.000001
vn 0.000000 -1.000000 -0.000001
vn -0.000000 1.000000 0.000000
s 1
g group3 pSphere1
usemtl initialShadingGroup
f 1168/1345/1184 1169/1346/1185 1177/1347/1186 1176/1348/1187
f 1169/1346/1185 1170/1349/1188 1178/1350/1189 1177/1347/1186
f 1170/1349/1188 1171/1351/1190 1179/1352/1191 1178/1350/1189
f 1171/1351/1190 1172/1353/1192 1180/1354/1193 1179/1352/1191
f 1172/1353/1192 1173/1355/1194 1181/1409/1195 1180/1354/1193
f 1173/1404/1194 1174/1357/1196 1182/1358/1197 1181/1356/1195
f 1174/1357/1196 1175/1359/1198 1183/1360/1199 1182/1358/1197
f 1175/1359/1198 1168/1345/1184 1176/1348/1187 1183/1360/1199
f 1176/1348/1187 1177/1347/1186 1185/1361/1200 1184/1362/1201
f 1177/1347/1186 1178/1350/1189 1186/1363/1202 1185/1361/1200
f 1178/1350/1189 1179/1352/1191 1187/1364/1203 1186/1363/1202
f 1179/1352/1191 1180/1354/1193 1188/1365/1204 1187/1364/1203
f 1180/1354/1193 1181/1409/1195 1189/1408/1205 1188/1365/1204
f 1181/1356/1195 1182/1358/1197 1190/1367/1206 1189/1366/1205
f 1182/1358/1197 1183/1360/1199 1191/1368/1207 1190/1367/1206
f 1183/1360/1199 1176/1348/1187 1184/1362/1201 1191/1368/1207
f 1184/1362/1201 1185/1361/1200 1193/1369/1208 1192/1370/1209
f 1185/1361/1200 1186/1363/1202 1194/1371/1210 1193/1369/1208
f 1186/1363/1202 1187/1364/1203 1195/1372/1211 1194/1371/1210
f 1187/1364/1203 1188/1365/1204 1196/1373/1212 1195/1372/1211
f 1188/1365/1204 1189/1408/1205 1197/1407/1213 1196/1373/1212
f 1189/1366/1205 1190/1367/1206 1198/1375/1214 1197/1374/1213
f 1190/1367/1206 1191/1368/1207 1199/1376/1215 1198/1375/1214
f 1191/1368/1207 1184/1362/1201 1192/1370/1209 1199/1376/1215
f 1192/1370/1209 1193/1369/1208 1201/1377/1216 1200/1378/1217
f 1193/1369/1208 1194/1371/1210 1202/1379/1218 1201/1377/1216
f 1194/1371/1210 1195/1372/1211 1203/1380/1219 1202/1379/1218
f 1195/1372/1211 1196/1373/1212 1204/1381/1220 1203/1380/1219
f 1196/1373/1212 1197/1407/1213 1205/1406/1221 1204/1381/1220
f 1197/1374/1213 1198/1375/1214 1206/1383/1222 1205/1382/1221
f 1198/1375/1214 1199/1376/1215 1207/1384/1223 1206/1383/1222
f 1199/1376/1215 1192/1370/1209 1200/1378/1217 1207/1384/1223
f 1200/1378/1217 1201/1377/1216 1209/1385/1224 1208/1386/1225
f 1201/1377/1216 1202/1379/1218 1210/1387/1226 1209/1385/1224
f 1202/1379/1218 1203/1380/1219 1211/1388/1227 1210/1387/1226
f 1203/1380/1219 1204/1381/1220 1212/1389/1228 1211/1388/1227
f 1204/1381/1220 1205/1406/1221 1213/1405/1229 1212/1389/1228
f 1205/1382/1221 1206/1383/1222 1214/1391/1230 1213/1390/1229
f 1206/1383/1222 1207/1384/1223 1215/1392/1231 1214/1391/1230
f 1207/1384/1223 1200/1378/1217 1208/1386/1225 1215/1392/1231
f 1208/1386/1225 1209/1385/1224 1217/1393/1232 1216/1394/1233
f 1209/1385/1224 1210/1387/1226 1218/1395/1234 1217/1393/1232
f 1210/1387/1226 1211/1388/1227 1219/1396/1235 1218/1395/1234
f 1211/1388/1227 1212/1389/1228 1220/1397/1236 1219/1396/1235
f 1212/1389/1228 1213/1405/1229 1221/1403/1237 1220/1397/1236
f 1213/1390/1229 1214/1391/1230 1222/1399/1238 1221/1398/1237
f 1214/1391/1230 1215/1392/1231 1223/1400/1239 1222/1399/1238
f 1215/1392/1231 1208/1386/1225 1216/1394/1233 1223/1400/1239
f 1169/1346/1185 1168/1345/1184 1224/1401/1240
f 1170/1349/1188 1169/1346/1185 1224/1401/1240
f 1171/1351/1190 1170/1349/1188 1224/1401/1240
f 1172/1353/1192 1171/1351/1190 1224/1401/1240
f 1173/1355/1194 1172/1353/1192 1224/1401/1240
f 1174/1357/1196 1173/1404/1194 1224/1401/1240
f 1175/1359/1198 1174/1357/1196 1224/1401/1240
f 1168/1345/1184 1175/1359/1198 1224/1401/1240
f 1216/1394/1233 1217/1393/1232 1225/1402/1241
f 1217/1393/1232 1218/1395/1234 1225/1402/1241
f 1218/1395/1234 1219/1396/1235 1225/1402/1241
f 1219/1396/1235 1220/1397/1236 1225/1402/1241
f 1220/1397/1236 1221/1403/1237 1225/1402/1241
f 1221/1398/1237 1222/1399/1238 1225/1402/1241
f 1222/1399/1238 1223/1400/1239 1225/1402/1241
f 1223/1400/1239 1216/1394/1233 1225/1402/1241
g default
v -901.661255 19.820919 -964.769226
v -867.290039 13.046782 -958.532898
v -832.918945 19.820919 -964.769226
v -906.476013 29.291903 -989.973450
v -867.290039 23.307327 -986.549744
v -828.104187 29.291903 -989.973450
v -905.605286 35.154217 -1022.153992
v -867.290039 29.039066 -1019.036011
v -828.974792 35.154217 -1022.153992
v -835.714355 34.863777 -1052.508911
v -867.290039 29.205854 -1053.813354
v -898.865845 34.863777 -1052.508911
v -867.290039 4.254983 -932.801025
v -845.329529 10.823033 -944.140259
v -889.250549 10.823033 -944.140259
v -887.618591 26.497593 -1081.848633
v -867.290039 21.403084 -1082.189087
v -867.290039 7.608980 -1121.518677
v -875.476440 16.875114 -1105.800537
v -859.103638 16.875114 -1105.800537
v -846.961609 26.497593 -1081.848633
v -867.290039 12.163047 -1105.800537
vt 0.366229 0.587511
vt 0.403118 0.579821
vt 0.402520 0.611804
vt 0.360329 0.615758
vt 0.439693 0.588884
vt 0.444533 0.617333
vt 0.401856 0.647285
vt 0.360329 0.650244
vt 0.443244 0.651794
vt 0.435389 0.683577
vt 0.401155 0.684816
vt 0.366991 0.682298
vt 0.403660 0.550821
vt 0.426860 0.564886
vt 0.379950 0.564009
vt 0.390236 0.741882
vt 0.400054 0.743681
vt 0.399728 0.761136
vt 0.409932 0.742250
vt 0.400559 0.716669
vt 0.378481 0.714307
vt 0.422710 0.715134
vn 0.118363 0.935076 0.334102
vn 0.118805 0.935745 0.332064
vn 0.128373 0.958504 0.254540
vn 0.130365 0.962522 0.237818
vn -0.118806 0.935745 0.332065
vn -0.118364 0.935075 0.334102
vn -0.130366 0.962521 0.237818
vn -0.128374 0.958504 0.254540
vn 0.150393 0.983001 0.105310
vn 0.150963 0.983252 0.102104
vn -0.150963 0.983252 0.102104
vn -0.150394 0.983001 0.105310
vn -0.174114 0.983044 -0.057523
vn -0.177464 0.980099 -0.088947
vn 0.174113 0.983044 -0.057523
vn 0.177464 0.980099 -0.088948
vn -0.119779 0.937206 0.327563
vn -0.119779 0.937206 0.327563
vn 0.119779 0.937207 0.327562
vn 0.119779 0.937207 0.327562
vn 0.324088 0.904070 -0.278612
vn 0.345429 0.897390 -0.274537
vn 0.483844 0.840584 -0.243544
vn -0.345431 0.897389 -0.274538
vn -0.324089 0.904069 -0.278613
vn -0.483849 0.840580 -0.243546
vn 0.232308 0.940330 -0.248622
vn 0.214298 0.946629 -0.240768
vn -0.232309 0.940330 -0.248622
vn -0.214299 0.946629 -0.240768
s 1
g group3 pPlane41
usemtl initialShadingGroup
f 1226/1410/1242 1227/1411/1243 1230/1412/1244 1229/1413/1245
s 2
f 1227/1411/1246 1228/1414/1247 1231/1415/1248 1230/1412/1249
s 1
f 1229/1413/1245 1230/1412/1244 1233/1416/1250 1232/1417/1251
s 2
f 1230/1412/1249 1231/1415/1248 1234/1418/1252 1233/1416/1253
f 1234/1418/1252 1235/1419/1254 1236/1420/1255 1233/1416/1253
s 1
f 1237/1421/1256 1232/1417/1251 1233/1416/1250 1236/1420/1257
s 2
f 1228/1414/1247 1227/1411/1246 1238/1422/1258 1239/1423/1259
s 1
f 1227/1411/1243 1226/1410/1242 1240/1424/1260 1238/1422/1261
f 1244/1425/1262 1247/1426/1263 1243/1427/1264
s 2
f 1247/1426/1265 1245/1428/1266 1243/1427/1267
s 1
f 1236/1420/1257 1242/1429/1268 1241/1430/1269 1237/1421/1256
s 2
f 1242/1429/1270 1236/1420/1255 1235/1419/1254 1246/1431/1271
s 1
f 1244/1425/1262 1241/1430/1269 1242/1429/1268 1247/1426/1263
s 2
f 1246/1431/1271 1245/1428/1266 1247/1426/1265 1242/1429/1270
g default
v -196.536804 47.045700 -256.443298
v -64.530518 47.045700 -229.721130
v -183.148071 101.802109 -256.443298
v -74.399414 122.482246 -256.443298
v -183.148071 101.802109 -329.540588
v -67.864441 122.482246 -329.196259
v -196.536804 47.045700 -354.200897
v -76.805969 47.045700 -366.760742
v -36.306152 47.045700 -311.199768
v -36.306152 47.045700 -256.443298
v -50.333862 101.802109 -320.384644
v -60.812317 101.802109 -256.443298
v -136.852356 151.331024 -256.443298
v -105.037689 151.331024 -256.443298
v -92.784790 151.331024 -311.199768
v -149.105255 151.331024 -311.199768
v -148.323212 47.045700 -219.823395
v -93.566833 47.045700 -219.823395
v -102.017090 101.802109 -219.823395
v -139.872925 101.802109 -219.823395
v -109.075928 133.676559 -232.695282
v -132.813995 133.676559 -232.695282
v -156.318787 101.802109 -356.315491
v -108.762421 91.453438 -354.956665
v -117.144470 47.045700 -380.975861
v -162.173798 47.045700 -380.975861
v -141.431732 130.451233 -337.974731
v -116.802429 130.451233 -337.974731
vt 0.940884 0.632422
vt 0.993807 0.761131
vt 0.920692 0.790702
vt 0.930929 0.715850
vt 0.865693 0.726134
vt 0.865900 0.755145
vt 0.811176 0.764516
vt 0.809648 0.714672
vt 0.753853 0.676543
vt 0.725063 0.746548
vt 0.689268 0.820251
vt 0.677743 0.681539
vt 0.869028 0.884115
vt 0.802658 0.884570
vt 0.800426 0.825010
vt 0.868164 0.821965
vt 0.760729 0.599948
vt 0.876439 0.599948
vt 0.868907 0.658735
vt 0.789866 0.657464
vt 0.725370 0.850628
vt 0.792501 0.797426
vt 0.869175 0.796345
vt 0.912018 0.866847
vt 0.896976 0.754439
vt 0.894501 0.724578
vt 0.775380 0.715494
vt 0.771347 0.745461
vt 0.736140 0.787183
vt 0.741079 0.695861
vt 0.717675 0.621190
vt 0.671433 0.729776
vt 0.920060 0.693877
vt 0.934322 0.757104
vt 0.988960 0.702166
vt 0.941167 0.849387
vn -0.396274 0.079025 0.914725
vn 0.319763 0.137470 0.937472
vn 0.309017 0.212123 0.927099
vn -0.377521 0.206484 0.902686
vn -0.497664 0.839467 0.218233
vn 0.379575 0.896966 0.226659
vn 0.430473 0.877949 -0.209522
vn -0.552007 0.826457 -0.110711
vn -0.300635 0.500020 -0.812157
vn 0.182311 0.449940 -0.874252
vn 0.149369 0.438532 -0.886216
vn -0.264617 0.459987 -0.847579
vn 0.896412 0.348233 0.274190
vn 0.933482 0.291217 -0.209296
vn 0.896318 0.336894 -0.288300
vn 0.839046 0.417966 0.348289
vn -0.887444 0.338884 -0.312411
vn -0.924204 0.214577 0.315919
vn -0.871121 0.379551 0.311592
vn -0.881006 0.439081 -0.176171
vn 0.489938 0.332039 -0.806046
vn 0.661708 0.551903 -0.507489
vn 0.729239 0.556391 0.398295
vn 0.583236 0.268324 0.766706
vn 0.321058 0.567611 0.758116
vn -0.386425 0.556951 0.735175
vn -0.216074 0.650246 -0.728349
vn 0.124006 0.605137 -0.786404
s 1
g group3 pCube4
usemtl initialShadingGroup
f 1264/1466/1272 1265/1433/1273 1266/1465/1274 1267/1435/1275
f 1260/1436/1276 1261/1437/1277 1262/1438/1278 1263/1439/1279
f 1270/1461/1280 1271/1441/1281 1272/1463/1282 1273/1443/1283
f 1257/1444/1284 1256/1445/1285 1258/1446/1286 1259/1447/1287
f 1254/1448/1288 1248/1449/1289 1250/1450/1290 1252/1451/1291
f 1255/1452/1292 1253/1453/1293 1258/1446/1286 1256/1445/1285
f 1253/1453/1293 1251/1454/1294 1259/1447/1287 1258/1446/1286
f 1251/1454/1294 1249/1455/1295 1257/1444/1284 1259/1447/1287
f 1267/1435/1275 1266/1465/1274 1268/1456/1296 1269/1457/1297
f 1251/1454/1294 1253/1453/1293 1262/1438/1278 1261/1437/1277
f 1271/1441/1281 1270/1461/1280 1274/1458/1298 1275/1459/1299
f 1252/1451/1291 1250/1450/1290 1260/1436/1276 1263/1439/1279
f 1249/1455/1295 1251/1454/1294 1266/1434/1274 1265/1467/1273
f 1250/1450/1290 1248/1449/1289 1264/1432/1272 1267/1464/1275
f 1251/1454/1294 1261/1437/1277 1268/1456/1296 1266/1434/1274
f 1261/1437/1277 1260/1436/1276 1269/1457/1297 1268/1456/1296
f 1260/1436/1276 1250/1450/1290 1267/1464/1275 1269/1457/1297
f 1253/1453/1293 1255/1452/1292 1272/1442/1282 1271/1460/1281
f 1254/1448/1288 1252/1451/1291 1270/1440/1280 1273/1462/1283
f 1252/1451/1291 1263/1439/1279 1274/1458/1298 1270/1440/1280
f 1263/1439/1279 1262/1438/1278 1275/1459/1299 1274/1458/1298
f 1262/1438/1278 1253/1453/1293 1271/1460/1281 1275/1459/1299
