# This file uses centimeters as units for non-parametric coordinates.

mtllib PiedrasV2.mtl
g default
v 2.878592 0.000000 13.796547
v 5.046123 0.000000 13.796547
v 3.140064 2.446159 13.077124
v 4.784651 2.496738 13.077124
v 3.109850 2.503642 9.223089
v 4.820728 2.574106 9.223089
v 2.837047 0.000000 8.576223
v 5.087668 0.000000 8.576223
v 3.082996 2.844545 11.157001
v 5.282060 0.000000 11.191763
v 4.850893 2.740479 11.159170
v 3.962358 2.498806 13.248323
v 3.958381 3.617644 11.206293
v 3.966174 2.559376 8.980135
v 3.962358 0.000000 8.285393
v 3.962358 0.000000 14.064655
v 2.538768 2.193793 10.141666
v 2.105455 0.000000 9.607502
v 5.674441 0.000000 9.784563
v 5.264052 2.594054 10.105303
v 2.751141 2.165990 12.168354
v 2.354727 0.000000 12.775112
v 5.425169 0.000000 12.598051
v 5.071596 2.501372 12.210337
v 3.906585 5.027055 10.810831
v 3.453336 4.837634 10.636456
v 3.231887 4.644708 10.161518
v 4.638556 4.901912 10.161518
v 4.377905 4.981873 10.636456
v 3.960331 4.669070 9.512712
v 3.491471 4.625978 9.685919
v 4.416040 4.770218 9.685919
v 3.962418 5.052316 12.154228
v 3.725280 6.340866 10.596977
v 3.499238 6.072855 10.490107
v 3.655951 6.664241 10.145258
v 3.399727 6.151282 10.195999
v 4.102000 6.332172 10.195999
v 4.029655 6.203075 10.490107
v 3.775005 6.148777 9.809654
v 3.534590 5.928092 9.910589
v 4.065007 6.058311 9.910587
v 3.534508 4.109831 12.614433
v 3.754033 4.761343 12.394608
v 3.962357 4.867429 12.452320
v 3.962357 4.136881 12.750383
v 3.383819 4.101303 12.154949
v 3.700005 4.871911 12.154840
v 4.170682 4.761343 12.394609
v 4.390207 4.118261 12.614431
v 4.225073 4.872038 12.154507
v 4.540956 4.152650 12.154896
v 3.962418 4.236204 11.542482
v 3.962720 4.868505 11.848175
v 3.754033 4.761624 11.912605
v 3.534508 4.126257 11.692638
v 4.172293 4.762990 11.911125
v 4.390570 4.139297 11.692305
v 1.160300 0.000000 10.234306
v 0.926057 0.000000 11.191763
v 1.317611 1.890001 11.157637
v 1.546689 1.890001 10.533682
v 1.160302 0.000000 12.149221
v 1.546691 1.890001 11.781595
v 2.024484 1.890001 12.130953
v 1.656216 0.000000 12.561255
v 1.614669 0.000000 9.822275
v 1.991995 1.890001 10.184326
v 2.665316 3.195715 11.152763
v 2.542736 3.102085 10.838667
v 2.352694 3.167689 10.841227
v 2.379278 3.355583 11.152763
v 2.606150 3.102085 11.466864
v 2.362916 3.167689 11.464302
v 2.007375 3.167689 11.152761
v 2.076000 3.093781 11.432096
v 2.075999 3.093781 10.873434
v 2.191915 2.630385 10.481045
v 2.536748 2.666842 10.542751
v 2.839377 2.849121 11.152761
v 2.672558 2.666842 11.762774
v 2.214551 2.630386 11.824478
v 1.819193 2.630385 11.610140
v 1.630099 2.630386 11.152761
v 1.819191 2.630385 10.695387
v 4.196306 4.126321 12.721434
v 4.244954 4.561110 12.471212
v 4.071625 4.841856 12.426098
v 3.726718 4.844477 12.024446
v 3.679762 4.562956 11.834869
v 3.420700 4.102602 11.900661
v 4.504014 4.136322 12.409241
v 4.361274 4.605977 12.154730
v 4.197998 4.844720 12.285009
v 4.504256 4.139395 11.900440
v 4.246403 4.566029 11.833538
v 4.199447 4.844989 12.023115
v 3.962599 4.605812 11.696259
v 4.073075 4.843001 11.876425
v 4.196548 4.195098 11.576927
v 3.728410 4.192024 11.577148
v 3.853091 4.842489 11.877756
v 3.962358 5.012316 12.305735
v 3.832210 5.013063 12.154505
v 4.092746 5.013063 12.154284
v 3.962599 5.010860 12.001272
v 3.962357 3.439565 12.962032
v 3.337075 3.397573 12.812878
v 3.120992 3.247003 12.154951
v 4.587639 3.431292 12.812878
v 4.803721 3.449830 12.154951
v 3.337075 3.453078 11.503012
v 3.962357 3.773109 11.383806
v 2.951763 2.643497 11.668648
v 4.587639 3.489871 11.503012
v 2.611941 3.178814 10.976551
v 2.466346 3.160130 10.837965
v 2.377204 3.310228 11.002260
v 2.535510 3.310228 11.152763
v 1.846415 0.000000 9.775280
v 1.818305 1.041378 10.009956
v 2.217584 1.890001 10.139896
v 2.347537 1.890001 12.175381
v 1.855348 1.041378 12.334572
v 2.012597 0.000000 12.608248
v 2.652824 3.178814 11.328976
v 2.382090 3.310228 11.303267
v 2.507229 3.160130 11.467562
v 2.199757 3.310228 11.152763
v 2.040275 3.160130 11.315937
v 2.210478 3.160130 11.454523
v 1.758608 1.890001 11.997669
v 1.376314 0.000000 12.420271
v 1.376312 0.000000 9.963257
v 1.758606 1.890001 10.317610
v 2.210477 3.160130 10.851004
v 2.040275 3.160130 10.989590
v 2.518595 2.405516 10.402657
v 2.721170 2.776209 10.804184
v 2.889895 2.667531 11.152761
v 2.105793 2.353112 10.332066
v 2.365770 2.630385 10.455606
v 2.811709 2.776209 11.501341
v 2.685594 2.405516 11.902870
v 2.456310 2.630385 11.849920
v 2.133628 2.353112 11.973461
v 1.688370 2.353112 11.683464
v 1.685471 2.630385 11.399584
v 1.474788 2.353112 11.152761
v 1.998866 2.630385 11.748163
v 1.688368 2.353112 10.622063
v 1.998864 2.630385 10.557365
v 1.685471 2.630385 10.905941
v 2.282573 2.921493 10.659126
v 2.544765 2.940177 10.709423
v 2.765561 3.033597 11.152763
v 2.643467 2.940177 11.596104
v 2.299024 2.921493 11.646400
v 1.969517 2.921493 11.517878
v 1.812558 2.921493 11.152763
v 1.969516 2.921493 10.787651
v 3.369442 0.000000 14.024157
v 3.962357 1.311132 13.632114
v 3.512413 2.497569 13.228741
v 2.996073 1.277412 13.417742
v 3.515247 2.555246 9.028347
v 3.962357 1.311132 8.643181
v 3.369442 0.000000 8.334614
v 2.959031 1.277412 8.912659
v 5.332842 0.000000 13.275705
v 5.266599 1.311132 12.376501
v 5.001812 2.499194 12.700596
v 4.928642 1.311132 13.417742
v 2.591873 0.000000 13.275705
v 2.922903 2.296879 12.700596
v 2.522666 1.075097 12.527666
v 0.995588 0.000000 10.671497
v 1.129554 1.041378 11.172262
v 1.385513 1.890001 10.826479
v 1.363798 1.041378 10.396255
v 5.139003 1.311132 11.172262
v 5.499023 0.000000 10.483522
v 5.488850 1.311132 9.967571
v 5.129152 2.600888 10.598389
v 3.586376 6.275363 10.554798
v 3.668312 6.620039 10.383366
v 3.502943 6.519105 10.168598
v 3.429883 6.184205 10.361443
v 3.862051 6.619529 10.168598
v 3.879069 6.351847 10.554796
v 4.060201 6.346562 10.361443
v 4.416692 2.565723 9.028347
v 4.965683 1.311132 8.912659
v 4.555273 0.000000 8.334614
v 4.555273 0.000000 14.024157
v 4.412301 2.497569 13.228743
v 3.696267 6.520076 9.960104
v 3.630505 6.104308 9.854671
v 3.450265 6.105715 10.039314
v 2.425692 0.000000 9.104168
v 2.300414 1.075097 9.816404
v 2.795925 2.354870 9.614473
v 5.499023 0.000000 9.104168
v 5.132213 2.584338 9.614473
v 4.080584 6.268071 10.039314
v 3.923198 6.180792 9.854673
v 0.995589 0.000000 11.712029
v 1.363800 1.041378 11.948271
v 1.385514 1.890001 11.488796
v 5.332842 0.000000 11.900005
v 5.001812 2.499706 11.717531
v 3.554574 3.447838 11.188709
v 3.946454 4.170928 10.996010
v 3.665572 4.951536 10.766956
v 3.295803 3.802799 10.817354
v 2.830934 2.718036 10.637522
v 3.293532 4.726446 10.420454
v 2.965491 3.497233 10.152479
v 4.362894 3.458827 11.188711
v 4.607295 3.916057 10.817354
v 4.152719 5.023093 10.766956
v 4.960837 3.820560 10.152479
v 4.556076 4.945620 10.420454
v 3.318339 3.627505 9.481520
v 3.715133 4.641354 9.556046
v 3.977626 3.681846 9.275425
v 3.314128 4.619158 9.902206
v 4.629830 3.740763 9.481520
v 4.576671 4.838332 9.902206
v 4.202279 4.712911 9.556046
v 3.818782 5.780120 10.708643
v 3.496361 5.659856 10.537342
v 3.343004 5.527938 10.184830
v 4.162543 5.805401 10.537342
v 4.356556 5.749376 10.184830
v 3.536218 5.476038 9.834261
v 3.877908 5.511578 9.675653
v 4.202401 5.621583 9.834261
v 3.679762 4.561110 12.471212
v 3.726718 4.844720 12.285009
v 3.563682 4.605465 12.154951
v 3.420700 4.102602 12.409241
v 3.728410 4.126321 12.721430
v 3.962357 4.594226 12.590506
v 3.853091 4.841856 12.426098
v 3.433714 1.311132 13.604792
v 3.433715 1.311132 8.692360
v 5.184281 1.311132 12.965874
v 2.740434 1.176255 12.965874
v 1.199085 1.041378 10.755703
v 5.332448 1.311132 10.567596
v 3.526601 6.505435 10.372450
v 3.848915 6.595571 10.372450
v 4.491000 1.311132 8.692360
v 4.491000 1.311132 13.604792
v 3.551196 6.417485 10.000051
v 2.592267 1.176255 9.376825
v 5.332448 1.311132 9.376825
v 3.873511 6.507620 10.000050
v 1.199087 1.041378 11.588823
v 5.184281 1.311132 11.776930
v 3.602358 4.035514 10.961548
v 3.061511 3.604402 10.522615
v 4.293371 4.077422 10.961548
v 4.852417 3.847892 10.522615
v 3.631299 3.665328 9.320812
v 3.073751 3.538204 9.782093
v 4.864657 3.781694 9.782093
v 4.322312 3.707236 9.320812
v 3.646472 5.727774 10.658836
v 3.384258 5.588795 10.372087
v 3.997477 5.804461 10.658836
v 4.293963 5.787544 10.372089
v 3.700009 5.483306 9.720335
v 3.405437 5.490634 9.997324
v 4.315142 5.689383 9.997324
v 4.051014 5.559993 9.720335
v 3.594857 4.584224 12.326952
v 3.809781 4.576732 12.559990
v 4.114934 4.576732 12.559988
v 3.594857 4.584224 11.982948
v 4.329858 4.584224 12.326952
v 4.330825 4.586273 11.982061
v 4.115901 4.586163 11.733749
v 3.809781 4.584114 11.734636
v 3.847346 4.977702 12.290861
v 4.077369 4.977703 12.290861
v 3.847346 4.976732 12.017258
v 4.078335 4.976732 12.016371
v 3.619966 3.434615 12.939318
v 3.173187 3.306241 12.524420
v 4.304749 3.434616 12.939318
v 4.751528 3.441118 12.524420
v 3.619966 3.656637 11.394543
v 3.173187 3.306241 11.785482
v 4.751528 3.443166 11.785482
v 4.304749 3.658685 11.394543
v 2.509991 3.279991 11.002260
v 2.050467 1.041378 9.962931
v 2.198634 1.041378 12.381598
v 2.529537 3.279991 11.303267
v 2.216982 3.279991 11.303267
v 1.579812 1.041378 12.193491
v 1.579810 1.041378 10.151035
v 2.216982 3.279991 11.002260
v 2.744542 2.562726 10.724131
v 2.310835 2.353112 10.295500
v 2.855875 2.562726 11.581396
v 2.422168 2.353112 12.010027
v 1.537804 2.353112 11.435125
v 1.888003 2.353112 11.863756
v 1.888001 2.353112 10.441771
v 1.537803 2.353112 10.870401
v 2.417939 2.921493 10.646088
v 2.679652 2.996229 10.899426
v 2.745453 2.996229 11.406099
v 2.483742 2.921493 11.659439
v 2.122065 2.921493 11.607286
v 1.858033 2.921493 11.353949
v 1.858033 2.921493 10.951576
v 2.122064 2.921493 10.698240
vt 0.475577 0.052945
vt 0.434121 0.231805
vt 0.726496 0.021650
vt 0.542002 0.004898
vt 0.537896 0.123599
vt 0.523985 0.203346
vt 0.669346 0.096946
vt 0.589598 0.086201
vt 0.129155 0.238219
vt 0.098613 0.140726
vt 0.177097 0.282332
vt 0.325324 0.277362
vt 0.004883 0.139605
vt 0.059547 0.301057
vt 0.120248 0.356920
vt 0.375589 0.356920
vt 0.262532 0.004883
vt 0.121926 0.071137
vt 0.462647 0.867903
vt 0.564483 0.259607
vt 0.644949 0.272077
vt 0.447747 0.278523
vt 0.784465 0.100626
vt 0.377752 0.219957
vt 0.326741 0.024659
vt 0.697049 0.234454
vt 0.711194 0.154315
vt 0.560872 0.100924
vt 0.286510 0.041147
vt 0.653937 0.229639
vt 0.150829 0.262990
vt 0.088700 0.330291
vt 0.507776 0.027520
vt 0.088702 0.098618
vt 0.403852 0.846178
vt 0.419996 0.877534
vt 0.330365 0.836079
vt 0.015298 0.088629
vt 0.413772 0.321475
vt 0.353490 0.252368
vt 0.527508 0.243484
vt 0.502126 0.877534
vt 0.518204 0.841708
vt 0.459279 0.272077
vt 0.588950 0.818472
vt 0.756070 0.058831
vt 0.693654 0.120897
vt 0.268504 0.093577
vt 0.253435 0.087571
vt 0.192853 0.114340
vt 0.176042 0.127696
vt 0.294249 0.195898
vt 0.284178 0.102896
vt 0.299457 0.175580
vt 0.201476 0.207891
vt 0.191000 0.195801
vt 0.173094 0.147637
vt 0.280607 0.209808
vt 0.219189 0.214223
vt 0.617322 0.178960
vt 0.250191 0.134815
vt 0.237779 0.134647
vt 0.241901 0.150236
vt 0.225481 0.142447
vt 0.256897 0.160375
vt 0.257700 0.145969
vt 0.232089 0.166410
vt 0.227079 0.154195
vt 0.246401 0.165125
vt 0.581097 0.183991
vt 0.584938 0.161122
vt 0.605358 0.176130
vt 0.610681 0.169785
vt 0.595221 0.148412
vt 0.586314 0.201197
vt 0.608903 0.184961
vt 0.618377 0.166721
vt 0.610511 0.142624
vt 0.633229 0.146037
vt 0.625668 0.172843
vt 0.646763 0.157416
vt 0.637750 0.207215
vt 0.624042 0.188219
vt 0.616088 0.191141
vt 0.600970 0.211615
vt 0.623528 0.215650
vt 0.629377 0.181600
vt 0.653249 0.173904
vt 0.650052 0.196173
vt 0.410148 0.711673
vt 0.331607 0.799450
vt 0.446618 0.705563
vt 0.452988 0.771641
vt 0.430659 0.783062
vt 0.405123 0.809804
vt 0.577453 0.771783
vt 0.483520 0.703322
vt 0.476986 0.777860
vt 0.507493 0.797841
vt 0.520708 0.815703
vt 0.584463 0.791586
vt 0.329535 0.820340
vt 0.396439 0.828994
vt 0.461237 0.845013
vt 0.449823 0.841987
vt 0.447065 0.835264
vt 0.459834 0.834226
vt 0.471828 0.842159
vt 0.472692 0.832720
vt 0.458328 0.820734
vt 0.469790 0.823979
vt 0.447904 0.826412
vt 0.424470 0.832838
vt 0.433195 0.861058
vt 0.425234 0.844855
vt 0.461890 0.857962
vt 0.488858 0.861165
vt 0.496856 0.842931
vt 0.494173 0.825504
vt 0.474788 0.799384
vt 0.489914 0.809861
vt 0.455888 0.798859
vt 0.425042 0.817407
vt 0.437574 0.803555
vt 0.521177 0.077142
vt 0.107343 0.282778
vt 0.711026 0.075423
vt 0.486223 0.237678
vt 0.435226 0.744406
vt 0.398502 0.267884
vt 0.239496 0.141489
vt 0.250671 0.147824
vt 0.134504 0.307773
vt 0.550709 0.055780
vt 0.233271 0.152656
vt 0.051874 0.116895
vt 0.367355 0.301835
vt 0.244297 0.158892
vt 0.465151 0.741017
vt 0.735980 0.109509
vt 0.267717 0.057426
vt 0.145846 0.103323
vt 0.291455 0.066201
vt 0.330836 0.210154
vt 0.168964 0.225667
vt 0.135078 0.129044
vt 0.313017 0.233062
vt 0.187997 0.241301
vt 0.252095 0.114139
vt 0.210003 0.130265
vt 0.264762 0.120801
vt 0.275704 0.167986
vt 0.214097 0.180113
vt 0.202389 0.143477
vt 0.268167 0.181332
vt 0.225975 0.187450
vt 0.597073 0.185377
vt 0.599936 0.165087
vt 0.609584 0.158111
vt 0.604724 0.196036
vt 0.629709 0.161702
vt 0.637464 0.172388
vt 0.634841 0.192657
vt 0.624888 0.199912
vt 0.611166 0.177548
vt 0.617907 0.172678
vt 0.616712 0.185249
vt 0.623520 0.180346
vt 0.571013 0.135286
vt 0.556029 0.207068
vt 0.590332 0.121312
vt 0.659435 0.131858
vt 0.639802 0.230813
vt 0.571121 0.228039
vt 0.674902 0.153167
vt 0.659458 0.216538
vt 0.454963 0.839530
vt 0.366542 0.833286
vt 0.551661 0.817280
vt 0.466102 0.838949
vt 0.464803 0.828337
vt 0.546109 0.794641
vt 0.367171 0.815035
vt 0.453693 0.829569
vt 0.444513 0.865909
vt 0.413783 0.838740
vt 0.478962 0.865936
vt 0.506279 0.831763
vt 0.465245 0.787998
vt 0.501866 0.812528
vt 0.414053 0.822785
vt 0.444360 0.790341
vt 0.436862 0.839165
vt 0.451694 0.851400
vt 0.471111 0.851470
vt 0.483757 0.836022
vt 0.481512 0.823209
vt 0.464671 0.810481
vt 0.449896 0.812132
vt 0.436334 0.828409
vt 0.491677 0.040232
vt 0.535781 0.066236
vt 0.548387 0.110133
vt 0.506737 0.088272
vt 0.479053 0.217575
vt 0.139359 0.252053
vt 0.120630 0.295597
vt 0.074123 0.315674
vt 0.094351 0.269638
vt 0.051748 0.140165
vt 0.741283 0.040240
vt 0.723817 0.092007
vt 0.683000 0.107123
vt 0.697921 0.059298
vt 0.565800 0.045549
vt 0.446700 0.251941
vt 0.523436 0.222894
vt 0.493394 0.257781
vt 0.553577 0.830090
vt 0.428383 0.708618
vt 0.450119 0.742078
vt 0.440931 0.773783
vt 0.420404 0.747367
vt 0.368365 0.804627
vt 0.412750 0.249240
vt 0.747830 0.127470
vt 0.430760 0.299999
vt 0.383591 0.285694
vt 0.365456 0.237394
vt 0.244537 0.132127
vt 0.245223 0.144435
vt 0.236049 0.146804
vt 0.229189 0.137320
vt 0.247794 0.153452
vt 0.255477 0.138207
vt 0.259583 0.154669
vt 0.162892 0.273238
vt 0.148673 0.319626
vt 0.350456 0.317141
vt 0.104474 0.343605
vt 0.524889 0.016209
vt 0.573525 0.091949
vt 0.238524 0.156274
vt 0.227256 0.162579
vt 0.223054 0.148302
vt 0.010090 0.114117
vt 0.052000 0.093624
vt 0.367109 0.841128
vt 0.093567 0.121321
vt 0.394681 0.339197
vt 0.340108 0.265961
vt 0.253281 0.165561
vt 0.237813 0.168705
vt 0.465069 0.704443
vt 0.480253 0.740591
vt 0.542473 0.784812
vt 0.465215 0.771050
vt 0.770267 0.079728
vt 0.703567 0.135314
vt 0.274521 0.023015
vt 0.649443 0.250858
vt 0.278518 0.065219
vt 0.260409 0.088810
vt 0.257983 0.046227
vt 0.157389 0.092739
vt 0.105314 0.084878
vt 0.441321 0.872718
vt 0.182151 0.119281
vt 0.137382 0.115045
vt 0.306625 0.032903
vt 0.675493 0.232046
vt 0.305460 0.063778
vt 0.338605 0.197768
vt 0.277197 0.096500
vt 0.322497 0.222074
vt 0.299349 0.186804
vt 0.160078 0.217010
vt 0.135854 0.144181
vt 0.194448 0.202170
vt 0.178166 0.233904
vt 0.172616 0.137338
vt 0.302966 0.243585
vt 0.198143 0.248278
vt 0.288297 0.204425
vt 0.209223 0.212519
vt 0.258506 0.117319
vt 0.245607 0.111109
vt 0.215316 0.124494
vt 0.205444 0.136454
vt 0.270939 0.124433
vt 0.278579 0.160774
vt 0.272382 0.174928
vt 0.209039 0.174998
vt 0.200086 0.150916
vt 0.219595 0.184504
vt 0.263504 0.187466
vt 0.232795 0.189674
vt 0.593227 0.180061
vt 0.595148 0.168626
vt 0.605977 0.180748
vt 0.600908 0.190700
vt 0.581430 0.193472
vt 0.588411 0.153354
vt 0.604741 0.161574
vt 0.607037 0.172486
vt 0.602046 0.143492
vt 0.614444 0.154673
vt 0.625803 0.156379
vt 0.614389 0.167172
vt 0.611959 0.189091
vt 0.608529 0.201378
vt 0.619808 0.203396
vt 0.592085 0.208285
vt 0.641336 0.149945
vt 0.633600 0.167035
vt 0.622562 0.168742
vt 0.652147 0.164911
vt 0.641313 0.177752
vt 0.639714 0.188887
vt 0.628654 0.177050
vt 0.629916 0.196356
vt 0.627720 0.185393
vt 0.645286 0.202814
vt 0.631253 0.213066
vt 0.620208 0.190818
vt 0.614517 0.175088
vt 0.613874 0.181421
vt 0.620748 0.176460
vt 0.620170 0.182878
vt 0.580641 0.128255
vt 0.561417 0.142360
vt 0.552541 0.193669
vt 0.561545 0.219011
vt 0.600055 0.114412
vt 0.651288 0.121492
vt 0.667376 0.142368
vt 0.634238 0.243864
vt 0.582727 0.235611
vt 0.647498 0.220719
vt 0.545996 0.251546
vt 0.482387 0.872718
vt 0.682222 0.164109
vt 0.673550 0.215313
vt 0.454505 0.844582
vt 0.447603 0.839279
vt 0.454286 0.834955
vt 0.460582 0.839544
vt 0.329950 0.828210
vt 0.366416 0.824801
vt 0.396649 0.837187
vt 0.522793 0.827026
vt 0.549315 0.805215
vt 0.586707 0.805029
vt 0.467646 0.844497
vt 0.465486 0.833879
vt 0.473251 0.837768
vt 0.459150 0.828333
vt 0.464411 0.820984
vt 0.471855 0.827366
vt 0.517624 0.805591
vt 0.580958 0.781684
vt 0.330571 0.809895
vt 0.397191 0.819542
vt 0.446674 0.830206
vt 0.452469 0.822313
vt 0.426595 0.869296
vt 0.414543 0.845516
vt 0.447904 0.858878
vt 0.462084 0.864223
vt 0.413470 0.831363
vt 0.424877 0.839036
vt 0.475286 0.858929
vt 0.495492 0.869350
vt 0.507530 0.842320
vt 0.495481 0.833943
vt 0.504551 0.821676
vt 0.475887 0.788622
vt 0.498703 0.803851
vt 0.465108 0.798822
vt 0.454703 0.788272
vt 0.492081 0.817664
vt 0.415082 0.813606
vt 0.434116 0.793308
vt 0.424764 0.825496
vt 0.446889 0.800863
vt 0.436397 0.834348
vt 0.437529 0.843421
vt 0.441509 0.851522
vt 0.461640 0.851356
vt 0.480343 0.851662
vt 0.484342 0.842545
vt 0.482904 0.829557
vt 0.479852 0.816920
vt 0.472289 0.811681
vt 0.457169 0.810294
vt 0.442739 0.814984
vt 0.436473 0.821909
vn -0.646468 0.274795 0.711736
vn -0.218108 0.308004 0.926047
vn -0.218797 0.308276 0.925793
vn -0.674234 0.276745 0.684704
vn 0.000000 0.310252 0.950654
vn -0.000000 0.308488 0.951228
vn -0.000001 0.302232 0.953234
vn -0.218722 0.309956 0.925250
vn -0.685243 0.299052 0.664086
vn -0.645300 0.269735 -0.714724
vn -0.278274 0.269861 -0.921812
vn -0.257392 0.268111 -0.928367
vn -0.628380 0.259065 -0.733501
vn -0.003937 0.260872 -0.965365
vn -0.000612 0.264179 -0.964474
vn 0.000000 0.265174 -0.964201
vn -0.245967 0.267783 -0.931554
vn -0.606597 0.257392 -0.752189
vn 0.642127 0.267020 0.718591
vn 0.929619 0.181963 0.320465
vn 0.935127 0.190985 0.298434
vn 0.658849 0.270563 0.701935
vn 0.992250 0.123427 0.014316
vn 0.990383 0.138326 -0.002772
vn 0.978892 0.204312 -0.005206
vn 0.923599 0.242141 0.297207
vn 0.648713 0.298120 0.700211
vn -0.747233 0.253407 0.614352
vn -0.871795 0.223083 0.436129
vn -0.885659 0.235382 0.400255
vn -0.751829 0.280633 0.596656
vn -0.907613 0.266835 0.324095
vn -0.851878 0.352257 0.387582
vn -0.838806 0.236027 -0.490607
vn -0.943577 0.208331 -0.257413
vn -0.936586 0.217466 -0.274800
vn -0.825038 0.244274 -0.509551
vn -0.980041 0.198787 0.001717
vn -0.978020 0.208510 -0.000264
vn -0.966898 0.255163 -0.000884
vn -0.912301 0.261261 -0.315355
vn -0.784096 0.283120 -0.552302
vn 0.949716 0.253405 0.183916
vn 0.982410 0.139334 0.124324
vn 0.948844 0.127798 0.288727
vn 0.924678 0.189919 0.330002
vn 0.987200 0.107411 0.117891
vn 0.957074 0.104582 0.270317
vn 0.989173 0.145081 -0.022087
vn 0.987813 0.155577 0.004500
vn 0.979454 0.201508 0.008054
vn -0.769895 0.095828 0.630934
vn -0.547834 0.223810 0.806094
vn -0.772444 0.472814 0.424001
vn -0.930059 0.165696 0.327925
vn -0.079661 0.344060 0.935562
vn -0.217228 0.816454 0.534991
vn -0.261677 0.935730 -0.236506
vn -0.863392 0.479890 -0.155755
vn -0.984671 0.154047 -0.081812
vn 0.871962 0.487237 -0.047776
vn 0.545443 0.825433 -0.145436
vn 0.473310 0.759718 0.445876
vn 0.803696 0.477218 0.355437
vn 0.395874 0.402542 0.825375
vn 0.674644 0.332776 0.658875
vn 0.250328 0.265277 -0.931109
vn 0.243234 0.266213 -0.932721
vn 0.261050 0.262447 -0.928964
vn 0.613360 0.256653 -0.746940
vn 0.613414 0.249745 -0.749233
vn 0.601879 0.248997 -0.758777
vn 0.211846 0.306697 0.927932
vn 0.205019 0.308809 0.928765
vn 0.214751 0.306347 0.927380
vn -0.687555 0.324742 -0.649469
vn -0.864009 0.137954 -0.484207
vn -0.145869 0.559812 -0.815679
vn -0.059306 0.264825 -0.962471
vn -0.484630 0.180970 -0.855794
vn -0.693096 0.115017 -0.711610
vn -0.797512 0.238822 -0.554021
vn -0.816404 0.248561 -0.521250
vn -0.740720 0.249947 -0.623586
vn -0.751725 0.271063 -0.601195
vn -0.861287 0.327571 -0.388435
vn -0.849209 0.266168 -0.456070
vn 0.878031 0.208486 -0.430808
vn 0.870401 0.232865 -0.433793
vn 0.871610 0.203574 -0.445930
vn 0.478220 0.591610 -0.649079
vn 0.372170 0.338726 -0.864149
vn 0.776986 0.427171 -0.462404
vn 0.621008 0.326154 -0.712722
vn -0.940837 0.217917 0.259497
vn -0.934685 0.226803 0.273724
vn -0.833455 0.253655 0.490929
vn -0.821612 0.261373 0.506594
vn -0.781044 0.298061 0.548753
vn -0.910492 0.269837 0.313355
vn 0.985086 0.127728 -0.115290
vn 0.968336 0.202205 -0.146419
vn 0.989272 0.101993 -0.104591
vn -0.875201 0.436008 0.209570
vn -0.673676 0.583773 0.453177
vn -0.417513 0.288502 0.861655
vn -0.743023 0.293922 0.601272
vn -0.015843 0.706620 0.707416
vn -0.015147 0.272463 0.962047
vn -0.015509 0.186449 0.982342
vn -0.406527 0.176094 0.896508
vn -0.719236 0.182663 0.670324
vn -0.902237 0.356441 0.242730
vn -0.911000 0.270846 0.310999
vn -0.959671 0.273704 -0.064173
vn -0.912701 0.186771 0.363446
vn -0.978787 0.197809 -0.053369
vn 0.677693 0.558717 0.478087
vn 0.385948 0.296410 0.873605
vn 0.716752 0.288731 0.634745
vn 0.661890 0.258922 0.703463
vn 0.367632 0.225431 0.902235
vn 0.886524 0.256336 0.385183
vn 0.966081 0.258227 0.002643
vn 0.954738 0.297364 -0.007038
vn 0.859731 0.279806 0.427283
vn -0.303045 0.261541 -0.916384
vn -0.011260 0.250570 -0.968033
vn -0.646698 0.267875 -0.714160
vn -0.651234 0.217809 -0.726948
vn -0.344954 0.218678 -0.912791
vn -0.020705 0.222865 -0.974629
vn -0.865241 0.263159 -0.426739
vn -0.867487 0.207402 -0.452163
vn 0.857188 0.264341 -0.441987
vn 0.611712 0.265906 -0.745052
vn 0.615456 0.273690 -0.739127
vn 0.842718 0.290188 -0.453450
vn 0.275919 0.256584 -0.926301
vn 0.305729 0.246095 -0.919765
vn -0.449459 0.113161 0.886105
vn -0.735254 0.101754 0.670110
vn -0.025159 0.161945 0.986479
vn -0.922230 0.104639 0.372212
vn -0.991432 0.114304 -0.063228
vn 0.393557 0.220810 0.892388
vn 0.669647 0.270120 0.691815
vn 0.854340 0.316064 0.412561
vn 0.938880 0.343816 -0.017171
vn -0.401542 0.161694 -0.901454
vn -0.032353 0.199148 -0.979435
vn -0.672467 0.143276 -0.726127
vn -0.870993 0.127610 -0.474433
vn 0.830273 0.324777 -0.452954
vn 0.625357 0.290151 -0.724390
vn 0.342938 0.247941 -0.906046
vn -0.682495 0.365698 0.632824
vn -0.667795 0.409544 0.621549
vn -0.863201 0.392528 0.317499
vn -0.904191 0.334474 0.265642
vn -0.644219 0.474918 0.599529
vn -0.767288 0.523284 0.370734
vn -0.835053 0.550169 -0.000509
vn -0.922496 0.386007 -0.000026
vn -0.948884 0.315627 -0.000000
vn -0.348740 0.394125 0.850321
vn -0.415664 0.528890 0.739932
vn -0.285356 0.339950 0.896106
vn -0.000002 0.316070 0.948736
vn -0.000001 0.384744 0.923023
vn 0.000001 0.562987 0.826466
vn 0.345509 0.394923 0.851269
vn 0.415662 0.528890 0.739933
vn 0.275103 0.340909 0.898943
vn 0.645662 0.379300 0.662761
vn 0.653722 0.416893 0.631544
vn 0.644218 0.474917 0.599531
vn -0.865873 0.393535 -0.308858
vn -0.908804 0.334921 -0.248803
vn -0.769407 0.523552 -0.365932
vn -0.662565 0.481159 -0.574016
vn -0.701937 0.420055 -0.575185
vn -0.735675 0.375903 -0.563452
vn 0.848798 0.410659 0.333017
vn 0.766832 0.523278 0.371684
vn 0.875480 0.371613 0.308931
vn 0.932433 0.361337 0.002029
vn 0.913116 0.407680 0.004102
vn 0.834606 0.550829 0.004463
vn 0.854126 0.411595 -0.317897
vn 0.770564 0.526207 -0.359634
vn 0.882343 0.371759 -0.288559
vn 0.702518 0.390695 -0.594832
vn 0.688975 0.427885 -0.585003
vn 0.661514 0.483743 -0.573055
vn -0.002467 0.362529 -0.931969
vn -0.004623 0.438159 -0.898885
vn 0.410265 0.432397 -0.802942
vn 0.369194 0.378282 -0.848881
vn -0.005472 0.596199 -0.802818
vn 0.437272 0.551663 -0.710254
vn -0.419956 0.431217 -0.798554
vn -0.444919 0.548442 -0.707996
vn -0.382545 0.377579 -0.843264
vn -0.507182 0.732994 0.453305
vn 0.000071 0.852406 0.522881
vn -0.000088 0.999991 -0.004215
vn -0.565313 0.824872 -0.002607
vn 0.506993 0.732989 0.453524
vn 0.564168 0.825660 -0.000216
vn -0.511256 0.734679 -0.445941
vn -0.002401 0.857652 -0.514225
vn 0.508235 0.738209 -0.443559
vn -0.238157 0.316764 0.918119
vn -0.686825 0.332260 0.646432
vn -0.000002 0.298067 0.954545
vn -0.916064 0.301584 0.264336
vn -0.950530 0.307834 0.041600
vn 0.222888 0.316707 0.921964
vn 0.640881 0.341489 0.687500
vn 0.899813 0.318673 0.297968
vn 0.953700 0.300748 -0.002489
vn -0.477729 0.508404 -0.716450
vn -0.002276 0.485009 -0.874507
vn -0.812458 0.442231 -0.379925
vn -0.900894 0.432088 -0.041121
vn -0.926304 0.346139 -0.148824
vn 0.923296 0.319225 -0.213591
vn 0.812316 0.410596 -0.414191
vn 0.471459 0.500615 -0.726024
vn 0.790875 0.605385 -0.089581
vn 0.703710 0.573232 -0.419759
vn 0.393001 0.810458 -0.434405
vn 0.475787 0.878990 -0.031682
vn 0.521780 0.548101 -0.653706
vn 0.197205 0.666311 -0.719124
vn -0.058032 0.678316 -0.732476
vn -0.003135 0.887243 -0.461292
vn -0.001136 0.999999 0.000220
vn -0.357903 0.254863 -0.898304
vn -0.308633 0.308045 -0.899919
vn -0.373391 0.235892 -0.897181
vn -0.371867 0.234599 -0.898153
vn -0.356637 0.243181 -0.902038
vn -0.340090 0.288733 -0.894971
vn -0.263264 0.270750 0.925952
vn -0.273779 0.251726 0.928267
vn -0.220618 0.324993 0.919624
vn -0.268605 0.303167 0.914298
vn -0.276703 0.263379 0.924158
vn -0.289039 0.256135 0.922416
vn 0.477753 0.617176 0.625177
vn 0.714090 0.631695 0.301724
vn 0.367161 0.838581 0.402461
vn 0.160188 0.682168 0.713433
vn -0.001778 0.885300 0.465018
vn -0.049892 0.674436 0.736646
vn -0.344240 0.845227 0.408766
vn -0.244921 0.668692 0.702043
vn -0.432197 0.901778 0.001501
vn -0.715721 0.698386 0.000000
vn -0.648179 0.690805 0.320394
vn -0.514305 0.628572 0.583428
vn -0.592997 0.283535 0.753632
vn -0.605592 0.276301 0.746268
vn -0.562226 0.317418 0.763641
vn -0.625807 0.259792 -0.735441
vn -0.591712 0.298440 -0.748873
vn -0.640935 0.251648 -0.725173
vn -0.349901 0.845045 -0.404312
vn -0.255294 0.670387 -0.696711
vn -0.514305 0.628572 -0.583427
vn -0.648178 0.690805 -0.320395
vn -0.081405 0.894426 -0.439745
vn -0.087438 0.994121 0.063866
vn -0.136845 0.699756 -0.701153
vn 0.559181 0.387912 -0.732694
vn 0.810721 0.312381 -0.495126
vn 0.944463 0.304991 -0.122354
vn -0.118791 0.466642 -0.876433
vn -0.297089 0.408688 -0.862967
vn -0.224928 0.524901 -0.820906
vn 0.104395 0.499146 -0.860206
vn 0.059762 0.864396 0.499248
vn 0.001345 0.644693 0.764441
vn 0.871892 0.349551 0.342956
vn 0.523784 0.449357 0.723691
vn -0.070438 0.461632 0.884271
vn -0.238531 0.409644 0.880508
vn 0.076813 0.509837 0.856835
vn -0.183251 0.518504 0.835208
vn -0.860637 0.383489 0.335023
vn -0.924186 0.381943 -0.000801
vn -0.719374 0.393652 0.572310
vn -0.645991 0.495451 0.580710
vn -0.800783 0.498873 0.331471
vn -0.861372 0.507976 0.000001
vn -0.502249 0.409609 0.761555
vn -0.410016 0.506945 0.758218
vn -0.526720 0.402754 -0.748569
vn -0.721074 0.386946 -0.574739
vn -0.645989 0.495452 -0.580712
vn -0.428450 0.508513 -0.746891
vn -0.861768 0.379494 -0.336660
vn -0.800783 0.498873 -0.331470
vn 0.122545 0.552756 -0.824284
vn 0.553212 0.453388 -0.698853
vn -0.147188 0.569646 -0.808603
vn 0.788406 0.401579 -0.465994
vn 0.901894 0.416225 -0.115518
vn 0.837636 0.447052 0.313864
vn 0.518267 0.517518 0.680863
vn 0.090613 0.565193 0.819967
vn -0.121456 0.565281 0.815908
vn -0.318767 0.553978 0.769088
vn -0.588084 0.546552 0.596187
vn -0.765531 0.556443 0.323007
vn -0.823518 0.567290 0.000002
vn -0.765530 0.556444 -0.323008
vn -0.588080 0.546554 -0.596188
vn -0.333786 0.555659 -0.761465
s 1
g Piedra16 PiedrasHP
usemtl initialShadingGroup
f 1/1/1 162/201/2 246/125/3 165/204/4
f 162/201/2 16/33/5 163/202/6 246/125/3
f 246/125/3 163/202/6 12/28/7 164/203/8
f 165/204/4 246/125/3 164/203/8 3/5/9
f 5/9/10 166/206/11 247/126/12 169/209/13
f 166/206/11 14/31/14 167/207/15 247/126/12
f 247/126/12 167/207/15 15/32/16 168/208/17
f 169/209/13 247/126/12 168/208/17 7/14/18
f 2/3/19 170/211/20 248/127/21 173/214/22
f 170/211/20 23/46/23 171/212/24 248/127/21
f 248/127/21 171/212/24 24/47/25 172/213/26
f 173/214/22 248/127/21 172/213/26 4/7/27
f 22/44/28 174/216/29 249/128/30 176/218/31
f 174/216/29 1/2/1 165/205/4 249/128/30
f 249/128/30 165/205/4 3/6/9 175/217/32
f 176/218/31 249/128/30 175/217/32 21/41/33
f 59/90/34 177/220/35 250/129/36 180/223/37
f 177/220/35 60/92/38 178/221/39 250/129/36
f 250/129/36 178/221/39 61/93/40 179/222/41
f 180/223/37 250/129/36 179/222/41 62/94/42
f 11/24/43 181/225/44 251/130/45 184/229/46
f 181/225/44 10/22/47 182/227/48 251/130/45
f 251/130/45 182/227/48 19/39/49 183/228/50
f 184/229/46 251/130/45 183/228/50 20/40/51
f 35/62/52 185/230/53 252/131/54 188/233/55
f 185/230/53 34/61/56 186/231/57 252/131/54
f 252/131/54 186/231/57 36/63/58 187/232/59
f 188/233/55 252/131/54 187/232/59 37/64/60
f 38/65/61 189/234/62 253/132/63 191/236/64
f 189/234/62 36/63/58 186/231/57 253/132/63
f 253/132/63 186/231/57 34/61/56 190/235/65
f 191/236/64 253/132/63 190/235/65 39/66/66
f 15/32/16 167/207/15 254/133/67 194/240/68
f 167/207/15 14/31/14 192/237/69 254/133/67
f 254/133/67 192/237/69 6/11/70 193/238/71
f 194/240/68 254/133/67 193/238/71 8/15/72
f 12/28/7 163/202/6 255/134/73 196/242/74
f 163/202/6 16/33/5 195/241/75 255/134/73
f 255/134/73 195/241/75 2/4/19 173/215/22
f 196/242/74 255/134/73 173/215/22 4/8/27
f 37/64/60 187/232/59 256/135/76 199/245/77
f 187/232/59 36/63/58 197/243/78 256/135/76
f 256/135/76 197/243/78 40/67/79 198/244/80
f 199/245/77 256/135/76 198/244/80 41/68/81
f 7/13/18 200/246/82 257/136/83 169/210/13
f 200/246/82 18/38/84 201/247/85 257/136/83
f 257/136/83 201/247/85 17/34/86 202/249/87
f 169/210/13 257/136/83 202/249/87 5/10/10
f 20/40/51 183/228/50 258/137/88 204/251/89
f 183/228/50 19/39/49 203/250/90 258/137/88
f 258/137/88 203/250/90 8/16/72 193/239/71
f 204/251/89 258/137/88 193/239/71 6/12/70
f 40/67/79 197/243/78 259/138/91 206/253/92
f 197/243/78 36/63/58 189/234/62 259/138/91
f 259/138/91 189/234/62 38/65/61 205/252/93
f 206/253/92 259/138/91 205/252/93 42/69/94
f 60/92/38 207/254/95 260/139/96 178/221/39
f 207/254/95 63/97/97 208/255/98 260/139/96
f 260/139/96 208/255/98 64/98/99 209/257/100
f 178/221/39 260/139/96 209/257/100 61/93/40
f 24/47/25 171/212/24 261/140/101 211/259/102
f 171/212/24 23/46/23 210/258/103 261/140/101
f 261/140/101 210/258/103 10/23/47 181/226/44
f 211/259/102 261/140/101 181/226/44 11/27/43
f 9/17/104 212/260/105 262/141/106 215/264/107
f 212/260/105 13/29/108 213/262/109 262/141/106
f 262/141/106 213/262/109 25/48/110 214/263/111
f 215/264/107 262/141/106 214/263/111 26/49/112
f 17/34/86 216/266/113 263/142/114 218/269/115
f 216/266/113 9/18/104 215/265/107 263/142/114
f 263/142/114 215/265/107 26/50/112 217/268/116
f 218/269/115 263/142/114 217/268/116 27/51/117
f 13/29/108 219/270/118 264/143/119 213/262/109
f 219/270/118 11/25/43 220/272/120 264/143/119
f 264/143/119 220/272/120 29/53/121 221/274/122
f 213/262/109 264/143/119 221/274/122 25/48/110
f 11/24/43 184/229/46 265/144/123 220/273/120
f 184/229/46 20/40/51 222/275/124 265/144/123
f 265/144/123 222/275/124 28/52/125 223/276/126
f 220/273/120 265/144/123 223/276/126 29/54/121
f 14/31/14 166/206/11 266/145/127 226/280/128
f 166/206/11 5/9/10 224/277/129 266/145/127
f 266/145/127 224/277/129 31/56/130 225/279/131
f 226/280/128 266/145/127 225/279/131 30/55/132
f 5/10/10 202/249/87 267/146/133 224/278/129
f 202/249/87 17/34/86 218/269/115 267/146/133
f 267/146/133 218/269/115 27/51/117 227/281/134
f 224/278/129 267/146/133 227/281/134 31/57/130
f 20/40/51 204/251/89 268/147/135 222/275/124
f 204/251/89 6/12/70 228/282/136 268/147/135
f 268/147/135 228/282/136 32/58/137 229/284/138
f 222/275/124 268/147/135 229/284/138 28/52/125
f 6/11/70 192/237/69 269/148/139 228/283/136
f 192/237/69 14/31/14 226/280/128 269/148/139
f 269/148/139 226/280/128 30/55/132 230/285/140
f 228/283/136 269/148/139 230/285/140 32/59/137
f 26/49/112 214/263/111 270/149/141 232/287/142
f 214/263/111 25/48/110 231/286/143 270/149/141
f 270/149/141 231/286/143 34/61/56 185/230/53
f 232/287/142 270/149/141 185/230/53 35/62/52
f 27/51/117 217/268/116 271/150/144 233/289/145
f 217/268/116 26/50/112 232/288/142 271/150/144
f 271/150/144 232/288/142 35/62/52 188/233/55
f 233/289/145 271/150/144 188/233/55 37/64/60
f 25/48/110 221/274/122 272/151/146 231/286/143
f 221/274/122 29/53/121 234/290/147 272/151/146
f 272/151/146 234/290/147 39/66/66 190/235/65
f 231/286/143 272/151/146 190/235/65 34/61/56
f 29/54/121 223/276/126 273/152/148 234/291/147
f 223/276/126 28/52/125 235/292/149 273/152/148
f 273/152/148 235/292/149 38/65/61 191/236/64
f 234/291/147 273/152/148 191/236/64 39/66/66
f 30/55/132 225/279/131 274/153/150 237/295/151
f 225/279/131 31/56/130 236/293/152 274/153/150
f 274/153/150 236/293/152 41/68/81 198/244/80
f 237/295/151 274/153/150 198/244/80 40/67/79
f 31/57/130 227/281/134 275/154/153 236/294/152
f 227/281/134 27/51/117 233/289/145 275/154/153
f 275/154/153 233/289/145 37/64/60 199/245/77
f 236/294/152 275/154/153 199/245/77 41/68/81
f 28/52/125 229/284/138 276/155/154 235/292/149
f 229/284/138 32/58/137 238/296/155 276/155/154
f 276/155/154 238/296/155 42/69/94 205/252/93
f 235/292/149 276/155/154 205/252/93 38/65/61
f 32/59/137 230/285/140 277/156/156 238/297/155
f 230/285/140 30/55/132 237/295/151 277/156/156
f 277/156/156 237/295/151 40/67/79 206/253/92
f 238/297/155 277/156/156 206/253/92 42/69/94
f 43/70/157 239/298/158 278/157/159 242/302/160
f 239/298/158 44/72/161 240/300/162 278/157/159
f 278/157/159 240/300/162 48/76/163 241/301/164
f 242/302/160 278/157/159 241/301/164 47/75/165
f 44/72/161 239/299/158 279/158/166 245/305/167
f 239/299/158 43/71/157 243/303/168 279/158/166
f 279/158/166 243/303/168 46/74/169 244/304/170
f 245/305/167 279/158/166 244/304/170 45/73/171
f 45/73/171 244/304/170 280/159/172 88/309/173
f 244/304/170 46/74/169 86/306/174 280/159/172
f 280/159/172 86/306/174 50/78/175 87/307/176
f 88/309/173 280/159/172 87/307/176 49/77/177
f 47/75/165 241/301/164 281/160/178 91/313/179
f 241/301/164 48/76/163 89/310/180 281/160/178
f 281/160/178 89/310/180 55/84/181 90/311/182
f 91/313/179 281/160/178 90/311/182 56/85/183
f 49/77/177 87/308/176 282/161/184 94/316/185
f 87/308/176 50/79/175 92/314/186 282/161/184
f 282/161/184 92/314/186 52/81/187 93/315/188
f 94/316/185 282/161/184 93/315/188 51/80/189
f 51/80/189 93/315/188 283/162/190 97/320/191
f 93/315/188 52/81/187 95/317/192 283/162/190
f 283/162/190 95/317/192 58/88/193 96/318/194
f 97/320/191 283/162/190 96/318/194 57/87/195
f 53/82/196 98/321/197 284/163/198 100/323/199
f 98/321/197 54/83/200 99/322/201 284/163/198
f 284/163/198 99/322/201 57/87/195 96/319/194
f 100/323/199 284/163/198 96/319/194 58/89/193
f 54/83/200 98/321/197 285/164/202 102/325/203
f 98/321/197 53/82/196 101/324/204 285/164/202
f 285/164/202 101/324/204 56/86/183 90/312/182
f 102/325/203 285/164/202 90/312/182 55/84/181
f 44/72/161 245/305/167 286/165/205 240/300/162
f 245/305/167 45/73/171 103/326/206 286/165/205
f 286/165/205 103/326/206 33/60/207 104/327/208
f 240/300/162 286/165/205 104/327/208 48/76/163
f 45/73/171 88/309/173 287/166/209 103/326/206
f 88/309/173 49/77/177 94/316/185 287/166/209
f 287/166/209 94/316/185 51/80/189 105/328/210
f 103/326/206 287/166/209 105/328/210 33/60/207
f 48/76/163 104/327/208 288/167/211 89/310/180
f 104/327/208 33/60/207 106/329/212 288/167/211
f 288/167/211 106/329/212 54/83/200 102/325/203
f 89/310/180 288/167/211 102/325/203 55/84/181
f 33/60/207 105/328/210 289/168/213 106/329/212
f 105/328/210 51/80/189 97/320/191 289/168/213
f 289/168/213 97/320/191 57/87/195 99/322/201
f 106/329/212 289/168/213 99/322/201 54/83/200
f 3/5/9 164/203/8 290/169/214 108/331/215
f 164/203/8 12/28/7 107/330/216 290/169/214
f 290/169/214 107/330/216 46/74/169 243/303/168
f 108/331/215 290/169/214 243/303/168 43/71/157
f 21/41/33 175/217/32 291/170/217 109/333/218
f 175/217/32 3/6/9 108/332/215 291/170/217
f 291/170/217 108/332/215 43/70/157 242/302/160
f 109/333/218 291/170/217 242/302/160 47/75/165
f 12/28/7 196/242/74 292/171/219 107/330/216
f 196/242/74 4/8/27 110/334/220 292/171/219
f 292/171/219 110/334/220 50/78/175 86/306/174
f 107/330/216 292/171/219 86/306/174 46/74/169
f 4/7/27 172/213/26 293/172/221 110/335/220
f 172/213/26 24/47/25 111/336/222 293/172/221
f 293/172/221 111/336/222 52/81/187 92/314/186
f 110/335/220 293/172/221 92/314/186 50/79/175
f 13/30/108 212/261/105 294/173/223 113/339/224
f 212/261/105 9/21/104 112/337/225 294/173/223
f 294/173/223 112/337/225 56/86/183 101/324/204
f 113/339/224 294/173/223 101/324/204 53/82/196
f 9/20/104 114/340/226 295/174/227 112/338/225
f 114/340/226 21/41/33 109/333/218 295/174/227
f 295/174/227 109/333/218 47/75/165 91/313/179
f 112/338/225 295/174/227 91/313/179 56/85/183
f 24/47/25 211/259/102 296/175/228 111/336/222
f 211/259/102 11/27/43 115/342/229 296/175/228
f 296/175/228 115/342/229 58/88/193 95/317/192
f 111/336/222 296/175/228 95/317/192 52/81/187
f 11/26/43 219/271/118 297/176/230 115/343/229
f 219/271/118 13/30/108 113/339/224 297/176/230
f 297/176/230 113/339/224 53/82/196 100/323/199
f 115/343/229 297/176/230 100/323/199 58/89/193
f 69/104/231 116/344/232 298/177/233 119/347/234
f 116/344/232 70/105/235 117/345/236 298/177/233
f 298/177/233 117/345/236 71/106/237 118/346/238
f 119/347/234 298/177/233 118/346/238 72/107/239
f 17/35/86 201/248/85 299/178/240 122/350/241
f 201/248/85 18/37/84 120/348/242 299/178/240
f 299/178/240 120/348/242 67/102/243 121/349/244
f 122/350/241 299/178/240 121/349/244 68/103/245
f 22/45/28 176/219/31 300/179/246 125/353/247
f 176/219/31 21/43/33 123/351/248 300/179/246
f 300/179/246 123/351/248 65/100/249 124/352/250
f 125/353/247 300/179/246 124/352/250 66/101/251
f 73/108/252 126/354/253 301/180/254 128/356/255
f 126/354/253 69/104/231 119/347/234 301/180/254
f 301/180/254 119/347/234 72/107/239 127/355/256
f 128/356/255 301/180/254 127/355/256 74/109/257
f 74/109/257 127/355/256 302/181/258 131/359/259
f 127/355/256 72/107/239 129/357/260 302/181/258
f 302/181/258 129/357/260 75/110/261 130/358/262
f 131/359/259 302/181/258 130/358/262 76/111/263
f 66/101/251 124/352/250 303/182/264 133/361/265
f 124/352/250 65/100/249 132/360/266 303/182/264
f 303/182/264 132/360/266 64/99/99 208/256/98
f 133/361/265 303/182/264 208/256/98 63/96/97
f 68/103/245 121/349/244 304/183/267 135/363/268
f 121/349/244 67/102/243 134/362/269 304/183/267
f 304/183/267 134/362/269 59/91/34 180/224/37
f 135/363/268 304/183/267 180/224/37 62/95/42
f 72/107/239 118/346/238 305/184/270 129/357/260
f 118/346/238 71/106/237 136/364/271 305/184/270
f 305/184/270 136/364/271 77/112/272 137/365/273
f 129/357/260 305/184/270 137/365/273 75/110/261
f 9/19/104 216/267/113 306/185/274 140/369/275
f 216/267/113 17/36/86 138/366/276 306/185/274
f 306/185/274 138/366/276 79/114/277 139/368/278
f 140/369/275 306/185/274 139/368/278 80/116/279
f 17/35/86 122/350/241 307/186/280 138/367/276
f 122/350/241 68/103/245 141/370/281 307/186/280
f 307/186/280 141/370/281 78/113/282 142/371/283
f 138/367/276 307/186/280 142/371/283 79/115/277
f 21/42/33 114/341/226 308/187/284 144/373/285
f 114/341/226 9/19/104 140/369/275 308/187/284
f 308/187/284 140/369/275 80/116/279 143/372/286
f 144/373/285 308/187/284 143/372/286 81/117/287
f 65/100/249 123/351/248 309/188/288 146/376/289
f 123/351/248 21/43/33 144/374/285 309/188/288
f 309/188/288 144/374/285 81/118/287 145/375/290
f 146/376/289 309/188/288 145/375/290 82/119/291
f 61/93/40 209/257/100 310/189/292 149/380/293
f 209/257/100 64/98/99 147/377/294 310/189/292
f 310/189/292 147/377/294 83/120/295 148/379/296
f 149/380/293 310/189/292 148/379/296 84/122/297
f 64/99/99 132/360/266 311/190/298 147/378/294
f 132/360/266 65/100/249 146/376/289 311/190/298
f 311/190/298 146/376/289 82/119/291 150/381/299
f 147/378/294 311/190/298 150/381/299 83/121/295
f 68/103/245 135/363/268 312/191/300 141/370/281
f 135/363/268 62/95/42 151/382/301 312/191/300
f 312/191/300 151/382/301 85/123/302 152/384/303
f 141/370/281 312/191/300 152/384/303 78/113/282
f 62/94/42 179/222/41 313/192/304 151/383/301
f 179/222/41 61/93/40 149/380/293 313/192/304
f 313/192/304 149/380/293 84/122/297 153/385/305
f 151/383/301 313/192/304 153/385/305 85/124/302
f 79/115/277 142/371/283 314/193/306 155/387/307
f 142/371/283 78/113/282 154/386/308 314/193/306
f 314/193/306 154/386/308 71/106/237 117/345/236
f 155/387/307 314/193/306 117/345/236 70/105/235
f 80/116/279 139/368/278 315/194/309 156/389/310
f 139/368/278 79/114/277 155/388/307 315/194/309
f 315/194/309 155/388/307 70/105/235 116/344/232
f 156/389/310 315/194/309 116/344/232 69/104/231
f 81/117/287 143/372/286 316/195/311 157/390/312
f 143/372/286 80/116/279 156/389/310 316/195/311
f 316/195/311 156/389/310 69/104/231 126/354/253
f 157/390/312 316/195/311 126/354/253 73/108/252
f 82/119/291 145/375/290 317/196/313 158/392/314
f 145/375/290 81/118/287 157/391/312 317/196/313
f 317/196/313 157/391/312 73/108/252 128/356/255
f 158/392/314 317/196/313 128/356/255 74/109/257
f 83/121/295 150/381/299 318/197/315 159/393/316
f 150/381/299 82/119/291 158/392/314 318/197/315
f 318/197/315 158/392/314 74/109/257 131/359/259
f 159/393/316 318/197/315 131/359/259 76/111/263
f 84/122/297 148/379/296 319/198/317 160/395/318
f 148/379/296 83/120/295 159/394/316 319/198/317
f 319/198/317 159/394/316 76/111/263 130/358/262
f 160/395/318 319/198/317 130/358/262 75/110/261
f 85/124/302 153/385/305 320/199/319 161/396/320
f 153/385/305 84/122/297 160/395/318 320/199/319
f 320/199/319 160/395/318 75/110/261 137/365/273
f 161/396/320 320/199/319 137/365/273 77/112/272
f 78/113/282 152/384/303 321/200/321 154/386/308
f 152/384/303 85/123/302 161/397/320 321/200/321
f 321/200/321 161/397/320 77/112/272 136/364/271
f 154/386/308 321/200/321 136/364/271 71/106/237
g default
v 3.437513 0.000000 4.873384
v 6.559958 0.000000 4.828467
v 4.205159 2.465870 4.172407
v 5.774326 2.465870 4.132072
v 4.170483 2.537833 0.354510
v 5.872331 2.562355 0.354510
v 3.521021 0.000000 -0.274496
v 6.672020 0.000000 -0.274496
v 4.130815 2.770963 2.274791
v 3.131132 0.000000 2.305254
v 6.928961 0.000000 2.305254
v 5.897942 2.783591 2.274791
v 5.016042 2.467555 4.368085
v 5.010965 3.668244 2.311649
v 5.023746 2.544000 0.100412
v 5.184044 0.000000 -0.588813
v 4.978515 0.000000 5.168025
v 3.741533 2.549704 1.207824
v 2.816074 0.000000 0.900373
v 7.244020 0.000000 0.900373
v 6.291466 2.586552 1.207824
v 3.917118 2.470348 3.337276
v 3.044573 0.000000 3.708992
v 7.015521 0.000000 3.708992
v 6.114921 2.470548 3.336926
v 4.954686 5.002707 1.923833
v 4.499130 4.824970 1.749116
v 4.284247 4.677583 1.276749
v 5.678704 4.870292 1.276749
v 5.427119 4.953215 1.749116
v 5.005254 4.652946 0.627850
v 4.534819 4.620938 0.803456
v 5.462808 4.749183 0.803457
v 5.015922 5.664317 3.267588
v 4.785419 6.335835 1.687918
v 4.556848 6.051344 1.598947
v 4.722092 7.107334 1.270652
v 4.469316 6.159737 1.306036
v 5.149717 6.331132 1.306036
v 5.086693 6.179821 1.598947
v 4.832268 6.151582 0.936285
v 4.591731 5.906888 1.023102
v 5.121577 6.035365 1.023102
v 4.589810 4.091005 3.724159
v 4.788074 4.838938 3.529603
v 5.015810 5.030713 3.584018
v 5.015825 4.104203 3.864797
v 4.435118 4.116921 3.268458
v 4.737278 5.079394 3.268654
v 5.243544 4.839021 3.529603
v 5.441840 4.091005 3.724159
v 5.294800 5.079406 3.268236
v 5.596631 4.117801 3.268367
v 5.015922 4.212268 2.661838
v 5.016266 5.024956 2.943393
v 4.788053 4.838542 3.004524
v 4.589798 4.115366 2.810425
v 5.245225 4.838910 3.002992
v 5.442298 4.119239 2.810010
v 5.601641 4.913265 1.535122
v 4.375951 3.646452 0.605791
v 4.758993 4.627065 0.671664
v 5.027290 3.666058 0.393036
v 4.361077 4.637950 1.018079
v 5.671347 3.724504 0.605791
v 5.620909 4.812055 1.018078
v 5.248281 4.694682 0.671664
v 4.872450 5.751360 1.808920
v 4.549471 5.614672 1.650878
v 4.402903 5.504136 1.296909
v 5.220558 5.755051 1.650878
v 5.400462 5.713158 1.296909
v 4.587889 5.435316 0.945844
v 4.928374 5.487860 0.796666
v 5.258975 5.575696 0.945844
v 4.717957 4.546921 3.599873
v 4.758137 5.006535 3.414457
v 4.608158 4.603498 3.268584
v 4.472845 4.105120 3.521562
v 4.782676 4.096448 3.834238
v 5.015820 4.586687 3.712527
v 4.891497 4.977351 3.562983
v 5.248975 4.096448 3.834238
v 5.313676 4.546929 3.599873
v 5.140123 4.977394 3.562983
v 4.758137 5.006374 3.122330
v 4.717886 4.551124 2.932824
v 4.472847 4.107555 3.015135
v 5.558815 4.105207 3.521553
v 5.423802 4.604092 3.268296
v 5.273528 5.006801 3.414414
v 5.559118 4.110285 3.014852
v 5.315192 4.553786 2.931470
v 5.274856 5.005595 3.121072
v 5.016132 4.605095 2.805486
v 5.141486 4.973709 2.966360
v 5.249277 4.174694 2.695176
v 4.782689 4.172052 2.695461
v 4.891544 4.974407 2.967584
v 5.015832 5.492307 3.419283
v 4.885412 5.517730 3.267957
v 5.146547 5.517519 3.267686
v 5.016127 5.488068 3.114303
v 5.015680 3.407838 4.078967
v 4.405429 3.402036 3.914355
v 4.186950 3.416541 3.275323
v 5.618606 3.402036 3.908571
v 5.844635 3.417161 3.275257
v 4.399652 3.493477 2.624168
v 5.015349 3.783448 2.497485
v 5.631703 3.497159 2.624130
v 4.033110 0.000000 5.114260
v 5.017571 1.295661 4.744497
v 4.568645 2.466458 4.336565
v 3.925007 1.295492 4.503083
v 4.575099 2.538977 0.154609
v 5.056601 1.303305 -0.233668
v 4.275193 0.000000 -0.527849
v 3.913213 1.302689 0.053306
v 6.912117 0.000000 4.362108
v 6.465222 1.295960 3.495542
v 6.033115 2.468383 3.802495
v 6.055978 1.295492 4.457905
v 3.138117 0.000000 4.369593
v 3.987952 2.468363 3.811147
v 3.575002 1.295940 3.495599
v 2.952830 0.000000 1.598172
v 3.657000 1.318672 2.286515
v 3.854831 2.576341 1.703797
v 3.370919 1.303876 1.076595
v 6.383308 1.319965 2.286515
v 7.107263 0.000000 1.598172
v 6.669468 1.307560 1.076595
v 6.174676 2.608628 1.703798
v 4.645788 6.244885 1.655266
v 4.732066 6.869776 1.491159
v 4.571462 6.802462 1.286870
v 4.495085 6.159562 1.473511
v 4.919428 6.897884 1.286870
v 4.943536 6.320566 1.655266
v 5.117136 6.315636 1.473511
v 5.473195 2.551906 0.154610
v 6.163330 1.305141 0.053306
v 6.029691 0.000000 -0.527849
v 5.980303 0.000000 5.106775
v 5.450985 2.466458 4.325930
v 4.758442 6.778530 1.087558
v 4.688212 6.076358 0.971635
v 4.515468 6.079014 1.146012
v 2.994096 0.000000 0.236713
v 3.865802 2.541486 0.731600
v 7.082964 0.000000 0.236713
v 6.171232 2.574776 0.731600
v 5.137518 6.235087 1.146012
v 4.985960 6.152039 0.971635
v 3.108625 0.000000 3.012221
v 3.976934 2.491220 2.842072
v 6.951468 0.000000 3.012221
v 6.055374 2.492629 2.842073
v 4.616267 3.494314 2.298225
v 4.996785 4.180946 2.104255
v 4.712383 4.930017 1.880299
v 4.351707 3.843138 1.927208
v 4.341809 4.739161 1.535122
v 4.039772 3.683693 1.261208
v 5.406786 3.506768 2.298225
v 5.652078 3.920195 1.927208
v 5.201672 4.997636 1.880298
v 5.986320 3.800979 1.261208
v 4.387185 1.295551 4.703736
v 4.455257 1.302803 -0.175533
v 6.367461 1.295744 4.059978
v 3.662294 1.295742 4.067815
v 3.490924 1.307372 1.676064
v 6.549299 1.310534 1.676063
v 4.590390 6.652192 1.482955
v 4.911151 6.739560 1.482955
v 5.657994 1.304096 -0.175533
v 5.643866 1.295551 4.695041
v 4.614223 6.566442 1.116606
v 3.521852 1.303054 0.501741
v 6.523047 1.306383 0.501740
v 4.934983 6.653811 1.116606
v 3.630035 1.299407 2.896719
v 6.410420 1.299600 2.896719
v 4.660485 4.061586 2.067281
v 4.127192 3.729223 1.626124
v 5.335832 4.102620 2.067282
v 5.886885 3.835018 1.626124
v 4.684917 3.650108 0.441601
v 4.139604 3.657869 0.898416
v 5.898224 3.763832 0.898416
v 5.367923 3.691261 0.441601
v 4.698155 5.695124 1.764410
v 4.440877 5.558673 1.486984
v 5.053895 5.769940 1.764410
v 5.343204 5.747693 1.486984
v 4.749099 5.455923 0.838095
v 4.461517 5.463239 1.107574
v 5.363844 5.652259 1.107574
v 5.104838 5.530739 0.838096
v 4.634393 4.581069 3.449720
v 4.854798 4.569899 3.686539
v 5.176836 4.569905 3.686539
v 4.634410 4.581513 3.087076
v 5.397272 4.581172 3.449693
v 5.398279 4.583241 3.086143
v 5.177813 4.584365 2.836182
v 4.854856 4.582683 2.837142
v 4.894264 5.378240 3.410902
v 5.137407 5.378289 3.410874
v 4.894276 5.376027 3.123975
v 5.138358 5.374530 3.123111
v 4.680963 3.404146 4.048743
v 4.240285 3.410079 3.635395
v 5.348581 3.404146 4.047142
v 5.789673 3.410141 3.634107
v 4.683781 3.683709 2.515368
v 4.239212 3.419205 2.912730
v 5.792431 3.421259 2.912703
v 5.347060 3.686683 2.515341
v 5.759297 4.309601 0.962692
v 5.665255 4.842655 1.144681
v 5.417742 3.137115 0.304435
v 5.526506 3.706934 0.507702
v 5.200037 3.677598 0.404407
v 5.128751 4.672034 0.638789
v 5.311680 4.211424 0.564536
v 5.360686 4.720521 0.726534
v 4.712677 5.336810 1.816491
v 4.619814 5.654475 1.715075
v 4.533970 5.253986 1.692309
v 4.916872 5.396870 1.861516
v 4.783178 5.727636 1.796891
v 4.826829 6.055335 1.754801
v 4.674516 5.992033 1.714418
v 4.554755 5.885776 1.620480
v 4.402927 5.176432 1.505702
v 4.410882 5.530708 1.393547
v 4.356388 5.114489 1.286624
v 4.488450 5.584699 1.573804
v 4.467418 5.878121 1.476581
v 4.436357 5.840291 1.304435
v 5.126406 5.409986 1.816491
v 4.963545 5.765646 1.796891
v 5.318652 5.392773 1.692309
v 5.140936 5.763691 1.715075
v 5.139963 6.021329 1.620480
v 4.990690 6.066707 1.714418
v 5.468206 5.364846 1.505702
v 5.288649 5.752174 1.573804
v 5.535502 5.323038 1.286624
v 5.382216 5.734237 1.393547
v 5.272295 6.036304 1.304435
v 5.226953 6.055916 1.476581
v 4.763268 5.064940 0.761417
v 4.837748 5.470801 0.807805
v 4.972085 5.092591 0.718676
v 4.572271 5.058178 0.882051
v 4.665285 5.441515 0.884416
v 4.591660 5.725546 0.993536
v 4.722643 5.786886 0.906003
v 4.879856 5.830658 0.867358
v 4.423467 5.074671 1.067472
v 4.518493 5.445070 1.021461
v 4.421385 5.482287 1.200487
v 4.487703 5.791340 1.135085
v 5.488747 5.263086 1.067472
v 5.392719 5.685815 1.200487
v 5.356953 5.196964 0.882051
v 5.318691 5.612546 1.021461
v 5.176868 5.861100 0.993536
v 5.247239 5.969135 1.135085
v 5.176997 5.138117 0.761417
v 5.186408 5.550731 0.884416
v 5.018116 5.508811 0.807805
v 5.038818 5.861560 0.906003
v 4.661561 4.343739 3.654458
v 4.668929 4.560143 3.531001
v 4.561611 4.359999 3.480874
v 4.521266 4.096577 3.632363
v 4.759998 4.712040 3.558504
v 4.773871 4.912853 3.481925
v 4.697085 4.796300 3.427699
v 4.743968 5.061560 3.342655
v 4.673416 4.839607 3.268684
v 4.614466 4.596873 3.361001
v 4.530447 4.374073 3.268507
v 4.444369 4.113084 3.398158
v 4.781367 4.554235 3.651373
v 4.877676 4.773865 3.625901
v 4.831715 4.900020 3.545972
v 4.678656 4.091953 3.790547
v 4.823057 4.351799 3.754117
v 4.896739 4.101522 3.857941
v 5.015824 4.362046 3.782677
v 4.933893 4.581729 3.706414
v 5.015813 4.804994 3.649990
v 4.953179 5.018887 3.577433
v 5.097744 4.581733 3.706414
v 5.153949 4.773888 3.625901
v 5.078442 5.018910 3.577433
v 5.134912 4.101521 3.857942
v 5.208587 4.351799 3.754117
v 5.352994 4.091953 3.790547
v 5.370082 4.343739 3.654457
v 5.250268 4.554238 3.651373
v 5.271626 4.712072 3.558504
v 5.199903 4.900071 3.545972
v 4.614486 4.596885 3.176206
v 4.561623 4.361141 3.055783
v 4.444373 4.113083 3.138764
v 4.743970 5.061498 3.194588
v 4.697096 4.796473 3.109257
v 4.773864 4.912522 3.053750
v 4.759951 4.712821 2.975003
v 4.668894 4.561858 3.004397
v 4.661514 4.355158 2.878336
v 4.521260 4.106321 2.903628
v 5.362706 4.560170 3.531000
v 5.334580 4.796504 3.427661
v 5.257746 4.913021 3.481925
v 5.510384 4.096577 3.632363
v 5.470053 4.360079 3.480855
v 5.587319 4.113436 3.398122
v 5.501403 4.374873 3.268323
v 5.417295 4.597149 3.360889
v 5.358628 4.839905 3.268305
v 5.287833 5.061804 3.342489
v 5.417826 4.597997 3.175614
v 5.335827 4.796932 3.108087
v 5.288571 5.060985 3.193747
v 5.587480 4.114844 3.138583
v 5.470699 4.363623 3.055185
v 5.510797 4.109843 2.903255
v 5.371086 4.358681 2.877440
v 5.364077 4.564205 3.003181
v 5.273333 4.714309 2.973459
v 5.259371 4.912297 3.052265
v 5.016021 4.413093 2.735831
v 5.098357 4.599119 2.812914
v 5.209212 4.389681 2.769247
v 5.135103 4.200723 2.669509
v 5.016224 4.806001 2.872010
v 5.079354 5.013667 2.950434
v 5.155196 4.775576 2.899559
v 5.201521 4.898464 2.985286
v 5.251598 4.564880 2.875752
v 5.353400 4.144195 2.741329
v 4.934042 4.598245 2.813432
v 4.877734 4.775087 2.900728
v 4.953363 5.014192 2.951116
v 4.896782 4.199315 2.669662
v 4.823094 4.387280 2.769864
v 4.678651 4.140673 2.741708
v 4.781339 4.562521 2.877006
v 4.831708 4.898631 2.986776
v 4.896070 5.194014 3.488567
v 4.825995 5.212620 3.409644
v 5.015816 5.277586 3.503566
v 4.956544 5.467081 3.415872
v 5.015863 5.621572 3.341816
v 4.952530 5.629781 3.267712
v 4.888948 5.484420 3.338233
v 4.810802 5.319851 3.268342
v 5.135558 5.194065 3.488568
v 5.075123 5.467085 3.415858
v 5.205673 5.212795 3.409606
v 5.221235 5.319692 3.267969
v 5.142821 5.484456 3.338127
v 5.079351 5.629644 3.267570
v 4.888951 5.483342 3.197471
v 4.825984 5.211576 3.126297
v 5.016018 5.619478 3.193020
v 4.956649 5.463673 3.118183
v 5.016222 5.271102 3.027625
v 4.896099 5.190551 3.044674
v 5.143332 5.482430 3.196917
v 5.075735 5.462764 3.117719
v 5.206883 5.210134 3.125155
v 5.136808 5.189158 3.043568
v 4.628227 2.966219 4.182785
v 4.532072 3.402146 3.998171
v 4.309175 2.965042 4.034308
v 5.015242 2.968412 4.212938
v 4.844687 3.406541 4.073302
v 5.015826 3.786284 3.963240
v 4.733879 3.780726 3.932504
v 4.501704 3.777231 3.810881
v 4.117705 2.970029 3.713826
v 4.200070 3.414453 3.460449
v 4.055772 2.974000 3.295974
v 4.308453 3.405311 3.790062
v 4.362201 3.788461 3.572188
v 4.317009 3.797629 3.268441
v 5.394989 2.966219 4.176380
v 5.186382 3.406541 4.072858
v 5.692008 2.965042 4.011172
v 5.494067 3.402146 3.993984
v 5.529949 3.777231 3.810881
v 5.297775 3.780726 3.932504
v 5.907171 2.970069 3.708681
v 5.717962 3.405311 3.786086
v 5.975573 2.974400 3.295741
v 5.831279 3.414701 3.460211
v 5.714681 3.798429 3.268405
v 5.669456 3.788541 3.572184
v 4.639499 3.514731 2.410476
v 4.847077 3.754511 2.500035
v 5.013882 3.660406 2.407684
v 4.286068 3.147085 2.492198
v 4.530416 3.585403 2.551176
v 4.501704 3.822188 2.727973
v 4.733882 3.920172 2.610494
v 5.015864 3.984895 2.582295
v 4.113415 2.988158 2.866335
v 4.304163 3.441812 2.751049
v 4.200070 3.414453 3.090119
v 4.362201 3.792957 2.964890
v 5.918087 2.989924 2.866335
v 5.831602 3.415694 3.090101
v 5.744230 3.152655 2.492198
v 5.727377 3.444819 2.751014
v 5.530115 3.825709 2.727820
v 5.669569 3.795439 2.964783
v 5.388790 3.520386 2.410477
v 5.500671 3.589065 2.551141
v 5.183649 3.756158 2.500021
v 5.297892 3.922574 2.610390
v 3.691801 0.000000 5.023844
v 4.223954 0.655566 4.906290
v 4.131457 1.295493 4.629851
v 3.697890 0.655566 4.685757
v 4.474512 0.000000 5.157899
v 5.001541 0.655566 4.953339
v 4.689998 1.295622 4.737698
v 5.019612 1.904814 4.547342
v 4.787357 2.467168 4.363531
v 4.495190 1.904376 4.512023
v 4.371699 2.465876 4.276610
v 4.085599 1.904140 4.330314
v 4.364141 2.537851 0.233238
v 4.519908 1.933383 -0.006304
v 4.171489 1.302690 -0.086987
v 4.054870 1.932926 0.208895
v 4.796618 2.541073 0.112406
v 5.030560 1.935392 -0.062679
v 4.752098 1.303013 -0.221403
v 5.112787 0.655566 -0.409925
v 4.723005 0.000000 -0.576508
v 4.370302 0.655566 -0.350305
v 3.873444 0.000000 -0.431093
v 3.728005 0.655566 -0.108933
v 6.763479 0.000000 4.619671
v 6.623081 0.655566 4.208398
v 6.230203 1.295594 4.280291
v 6.290821 0.655566 4.640780
v 6.992439 0.000000 4.050368
v 6.724365 0.655566 3.598854
v 6.442279 1.295884 3.790691
v 6.270106 1.906012 3.405879
v 6.095880 2.469788 3.580047
v 6.178676 1.905145 3.922135
v 5.918427 2.466891 3.985088
v 5.889732 1.904140 4.284660
v 3.067655 0.000000 4.050368
v 3.416178 0.655566 4.215886
v 3.597602 1.295876 3.790924
v 3.324904 0.655566 3.598854
v 3.257178 0.000000 4.649617
v 3.770024 1.295594 4.310470
v 4.077665 2.466891 4.012692
v 3.844517 1.905137 3.931022
v 3.934756 2.469708 3.581449
v 3.764634 1.905931 3.406112
v 2.859928 0.000000 1.247531
v 3.235572 0.655566 1.639918
v 3.408105 1.304445 1.374912
v 3.108321 0.655566 0.991296
v 3.056118 0.000000 1.951132
v 3.403347 0.655566 2.295503
v 3.587056 1.314913 1.980489
v 3.873533 1.996861 2.279054
v 3.969363 2.626766 1.965062
v 3.691496 1.951660 1.701002
v 3.773373 2.555393 1.453014
v 3.574218 1.937674 1.150646
v 6.160629 2.002033 2.279054
v 6.453183 1.317184 1.980489
v 6.342553 1.964307 1.701002
v 6.059243 2.652150 1.965062
v 6.646105 0.655566 2.295503
v 7.003974 0.000000 1.951132
v 6.813833 0.655566 1.639918
v 7.200165 0.000000 1.247531
v 6.940972 0.655566 0.991296
v 6.632181 1.308033 1.374912
v 6.461051 1.952413 1.150646
v 6.257716 2.591273 1.453014
v 4.591781 6.148973 1.625957
v 4.616005 6.471033 1.575700
v 4.536418 6.427787 1.476793
v 4.526489 6.111801 1.547613
v 4.711600 6.304971 1.678112
v 4.753626 6.619904 1.597025
v 4.655971 6.802176 1.488523
v 4.721349 7.047685 1.379356
v 4.640703 7.013001 1.275935
v 4.574165 6.770079 1.384262
v 4.514341 6.499250 1.298542
v 4.474372 6.172336 1.391153
v 5.031438 6.636306 1.298542
v 4.912985 6.862993 1.384262
v 5.011436 6.552973 1.476793
v 5.136887 6.339225 1.391153
v 4.815658 7.061928 1.275935
v 4.817576 6.847033 1.488523
v 4.863443 6.344079 1.678112
v 4.919178 6.551802 1.575700
v 5.023561 6.256158 1.625957
v 5.098696 6.253449 1.547613
v 5.363357 1.303667 -0.221403
v 5.829004 0.655566 -0.350305
v 5.625473 0.000000 -0.576508
v 5.251533 2.547621 0.112406
v 5.546334 1.938555 -0.006304
v 5.681949 2.556827 0.233238
v 5.995646 1.942734 0.208895
v 5.926140 1.304588 -0.086987
v 6.400342 0.655566 -0.108933
v 6.379098 0.000000 -0.431093
v 5.347581 1.295622 4.736892
v 5.530552 1.904376 4.501511
v 5.242905 2.467168 4.360808
v 5.507628 0.000000 5.157899
v 5.801105 0.655566 4.898441
v 6.314990 0.000000 4.993899
v 5.870266 1.295493 4.599101
v 5.623319 2.465876 4.247686
v 4.586410 6.727112 1.198026
v 4.558252 6.346302 1.136369
v 4.484877 6.131381 1.223658
v 4.734907 7.002423 1.174083
v 4.681543 6.712676 1.097185
v 4.791346 6.481227 1.008990
v 4.757121 6.125596 0.947372
v 4.650115 6.342867 1.041490
v 4.630234 5.993482 1.000085
v 4.555499 5.994380 1.075098
v 3.221183 0.000000 -0.046316
v 3.272793 0.655566 0.371425
v 3.692847 1.302812 0.254417
v 2.859928 0.000000 0.557854
v 3.411689 1.303410 0.780669
v 3.775851 2.545050 0.963340
v 3.711634 1.934386 0.623265
v 4.000857 2.539062 0.524644
v 6.628798 1.306998 0.780669
v 6.326462 1.947703 0.623265
v 6.259033 2.580930 0.963340
v 7.200165 0.000000 0.557854
v 6.786331 0.655566 0.371425
v 6.906779 0.000000 -0.046316
v 6.365095 1.305751 0.254417
v 6.038878 2.568461 0.524644
v 4.843148 6.757534 1.097185
v 4.953289 6.423636 1.041490
v 4.908964 6.164703 0.947372
v 4.925230 6.820026 1.198026
v 5.147391 6.298271 1.223658
v 5.033269 6.471488 1.136369
v 5.127707 6.136028 1.075098
v 5.062015 6.100666 1.000085
v 3.139209 0.000000 2.659374
v 3.383099 0.655566 2.951002
v 3.661256 1.310255 2.592466
v 3.067655 0.000000 3.362519
v 3.593548 1.295876 3.197648
v 3.934080 2.469708 3.092307
v 3.821893 1.919798 2.856304
v 4.036969 2.558321 2.582107
v 6.446857 1.295916 3.197647
v 6.213132 1.920571 2.856304
v 6.098438 2.470108 3.092307
v 6.992439 0.000000 3.362519
v 6.666297 0.655566 2.951002
v 6.920884 0.000000 2.659374
v 6.379146 1.310860 2.592466
v 5.994674 2.562275 2.582107
v 4.404166 3.255643 2.286222
v 4.629322 3.703532 2.181013
v 4.499335 3.950558 2.015033
v 4.254384 3.325204 2.059139
v 4.816523 3.626817 2.307611
v 5.006107 3.859440 2.208136
v 4.827093 4.142670 2.095873
v 4.980484 4.579717 2.007117
v 4.831406 4.974117 1.912973
v 4.691578 4.487679 1.965469
v 4.600622 4.877828 1.825711
v 4.435832 4.348874 1.825641
v 3.998471 3.169327 1.673509
v 4.062304 3.701621 1.447003
v 3.896180 3.132711 1.242505
v 4.225658 3.772878 1.791882
v 4.410915 4.778864 1.650418
v 4.245768 4.254630 1.577629
v 4.297642 4.705517 1.408730
v 4.173918 4.199651 1.270449
v 5.205630 3.633686 2.307611
v 5.384757 3.728913 2.181013
v 5.167189 4.163545 2.095873
v 5.620705 3.271117 2.286222
v 5.765154 3.370265 2.059139
v 5.500245 4.010322 2.015033
v 5.538831 4.455100 1.825641
v 5.318746 4.977070 1.825711
v 5.273141 4.543687 1.965469
v 5.079212 5.008363 1.912973
v 6.026750 3.235239 1.673509
v 5.782988 3.865784 1.791882
v 6.136455 3.206406 1.242505
v 5.957680 3.815824 1.447003
v 5.831356 4.359273 1.270449
v 5.655442 4.893160 1.408730
v 5.743191 4.398841 1.577629
v 5.523476 4.932615 1.650418
v 4.631673 3.111257 0.304435
v 4.854121 3.656755 0.404406
v 5.025241 3.121304 0.252969
v 4.277553 3.108969 0.486826
v 4.524065 3.646534 0.507702
v 4.465542 4.150402 0.711351
v 4.642561 4.621280 0.726535
v 4.730116 4.155415 0.564536
v 4.880945 4.637788 0.638789
v 5.022142 4.177021 0.518649
v 4.008020 3.116274 0.822351
v 4.244964 3.650283 0.738950
v 4.068373 3.669057 1.075423
v 4.307454 4.655012 1.144681
v 4.261873 4.165389 0.962692
v 4.438927 4.626543 0.902487
v 6.032011 3.182855 0.822351
v 5.963748 3.783260 1.075423
v 5.768421 3.158013 0.486825
v 5.798006 3.743859 0.738950
v 5.568541 4.256629 0.711351
v 5.551487 4.780295 0.902487
v 3.927580 0.655566 4.824301
v 4.591807 0.655566 4.944922
v 4.749978 1.904659 4.541983
v 4.271533 1.904142 4.445590
v 4.277380 1.932932 0.077603
v 4.772056 1.934221 -0.050505
v 4.736469 0.655566 -0.397624
v 4.031093 0.655566 -0.257547
v 6.479518 0.655566 4.447512
v 6.701060 0.655566 3.917523
v 6.248695 1.905707 3.675883
v 6.050179 1.904549 4.122944
v 3.348134 0.655566 3.917523
v 3.530094 0.655566 4.477458
v 3.943981 1.904549 4.153824
v 3.785046 1.905675 3.676817
v 3.148670 0.655566 1.314301
v 3.332619 0.655566 1.967275
v 3.797365 1.981824 1.987843
v 3.608923 1.939950 1.423203
v 6.236579 1.990907 1.987843
v 6.716820 0.655566 1.967275
v 6.900683 0.655566 1.314301
v 6.425637 1.954301 1.423203
v 4.563993 6.313713 1.558188
v 4.680111 6.572626 1.590387
v 4.641921 6.961802 1.380908
v 4.518258 6.490801 1.388112
v 5.021761 6.624252 1.388112
v 4.812276 7.009442 1.380908
v 4.833863 6.614281 1.590388
v 5.007929 6.428513 1.558188
v 5.482443 0.655566 -0.397624
v 5.292158 1.936841 -0.050505
v 5.782576 1.940523 0.077603
v 6.136036 0.655566 -0.257547
v 5.287803 1.904659 4.539967
v 5.423556 0.655566 4.944680
v 6.077437 0.655566 4.794115
v 5.723859 1.904142 4.413629
v 4.529501 6.449636 1.214480
v 4.655058 6.917267 1.181993
v 4.716712 6.437304 1.019610
v 4.595108 6.193594 1.064646
v 3.470194 0.655566 0.105958
v 3.150932 0.655566 0.671771
v 3.611950 1.935812 0.879531
v 3.862781 1.933417 0.395250
v 6.424018 1.950164 0.879531
v 6.898301 0.655566 0.671771
v 6.618726 0.655566 0.105958
v 6.180306 1.945177 0.395250
v 4.870464 6.478959 1.019610
v 4.825414 6.964907 1.181993
v 5.033005 6.583088 1.214480
v 5.039043 6.308393 1.064646
v 3.411289 0.655566 2.623730
v 3.345432 0.655566 3.276362
v 3.782344 1.905675 3.133814
v 3.866999 1.963189 2.569963
v 6.252774 1.905835 3.133814
v 6.703907 0.655566 3.276362
v 6.638147 0.655566 2.623730
v 6.167615 1.965612 2.569962
v 4.434507 3.512792 2.145185
v 4.818911 3.817981 2.201630
v 4.833711 4.546258 1.997324
v 4.557736 4.417408 1.909068
v 3.923702 3.144090 1.458185
v 4.108868 3.220208 1.887870
v 4.329515 4.295506 1.712709
v 4.191574 4.223569 1.427756
v 5.193744 3.831205 2.201630
v 5.582082 3.548196 2.145185
v 5.411291 4.499611 1.909068
v 5.128251 4.574624 1.997324
v 5.913409 3.276329 1.887871
v 6.105083 3.215848 1.458185
v 5.805441 4.378996 1.427756
v 5.651892 4.422860 1.712709
v 4.826055 3.115449 0.264670
v 4.447152 3.109004 0.376932
v 4.592529 4.150578 0.624564
v 4.874566 4.164400 0.529739
v 4.127935 3.111428 0.638783
v 3.927527 3.123404 1.027076
v 4.199783 4.180198 1.113063
v 4.352891 4.155398 0.826424
v 6.108909 3.195162 1.027076
v 5.915327 3.170225 0.638783
v 5.675269 4.282752 0.826424
v 5.813650 4.335625 1.113063
v 5.600860 3.146957 0.376932
v 5.224170 3.128545 0.264670
v 5.169106 4.192766 0.529739
v 5.446084 4.232782 0.624564
v 4.618904 5.296307 1.763387
v 4.812821 5.371621 1.849806
v 4.747696 6.031031 1.743303
v 4.610581 5.933962 1.673760
v 4.366639 5.143046 1.398212
v 4.460340 5.213719 1.605075
v 4.505904 5.876428 1.553734
v 4.442687 5.863055 1.392079
v 5.022359 5.408682 1.849806
v 5.226130 5.403707 1.763387
v 5.070655 6.041196 1.673760
v 4.908620 6.069324 1.743303
v 5.401091 5.380109 1.605075
v 5.514757 5.346112 1.398212
v 5.256649 6.053913 1.392079
v 5.190060 6.035645 1.553734
v 4.866814 5.076327 0.729678
v 4.664176 5.058777 0.812630
v 4.653800 5.747936 0.943454
v 4.799325 5.811993 0.878570
v 4.490282 5.063490 0.968418
v 4.377082 5.091684 1.174959
v 4.453077 5.818892 1.217856
v 4.535096 5.750120 1.058862
v 5.525201 5.294751 1.174959
v 5.431033 5.229879 0.968417
v 5.219253 5.909337 1.058862
v 5.267039 6.009750 1.217856
v 5.271403 5.166176 0.812630
v 5.076352 5.113388 0.729677
v 4.960250 5.850285 0.878570
v 5.113874 5.855169 0.943454
v 4.603083 4.349979 3.575067
v 4.722440 4.745256 3.499318
v 4.679935 4.828331 3.349768
v 4.537877 4.369473 3.377080
v 4.813756 4.733491 3.599135
v 4.736313 4.345606 3.713841
v 4.917513 4.358540 3.776192
v 4.945715 4.797419 3.643490
v 5.085911 4.797434 3.643490
v 5.114133 4.358540 3.776192
v 5.295331 4.345606 3.713840
v 5.217866 4.733507 3.599135
v 4.537890 4.369473 3.159963
v 4.679949 4.828380 3.187600
v 4.722417 4.745704 3.036394
v 4.603060 4.354547 2.960296
v 5.309183 4.745366 3.499318
v 5.428560 4.349979 3.575068
v 5.493846 4.369793 3.377011
v 5.351852 4.828601 3.349619
v 5.352531 4.828662 3.186833
v 5.494184 4.371074 3.159587
v 5.429459 4.357749 2.959498
v 5.310779 4.746770 3.034957
v 5.114521 4.405818 2.743723
v 5.086725 4.798685 2.879431
v 5.219435 4.735681 2.929614
v 5.296202 4.371646 2.813921
v 4.945895 4.798517 2.880074
v 4.917607 4.404538 2.744053
v 4.736293 4.368445 2.814743
v 4.813738 4.734569 2.931076
v 4.833473 5.070466 3.480732
v 4.956488 5.259417 3.498257
v 4.954251 5.589957 3.340189
v 4.816247 5.294272 3.338933
v 5.075143 5.259432 3.498257
v 5.198148 5.070590 3.480732
v 5.215545 5.294414 3.338786
v 5.077490 5.589957 3.340133
v 4.816238 5.293781 3.197614
v 4.954304 5.588292 3.194949
v 4.956641 5.254108 3.033695
v 4.833466 5.068747 3.053933
v 5.077815 5.587744 3.194656
v 5.216211 5.292874 3.196860
v 5.199662 5.067639 3.052548
v 5.075969 5.253215 3.033088
v 4.455848 2.965053 4.128006
v 4.817742 2.967638 4.208094
v 4.871741 3.784345 3.956782
v 4.608458 3.777622 3.885505
v 4.071019 2.972718 3.511065
v 4.196775 2.967085 3.892244
v 4.419836 3.781748 3.703732
v 4.328143 3.794659 3.424379
v 5.211573 2.967638 4.206319
v 5.553748 2.965054 4.111258
v 5.423194 3.777622 3.885505
v 5.159911 3.784345 3.956782
v 5.813927 2.967085 3.876337
v 5.959403 2.972878 3.510130
v 5.703524 3.794979 3.424366
v 5.611816 3.781748 3.703732
v 4.827288 3.623807 2.406828
v 4.449227 3.330643 2.424847
v 4.608458 3.867536 2.655324
v 4.871756 3.964493 2.587985
v 4.179615 3.039602 2.654787
v 4.071019 2.972718 3.080564
v 4.328143 3.794659 3.112501
v 4.419836 3.799731 2.833938
v 5.960633 2.973518 3.080564
v 5.851437 3.043306 2.654787
v 5.611967 3.802932 2.833798
v 5.703584 3.796260 3.112431
v 5.580012 3.336966 2.424848
v 5.200564 3.627066 2.406828
v 5.159986 3.965774 2.587929
v 5.423345 3.870738 2.655186
vt 0.459154 0.338515
vt 0.332927 0.462428
vt 0.700603 0.463061
vt 0.572452 0.338447
vt 0.487523 0.427839
vt 0.422882 0.488770
vt 0.610358 0.488783
vt 0.544585 0.428293
vt 0.306745 0.464904
vt 0.330911 0.566237
vt 0.262039 0.421597
vt 0.124328 0.418910
vt 0.423145 0.580972
vt 0.387259 0.416259
vt 0.306510 0.336282
vt 0.076100 0.336282
vt 0.296235 0.630815
vt 0.428425 0.557467
vt 0.481400 0.611183
vt 0.161887 0.677603
vt 0.328632 0.554632
vt 0.386444 0.672771
vt 0.004883 0.400802
vt 0.705919 0.554477
vt 0.074367 0.472860
vt 0.101950 0.650278
vt 0.552210 0.611183
vt 0.605615 0.557163
vt 0.516870 0.424750
vt 0.143766 0.637916
vt 0.516831 0.585350
vt 0.286300 0.441056
vt 0.346562 0.372006
vt 0.514487 0.335008
vt 0.321033 0.599303
vt 0.412007 0.629618
vt 0.037137 0.362430
vt 0.096747 0.439616
vt 0.418391 0.520102
vt 0.327356 0.505975
vt 0.707421 0.505893
vt 0.615928 0.519785
vt 0.165956 0.592846
vt 0.180356 0.603586
vt 0.236337 0.583955
vt 0.250386 0.570204
vt 0.151185 0.500739
vt 0.149764 0.584939
vt 0.142032 0.518217
vt 0.233697 0.495057
vt 0.245517 0.507888
vt 0.257703 0.552232
vt 0.164476 0.486957
vt 0.217686 0.486733
vt 0.517168 0.524100
vt 0.186327 0.557303
vt 0.197866 0.563606
vt 0.193378 0.545574
vt 0.206897 0.553244
vt 0.182495 0.536681
vt 0.176160 0.548766
vt 0.202926 0.532748
vt 0.213551 0.540751
vt 0.191671 0.526226
vt 0.480241 0.506319
vt 0.501143 0.486040
vt 0.505767 0.511536
vt 0.517139 0.512314
vt 0.517063 0.483840
vt 0.477811 0.523533
vt 0.506579 0.523953
vt 0.528504 0.511494
vt 0.532995 0.485953
vt 0.554012 0.506205
vt 0.527749 0.523941
vt 0.556475 0.523413
vt 0.517058 0.560944
vt 0.517162 0.535961
vt 0.505530 0.536333
vt 0.480285 0.540795
vt 0.500763 0.561051
vt 0.528791 0.536354
vt 0.553936 0.540681
vt 0.533338 0.561033
vt 0.145750 0.508951
vt 0.273927 0.487700
vt 0.291737 0.559148
vt 0.240383 0.500995
vt 0.257945 0.469567
vt 0.255007 0.561547
vt 0.145041 0.455147
vt 0.237905 0.455764
vt 0.157372 0.493208
vt 0.226251 0.490149
vt 0.178388 0.570590
vt 0.190847 0.577094
vt 0.211829 0.569823
vt 0.223972 0.559585
vt 0.167367 0.561089
vt 0.164967 0.537644
vt 0.171015 0.523049
vt 0.223744 0.528144
vt 0.228930 0.545603
vt 0.214880 0.517322
vt 0.181736 0.513046
vt 0.201073 0.512778
vt 0.496364 0.510386
vt 0.504994 0.502166
vt 0.506549 0.518248
vt 0.494660 0.523765
vt 0.478132 0.514317
vt 0.508651 0.484013
vt 0.517108 0.500590
vt 0.512074 0.512269
vt 0.525476 0.483966
vt 0.529229 0.502106
vt 0.537900 0.510318
vt 0.522202 0.512251
vt 0.506460 0.529652
vt 0.496076 0.537280
vt 0.504707 0.545667
vt 0.477946 0.532747
vt 0.556147 0.514195
vt 0.539642 0.523708
vt 0.527750 0.518218
vt 0.556310 0.532631
vt 0.538196 0.537258
vt 0.529540 0.545667
vt 0.527889 0.529670
vt 0.517115 0.547161
vt 0.522328 0.535914
vt 0.525626 0.561590
vt 0.508482 0.561607
vt 0.512005 0.535886
vt 0.517159 0.519790
vt 0.513472 0.524076
vt 0.520864 0.524073
vt 0.517173 0.528440
vt 0.516988 0.458745
vt 0.494496 0.461291
vt 0.455562 0.499006
vt 0.452293 0.522916
vt 0.539511 0.461163
vt 0.578667 0.498829
vt 0.581999 0.522705
vt 0.492639 0.583271
vt 0.456688 0.546986
vt 0.516978 0.576928
vt 0.577589 0.546778
vt 0.541291 0.583364
vt 0.480566 0.335632
vt 0.516643 0.382197
vt 0.501263 0.425147
vt 0.478027 0.385450
vt 0.381687 0.475576
vt 0.297293 0.452401
vt 0.316850 0.408620
vt 0.369412 0.395289
vt 0.343986 0.439431
vt 0.375041 0.572942
vt 0.706229 0.482470
vt 0.658342 0.513516
vt 0.614764 0.503139
vt 0.651506 0.475559
vt 0.553808 0.385786
vt 0.328667 0.482508
vt 0.419396 0.503379
vt 0.376105 0.513828
vt 0.399512 0.650871
vt 0.342452 0.651913
vt 0.377416 0.555924
vt 0.311879 0.614736
vt 0.364184 0.613973
vt 0.039146 0.435731
vt 0.656909 0.555591
vt 0.021227 0.381239
vt 0.067910 0.402786
vt 0.085024 0.453288
vt 0.191687 0.560354
vt 0.190271 0.550484
vt 0.198081 0.548809
vt 0.202484 0.558260
vt 0.188870 0.542629
vt 0.181480 0.553413
vt 0.179405 0.542541
vt 0.274530 0.430474
vt 0.286922 0.382998
vt 0.102520 0.379094
vt 0.325089 0.351196
vt 0.551860 0.335059
vt 0.532172 0.425108
vt 0.196686 0.540785
vt 0.207912 0.536679
vt 0.210097 0.547293
vt 0.420152 0.606931
vt 0.327311 0.583003
vt 0.055927 0.347339
vt 0.109987 0.428217
vt 0.186841 0.531659
vt 0.197382 0.529850
vt 0.328320 0.530147
vt 0.419378 0.537425
vt 0.706321 0.530013
vt 0.614916 0.537111
vt 0.154055 0.648677
vt 0.503282 0.590869
vt 0.152826 0.618997
vt 0.173316 0.598386
vt 0.171575 0.638039
vt 0.265416 0.604414
vt 0.244246 0.577891
vt 0.283108 0.584249
vt 0.128982 0.637020
vt 0.530316 0.590676
vt 0.127019 0.615194
vt 0.111105 0.495463
vt 0.157784 0.589014
vt 0.125213 0.472453
vt 0.494694 0.382803
vt 0.331435 0.423830
vt 0.656868 0.493311
vt 0.377452 0.493578
vt 0.353888 0.632902
vt 0.053393 0.418733
vt 0.194858 0.553233
vt 0.186145 0.547404
vt 0.301481 0.394182
vt 0.538593 0.382606
vt 0.201169 0.543967
vt 0.371339 0.593987
vt 0.084348 0.389476
vt 0.192333 0.538146
vt 0.376520 0.534744
vt 0.657870 0.534435
vt 0.162463 0.627289
vt 0.275604 0.595345
vt 0.140756 0.616086
vt 0.116977 0.483107
vt 0.266646 0.478022
vt 0.288547 0.572032
vt 0.134634 0.463038
vt 0.248508 0.462001
vt 0.184426 0.574509
vt 0.218890 0.565461
vt 0.172454 0.566479
vt 0.167048 0.529699
vt 0.220260 0.521925
vt 0.227643 0.552863
vt 0.175803 0.517127
vt 0.208645 0.513945
vt 0.494950 0.516616
vt 0.510747 0.500755
vt 0.523469 0.500726
vt 0.494786 0.530920
vt 0.539339 0.516546
vt 0.539504 0.530883
vt 0.523572 0.547024
vt 0.510663 0.547030
vt 0.513415 0.519730
vt 0.520900 0.519719
vt 0.513384 0.528433
vt 0.520969 0.528450
vt 0.505255 0.459000
vt 0.452906 0.510179
vt 0.528678 0.458937
vt 0.581346 0.509989
vt 0.504746 0.579493
vt 0.452772 0.535709
vt 0.581505 0.535494
vt 0.529187 0.579502
vt 0.478197 0.360684
vt 0.501750 0.359117
vt 0.507534 0.404443
vt 0.490475 0.405631
vt 0.319716 0.445173
vt 0.307844 0.431752
vt 0.341060 0.400026
vt 0.357939 0.418653
vt 0.678680 0.478498
vt 0.681934 0.498719
vt 0.635759 0.507506
vt 0.633051 0.490128
vt 0.352702 0.498928
vt 0.355337 0.478446
vt 0.400728 0.490286
vt 0.398595 0.507835
vt 0.382260 0.631833
vt 0.370474 0.652103
vt 0.326038 0.632626
vt 0.337542 0.615326
vt 0.062932 0.445188
vt 0.029693 0.409201
vt 0.044940 0.391390
vt 0.075653 0.428728
vt 0.196402 0.558323
vt 0.190923 0.554708
vt 0.193941 0.549273
vt 0.199817 0.553113
vt 0.184702 0.542913
vt 0.189837 0.546540
vt 0.186496 0.551734
vt 0.181363 0.548116
vt 0.322702 0.381781
vt 0.294927 0.419072
vt 0.281357 0.407558
vt 0.305128 0.366305
vt 0.526160 0.404345
vt 0.530488 0.358897
vt 0.554205 0.360531
vt 0.542311 0.405730
vt 0.203134 0.548305
vt 0.196878 0.544851
vt 0.201439 0.539171
vt 0.207317 0.542484
vt 0.397377 0.588663
vt 0.391841 0.611085
vt 0.345697 0.597611
vt 0.351010 0.579024
vt 0.089737 0.415184
vt 0.061393 0.375535
vt 0.079794 0.363056
vt 0.105350 0.403998
vt 0.196841 0.536213
vt 0.192756 0.542111
vt 0.187938 0.538125
vt 0.192001 0.532398
vt 0.352906 0.543912
vt 0.352412 0.521255
vt 0.398227 0.526821
vt 0.400678 0.546533
vt 0.636127 0.526482
vt 0.682138 0.521031
vt 0.681564 0.543673
vt 0.633584 0.546208
vt 0.162413 0.648121
vt 0.153134 0.633516
vt 0.163531 0.609251
vt 0.171823 0.616834
vt 0.297680 0.598522
vt 0.287246 0.611373
vt 0.255199 0.590257
vt 0.262899 0.581705
vt 0.141373 0.627765
vt 0.124529 0.629828
vt 0.143793 0.601312
vt 0.154287 0.604101
vt 0.096812 0.476202
vt 0.105916 0.462312
vt 0.135245 0.491770
vt 0.129217 0.501628
vt 0.276714 0.460565
vt 0.285987 0.470890
vt 0.256354 0.493704
vt 0.249149 0.486079
vt 0.309424 0.570140
vt 0.304609 0.584750
vt 0.268793 0.571912
vt 0.273014 0.561216
vt 0.116637 0.451179
vt 0.128507 0.441503
vt 0.150510 0.474862
vt 0.142444 0.482898
vt 0.255630 0.442626
vt 0.266539 0.451111
vt 0.241130 0.479462
vt 0.232371 0.473815
vt 0.182357 0.587842
vt 0.175850 0.583019
vt 0.185759 0.564614
vt 0.191502 0.568268
vt 0.233568 0.567778
vt 0.227422 0.573980
vt 0.207138 0.564054
vt 0.211976 0.558782
vt 0.169164 0.578709
vt 0.162154 0.574868
vt 0.174753 0.556844
vt 0.180308 0.560902
vt 0.155457 0.524003
vt 0.159695 0.516407
vt 0.175838 0.534032
vt 0.172395 0.540240
vt 0.226559 0.509238
vt 0.232072 0.514915
vt 0.215899 0.532372
vt 0.210688 0.528038
vt 0.241890 0.552928
vt 0.238419 0.560712
vt 0.216044 0.552944
vt 0.219402 0.546447
vt 0.164634 0.509421
vt 0.170199 0.503051
vt 0.184476 0.522649
vt 0.179848 0.528225
vt 0.213116 0.501224
vt 0.220229 0.504677
vt 0.205172 0.524406
vt 0.199244 0.521268
vt 0.487803 0.511924
vt 0.501246 0.514215
vt 0.501297 0.520668
vt 0.487177 0.519578
vt 0.508438 0.506984
vt 0.506421 0.493613
vt 0.513431 0.493079
vt 0.514310 0.507044
vt 0.519940 0.507033
vt 0.520745 0.493060
vt 0.527757 0.493557
vt 0.525811 0.506948
vt 0.487066 0.527739
vt 0.501233 0.527058
vt 0.501051 0.533529
vt 0.487632 0.535428
vt 0.533034 0.514163
vt 0.546469 0.511831
vt 0.547114 0.519487
vt 0.533009 0.520626
vt 0.533090 0.527042
vt 0.547214 0.527659
vt 0.546623 0.535357
vt 0.533261 0.533529
vt 0.520772 0.553741
vt 0.520002 0.541126
vt 0.526015 0.541010
vt 0.527948 0.553623
vt 0.514284 0.541118
vt 0.513402 0.553753
vt 0.506226 0.553640
vt 0.508274 0.540997
vt 0.509868 0.515837
vt 0.515152 0.516602
vt 0.515564 0.522201
vt 0.510639 0.521723
vt 0.519149 0.516595
vt 0.524425 0.515813
vt 0.523682 0.521710
vt 0.518764 0.522198
vt 0.510613 0.526329
vt 0.515561 0.525999
vt 0.515139 0.531644
vt 0.509767 0.532208
vt 0.518784 0.526002
vt 0.523735 0.526338
vt 0.524583 0.532237
vt 0.519208 0.531659
vt 0.497111 0.443794
vt 0.510076 0.442931
vt 0.511986 0.472427
vt 0.502380 0.473064
vt 0.436647 0.514405
vt 0.438119 0.500404
vt 0.467177 0.507517
vt 0.466284 0.517872
vt 0.523728 0.442889
vt 0.536282 0.443834
vt 0.531689 0.472979
vt 0.522079 0.472396
vt 0.595874 0.500250
vt 0.597633 0.514154
vt 0.568001 0.517712
vt 0.567081 0.507366
vt 0.510373 0.583471
vt 0.495427 0.591434
vt 0.501626 0.571455
vt 0.511790 0.569743
vt 0.439515 0.544584
vt 0.436375 0.529415
vt 0.466112 0.528876
vt 0.467299 0.539135
vt 0.597928 0.529142
vt 0.594715 0.544320
vt 0.566957 0.538972
vt 0.568165 0.528712
vt 0.538347 0.591419
vt 0.523428 0.583433
vt 0.522255 0.569745
vt 0.532399 0.571475
vt 0.469860 0.337074
vt 0.488889 0.359643
vt 0.485435 0.383726
vt 0.468590 0.361983
vt 0.357307 0.469002
vt 0.497526 0.335320
vt 0.515908 0.358929
vt 0.505308 0.382348
vt 0.516870 0.404331
vt 0.508949 0.424829
vt 0.498589 0.404828
vt 0.494104 0.425840
vt 0.482775 0.406645
vt 0.402285 0.482173
vt 0.302370 0.458423
vt 0.313923 0.438320
vt 0.338185 0.431722
vt 0.325366 0.452167
vt 0.352976 0.569590
vt 0.291916 0.446628
vt 0.301503 0.425369
vt 0.324293 0.416147
vt 0.331873 0.390748
vt 0.357987 0.383648
vt 0.349878 0.409400
vt 0.378336 0.405774
vt 0.365623 0.427845
vt 0.399093 0.576957
vt 0.703416 0.472765
vt 0.680807 0.488147
vt 0.654905 0.484272
vt 0.676055 0.469310
vt 0.563130 0.362117
vt 0.706825 0.494182
vt 0.682298 0.509813
vt 0.657944 0.503184
vt 0.636146 0.516960
vt 0.615586 0.511293
vt 0.634788 0.498451
vt 0.613310 0.495607
vt 0.630932 0.482171
vt 0.549197 0.407040
vt 0.328011 0.494242
vt 0.353693 0.488289
vt 0.376520 0.503498
vt 0.352297 0.510028
vt 0.330797 0.472468
vt 0.378954 0.484395
vt 0.420502 0.495746
vt 0.399417 0.498729
vt 0.418710 0.511587
vt 0.398215 0.517299
vt 0.405760 0.640244
vt 0.376434 0.641916
vt 0.359331 0.623501
vt 0.387535 0.621631
vt 0.392978 0.661821
vt 0.364448 0.662342
vt 0.353024 0.555278
vt 0.348113 0.642375
vt 0.319343 0.641364
vt 0.402920 0.556696
vt 0.305374 0.622434
vt 0.332262 0.623933
vt 0.316967 0.607078
vt 0.341985 0.606616
vt 0.056757 0.454296
vt 0.631262 0.556377
vt 0.046322 0.427289
vt 0.069200 0.436520
vt 0.079703 0.461845
vt 0.022015 0.418267
vt 0.681414 0.555034
vt 0.013055 0.391020
vt 0.037344 0.400216
vt 0.029182 0.371835
vt 0.052837 0.383054
vt 0.060497 0.410503
vt 0.082447 0.421665
vt 0.090697 0.446015
vt 0.194516 0.562356
vt 0.193512 0.556188
vt 0.197917 0.555473
vt 0.200606 0.560987
vt 0.188933 0.558808
vt 0.188597 0.553388
vt 0.192378 0.551726
vt 0.191856 0.547917
vt 0.195485 0.547074
vt 0.196469 0.550907
vt 0.201694 0.550854
vt 0.204736 0.555777
vt 0.186096 0.540342
vt 0.187561 0.544941
vt 0.183282 0.545589
vt 0.180912 0.539573
vt 0.191235 0.544233
vt 0.188334 0.549039
vt 0.183945 0.555422
vt 0.184218 0.549918
vt 0.178625 0.551524
vt 0.177549 0.545249
vt 0.309197 0.401193
vt 0.313727 0.373506
vt 0.335826 0.361601
vt 0.280505 0.435638
vt 0.288188 0.413067
vt 0.268376 0.425669
vt 0.274480 0.402297
vt 0.113424 0.399002
vt 0.293849 0.387901
vt 0.296716 0.359640
vt 0.089310 0.357688
vt 0.315799 0.343739
vt 0.528063 0.382191
vt 0.534831 0.404729
vt 0.524731 0.424773
vt 0.533173 0.335034
vt 0.543813 0.359329
vt 0.562156 0.336753
vt 0.547256 0.383719
vt 0.538833 0.425967
vt 0.199431 0.546539
vt 0.204791 0.545504
vt 0.208500 0.550368
vt 0.194858 0.543342
vt 0.198677 0.542314
vt 0.199252 0.537465
vt 0.205373 0.534665
vt 0.203946 0.540966
vt 0.210942 0.538391
vt 0.212240 0.544164
vt 0.421649 0.593951
vt 0.395135 0.600121
vt 0.373650 0.583609
vt 0.416080 0.618274
vt 0.368185 0.604122
vt 0.324473 0.591253
vt 0.348699 0.588387
vt 0.329566 0.574628
vt 0.075910 0.395772
vt 0.097409 0.409293
vt 0.103203 0.433683
vt 0.046532 0.354885
vt 0.070436 0.368860
vt 0.066013 0.341811
vt 0.093074 0.383914
vt 0.117026 0.423222
vt 0.194569 0.539622
vt 0.194369 0.534747
vt 0.200174 0.531326
vt 0.190481 0.540569
vt 0.184578 0.534204
vt 0.189987 0.535674
vt 0.188961 0.528566
vt 0.194810 0.527771
vt 0.328476 0.542390
vt 0.352723 0.532565
vt 0.377063 0.545329
vt 0.327838 0.518061
vt 0.376153 0.524244
vt 0.418385 0.528655
vt 0.398944 0.536524
vt 0.422058 0.546595
vt 0.658269 0.523933
vt 0.635381 0.536192
vt 0.615939 0.528334
vt 0.706871 0.517953
vt 0.681783 0.532332
vt 0.706120 0.542245
vt 0.657292 0.545020
vt 0.612154 0.546290
vt 0.157971 0.663140
vt 0.492341 0.601026
vt 0.157934 0.639620
vt 0.166986 0.632790
vt 0.166731 0.657821
vt 0.280826 0.617614
vt 0.148911 0.643297
vt 0.510056 0.588109
vt 0.147714 0.629625
vt 0.157845 0.622559
vt 0.159145 0.606161
vt 0.169697 0.595450
vt 0.167679 0.612949
vt 0.176941 0.601451
vt 0.175965 0.620813
vt 0.250877 0.594184
vt 0.293065 0.605039
vt 0.279664 0.589963
vt 0.301419 0.591774
vt 0.270804 0.600346
vt 0.240661 0.581377
vt 0.259285 0.586155
vt 0.247497 0.574170
vt 0.266062 0.576945
vt 0.136374 0.637468
vt 0.523573 0.588013
vt 0.133762 0.627858
vt 0.147101 0.616997
vt 0.115466 0.643649
vt 0.541263 0.600930
vt 0.114485 0.632736
vt 0.092736 0.484162
vt 0.133876 0.615788
vt 0.138392 0.600067
vt 0.126569 0.506840
vt 0.153483 0.587353
vt 0.149116 0.602631
vt 0.161963 0.590773
vt 0.101126 0.468750
vt 0.113553 0.489163
vt 0.111110 0.456563
vt 0.120902 0.477578
vt 0.138736 0.487229
vt 0.148369 0.504757
vt 0.132048 0.496557
vt 0.143339 0.513330
vt 0.281494 0.465603
vt 0.262403 0.473677
vt 0.271709 0.455744
vt 0.290336 0.476302
vt 0.311324 0.562693
vt 0.270627 0.482632
vt 0.259722 0.497794
vt 0.274720 0.555690
vt 0.243418 0.504376
vt 0.252868 0.489753
vt 0.237139 0.497893
vt 0.245227 0.482657
vt 0.307271 0.577516
vt 0.290577 0.565643
vt 0.286063 0.578253
vt 0.252884 0.565980
vt 0.271106 0.566653
vt 0.256773 0.556948
vt 0.122451 0.446159
vt 0.129798 0.467606
vt 0.134685 0.437028
vt 0.249972 0.438680
vt 0.139700 0.458747
vt 0.154759 0.471052
vt 0.227795 0.471249
vt 0.160742 0.489685
vt 0.146370 0.478776
vt 0.154186 0.496891
vt 0.261186 0.446721
vt 0.243501 0.458614
vt 0.253318 0.465663
vt 0.230069 0.492477
vt 0.236848 0.476510
vt 0.222242 0.488071
vt 0.179109 0.585387
vt 0.187426 0.576586
vt 0.185601 0.590340
vt 0.224083 0.576889
vt 0.172546 0.580780
vt 0.181400 0.572545
vt 0.182953 0.562901
vt 0.188638 0.566313
vt 0.194357 0.570350
vt 0.204848 0.566715
vt 0.230628 0.570974
vt 0.221574 0.562618
vt 0.236184 0.564365
vt 0.216056 0.568170
vt 0.209492 0.561406
vt 0.214266 0.556016
vt 0.165700 0.576755
vt 0.175431 0.568541
vt 0.158566 0.573014
vt 0.153500 0.527931
vt 0.169383 0.564487
vt 0.171763 0.554927
vt 0.170563 0.543205
vt 0.177637 0.558816
vt 0.157495 0.520140
vt 0.165249 0.533141
vt 0.162070 0.512827
vt 0.168944 0.526305
vt 0.177646 0.530959
vt 0.174172 0.537205
vt 0.229414 0.511946
vt 0.217659 0.519494
vt 0.223500 0.506810
vt 0.234631 0.518016
vt 0.243317 0.548918
vt 0.222753 0.524516
vt 0.218647 0.534447
vt 0.221241 0.543177
vt 0.213222 0.530250
vt 0.208078 0.526001
vt 0.240309 0.556880
vt 0.229165 0.549360
vt 0.225954 0.556302
vt 0.217644 0.549707
vt 0.167354 0.506169
vt 0.173337 0.520021
vt 0.173106 0.500001
vt 0.209379 0.499755
vt 0.178303 0.514270
vt 0.186703 0.519636
vt 0.196372 0.519502
vt 0.182205 0.525550
vt 0.216762 0.502822
vt 0.205336 0.512536
vt 0.211851 0.515506
vt 0.202162 0.522935
vt 0.488302 0.508352
vt 0.503069 0.494103
vt 0.495217 0.513272
vt 0.487397 0.515624
vt 0.478593 0.510047
vt 0.501065 0.510961
vt 0.505381 0.506851
vt 0.506070 0.514991
vt 0.501349 0.517455
vt 0.506641 0.521182
vt 0.501216 0.523864
vt 0.494758 0.520145
vt 0.487085 0.523659
vt 0.477902 0.518857
vt 0.507660 0.501007
vt 0.511434 0.507066
vt 0.509069 0.511831
vt 0.504676 0.484424
vt 0.509850 0.493234
vt 0.512811 0.483859
vt 0.517088 0.493052
vt 0.513909 0.500627
vt 0.517125 0.507004
vt 0.514701 0.512359
vt 0.520307 0.500612
vt 0.522815 0.507043
vt 0.519577 0.512350
vt 0.521315 0.483835
vt 0.524327 0.493197
vt 0.529453 0.484355
vt 0.531112 0.494030
vt 0.545956 0.508261
vt 0.526558 0.500962
vt 0.528866 0.506800
vt 0.533202 0.510906
vt 0.525204 0.511802
vt 0.494669 0.527382
vt 0.487217 0.531700
vt 0.477767 0.528210
vt 0.506600 0.526722
vt 0.501221 0.530272
vt 0.505918 0.532902
vt 0.500803 0.536807
vt 0.505118 0.541000
vt 0.495009 0.534300
vt 0.488180 0.539038
vt 0.502735 0.553359
vt 0.478527 0.537008
vt 0.539059 0.513201
vt 0.532944 0.517407
vt 0.528216 0.514955
vt 0.555673 0.509928
vt 0.546886 0.515530
vt 0.556385 0.518735
vt 0.547206 0.523573
vt 0.539539 0.520079
vt 0.533100 0.523833
vt 0.527673 0.521159
vt 0.539629 0.527336
vt 0.533102 0.530269
vt 0.527743 0.526727
vt 0.556506 0.528091
vt 0.547049 0.531626
vt 0.555717 0.536892
vt 0.546066 0.538969
vt 0.531439 0.553350
vt 0.539272 0.534269
vt 0.533493 0.536806
vt 0.529165 0.541011
vt 0.528420 0.532923
vt 0.517087 0.553667
vt 0.520352 0.547139
vt 0.524408 0.553789
vt 0.521370 0.561190
vt 0.517142 0.541182
vt 0.519647 0.535900
vt 0.522937 0.541039
vt 0.525400 0.536220
vt 0.526755 0.546761
vt 0.529770 0.561795
vt 0.513880 0.547144
vt 0.511354 0.541025
vt 0.514682 0.535883
vt 0.512742 0.561201
vt 0.509766 0.553808
vt 0.504333 0.561808
vt 0.507481 0.546765
vt 0.508928 0.536192
vt 0.512832 0.516468
vt 0.510502 0.519100
vt 0.517150 0.516542
vt 0.515495 0.519855
vt 0.517164 0.522162
vt 0.515529 0.524097
vt 0.513533 0.522120
vt 0.510577 0.524026
vt 0.521467 0.516454
vt 0.518822 0.519850
vt 0.523806 0.519082
vt 0.523757 0.524022
vt 0.520793 0.522112
vt 0.518807 0.524096
vt 0.513519 0.526036
vt 0.510445 0.528951
vt 0.517172 0.526045
vt 0.515487 0.528362
vt 0.517171 0.531730
vt 0.512781 0.531702
vt 0.520828 0.526042
vt 0.518862 0.528371
vt 0.523911 0.528973
vt 0.521571 0.531729
vt 0.503403 0.443193
vt 0.499777 0.459524
vt 0.491010 0.444565
vt 0.439222 0.493888
vt 0.516921 0.442875
vt 0.511045 0.458785
vt 0.517032 0.472402
vt 0.507062 0.472604
vt 0.497820 0.473666
vt 0.467901 0.502662
vt 0.437200 0.507162
vt 0.452480 0.516446
vt 0.436394 0.521900
vt 0.453653 0.504310
vt 0.466592 0.512533
vt 0.466156 0.523373
vt 0.530261 0.443151
vt 0.522921 0.458747
vt 0.542048 0.444728
vt 0.594513 0.493806
vt 0.534090 0.459461
vt 0.536253 0.473558
vt 0.566340 0.502517
vt 0.527004 0.472544
vt 0.596995 0.506948
vt 0.580535 0.504141
vt 0.597905 0.521631
vt 0.581803 0.516243
vt 0.568131 0.523211
vt 0.567682 0.512376
vt 0.503367 0.586547
vt 0.510886 0.577720
vt 0.516907 0.582376
vt 0.487019 0.597227
vt 0.442556 0.552227
vt 0.498519 0.581643
vt 0.496701 0.572161
vt 0.468487 0.543891
vt 0.506630 0.570674
vt 0.517025 0.569241
vt 0.437209 0.536970
vt 0.454207 0.541697
vt 0.452263 0.529392
vt 0.466408 0.534192
vt 0.597074 0.536700
vt 0.582027 0.529178
vt 0.591602 0.551970
vt 0.546750 0.597273
vt 0.580053 0.541485
vt 0.565763 0.543729
vt 0.537315 0.572198
vt 0.567856 0.534029
vt 0.530415 0.586495
vt 0.535402 0.581678
vt 0.523062 0.577721
vt 0.527405 0.570681
vn -0.599274 0.430440 0.674976
vn -0.365519 0.388586 0.845812
vn -0.354520 0.379914 0.854389
vn -0.594827 0.419952 0.685435
vn -0.173186 0.343701 0.922971
vn -0.165861 0.339012 0.926046
vn -0.174967 0.331122 0.927224
vn -0.366140 0.361396 0.857517
vn -0.607098 0.387694 0.693631
vn -0.059060 0.318751 0.945997
vn -0.056440 0.317250 0.946661
vn -0.000280 0.311506 0.950244
vn 0.000455 0.311063 0.950389
vn 0.001502 0.309569 0.950876
vn -0.059680 0.314120 0.947506
vn -0.063387 0.309187 0.948886
vn -0.185024 0.320347 0.929056
vn 0.003305 0.306478 0.951872
vn 0.004727 0.300846 0.953661
vn -0.067999 0.303692 0.950341
vn -0.194810 0.312896 0.929594
vn -0.378925 0.338121 0.861446
vn -0.621777 0.348219 0.701525
vn -0.389282 0.325452 0.861708
vn -0.630591 0.328916 0.702972
vn -0.595264 0.289337 -0.749630
vn -0.422338 0.280519 -0.861940
vn -0.397596 0.288503 -0.871024
vn -0.574274 0.305015 -0.759721
vn -0.258915 0.269880 -0.927431
vn -0.238106 0.273053 -0.932066
vn -0.212118 0.278147 -0.936825
vn -0.365165 0.302157 -0.880543
vn -0.541721 0.331659 -0.772360
vn -0.117959 0.261777 -0.957893
vn -0.105298 0.263515 -0.958891
vn -0.004065 0.258300 -0.966056
vn -0.001878 0.261233 -0.965274
vn -0.000937 0.263349 -0.964700
vn -0.091045 0.264959 -0.959952
vn -0.076464 0.265716 -0.961014
vn -0.184889 0.281233 -0.941660
vn -0.000276 0.264524 -0.964379
vn 0.001922 0.265033 -0.964237
vn -0.070262 0.265869 -0.961445
vn -0.176966 0.282439 -0.942821
vn -0.331428 0.311577 -0.890548
vn -0.505931 0.351373 -0.787763
vn -0.324132 0.315315 -0.891916
vn -0.498228 0.358308 -0.789546
vn 0.587465 0.434059 0.682992
vn 0.713010 0.448639 0.538832
vn 0.712904 0.436733 0.548665
vn 0.589134 0.423915 0.687908
vn 0.826957 0.445636 0.342856
vn 0.831986 0.432640 0.347307
vn 0.845757 0.388264 0.365987
vn 0.721949 0.396863 0.566824
vn 0.606476 0.391732 0.691905
vn 0.891407 0.427304 0.151011
vn 0.898595 0.412826 0.148666
vn 0.913255 0.407309 0.008041
vn 0.919808 0.392355 0.003332
vn 0.938764 0.344511 0.005867
vn 0.917317 0.365518 0.157879
vn 0.937151 0.307790 0.164357
vn 0.863410 0.331604 0.380213
vn 0.957591 0.288068 0.005988
vn 0.963880 0.266304 0.004087
vn 0.945480 0.281260 0.164194
vn 0.876377 0.298170 0.378231
vn 0.735642 0.344401 0.583282
vn 0.622477 0.346452 0.701779
vn 0.752614 0.304911 0.583611
vn 0.633246 0.306070 0.710860
vn -0.918818 0.394601 0.008023
vn -0.900493 0.413068 0.135970
vn -0.907258 0.398853 0.133413
vn -0.924900 0.380197 0.003047
vn -0.858384 0.429885 0.279957
vn -0.864876 0.416363 0.280413
vn -0.881531 0.371287 0.291631
vn -0.925237 0.352694 0.139796
vn -0.942404 0.334443 0.004828
vn -0.770367 0.440770 0.460713
vn -0.774724 0.428685 0.464792
vn -0.788958 0.387190 0.477106
vn -0.805766 0.336834 0.487117
vn -0.899867 0.317086 0.299492
vn -0.813292 0.314033 0.489837
vn -0.906959 0.294259 0.301393
vn -0.943786 0.298051 0.142949
vn -0.959591 0.281376 0.003648
vn -0.950282 0.276885 0.142474
vn -0.964773 0.263083 0.000789
vn -0.912531 0.408856 -0.011159
vn -0.907846 0.382816 0.171076
vn -0.912540 0.367333 0.179826
vn -0.919416 0.393278 -0.002480
vn -0.894838 0.370209 0.249419
vn -0.899239 0.356023 0.254198
vn -0.912180 0.310976 0.266875
vn -0.928938 0.320115 0.186011
vn -0.938660 0.344812 -0.004807
vn -0.898553 0.373219 0.230890
vn -0.903630 0.360042 0.231997
vn -0.917417 0.382306 0.110402
vn -0.922704 0.369209 0.110913
vn -0.937392 0.328096 0.116829
vn -0.915883 0.317363 0.245845
vn -0.919113 0.276497 0.280679
vn -0.920898 0.261596 0.288988
vn -0.946364 0.296735 0.127840
vn -0.927091 0.333989 0.170159
vn -0.902616 0.270384 0.334927
vn -0.917280 0.242659 0.315775
vn -0.943851 0.266398 0.195392
vn -0.957758 0.287510 -0.006210
vn -0.948220 0.244123 0.203181
vn -0.965238 0.261206 -0.009302
vn 0.924445 0.334647 0.182794
vn 0.944603 0.300891 0.131108
vn 0.917052 0.279240 0.284678
vn 0.898852 0.269356 0.345707
vn 0.934367 0.336349 0.117590
vn 0.913128 0.324869 0.246286
vn 0.909693 0.317909 0.267193
vn 0.919373 0.263040 0.292513
vn 0.914802 0.238958 0.325633
vn 0.918038 0.380760 0.110579
vn 0.899309 0.371297 0.231045
vn 0.912126 0.394918 0.109848
vn 0.893592 0.385687 0.229651
vn 0.889964 0.382714 0.247978
vn 0.895061 0.367157 0.253105
vn 0.908156 0.378439 0.178990
vn 0.926622 0.326531 0.186410
vn 0.902638 0.395431 0.169939
vn 0.906868 0.421267 -0.011123
vn 0.914695 0.404137 -0.002508
vn 0.936532 0.350558 -0.004199
vn 0.943140 0.266366 0.198838
vn 0.947777 0.237515 0.212852
vn 0.958265 0.285864 -0.003291
vn 0.967829 0.251606 -0.001088
vn -0.776899 0.093103 0.622703
vn -0.695450 0.122196 0.708109
vn -0.795886 0.152704 0.585872
vn -0.854646 0.106790 0.508111
vn -0.566473 0.165884 0.807212
vn -0.671571 0.211775 0.710031
vn -0.801734 0.241885 0.546548
vn -0.893376 0.167513 0.416915
vn -0.926980 0.118183 0.356006
vn -0.356135 0.216308 0.909054
vn -0.444922 0.283432 0.849536
vn -0.070044 0.263714 0.962054
vn -0.096967 0.347605 0.932614
vn -0.133738 0.469915 0.872522
vn -0.583830 0.351944 0.731627
vn -0.764413 0.441694 0.469658
vn -0.920509 0.262217 0.289666
vn -0.199888 0.725694 0.658342
vn -0.222327 0.955147 -0.195612
vn -0.850156 0.500807 -0.162564
vn -0.958021 0.259369 -0.122164
vn -0.966261 0.171022 0.192590
vn -0.980570 0.120961 0.154440
vn -0.981433 0.162020 -0.102663
vn -0.988851 0.117889 -0.090967
vn 0.926554 0.374579 -0.034485
vn 0.922256 0.385168 -0.033015
vn 0.876796 0.386699 0.285819
vn 0.900964 0.373420 0.220956
vn 0.874490 0.482092 -0.053420
vn 0.791915 0.459611 0.402031
vn 0.654871 0.408991 0.635507
vn 0.784843 0.371655 0.495878
vn 0.835069 0.361642 0.414578
vn 0.653815 0.747515 -0.117250
vn 0.537615 0.615438 0.576373
vn 0.375232 0.464798 0.801975
vn 0.270685 0.369623 0.888881
vn 0.530107 0.359335 0.768027
vn 0.221261 0.295068 0.929505
vn 0.445733 0.307376 0.840739
vn 0.682535 0.346422 0.643535
vn 0.759287 0.340456 0.554592
vn 0.591488 0.309462 0.744564
vn 0.683699 0.315070 0.658246
vn 0.078399 0.277798 -0.957435
vn 0.079487 0.280047 -0.956690
vn 0.089395 0.273880 -0.957600
vn 0.216629 0.297424 -0.929845
vn 0.196884 0.307930 -0.930815
vn 0.199537 0.313696 -0.928321
vn 0.100703 0.267341 -0.958326
vn 0.109468 0.260894 -0.959141
vn 0.252526 0.268611 -0.929558
vn 0.236747 0.281616 -0.929862
vn 0.405905 0.300196 -0.863205
vn 0.383411 0.330443 -0.862440
vn 0.422171 0.277939 -0.862856
vn 0.599992 0.283457 -0.748106
vn 0.587698 0.314994 -0.745245
vn 0.568116 0.361426 -0.739335
vn 0.360968 0.352584 -0.863357
vn 0.365754 0.362680 -0.857139
vn 0.549511 0.397748 -0.734734
vn 0.553570 0.410985 -0.724328
vn 0.082788 0.312246 0.946387
vn 0.089919 0.304495 0.948260
vn 0.073032 0.316019 0.945938
vn 0.232168 0.340600 0.911093
vn 0.255567 0.328888 0.909130
vn 0.265208 0.312308 0.912211
vn 0.064253 0.317224 0.946171
vn 0.063918 0.317831 0.945991
vn 0.209650 0.349392 0.913221
vn 0.206882 0.345622 0.915285
vn 0.423399 0.392725 0.816395
vn 0.454054 0.374329 0.808525
vn 0.422979 0.400110 0.813020
vn 0.478420 0.343815 0.808026
vn 0.483656 0.312102 0.817722
vn -0.911763 0.142774 -0.385103
vn -0.937048 0.112645 -0.330534
vn -0.847620 0.202517 -0.490435
vn -0.708126 0.165412 -0.686437
vn -0.808460 0.128374 -0.574380
vn -0.853988 0.108724 -0.508806
vn -0.672798 0.322627 -0.665773
vn -0.143706 0.529799 -0.835860
vn -0.088522 0.313919 -0.945314
vn -0.502557 0.228097 -0.833911
vn -0.392438 0.185060 -0.900969
vn -0.590932 0.146583 -0.793292
vn -0.065733 0.235121 -0.969741
vn -0.055583 0.209010 -0.976333
vn -0.321969 0.169934 -0.931374
vn -0.505744 0.141362 -0.851023
vn -0.707088 0.121669 -0.696580
vn -0.771493 0.107335 -0.627119
vn -0.620468 0.121853 -0.774707
vn -0.696778 0.110594 -0.708710
vn -0.656961 0.397769 -0.640454
vn -0.666280 0.387709 -0.636987
vn -0.784565 0.423430 -0.452951
vn -0.792813 0.410697 -0.450307
vn -0.817867 0.367894 -0.442435
vn -0.699143 0.355644 -0.620255
vn -0.872825 0.426756 -0.236763
vn -0.880510 0.412342 -0.233830
vn -0.900478 0.364367 -0.237435
vn -0.920557 0.306735 -0.241844
vn -0.840693 0.315550 -0.440073
vn -0.928490 0.277571 -0.246699
vn -0.850241 0.287391 -0.441018
vn -0.727184 0.314680 -0.610066
vn -0.741134 0.291453 -0.604793
vn 0.922675 0.304038 -0.237132
vn 0.933403 0.265880 -0.240969
vn 0.900369 0.369834 -0.229257
vn 0.827280 0.378124 -0.415487
vn 0.846783 0.314570 -0.428957
vn 0.856403 0.275530 -0.436644
vn 0.879171 0.423236 -0.218926
vn 0.871457 0.439365 -0.217995
vn 0.804676 0.444804 -0.393250
vn 0.809644 0.429384 -0.400132
vn 0.705492 0.423359 -0.568374
vn 0.720917 0.376891 -0.581578
vn 0.704463 0.437893 -0.558554
vn 0.738279 0.319015 -0.594284
vn 0.747461 0.281826 -0.601562
vn 0.284427 0.269965 -0.919902
vn 0.220919 0.245136 -0.943983
vn 0.380175 0.336752 -0.861432
vn 0.635230 0.325495 -0.700383
vn 0.512657 0.286747 -0.809295
vn 0.421373 0.271780 -0.865206
vn 0.528758 0.485864 -0.695954
vn 0.778790 0.394076 -0.488048
vn 0.863978 0.355046 -0.357050
vn 0.757216 0.324417 -0.566902
vn 0.884777 0.360694 -0.295077
vn 0.801515 0.341627 -0.490779
vn 0.646138 0.302848 -0.700563
vn 0.548991 0.291700 -0.783275
vn 0.713113 0.323985 -0.621695
vn 0.630710 0.310728 -0.711092
vn -0.923797 0.381627 -0.030975
vn -0.929046 0.368836 -0.028862
vn -0.921370 0.377031 -0.094476
vn -0.926597 0.364118 -0.094004
vn -0.941660 0.321418 -0.099830
vn -0.944233 0.327620 -0.032993
vn -0.921408 0.379973 -0.081419
vn -0.926699 0.366318 -0.083903
vn -0.942824 0.321892 -0.086421
vn -0.957737 0.271876 -0.093937
vn -0.954138 0.275766 -0.116503
vn -0.960757 0.256685 -0.105162
vn -0.953075 0.265644 -0.145197
vn -0.955066 0.291063 -0.055950
vn -0.948886 0.299174 -0.100545
vn 0.956072 0.278029 -0.092877
vn 0.960083 0.259664 -0.103992
vn 0.939518 0.331634 -0.085583
vn 0.938473 0.330884 -0.098917
vn 0.952540 0.281661 -0.115475
vn 0.952417 0.268485 -0.144283
vn 0.921856 0.378483 -0.083255
vn 0.916056 0.392815 -0.080851
vn 0.916089 0.389833 -0.093874
vn 0.921842 0.376166 -0.093309
vn 0.924266 0.380686 -0.028471
vn 0.941099 0.336611 -0.032026
vn 0.918442 0.394357 -0.030760
vn 0.953526 0.296373 -0.054327
vn 0.948267 0.301835 -0.098415
vn -0.799879 0.500575 0.331087
vn -0.618944 0.361642 0.697225
vn -0.779830 0.325830 0.534510
vn -0.611720 0.602686 0.512414
vn -0.427575 0.369270 0.825118
vn -0.385986 0.275443 0.880424
vn -0.559805 0.280667 0.779644
vn -0.717518 0.273262 0.640699
vn -0.344641 0.670106 0.657405
vn -0.225802 0.371412 0.900592
vn -0.014707 0.697632 0.716305
vn -0.013700 0.371626 0.928281
vn -0.016206 0.268796 0.963061
vn -0.203222 0.269663 0.941267
vn -0.205969 0.213239 0.955042
vn -0.387545 0.218159 0.895665
vn -0.019385 0.215362 0.976342
vn -0.021496 0.176631 0.984042
vn -0.220404 0.168350 0.960771
vn -0.406292 0.169126 0.897955
vn -0.557276 0.225392 0.799150
vn -0.704617 0.229127 0.671577
vn -0.572959 0.173872 0.800929
vn -0.712720 0.178845 0.678266
vn -0.948410 0.242181 0.204614
vn -0.966687 0.255280 -0.018660
vn -0.907430 0.242660 0.343054
vn -0.898805 0.241283 0.365969
vn -0.949707 0.242483 0.198140
vn -0.966989 0.252488 -0.034387
vn -0.866607 0.272456 0.418043
vn -0.828277 0.254193 0.499343
vn -0.816536 0.227701 0.530491
vn -0.898450 0.227644 0.375454
vn -0.822579 0.182671 0.538513
vn -0.907687 0.187008 0.375677
vn -0.954652 0.232740 0.185668
vn -0.969153 0.240638 -0.053256
vn -0.965273 0.192853 0.176229
vn -0.977502 0.199722 -0.067830
vn 0.317791 0.669021 0.671878
vn 0.199216 0.372448 0.906419
vn 0.591425 0.601370 0.537188
vn 0.402551 0.370117 0.837237
vn 0.355744 0.285780 0.889818
vn 0.171695 0.275910 0.945724
vn 0.788160 0.499600 0.359449
vn 0.596644 0.361648 0.716399
vn 0.765586 0.325299 0.555030
vn 0.691429 0.284971 0.663865
vn 0.530881 0.292370 0.795415
vn 0.518330 0.257304 0.815554
vn 0.349449 0.242926 0.904916
vn 0.665240 0.264722 0.698125
vn 0.661063 0.255278 0.705570
vn 0.524576 0.239353 0.817025
vn 0.361433 0.218239 0.906497
vn 0.167801 0.226977 0.959335
vn 0.177334 0.195272 0.964584
vn 0.857083 0.271283 0.437966
vn 0.900638 0.238981 0.362960
vn 0.882360 0.250418 0.398411
vn 0.806566 0.265313 0.528261
vn 0.945749 0.234686 0.224680
vn 0.969795 0.243919 -0.001074
vn 0.966909 0.255088 -0.004083
vn 0.940411 0.248561 0.232042
vn 0.934051 0.270023 0.233743
vn 0.867781 0.265569 0.420035
vn 0.961142 0.275882 -0.009824
vn 0.955908 0.293200 -0.016547
vn 0.929681 0.286200 0.231910
vn 0.861457 0.276670 0.425848
vn 0.779563 0.265168 0.567421
vn 0.770988 0.266751 0.578291
vn -0.130816 0.258064 -0.957230
vn -0.008091 0.253562 -0.967285
vn -0.276355 0.266197 -0.923454
vn -0.294841 0.257490 -0.920200
vn -0.146204 0.249692 -0.957224
vn -0.013791 0.245475 -0.969305
vn -0.439538 0.274986 -0.855096
vn -0.606003 0.280504 -0.744364
vn -0.612516 0.270185 -0.742849
vn -0.454442 0.265507 -0.850287
vn -0.472453 0.247796 -0.845805
vn -0.317791 0.240986 -0.917025
vn -0.620530 0.251995 -0.742591
vn -0.634893 0.215365 -0.741976
vn -0.497221 0.214518 -0.840686
vn -0.347058 0.211953 -0.913579
vn -0.165506 0.234887 -0.957829
vn -0.020528 0.233006 -0.972259
vn -0.188908 0.210790 -0.959105
vn -0.026636 0.214622 -0.976334
vn -0.744982 0.280115 -0.605424
vn -0.850968 0.275467 -0.447182
vn -0.848293 0.266289 -0.457700
vn -0.744806 0.269827 -0.610294
vn -0.928893 0.267410 -0.256221
vn -0.926712 0.260665 -0.270664
vn -0.925535 0.245969 -0.287896
vn -0.846254 0.249718 -0.470632
vn -0.930754 0.204848 -0.302877
vn -0.850370 0.209404 -0.482722
vn -0.745377 0.252111 -0.617134
vn -0.751959 0.213266 -0.623759
vn 0.935980 0.252978 -0.244832
vn 0.858388 0.259419 -0.442573
vn 0.854564 0.261857 -0.448499
vn 0.932748 0.259519 -0.250260
vn 0.749726 0.264303 -0.606675
vn 0.605604 0.266671 -0.749753
vn 0.606870 0.262756 -0.750113
vn 0.746757 0.263249 -0.610781
vn 0.740379 0.272058 -0.614673
vn 0.846678 0.275083 -0.455484
vn 0.606374 0.266795 -0.749087
vn 0.608568 0.271071 -0.745765
vn 0.734552 0.280868 -0.617694
vn 0.838450 0.287791 -0.462794
vn 0.925667 0.276862 -0.257853
vn 0.918353 0.292629 -0.266452
vn 0.432406 0.264269 -0.862083
vn 0.263592 0.258890 -0.929245
vn 0.272742 0.252081 -0.928476
vn 0.439609 0.258502 -0.860186
vn 0.115296 0.254303 -0.960227
vn 0.120004 0.246745 -0.961622
vn 0.126271 0.237465 -0.963154
vn 0.283810 0.246820 -0.926570
vn 0.137648 0.225205 -0.964539
vn 0.301388 0.240589 -0.922650
vn 0.447363 0.257734 -0.856411
vn 0.460409 0.257029 -0.849682
vn -0.598102 0.127683 0.791183
vn -0.728324 0.130193 0.672751
vn -0.436960 0.127371 0.890417
vn -0.470496 0.108329 0.875727
vn -0.625369 0.099992 0.773896
vn -0.745439 0.098722 0.659223
vn -0.245000 0.133845 0.960240
vn -0.024215 0.151831 0.988110
vn -0.030552 0.157170 0.987099
vn -0.274124 0.126966 0.953276
vn -0.305631 0.155212 0.939414
vn -0.503650 0.120635 0.855444
vn -0.045701 0.196426 0.979453
vn -0.646961 0.096050 0.756449
vn -0.761199 0.086375 0.642741
vn -0.974915 0.139055 0.173792
vn -0.986597 0.145654 -0.073555
vn -0.916976 0.134679 0.375522
vn -0.923612 0.101004 0.369782
vn -0.979880 0.105372 0.169507
vn -0.990818 0.111559 -0.076382
vn -0.832747 0.132244 0.537628
vn -0.842381 0.099238 0.529666
vn -0.855114 0.087443 0.511012
vn -0.930832 0.092158 0.353636
vn -0.982696 0.097309 0.157604
vn -0.991510 0.101215 -0.081634
vn 0.195458 0.179217 0.964198
vn 0.383671 0.208750 0.899567
vn 0.402859 0.220697 0.888255
vn 0.210906 0.191066 0.958651
vn 0.539926 0.235355 0.808138
vn 0.666686 0.256762 0.699716
vn 0.674169 0.269070 0.687821
vn 0.554067 0.246007 0.795293
vn 0.560562 0.271771 0.782247
vn 0.413048 0.256117 0.873954
vn 0.679250 0.291417 0.673569
vn 0.213733 0.232241 0.948885
vn 0.770598 0.274056 0.575389
vn 0.858458 0.289645 0.423267
vn 0.855757 0.315174 0.410300
vn 0.772807 0.292098 0.563426
vn 0.925141 0.303724 0.227740
vn 0.949546 0.312789 -0.022946
vn 0.938215 0.344711 -0.030465
vn 0.917199 0.334658 0.216216
vn 0.907421 0.368100 0.202708
vn 0.850945 0.348173 0.393278
vn 0.925909 0.375900 -0.037315
vn 0.775136 0.320298 0.544586
vn -0.215816 0.184926 -0.958763
vn -0.032042 0.197553 -0.979768
vn -0.381111 0.178611 -0.907112
vn -0.415250 0.156207 -0.896196
vn -0.244534 0.171375 -0.954376
vn -0.038159 0.194409 -0.980178
vn -0.526919 0.175290 -0.831643
vn -0.653722 0.171739 -0.736989
vn -0.671670 0.140608 -0.727385
vn -0.555766 0.147018 -0.818236
vn -0.579263 0.129828 -0.804735
vn -0.450552 0.144639 -0.880955
vn -0.686530 0.121034 -0.716957
vn -0.276572 0.168294 -0.946142
vn -0.046593 0.201390 -0.978402
vn -0.762239 0.166182 -0.625600
vn -0.857754 0.159245 -0.488774
vn -0.863433 0.124473 -0.488866
vn -0.771384 0.132912 -0.622336
vn -0.938407 0.152267 -0.310174
vn -0.942818 0.117589 -0.311877
vn -0.944177 0.103405 -0.312790
vn -0.866723 0.106323 -0.487325
vn -0.780399 0.112683 -0.615045
vn 0.910300 0.310941 -0.273258
vn 0.830841 0.302575 -0.467067
vn 0.823567 0.324633 -0.465135
vn 0.899338 0.339191 -0.275938
vn 0.730909 0.291380 -0.617147
vn 0.614250 0.277418 -0.738740
vn 0.621116 0.288875 -0.728537
vn 0.729441 0.307132 -0.611217
vn 0.727825 0.325364 -0.603663
vn 0.814576 0.347079 -0.464759
vn 0.626841 0.303300 -0.717691
vn 0.888078 0.366274 -0.277778
vn 0.477997 0.259389 -0.839188
vn 0.324373 0.238205 -0.915446
vn 0.346120 0.246673 -0.905182
vn 0.494402 0.269053 -0.826546
vn 0.153802 0.216432 -0.964107
vn 0.170360 0.221362 -0.960196
vn 0.187089 0.235047 -0.953808
vn 0.368909 0.262190 -0.891719
vn 0.507534 0.283101 -0.813795
vn -0.652779 0.364726 0.663969
vn -0.664497 0.361496 0.654037
vn -0.793748 0.359263 0.490810
vn -0.795802 0.364738 0.483390
vn -0.675473 0.344953 0.651724
vn -0.790698 0.336248 0.511600
vn -0.880691 0.318663 0.350482
vn -0.879259 0.349195 0.323985
vn -0.880485 0.357162 0.311739
vn -0.683246 0.317932 0.657339
vn -0.783934 0.302657 0.542075
vn -0.685883 0.291331 0.666852
vn -0.753974 0.280573 0.593972
vn -0.838125 0.277210 0.469789
vn -0.871561 0.285345 0.398697
vn -0.938381 0.272185 0.212973
vn -0.936177 0.304067 0.176395
vn -0.922033 0.278846 0.268516
vn -0.959722 0.280951 -0.000242
vn -0.963674 0.267082 -0.000029
vn -0.954509 0.298181 -0.000064
vn -0.926753 0.340321 0.159093
vn -0.924229 0.350254 0.152062
vn -0.941483 0.337061 -0.000052
vn -0.937582 0.347765 -0.000020
vn -0.569283 0.309422 0.761693
vn -0.614915 0.286087 0.734870
vn -0.534879 0.334525 0.775885
vn -0.366300 0.314883 0.875599
vn -0.422762 0.296504 0.856363
vn -0.491256 0.287979 0.822031
vn -0.499039 0.348468 0.793430
vn -0.465980 0.349256 0.812947
vn -0.285265 0.326514 0.901117
vn -0.322742 0.327531 0.888010
vn -0.152664 0.310219 0.938327
vn -0.181925 0.298187 0.937010
vn -0.128997 0.308263 0.942515
vn -0.000001 0.301465 0.953477
vn -0.000001 0.303711 0.952764
vn -0.000009 0.291463 0.956582
vn -0.224841 0.286750 0.931247
vn -0.279692 0.295908 0.913352
vn -0.000031 0.282761 0.959190
vn -0.000050 0.300128 0.953899
vn 0.224796 0.286746 0.931259
vn 0.279594 0.295907 0.913382
vn 0.181915 0.298186 0.937012
vn 0.366308 0.314886 0.875594
vn 0.422755 0.296494 0.856370
vn 0.491155 0.287961 0.822098
vn 0.152664 0.310222 0.938326
vn 0.128997 0.308264 0.942514
vn 0.285267 0.326518 0.901115
vn 0.322748 0.327539 0.888004
vn 0.499039 0.348481 0.793423
vn 0.534878 0.334534 0.775882
vn 0.465981 0.349264 0.812943
vn 0.652776 0.364734 0.663967
vn 0.664487 0.361509 0.654040
vn 0.675439 0.344950 0.651761
vn 0.569260 0.309410 0.761715
vn 0.614795 0.286048 0.734986
vn 0.683160 0.317896 0.657445
vn 0.685719 0.291261 0.667050
vn -0.927020 0.340625 -0.156868
vn -0.924727 0.350497 -0.148434
vn -0.936320 0.304304 -0.175226
vn -0.882904 0.319823 -0.343794
vn -0.882510 0.350696 -0.313350
vn -0.885178 0.358732 -0.296262
vn -0.938528 0.272267 -0.212218
vn -0.922259 0.278657 -0.267934
vn -0.840378 0.277367 -0.465653
vn -0.873348 0.286051 -0.394258
vn -0.790733 0.305479 -0.530495
vn -0.800172 0.340279 -0.493898
vn -0.760842 0.282214 -0.584359
vn -0.700939 0.296303 -0.648759
vn -0.702991 0.325816 -0.632177
vn -0.702435 0.355202 -0.616779
vn -0.807209 0.364137 -0.464561
vn -0.814234 0.370068 -0.447295
vn -0.701963 0.373728 -0.606280
vn -0.702929 0.378403 -0.602248
vn 0.783763 0.302558 0.542379
vn 0.753744 0.280496 0.594299
vn 0.790572 0.336209 0.511820
vn 0.880404 0.318595 0.351263
vn 0.871252 0.285230 0.399455
vn 0.837808 0.277154 0.470386
vn 0.793651 0.359267 0.490964
vn 0.795729 0.364743 0.483506
vn 0.880303 0.357153 0.312263
vn 0.879011 0.349186 0.324668
vn 0.926483 0.340255 0.160796
vn 0.935831 0.303987 0.178360
vn 0.924053 0.350173 0.153313
vn 0.937686 0.347477 0.002322
vn 0.941570 0.336801 0.003271
vn 0.954536 0.298068 0.003957
vn 0.937975 0.272109 0.214846
vn 0.921603 0.278872 0.269960
vn 0.963639 0.267176 0.003998
vn 0.959619 0.281288 0.002954
vn 0.939715 0.272755 -0.206252
vn 0.923335 0.279678 -0.263120
vn 0.937446 0.304138 -0.169396
vn 0.885265 0.319573 -0.337903
vn 0.875688 0.287015 -0.388320
vn 0.842166 0.279162 -0.461330
vn 0.928025 0.340007 -0.152203
vn 0.925475 0.349858 -0.145244
vn 0.886619 0.357679 -0.293212
vn 0.884537 0.349641 -0.308780
vn 0.809420 0.362748 -0.461794
vn 0.802695 0.339882 -0.490062
vn 0.815803 0.368712 -0.445553
vn 0.703206 0.376940 -0.602841
vn 0.702327 0.372247 -0.606769
vn 0.702575 0.354758 -0.616875
vn 0.793004 0.306649 -0.526414
vn 0.762039 0.284394 -0.581737
vn 0.702730 0.327004 -0.631853
vn 0.700337 0.298606 -0.648354
vn -0.002546 0.339789 -0.940498
vn -0.003672 0.345575 -0.938384
vn 0.199617 0.349740 -0.915334
vn 0.183698 0.345774 -0.920160
vn -0.004534 0.331333 -0.943503
vn 0.218237 0.335040 -0.916581
vn 0.418754 0.344182 -0.840347
vn 0.392443 0.360660 -0.846116
vn 0.370163 0.360881 -0.856005
vn -0.004582 0.316145 -0.948700
vn 0.249594 0.316983 -0.915000
vn -0.003618 0.320475 -0.947250
vn 0.292749 0.314023 -0.903154
vn 0.510949 0.301197 -0.805115
vn 0.458665 0.319495 -0.829186
vn 0.601765 0.325542 -0.729316
vn 0.580794 0.353953 -0.733073
vn 0.634216 0.295726 -0.714364
vn 0.562576 0.370890 -0.738883
vn 0.548442 0.374304 -0.747735
vn -0.258399 0.316168 -0.912835
vn -0.299784 0.312750 -0.901286
vn -0.226904 0.335027 -0.914479
vn -0.425767 0.344210 -0.836805
vn -0.465723 0.318062 -0.825796
vn -0.516208 0.299016 -0.802570
vn -0.206629 0.350358 -0.913539
vn -0.188608 0.346514 -0.918888
vn -0.374226 0.362151 -0.853699
vn -0.398088 0.361772 -0.842999
vn -0.565536 0.372286 -0.735916
vn -0.584661 0.354180 -0.729883
vn -0.550597 0.375782 -0.745407
vn -0.605974 0.324059 -0.726486
vn -0.637171 0.293317 -0.712726
vn -0.686591 0.279097 0.671340
vn -0.564237 0.297107 0.770301
vn -0.671712 0.332799 0.661852
vn -0.782613 0.291733 0.549918
vn -0.335843 0.326532 0.883508
vn -0.000009 0.342167 0.939639
vn 0.000145 0.444744 0.895658
vn -0.423560 0.401555 0.812004
vn -0.583381 0.559423 0.588823
vn -0.815951 0.394615 0.422496
vn 0.000565 0.705578 0.708632
vn 0.001367 0.999924 -0.012293
vn -0.699866 0.714228 -0.008150
vn -0.898163 0.439650 -0.003501
vn -0.890144 0.314468 0.329778
vn -0.944486 0.328550 -0.001245
vn 0.335767 0.326542 0.883533
vn 0.564057 0.297117 0.770429
vn 0.671512 0.332826 0.662041
vn 0.423618 0.401543 0.811980
vn 0.686366 0.279074 0.671579
vn 0.782319 0.291754 0.550324
vn 0.889759 0.314587 0.330703
vn 0.815698 0.394737 0.422870
vn 0.944315 0.329041 0.000671
vn 0.897960 0.440067 -0.002966
vn 0.583655 0.559376 0.588596
vn 0.700312 0.713784 -0.008659
vn -0.890215 0.313963 -0.330068
vn -0.815132 0.393783 -0.424846
vn -0.675194 0.333455 -0.657967
vn -0.785720 0.291693 -0.545490
vn -0.580695 0.556935 -0.593815
vn 0.001138 0.699236 -0.714890
vn -0.000371 0.447002 -0.894533
vn -0.425950 0.403536 -0.809769
vn -0.345444 0.333584 -0.877149
vn -0.576026 0.300947 -0.760016
vn -0.002106 0.351212 -0.936294
vn -0.696502 0.280933 -0.660274
vn 0.580999 0.556832 -0.593615
vn 0.815213 0.394799 -0.423747
vn 0.674445 0.335424 -0.657735
vn 0.424450 0.404428 -0.810111
vn 0.890851 0.315219 -0.327141
vn 0.786422 0.293823 -0.543331
vn 0.695772 0.283426 -0.659978
vn 0.573135 0.303240 -0.761289
vn 0.341153 0.334893 -0.878329
vn -0.400191 0.323030 0.857612
vn -0.635307 0.327570 0.699345
vn -0.207158 0.309798 0.927961
vn -0.225772 0.312804 0.922595
vn -0.415887 0.329760 0.847523
vn -0.639473 0.338777 0.690148
vn -0.075804 0.299274 0.951151
vn 0.004099 0.294967 0.955499
vn 0.001951 0.293573 0.955935
vn -0.088763 0.299204 0.950052
vn -0.107049 0.302911 0.946988
vn -0.252047 0.320162 0.913219
vn 0.000399 0.296254 0.955109
vn -0.437458 0.341867 0.831720
vn -0.643990 0.356277 0.677011
vn -0.948225 0.283934 0.142304
vn -0.961815 0.273700 -0.000693
vn -0.905523 0.298266 0.301771
vn -0.898277 0.318716 0.302520
vn -0.940551 0.307756 0.143701
vn -0.953605 0.301059 -0.000812
vn -0.813360 0.315139 0.489012
vn -0.808679 0.331482 0.485960
vn -0.800758 0.354458 0.482853
vn -0.887373 0.345512 0.305272
vn -0.929815 0.337375 0.147046
vn -0.942739 0.333531 -0.000462
vn 0.092948 0.296603 0.950467
vn 0.258219 0.298800 0.918717
vn 0.248812 0.302525 0.920093
vn 0.096712 0.296368 0.950165
vn 0.468369 0.291782 0.833963
vn 0.641989 0.283429 0.712403
vn 0.646601 0.303218 0.699976
vn 0.447828 0.304211 0.840777
vn 0.444513 0.334232 0.831082
vn 0.256836 0.317004 0.912986
vn 0.646728 0.345526 0.679967
vn 0.108692 0.302020 0.947085
vn 0.777704 0.286595 0.559499
vn 0.888053 0.289780 0.356917
vn 0.892897 0.309209 0.327300
vn 0.797585 0.306564 0.519497
vn 0.945961 0.282917 0.158477
vn 0.961698 0.274103 0.002322
vn 0.953801 0.300437 0.001233
vn 0.940118 0.305416 0.151326
vn 0.929758 0.336533 0.149315
vn 0.886704 0.342423 0.310648
vn 0.942877 0.333140 0.001266
vn 0.799657 0.346744 0.490222
vn -0.340807 0.797501 -0.497838
vn -0.007782 0.847026 -0.531494
vn -0.588142 0.679832 -0.438083
vn -0.405462 0.479858 -0.778034
vn -0.201487 0.480338 -0.853626
vn -0.002627 0.474607 -0.880194
vn -0.752172 0.554738 -0.355673
vn -0.862873 0.436242 -0.255232
vn -0.761225 0.414624 -0.498622
vn -0.595246 0.460586 -0.658440
vn -0.549957 0.398739 -0.733863
vn -0.365010 0.387960 -0.846318
vn -0.715623 0.390731 -0.578976
vn -0.179336 0.370666 -0.911288
vn -0.001953 0.361667 -0.932305
vn -0.917790 0.339470 -0.205966
vn -0.939836 0.285803 -0.187150
vn -0.918134 0.316713 -0.238166
vn -0.867047 0.356394 -0.348157
vn -0.955368 0.270836 -0.117981
vn -0.944567 0.301053 -0.130995
vn -0.931397 0.335481 -0.141254
vn -0.896371 0.346198 -0.276887
vn -0.830607 0.367089 -0.418734
vn 0.955336 0.271454 -0.116815
vn 0.939837 0.286345 -0.186316
vn 0.918617 0.316155 -0.237041
vn 0.944889 0.300628 -0.129646
vn 0.917842 0.340194 -0.204533
vn 0.862774 0.437852 -0.252800
vn 0.761071 0.414247 -0.499170
vn 0.867566 0.355782 -0.347489
vn 0.831582 0.366111 -0.417653
vn 0.897260 0.345412 -0.274983
vn 0.715728 0.389699 -0.579542
vn 0.931891 0.334957 -0.139225
vn 0.752265 0.557073 -0.351805
vn 0.585439 0.684860 -0.433852
vn 0.402092 0.479998 -0.779695
vn 0.593572 0.460515 -0.659999
vn 0.330576 0.803290 -0.495423
vn 0.196688 0.480508 -0.854649
vn 0.175534 0.370090 -0.912261
vn 0.361838 0.387009 -0.848114
vn 0.548247 0.397675 -0.735717
s 1
g PiedrasHP Piedra19
usemtl initialShadingGroup
f 322/398/322 751/876/323 971/668/324 754/879/325
f 751/876/323 433/548/326 752/877/327 971/668/324
f 971/668/324 752/877/327 491/616/328 753/878/329
f 754/879/325 971/668/324 753/878/329 436/551/330
f 433/548/326 755/881/331 972/669/332 752/877/327
f 755/881/331 338/431/333 756/882/334 972/669/332
f 972/669/332 756/882/334 434/549/335 757/883/336
f 752/877/327 972/669/332 757/883/336 491/616/328
f 491/616/328 757/883/336 973/670/337 760/886/338
f 757/883/336 434/549/335 758/884/339 973/670/337
f 973/670/337 758/884/339 334/426/340 759/885/341
f 760/886/338 973/670/337 759/885/341 435/550/342
f 436/551/330 753/878/329 974/671/343 762/888/344
f 753/878/329 491/616/328 760/886/338 974/671/343
f 974/671/343 760/886/338 435/550/342 761/887/345
f 762/888/344 974/671/343 761/887/345 324/402/346
f 326/406/347 763/890/348 975/672/349 766/893/350
f 763/890/348 437/553/351 764/891/352 975/672/349
f 975/672/349 764/891/352 492/617/353 765/892/354
f 766/893/350 975/672/349 765/892/354 440/556/355
f 437/553/351 767/895/356 976/673/357 764/891/352
f 767/895/356 336/429/358 768/896/359 976/673/357
f 976/673/357 768/896/359 438/554/360 769/897/361
f 764/891/352 976/673/357 769/897/361 492/617/353
f 492/617/353 769/897/361 977/674/362 772/900/363
f 769/897/361 438/554/360 770/898/364 977/674/362
f 977/674/362 770/898/364 337/430/365 771/899/366
f 772/900/363 977/674/362 771/899/366 439/555/367
f 440/556/355 765/892/354 978/675/368 774/902/369
f 765/892/354 492/617/353 772/900/363 978/675/368
f 978/675/368 772/900/363 439/555/367 773/901/370
f 774/902/369 978/675/368 773/901/370 328/411/371
f 323/400/372 775/904/373 979/676/374 778/907/375
f 775/904/373 441/558/376 776/905/377 979/676/374
f 979/676/374 776/905/377 493/618/378 777/906/379
f 778/907/375 979/676/374 777/906/379 444/561/380
f 441/558/376 779/909/381 980/677/382 776/905/377
f 779/909/381 345/438/383 780/910/384 980/677/382
f 980/677/382 780/910/384 442/559/385 781/911/386
f 776/905/377 980/677/382 781/911/386 493/618/378
f 493/618/378 781/911/386 981/678/387 784/914/388
f 781/911/386 442/559/385 782/912/389 981/678/387
f 981/678/387 782/912/389 346/439/390 783/913/391
f 784/914/388 981/678/387 783/913/391 443/560/392
f 444/561/380 777/906/379 982/679/393 786/916/394
f 777/906/379 493/618/378 784/914/388 982/679/393
f 982/679/393 784/914/388 443/560/392 785/915/395
f 786/916/394 982/679/393 785/915/395 325/404/396
f 344/437/397 787/918/398 983/680/399 790/921/400
f 787/918/398 445/563/401 788/919/402 983/680/399
f 983/680/399 788/919/402 494/619/403 789/920/404
f 790/921/400 983/680/399 789/920/404 447/565/405
f 445/563/401 791/922/406 984/681/407 788/919/402
f 791/922/406 322/399/322 754/880/325 984/681/407
f 984/681/407 754/880/325 436/552/330 792/923/408
f 788/919/402 984/681/407 792/923/408 494/619/403
f 494/619/403 792/923/408 985/682/409 794/925/410
f 792/923/408 436/552/330 762/889/344 985/682/409
f 985/682/409 762/889/344 324/403/346 793/924/411
f 794/925/410 985/682/409 793/924/411 446/564/412
f 447/565/405 789/920/404 986/683/413 796/927/414
f 789/920/404 494/619/403 794/925/410 986/683/413
f 986/683/413 794/925/410 446/564/412 795/926/415
f 796/927/414 986/683/413 795/926/415 343/436/416
f 340/433/417 797/928/418 987/684/419 800/931/420
f 797/928/418 448/566/421 798/929/422 987/684/419
f 987/684/419 798/929/422 495/620/423 799/930/424
f 800/931/420 987/684/419 799/930/424 451/570/425
f 448/566/421 801/932/426 988/685/427 798/929/422
f 801/932/426 331/419/428 802/933/429 988/685/427
f 988/685/427 802/933/429 449/567/430 803/935/431
f 798/929/422 988/685/427 803/935/431 495/620/423
f 495/620/423 803/935/431 989/686/432 806/939/433
f 803/935/431 449/567/430 804/936/434 989/686/432
f 989/686/432 804/936/434 330/414/435 805/938/436
f 806/939/433 989/686/432 805/938/436 450/569/437
f 451/570/425 799/930/424 990/687/438 808/941/439
f 799/930/424 495/620/423 806/939/433 990/687/438
f 990/687/438 806/939/433 450/569/437 807/940/440
f 808/941/439 990/687/438 807/940/440 339/432/441
f 333/422/442 809/942/443 991/688/444 812/946/445
f 809/942/443 452/571/446 810/944/447 991/688/444
f 991/688/444 810/944/447 496/621/448 811/945/449
f 812/946/445 991/688/444 811/945/449 455/575/450
f 452/571/446 813/947/451 992/689/452 810/944/447
f 813/947/451 332/420/453 814/949/454 992/689/452
f 992/689/452 814/949/454 453/573/455 815/950/456
f 810/944/447 992/689/452 815/950/456 496/621/448
f 496/621/448 815/950/456 993/690/457 818/953/458
f 815/950/456 453/573/455 816/951/459 993/690/457
f 993/690/457 816/951/459 341/434/460 817/952/461
f 818/953/458 993/690/457 817/952/461 454/574/462
f 455/575/450 811/945/449 994/691/463 820/955/464
f 811/945/449 496/621/448 818/953/458 994/691/463
f 994/691/463 818/953/458 454/574/462 819/954/465
f 820/955/464 994/691/463 819/954/465 342/435/466
f 357/454/467 821/956/468 995/692/469 824/959/470
f 821/956/468 456/576/471 822/957/472 995/692/469
f 995/692/469 822/957/472 497/622/473 823/958/474
f 824/959/470 995/692/469 823/958/474 459/579/475
f 456/576/471 825/960/476 996/693/477 822/957/472
f 825/960/476 356/453/478 826/961/479 996/693/477
f 996/693/477 826/961/479 457/577/480 827/962/481
f 822/957/472 996/693/477 827/962/481 497/622/473
f 497/622/473 827/962/481 997/694/482 830/965/483
f 827/962/481 457/577/480 828/963/484 997/694/482
f 997/694/482 828/963/484 358/455/485 829/964/486
f 830/965/483 997/694/482 829/964/486 458/578/487
f 459/579/475 823/958/474 998/695/488 832/967/489
f 823/958/474 497/622/473 830/965/483 998/695/488
f 998/695/488 830/965/483 458/578/487 831/966/490
f 832/967/489 998/695/488 831/966/490 359/456/491
f 360/457/492 833/968/493 999/696/494 836/971/495
f 833/968/493 460/580/496 834/969/497 999/696/494
f 999/696/494 834/969/497 498/623/498 835/970/499
f 836/971/495 999/696/494 835/970/499 462/582/500
f 460/580/496 837/972/501 1000/697/502 834/969/497
f 837/972/501 358/455/485 828/963/484 1000/697/502
f 1000/697/502 828/963/484 457/577/480 838/973/503
f 834/969/497 1000/697/502 838/973/503 498/623/498
f 498/623/498 838/973/503 1001/698/504 840/975/505
f 838/973/503 457/577/480 826/961/479 1001/698/504
f 1001/698/504 826/961/479 356/453/478 839/974/506
f 840/975/505 1001/698/504 839/974/506 461/581/507
f 462/582/500 835/970/499 1002/699/508 842/977/509
f 835/970/499 498/623/498 840/975/505 1002/699/508
f 1002/699/508 840/975/505 461/581/507 841/976/510
f 842/977/509 1002/699/508 841/976/510 361/458/511
f 337/430/365 770/898/364 1003/700/512 845/980/513
f 770/898/364 438/554/360 843/978/514 1003/700/512
f 1003/700/512 843/978/514 499/624/515 844/979/516
f 845/980/513 1003/700/512 844/979/516 465/586/517
f 438/554/360 768/896/359 1004/701/518 843/978/514
f 768/896/359 336/429/358 846/981/519 1004/701/518
f 1004/701/518 846/981/519 463/583/520 847/982/521
f 843/978/514 1004/701/518 847/982/521 499/624/515
f 499/624/515 847/982/521 1005/702/522 850/986/523
f 847/982/521 463/583/520 848/983/524 1005/702/522
f 1005/702/522 848/983/524 327/408/525 849/984/526
f 850/986/523 1005/702/522 849/984/526 464/584/527
f 465/586/517 844/979/516 1006/703/528 852/989/529
f 844/979/516 499/624/515 850/986/523 1006/703/528
f 1006/703/528 850/986/523 464/584/527 851/987/530
f 852/989/529 1006/703/528 851/987/530 329/412/531
f 334/426/340 758/884/339 1007/704/532 855/992/533
f 758/884/339 434/549/335 853/990/534 1007/704/532
f 1007/704/532 853/990/534 500/625/535 854/991/536
f 855/992/533 1007/704/532 854/991/536 467/588/537
f 434/549/335 756/882/334 1008/705/538 853/990/534
f 756/882/334 338/431/333 856/993/539 1008/705/538
f 1008/705/538 856/993/539 466/587/540 857/994/541
f 853/990/534 1008/705/538 857/994/541 500/625/535
f 500/625/535 857/994/541 1009/706/542 859/996/543
f 857/994/541 466/587/540 858/995/544 1009/706/542
f 1009/706/542 858/995/544 323/401/372 778/908/375
f 859/996/543 1009/706/542 778/908/375 444/562/380
f 467/588/537 854/991/536 1010/707/545 860/997/546
f 854/991/536 500/625/535 859/996/543 1010/707/545
f 1010/707/545 859/996/543 444/562/380 786/917/394
f 860/997/546 1010/707/545 786/917/394 325/405/396
f 359/456/491 831/966/490 1011/708/547 863/1000/548
f 831/966/490 458/578/487 861/998/549 1011/708/547
f 1011/708/547 861/998/549 501/626/550 862/999/551
f 863/1000/548 1011/708/547 862/999/551 470/591/552
f 458/578/487 829/964/486 1012/709/553 861/998/549
f 829/964/486 358/455/485 864/1001/554 1012/709/553
f 1012/709/553 864/1001/554 468/589/555 865/1002/556
f 861/998/549 1012/709/553 865/1002/556 501/626/550
f 501/626/550 865/1002/556 1013/710/557 868/1005/558
f 865/1002/556 468/589/555 866/1003/559 1013/710/557
f 1013/710/557 866/1003/559 362/459/560 867/1004/561
f 868/1005/558 1013/710/557 867/1004/561 469/590/562
f 470/591/552 862/999/551 1014/711/563 870/1007/564
f 862/999/551 501/626/550 868/1005/558 1014/711/563
f 1014/711/563 868/1005/558 469/590/562 869/1006/565
f 870/1007/564 1014/711/563 869/1006/565 363/460/566
f 328/410/371 871/1008/567 1015/712/568 774/903/369
f 871/1008/567 471/592/569 872/1009/570 1015/712/568
f 1015/712/568 872/1009/570 502/627/571 873/1010/572
f 774/903/369 1015/712/568 873/1010/572 440/557/355
f 471/592/569 874/1011/573 1016/713/574 872/1009/570
f 874/1011/573 340/433/417 800/931/420 1016/713/574
f 1016/713/574 800/931/420 451/570/425 875/1012/575
f 872/1009/570 1016/713/574 875/1012/575 502/627/571
f 502/627/571 875/1012/575 1017/714/576 877/1014/577
f 875/1012/575 451/570/425 808/941/439 1017/714/576
f 1017/714/576 808/941/439 339/432/441 876/1013/578
f 877/1014/577 1017/714/576 876/1013/578 472/593/579
f 440/557/355 873/1010/572 1018/715/580 766/894/350
f 873/1010/572 502/627/571 877/1014/577 1018/715/580
f 1018/715/580 877/1014/577 472/593/579 878/1015/581
f 766/894/350 1018/715/580 878/1015/581 326/407/347
f 342/435/466 819/954/465 1019/716/582 881/1018/583
f 819/954/465 454/574/462 879/1016/584 1019/716/582
f 1019/716/582 879/1016/584 503/628/585 880/1017/586
f 881/1018/583 1019/716/582 880/1017/586 474/595/587
f 454/574/462 817/952/461 1020/717/588 879/1016/584
f 817/952/461 341/434/460 882/1019/589 1020/717/588
f 1020/717/588 882/1019/589 473/594/590 883/1020/591
f 879/1016/584 1020/717/588 883/1020/591 503/628/585
f 503/628/585 883/1020/591 1021/718/592 885/1022/593
f 883/1020/591 473/594/590 884/1021/594 1021/718/592
f 1021/718/592 884/1021/594 329/413/531 851/988/530
f 885/1022/593 1021/718/592 851/988/530 464/585/527
f 474/595/587 880/1017/586 1022/719/595 886/1023/596
f 880/1017/586 503/628/585 885/1022/593 1022/719/595
f 1022/719/595 885/1022/593 464/585/527 849/985/526
f 886/1023/596 1022/719/595 849/985/526 327/409/525
f 362/459/560 866/1003/559 1023/720/597 889/1026/598
f 866/1003/559 468/589/555 887/1024/599 1023/720/597
f 1023/720/597 887/1024/599 504/629/600 888/1025/601
f 889/1026/598 1023/720/597 888/1025/601 476/597/602
f 468/589/555 864/1001/554 1024/721/603 887/1024/599
f 864/1001/554 358/455/485 837/972/501 1024/721/603
f 1024/721/603 837/972/501 460/580/496 890/1027/604
f 887/1024/599 1024/721/603 890/1027/604 504/629/600
f 504/629/600 890/1027/604 1025/722/605 892/1029/606
f 890/1027/604 460/580/496 833/968/493 1025/722/605
f 1025/722/605 833/968/493 360/457/492 891/1028/607
f 892/1029/606 1025/722/605 891/1028/607 475/596/608
f 476/597/602 888/1025/601 1026/723/609 894/1031/610
f 888/1025/601 504/629/600 892/1029/606 1026/723/609
f 1026/723/609 892/1029/606 475/596/608 893/1030/611
f 894/1031/610 1026/723/609 893/1030/611 364/461/612
f 331/418/428 895/1032/613 1027/724/614 802/934/429
f 895/1032/613 477/598/615 896/1033/616 1027/724/614
f 1027/724/614 896/1033/616 505/630/617 897/1034/618
f 802/934/429 1027/724/614 897/1034/618 449/568/430
f 477/598/615 898/1035/619 1028/725/620 896/1033/616
f 898/1035/619 344/437/397 790/921/400 1028/725/620
f 1028/725/620 790/921/400 447/565/405 899/1036/621
f 896/1033/616 1028/725/620 899/1036/621 505/630/617
f 505/630/617 899/1036/621 1029/726/622 901/1038/623
f 899/1036/621 447/565/405 796/927/414 1029/726/622
f 1029/726/622 796/927/414 343/436/416 900/1037/624
f 901/1038/623 1029/726/622 900/1037/624 478/599/625
f 449/568/430 897/1034/618 1030/727/626 804/937/434
f 897/1034/618 505/630/617 901/1038/623 1030/727/626
f 1030/727/626 901/1038/623 478/599/625 902/1039/627
f 804/937/434 1030/727/626 902/1039/627 330/415/435
f 346/439/390 782/912/389 1031/728/628 905/1042/629
f 782/912/389 442/559/385 903/1040/630 1031/728/628
f 1031/728/628 903/1040/630 506/631/631 904/1041/632
f 905/1042/629 1031/728/628 904/1041/632 480/601/633
f 442/559/385 780/910/384 1032/729/634 903/1040/630
f 780/910/384 345/438/383 906/1043/635 1032/729/634
f 1032/729/634 906/1043/635 479/600/636 907/1044/637
f 903/1040/630 1032/729/634 907/1044/637 506/631/631
f 506/631/631 907/1044/637 1033/730/638 909/1046/639
f 907/1044/637 479/600/636 908/1045/640 1033/730/638
f 1033/730/638 908/1045/640 332/421/453 813/948/451
f 909/1046/639 1033/730/638 813/948/451 452/572/446
f 480/601/633 904/1041/632 1034/731/641 910/1047/642
f 904/1041/632 506/631/631 909/1046/639 1034/731/641
f 1034/731/641 909/1046/639 452/572/446 809/943/443
f 910/1047/642 1034/731/641 809/943/443 333/425/442
f 330/417/435 911/1048/643 1035/732/644 914/1052/645
f 911/1048/643 481/602/646 912/1050/647 1035/732/644
f 1035/732/644 912/1050/647 507/632/648 913/1051/649
f 914/1052/645 1035/732/644 913/1051/649 484/606/650
f 481/602/646 915/1054/651 1036/733/652 912/1050/647
f 915/1054/651 335/427/653 916/1056/654 1036/733/652
f 1036/733/652 916/1056/654 482/604/655 917/1057/656
f 912/1050/647 1036/733/652 917/1057/656 507/632/648
f 507/632/648 917/1057/656 1037/734/657 920/1060/658
f 917/1057/656 482/604/655 918/1058/659 1037/734/657
f 1037/734/657 918/1058/659 347/440/660 919/1059/661
f 920/1060/658 1037/734/657 919/1059/661 483/605/662
f 484/606/650 913/1051/649 1038/735/663 922/1062/664
f 913/1051/649 507/632/648 920/1060/658 1038/735/663
f 1038/735/663 920/1060/658 483/605/662 921/1061/665
f 922/1062/664 1038/735/663 921/1061/665 348/441/666
f 339/432/441 807/940/440 1039/736/667 925/1066/668
f 807/940/440 450/569/437 923/1064/669 1039/736/667
f 1039/736/667 923/1064/669 508/633/670 924/1065/671
f 925/1066/668 1039/736/667 924/1065/671 486/609/672
f 450/569/437 805/938/436 1040/737/673 923/1064/669
f 805/938/436 330/414/435 914/1053/645 1040/737/673
f 1040/737/673 914/1053/645 484/607/650 926/1067/674
f 923/1064/669 1040/737/673 926/1067/674 508/633/670
f 508/633/670 926/1067/674 1041/738/675 928/1069/676
f 926/1067/674 484/607/650 922/1063/664 1041/738/675
f 1041/738/675 922/1063/664 348/442/666 927/1068/677
f 928/1069/676 1041/738/675 927/1068/677 485/608/678
f 486/609/672 924/1065/671 1042/739/679 930/1071/680
f 924/1065/671 508/633/670 928/1069/676 1042/739/679
f 1042/739/679 928/1069/676 485/608/678 929/1070/681
f 930/1071/680 1042/739/679 929/1070/681 349/443/682
f 335/427/653 931/1072/683 1043/740/684 916/1056/654
f 931/1072/683 487/610/685 932/1074/686 1043/740/684
f 1043/740/684 932/1074/686 509/634/687 933/1075/688
f 916/1056/654 1043/740/684 933/1075/688 482/604/655
f 487/610/685 934/1076/689 1044/741/690 932/1074/686
f 934/1076/689 333/423/442 935/1078/691 1044/741/690
f 1044/741/690 935/1078/691 488/612/692 936/1080/693
f 932/1074/686 1044/741/690 936/1080/693 509/634/687
f 509/634/687 936/1080/693 1045/742/694 939/1084/695
f 936/1080/693 488/612/692 937/1081/696 1045/742/694
f 1045/742/694 937/1081/696 351/445/697 938/1083/698
f 939/1084/695 1045/742/694 938/1083/698 489/614/699
f 482/604/655 933/1075/688 1046/743/700 918/1058/659
f 933/1075/688 509/634/687 939/1084/695 1046/743/700
f 1046/743/700 939/1084/695 489/614/699 940/1085/701
f 918/1058/659 1046/743/700 940/1085/701 347/440/660
f 333/422/442 812/946/445 1047/744/702 935/1079/691
f 812/946/445 455/575/450 941/1086/703 1047/744/702
f 1047/744/702 941/1086/703 510/635/704 942/1087/705
f 935/1079/691 1047/744/702 942/1087/705 488/613/692
f 455/575/450 820/955/464 1048/745/706 941/1086/703
f 820/955/464 342/435/466 943/1088/707 1048/745/706
f 1048/745/706 943/1088/707 490/615/708 944/1089/709
f 941/1086/703 1048/745/706 944/1089/709 510/635/704
f 510/635/704 944/1089/709 1049/746/710 947/1092/711
f 944/1089/709 490/615/708 945/1090/712 1049/746/710
f 1049/746/710 945/1090/712 350/444/713 946/1091/714
f 947/1092/711 1049/746/710 946/1091/714 381/482/715
f 488/613/692 942/1087/705 1050/747/716 937/1082/696
f 942/1087/705 510/635/704 947/1092/711 1050/747/716
f 1050/747/716 947/1092/711 381/482/715 948/1093/717
f 937/1082/696 1050/747/716 948/1093/717 351/446/697
f 336/429/358 767/895/356 1051/748/718 951/1096/719
f 767/895/356 437/553/351 949/1094/720 1051/748/718
f 1051/748/718 949/1094/720 511/636/721 950/1095/722
f 951/1096/719 1051/748/718 950/1095/722 384/486/723
f 437/553/351 763/890/348 1052/749/724 949/1094/720
f 763/890/348 326/406/347 952/1097/725 1052/749/724
f 1052/749/724 952/1097/725 382/483/726 953/1099/727
f 949/1094/720 1052/749/724 953/1099/727 511/636/721
f 511/636/721 953/1099/727 1053/750/728 956/1103/729
f 953/1099/727 382/483/726 954/1100/730 1053/750/728
f 1053/750/728 954/1100/730 353/448/731 955/1102/732
f 956/1103/729 1053/750/728 955/1102/732 383/485/733
f 384/486/723 950/1095/722 1054/751/734 958/1105/735
f 950/1095/722 511/636/721 956/1103/729 1054/751/734
f 1054/751/734 956/1103/729 383/485/733 957/1104/736
f 958/1105/735 1054/751/734 957/1104/736 352/447/737
f 326/407/347 878/1015/581 1055/752/738 952/1098/725
f 878/1015/581 472/593/579 959/1106/739 1055/752/738
f 1055/752/738 959/1106/739 512/637/740 960/1107/741
f 952/1098/725 1055/752/738 960/1107/741 382/484/726
f 472/593/579 876/1013/578 1056/753/742 959/1106/739
f 876/1013/578 339/432/441 925/1066/668 1056/753/742
f 1056/753/742 925/1066/668 486/609/672 961/1108/743
f 959/1106/739 1056/753/742 961/1108/743 512/637/740
f 512/637/740 961/1108/743 1057/754/744 963/1110/745
f 961/1108/743 486/609/672 930/1071/680 1057/754/744
f 1057/754/744 930/1071/680 349/443/682 962/1109/746
f 963/1110/745 1057/754/744 962/1109/746 385/487/747
f 382/484/726 960/1107/741 1058/755/748 954/1101/730
f 960/1107/741 512/637/740 963/1110/745 1058/755/748
f 1058/755/748 963/1110/745 385/487/747 964/1111/749
f 954/1101/730 1058/755/748 964/1111/749 353/449/731
f 342/435/466 881/1018/583 1059/756/750 943/1088/707
f 881/1018/583 474/595/587 965/1112/751 1059/756/750
f 1059/756/750 965/1112/751 513/638/752 966/1113/753
f 943/1088/707 1059/756/750 966/1113/753 490/615/708
f 474/595/587 886/1023/596 1060/757/754 965/1112/751
f 886/1023/596 327/409/525 967/1114/755 1060/757/754
f 1060/757/754 967/1114/755 386/488/756 968/1116/757
f 965/1112/751 1060/757/754 968/1116/757 513/638/752
f 513/638/752 968/1116/757 1061/758/758 543/1120/759
f 968/1116/757 386/488/756 969/1117/760 1061/758/758
f 1061/758/758 969/1117/760 354/450/761 970/1119/762
f 543/1120/759 1061/758/758 970/1119/762 387/490/763
f 490/615/708 966/1113/753 1062/759/764 945/1090/712
f 966/1113/753 513/638/752 543/1120/759 1062/759/764
f 1062/759/764 543/1120/759 387/490/763 544/1121/765
f 945/1090/712 1062/759/764 544/1121/765 350/444/713
f 327/408/525 848/983/524 1063/760/766 967/1115/755
f 848/983/524 463/583/520 545/1122/767 1063/760/766
f 1063/760/766 545/1122/767 514/639/768 546/1123/769
f 967/1115/755 1063/760/766 546/1123/769 386/489/756
f 463/583/520 846/981/519 1064/761/770 545/1122/767
f 846/981/519 336/429/358 951/1096/719 1064/761/770
f 1064/761/770 951/1096/719 384/486/723 547/1124/771
f 545/1122/767 1064/761/770 547/1124/771 514/639/768
f 514/639/768 547/1124/771 1065/762/772 549/1126/773
f 547/1124/771 384/486/723 958/1105/735 1065/762/772
f 1065/762/772 958/1105/735 352/447/737 548/1125/774
f 549/1126/773 1065/762/772 548/1125/774 388/491/775
f 386/489/756 546/1123/769 1066/763/776 969/1118/760
f 546/1123/769 514/639/768 549/1126/773 1066/763/776
f 1066/763/776 549/1126/773 388/491/775 550/1127/777
f 969/1118/760 1066/763/776 550/1127/777 354/451/761
f 348/441/666 921/1061/665 1067/764/778 553/1130/779
f 921/1061/665 483/605/662 551/1128/780 1067/764/778
f 1067/764/778 551/1128/780 515/640/781 552/1129/782
f 553/1130/779 1067/764/778 552/1129/782 390/493/783
f 483/605/662 919/1059/661 1068/765/784 551/1128/780
f 919/1059/661 347/440/660 554/1132/785 1068/765/784
f 1068/765/784 554/1132/785 389/492/786 555/1133/787
f 551/1128/780 1068/765/784 555/1133/787 515/640/781
f 515/640/781 555/1133/787 1069/766/788 557/1135/789
f 555/1133/787 389/492/786 556/1134/790 1069/766/788
f 1069/766/788 556/1134/790 356/453/478 825/960/476
f 557/1135/789 1069/766/788 825/960/476 456/576/471
f 390/493/783 552/1129/782 1070/767/791 558/1136/792
f 552/1129/782 515/640/781 557/1135/789 1070/767/791
f 1070/767/791 557/1135/789 456/576/471 821/956/468
f 558/1136/792 1070/767/791 821/956/468 357/454/467
f 349/443/682 929/1070/681 1071/768/793 561/1140/794
f 929/1070/681 485/608/678 559/1138/795 1071/768/793
f 1071/768/793 559/1138/795 516/641/796 560/1139/797
f 561/1140/794 1071/768/793 560/1139/797 391/495/798
f 485/608/678 927/1068/677 1072/769/799 559/1138/795
f 927/1068/677 348/442/666 553/1131/779 1072/769/799
f 1072/769/799 553/1131/779 390/494/783 562/1141/800
f 559/1138/795 1072/769/799 562/1141/800 516/641/796
f 516/641/796 562/1141/800 1073/770/801 563/1142/802
f 562/1141/800 390/494/783 558/1137/792 1073/770/801
f 1073/770/801 558/1137/792 357/454/467 824/959/470
f 563/1142/802 1073/770/801 824/959/470 459/579/475
f 391/495/798 560/1139/797 1074/771/803 564/1143/804
f 560/1139/797 516/641/796 563/1142/802 1074/771/803
f 1074/771/803 563/1142/802 459/579/475 832/967/489
f 564/1143/804 1074/771/803 832/967/489 359/456/491
f 347/440/660 940/1085/701 1075/772/805 554/1132/785
f 940/1085/701 489/614/699 565/1144/806 1075/772/805
f 1075/772/805 565/1144/806 517/642/807 566/1145/808
f 554/1132/785 1075/772/805 566/1145/808 389/492/786
f 489/614/699 938/1083/698 1076/773/809 565/1144/806
f 938/1083/698 351/445/697 567/1146/810 1076/773/809
f 1076/773/809 567/1146/810 392/496/811 568/1148/812
f 565/1144/806 1076/773/809 568/1148/812 517/642/807
f 517/642/807 568/1148/812 1077/774/813 570/1151/814
f 568/1148/812 392/496/811 569/1149/815 1077/774/813
f 1077/774/813 569/1149/815 361/458/511 841/976/510
f 570/1151/814 1077/774/813 841/976/510 461/581/507
f 389/492/786 566/1145/808 1078/775/816 556/1134/790
f 566/1145/808 517/642/807 570/1151/814 1078/775/816
f 1078/775/816 570/1151/814 461/581/507 839/974/506
f 556/1134/790 1078/775/816 839/974/506 356/453/478
f 351/446/697 948/1093/717 1079/776/817 567/1147/810
f 948/1093/717 381/482/715 571/1152/818 1079/776/817
f 1079/776/817 571/1152/818 518/643/819 572/1153/820
f 567/1147/810 1079/776/817 572/1153/820 392/497/811
f 381/482/715 946/1091/714 1080/777/821 571/1152/818
f 946/1091/714 350/444/713 573/1154/822 1080/777/821
f 1080/777/821 573/1154/822 393/498/823 574/1155/824
f 571/1152/818 1080/777/821 574/1155/824 518/643/819
f 518/643/819 574/1155/824 1081/778/825 576/1157/826
f 574/1155/824 393/498/823 575/1156/827 1081/778/825
f 1081/778/825 575/1156/827 360/457/492 836/971/495
f 576/1157/826 1081/778/825 836/971/495 462/582/500
f 392/497/811 572/1153/820 1082/779/828 569/1150/815
f 572/1153/820 518/643/819 576/1157/826 1082/779/828
f 1082/779/828 576/1157/826 462/582/500 842/977/509
f 569/1150/815 1082/779/828 842/977/509 361/458/511
f 352/447/737 957/1104/736 1083/780/829 579/1160/830
f 957/1104/736 383/485/733 577/1158/831 1083/780/829
f 1083/780/829 577/1158/831 519/644/832 578/1159/833
f 579/1160/830 1083/780/829 578/1159/833 395/501/834
f 383/485/733 955/1102/732 1084/781/835 577/1158/831
f 955/1102/732 353/448/731 580/1161/836 1084/781/835
f 1084/781/835 580/1161/836 394/499/837 581/1163/838
f 577/1158/831 1084/781/835 581/1163/838 519/644/832
f 519/644/832 581/1163/838 1085/782/839 583/1166/840
f 581/1163/838 394/499/837 582/1164/841 1085/782/839
f 1085/782/839 582/1164/841 363/460/566 869/1006/565
f 583/1166/840 1085/782/839 869/1006/565 469/590/562
f 395/501/834 578/1159/833 1086/783/842 584/1167/843
f 578/1159/833 519/644/832 583/1166/840 1086/783/842
f 1086/783/842 583/1166/840 469/590/562 867/1004/561
f 584/1167/843 1086/783/842 867/1004/561 362/459/560
f 353/449/731 964/1111/749 1087/784/844 580/1162/836
f 964/1111/749 385/487/747 585/1168/845 1087/784/844
f 1087/784/844 585/1168/845 520/645/846 586/1169/847
f 580/1162/836 1087/784/844 586/1169/847 394/500/837
f 385/487/747 962/1109/746 1088/785/848 585/1168/845
f 962/1109/746 349/443/682 561/1140/794 1088/785/848
f 1088/785/848 561/1140/794 391/495/798 587/1170/849
f 585/1168/845 1088/785/848 587/1170/849 520/645/846
f 520/645/846 587/1170/849 1089/786/850 588/1171/851
f 587/1170/849 391/495/798 564/1143/804 1089/786/850
f 1089/786/850 564/1143/804 359/456/491 863/1000/548
f 588/1171/851 1089/786/850 863/1000/548 470/591/552
f 394/500/837 586/1169/847 1090/787/852 582/1165/841
f 586/1169/847 520/645/846 588/1171/851 1090/787/852
f 1090/787/852 588/1171/851 470/591/552 870/1007/564
f 582/1165/841 1090/787/852 870/1007/564 363/460/566
f 350/444/713 544/1121/765 1091/788/853 573/1154/822
f 544/1121/765 387/490/763 589/1172/854 1091/788/853
f 1091/788/853 589/1172/854 521/646/855 590/1173/856
f 573/1154/822 1091/788/853 590/1173/856 393/498/823
f 387/490/763 970/1119/762 1092/789/857 589/1172/854
f 970/1119/762 354/450/761 591/1174/858 1092/789/857
f 1092/789/857 591/1174/858 396/502/859 592/1176/860
f 589/1172/854 1092/789/857 592/1176/860 521/646/855
f 521/646/855 592/1176/860 1093/790/861 594/1179/862
f 592/1176/860 396/502/859 593/1177/863 1093/790/861
f 1093/790/861 593/1177/863 364/461/612 893/1030/611
f 594/1179/862 1093/790/861 893/1030/611 475/596/608
f 393/498/823 590/1173/856 1094/791/864 575/1156/827
f 590/1173/856 521/646/855 594/1179/862 1094/791/864
f 1094/791/864 594/1179/862 475/596/608 891/1028/607
f 575/1156/827 1094/791/864 891/1028/607 360/457/492
f 354/451/761 550/1127/777 1095/792/865 591/1175/858
f 550/1127/777 388/491/775 595/1180/866 1095/792/865
f 1095/792/865 595/1180/866 522/647/867 596/1181/868
f 591/1175/858 1095/792/865 596/1181/868 396/503/859
f 388/491/775 548/1125/774 1096/793/869 595/1180/866
f 548/1125/774 352/447/737 579/1160/830 1096/793/869
f 1096/793/869 579/1160/830 395/501/834 597/1182/870
f 595/1180/866 1096/793/869 597/1182/870 522/647/867
f 522/647/867 597/1182/870 1097/794/871 598/1183/872
f 597/1182/870 395/501/834 584/1167/843 1097/794/871
f 1097/794/871 584/1167/843 362/459/560 889/1026/598
f 598/1183/872 1097/794/871 889/1026/598 476/597/602
f 396/503/859 596/1181/868 1098/795/873 593/1178/863
f 596/1181/868 522/647/867 598/1183/872 1098/795/873
f 1098/795/873 598/1183/872 476/597/602 894/1031/610
f 593/1178/863 1098/795/873 894/1031/610 364/461/612
f 365/462/874 599/1184/875 1099/796/876 602/1188/877
f 599/1184/875 397/504/878 600/1186/879 1099/796/876
f 1099/796/876 600/1186/879 523/648/880 601/1187/881
f 602/1188/877 1099/796/876 601/1187/881 400/508/882
f 397/504/878 603/1189/883 1100/797/884 600/1186/879
f 603/1189/883 366/464/885 604/1191/886 1100/797/884
f 1100/797/884 604/1191/886 398/506/887 605/1192/888
f 600/1186/879 1100/797/884 605/1192/888 523/648/880
f 523/648/880 605/1192/888 1101/798/889 608/1195/890
f 605/1192/888 398/506/887 606/1193/891 1101/798/889
f 1101/798/889 606/1193/891 370/468/892 607/1194/893
f 608/1195/890 1101/798/889 607/1194/893 399/507/894
f 400/508/882 601/1187/881 1102/799/895 610/1197/896
f 601/1187/881 523/648/880 608/1195/890 1102/799/895
f 1102/799/895 608/1195/890 399/507/894 609/1196/897
f 610/1197/896 1102/799/895 609/1196/897 369/467/898
f 366/464/885 603/1190/883 1103/800/899 613/1200/900
f 603/1190/883 397/505/878 611/1198/901 1103/800/899
f 1103/800/899 611/1198/901 524/649/902 612/1199/903
f 613/1200/900 1103/800/899 612/1199/903 403/511/904
f 397/505/878 599/1185/875 1104/801/905 611/1198/901
f 599/1185/875 365/463/874 614/1201/906 1104/801/905
f 1104/801/905 614/1201/906 401/509/907 615/1202/908
f 611/1198/901 1104/801/905 615/1202/908 524/649/902
f 524/649/902 615/1202/908 1105/802/909 618/1205/910
f 615/1202/908 401/509/907 616/1203/911 1105/802/909
f 1105/802/909 616/1203/911 368/466/912 617/1204/913
f 618/1205/910 1105/802/909 617/1204/913 402/510/914
f 403/511/904 612/1199/903 1106/803/915 620/1207/916
f 612/1199/903 524/649/902 618/1205/910 1106/803/915
f 1106/803/915 618/1205/910 402/510/914 619/1206/917
f 620/1207/916 1106/803/915 619/1206/917 367/465/918
f 367/465/918 619/1206/917 1107/804/919 623/1210/920
f 619/1206/917 402/510/914 621/1208/921 1107/804/919
f 1107/804/919 621/1208/921 525/650/922 622/1209/923
f 623/1210/920 1107/804/919 622/1209/923 406/515/924
f 402/510/914 617/1204/913 1108/805/925 621/1208/921
f 617/1204/913 368/466/912 624/1211/926 1108/805/925
f 1108/805/925 624/1211/926 404/512/927 625/1212/928
f 621/1208/921 1108/805/925 625/1212/928 525/650/922
f 525/650/922 625/1212/928 1109/806/929 628/1216/930
f 625/1212/928 404/512/927 626/1213/931 1109/806/929
f 1109/806/929 626/1213/931 372/470/932 627/1214/933
f 628/1216/930 1109/806/929 627/1214/933 405/513/934
f 406/515/924 622/1209/923 1110/807/935 630/1219/936
f 622/1209/923 525/650/922 628/1216/930 1110/807/935
f 1110/807/935 628/1216/930 405/513/934 629/1217/937
f 630/1219/936 1110/807/935 629/1217/937 371/469/938
f 369/467/898 609/1196/897 1111/808/939 633/1222/940
f 609/1196/897 399/507/894 631/1220/941 1111/808/939
f 1111/808/939 631/1220/941 526/651/942 632/1221/943
f 633/1222/940 1111/808/939 632/1221/943 409/519/944
f 399/507/894 607/1194/893 1112/809/945 631/1220/941
f 607/1194/893 370/468/892 634/1223/946 1112/809/945
f 1112/809/945 634/1223/946 407/516/947 635/1224/948
f 631/1220/941 1112/809/945 635/1224/948 526/651/942
f 526/651/942 635/1224/948 1113/810/949 638/1228/950
f 635/1224/948 407/516/947 636/1225/951 1113/810/949
f 1113/810/949 636/1225/951 377/476/952 637/1226/953
f 638/1228/950 1113/810/949 637/1226/953 408/517/954
f 409/519/944 632/1221/943 1114/811/955 640/1231/956
f 632/1221/943 526/651/942 638/1228/950 1114/811/955
f 1114/811/955 638/1228/950 408/517/954 639/1229/957
f 640/1231/956 1114/811/955 639/1229/957 378/477/958
f 371/469/938 629/1218/937 1115/812/959 643/1234/960
f 629/1218/937 405/514/934 641/1232/961 1115/812/959
f 1115/812/959 641/1232/961 527/652/962 642/1233/963
f 643/1234/960 1115/812/959 642/1233/963 412/522/964
f 405/514/934 627/1215/933 1116/813/965 641/1232/961
f 627/1215/933 372/471/932 644/1235/966 1116/813/965
f 1116/813/965 644/1235/966 410/520/967 645/1236/968
f 641/1232/961 1116/813/965 645/1236/968 527/652/962
f 527/652/962 645/1236/968 1117/814/969 648/1239/970
f 645/1236/968 410/520/967 646/1237/971 1117/814/969
f 1117/814/969 646/1237/971 374/473/972 647/1238/973
f 648/1239/970 1117/814/969 647/1238/973 411/521/974
f 412/522/964 642/1233/963 1118/815/975 650/1241/976
f 642/1233/963 527/652/962 648/1239/970 1118/815/975
f 1118/815/975 648/1239/970 411/521/974 649/1240/977
f 650/1241/976 1118/815/975 649/1240/977 373/472/978
f 373/472/978 649/1240/977 1119/816/979 653/1244/980
f 649/1240/977 411/521/974 651/1242/981 1119/816/979
f 1119/816/979 651/1242/981 528/653/982 652/1243/983
f 653/1244/980 1119/816/979 652/1243/983 415/526/984
f 411/521/974 647/1238/973 1120/817/985 651/1242/981
f 647/1238/973 374/473/972 654/1245/986 1120/817/985
f 1120/817/985 654/1245/986 413/523/987 655/1246/988
f 651/1242/981 1120/817/985 655/1246/988 528/653/982
f 528/653/982 655/1246/988 1121/818/989 658/1250/990
f 655/1246/988 413/523/987 656/1247/991 1121/818/989
f 1121/818/989 656/1247/991 380/480/992 657/1248/993
f 658/1250/990 1121/818/989 657/1248/993 414/524/994
f 415/526/984 652/1243/983 1122/819/995 660/1253/996
f 652/1243/983 528/653/982 658/1250/990 1122/819/995
f 1122/819/995 658/1250/990 414/524/994 659/1251/997
f 660/1253/996 1122/819/995 659/1251/997 379/479/998
f 375/474/999 661/1254/1000 1123/820/1001 664/1257/1002
f 661/1254/1000 416/527/1003 662/1255/1004 1123/820/1001
f 1123/820/1001 662/1255/1004 529/654/1005 663/1256/1006
f 664/1257/1002 1123/820/1001 663/1256/1006 418/529/1007
f 416/527/1003 665/1258/1008 1124/821/1009 662/1255/1004
f 665/1258/1008 376/475/1010 666/1259/1011 1124/821/1009
f 1124/821/1009 666/1259/1011 417/528/1012 667/1260/1013
f 662/1255/1004 1124/821/1009 667/1260/1013 529/654/1005
f 529/654/1005 667/1260/1013 1125/822/1014 669/1262/1015
f 667/1260/1013 417/528/1012 668/1261/1016 1125/822/1014
f 1125/822/1014 668/1261/1016 379/479/998 659/1252/997
f 669/1262/1015 1125/822/1014 659/1252/997 414/525/994
f 418/529/1007 663/1256/1006 1126/823/1017 670/1263/1018
f 663/1256/1006 529/654/1005 669/1262/1015 1126/823/1017
f 1126/823/1017 669/1262/1015 414/525/994 657/1249/993
f 670/1263/1018 1126/823/1017 657/1249/993 380/481/992
f 376/475/1010 665/1258/1008 1127/824/1019 673/1266/1020
f 665/1258/1008 416/527/1003 671/1264/1021 1127/824/1019
f 1127/824/1019 671/1264/1021 530/655/1022 672/1265/1023
f 673/1266/1020 1127/824/1019 672/1265/1023 420/531/1024
f 416/527/1003 661/1254/1000 1128/825/1025 671/1264/1021
f 661/1254/1000 375/474/999 674/1267/1026 1128/825/1025
f 1128/825/1025 674/1267/1026 419/530/1027 675/1268/1028
f 671/1264/1021 1128/825/1025 675/1268/1028 530/655/1022
f 530/655/1022 675/1268/1028 1129/826/1029 677/1270/1030
f 675/1268/1028 419/530/1027 676/1269/1031 1129/826/1029
f 1129/826/1029 676/1269/1031 378/478/958 639/1230/957
f 677/1270/1030 1129/826/1029 639/1230/957 408/518/954
f 420/531/1024 672/1265/1023 1130/827/1032 678/1271/1033
f 672/1265/1023 530/655/1022 677/1270/1030 1130/827/1032
f 1130/827/1032 677/1270/1030 408/518/954 637/1227/953
f 678/1271/1033 1130/827/1032 637/1227/953 377/476/952
f 366/464/885 613/1200/900 1131/828/1034 604/1191/886
f 613/1200/900 403/511/904 679/1272/1035 1131/828/1034
f 1131/828/1034 679/1272/1035 531/656/1036 680/1273/1037
f 604/1191/886 1131/828/1034 680/1273/1037 398/506/887
f 403/511/904 620/1207/916 1132/829/1038 679/1272/1035
f 620/1207/916 367/465/918 681/1274/1039 1132/829/1038
f 1132/829/1038 681/1274/1039 421/532/1040 682/1275/1041
f 679/1272/1035 1132/829/1038 682/1275/1041 531/656/1036
f 531/656/1036 682/1275/1041 1133/830/1042 685/1278/1043
f 682/1275/1041 421/532/1040 683/1276/1044 1133/830/1042
f 1133/830/1042 683/1276/1044 355/452/1045 684/1277/1046
f 685/1278/1043 1133/830/1042 684/1277/1046 422/533/1047
f 398/506/887 680/1273/1037 1134/831/1048 606/1193/891
f 680/1273/1037 531/656/1036 685/1278/1043 1134/831/1048
f 1134/831/1048 685/1278/1043 422/533/1047 686/1279/1049
f 606/1193/891 1134/831/1048 686/1279/1049 370/468/892
f 367/465/918 623/1210/920 1135/832/1050 681/1274/1039
f 623/1210/920 406/515/924 687/1280/1051 1135/832/1050
f 1135/832/1050 687/1280/1051 532/657/1052 688/1281/1053
f 681/1274/1039 1135/832/1050 688/1281/1053 421/532/1040
f 406/515/924 630/1219/936 1136/833/1054 687/1280/1051
f 630/1219/936 371/469/938 643/1234/960 1136/833/1054
f 1136/833/1054 643/1234/960 412/522/964 689/1282/1055
f 687/1280/1051 1136/833/1054 689/1282/1055 532/657/1052
f 532/657/1052 689/1282/1055 1137/834/1056 691/1284/1057
f 689/1282/1055 412/522/964 650/1241/976 1137/834/1056
f 1137/834/1056 650/1241/976 373/472/978 690/1283/1058
f 691/1284/1057 1137/834/1056 690/1283/1058 423/534/1059
f 421/532/1040 688/1281/1053 1138/835/1060 683/1276/1044
f 688/1281/1053 532/657/1052 691/1284/1057 1138/835/1060
f 1138/835/1060 691/1284/1057 423/534/1059 692/1285/1061
f 683/1276/1044 1138/835/1060 692/1285/1061 355/452/1045
f 370/468/892 686/1279/1049 1139/836/1062 634/1223/946
f 686/1279/1049 422/533/1047 693/1286/1063 1139/836/1062
f 1139/836/1062 693/1286/1063 533/658/1064 694/1287/1065
f 634/1223/946 1139/836/1062 694/1287/1065 407/516/947
f 422/533/1047 684/1277/1046 1140/837/1066 693/1286/1063
f 684/1277/1046 355/452/1045 695/1288/1067 1140/837/1066
f 1140/837/1066 695/1288/1067 424/535/1068 696/1289/1069
f 693/1286/1063 1140/837/1066 696/1289/1069 533/658/1064
f 533/658/1064 696/1289/1069 1141/838/1070 698/1291/1071
f 696/1289/1069 424/535/1068 697/1290/1072 1141/838/1070
f 1141/838/1070 697/1290/1072 376/475/1010 673/1266/1020
f 698/1291/1071 1141/838/1070 673/1266/1020 420/531/1024
f 407/516/947 694/1287/1065 1142/839/1073 636/1225/951
f 694/1287/1065 533/658/1064 698/1291/1071 1142/839/1073
f 1142/839/1073 698/1291/1071 420/531/1024 678/1271/1033
f 636/1225/951 1142/839/1073 678/1271/1033 377/476/952
f 355/452/1045 692/1285/1061 1143/840/1074 695/1288/1067
f 692/1285/1061 423/534/1059 699/1292/1075 1143/840/1074
f 1143/840/1074 699/1292/1075 534/659/1076 700/1293/1077
f 695/1288/1067 1143/840/1074 700/1293/1077 424/535/1068
f 423/534/1059 690/1283/1058 1144/841/1078 699/1292/1075
f 690/1283/1058 373/472/978 653/1244/980 1144/841/1078
f 1144/841/1078 653/1244/980 415/526/984 701/1294/1079
f 699/1292/1075 1144/841/1078 701/1294/1079 534/659/1076
f 534/659/1076 701/1294/1079 1145/842/1080 702/1295/1081
f 701/1294/1079 415/526/984 660/1253/996 1145/842/1080
f 1145/842/1080 660/1253/996 379/479/998 668/1261/1016
f 702/1295/1081 1145/842/1080 668/1261/1016 417/528/1012
f 424/535/1068 700/1293/1077 1146/843/1082 697/1290/1072
f 700/1293/1077 534/659/1076 702/1295/1081 1146/843/1082
f 1146/843/1082 702/1295/1081 417/528/1012 666/1259/1011
f 697/1290/1072 1146/843/1082 666/1259/1011 376/475/1010
f 324/402/346 761/887/345 1147/844/1083 705/1298/1084
f 761/887/345 435/550/342 703/1296/1085 1147/844/1083
f 1147/844/1083 703/1296/1085 535/660/1086 704/1297/1087
f 705/1298/1084 1147/844/1083 704/1297/1087 426/537/1088
f 435/550/342 759/885/341 1148/845/1089 703/1296/1085
f 759/885/341 334/426/340 706/1300/1090 1148/845/1089
f 1148/845/1089 706/1300/1090 425/536/1091 707/1301/1092
f 703/1296/1085 1148/845/1089 707/1301/1092 535/660/1086
f 535/660/1086 707/1301/1092 1149/846/1093 709/1303/1094
f 707/1301/1092 425/536/1091 708/1302/1095 1149/846/1093
f 1149/846/1093 708/1302/1095 368/466/912 616/1203/911
f 709/1303/1094 1149/846/1093 616/1203/911 401/509/907
f 426/537/1088 704/1297/1087 1150/847/1096 710/1304/1097
f 704/1297/1087 535/660/1086 709/1303/1094 1150/847/1096
f 1150/847/1096 709/1303/1094 401/509/907 614/1201/906
f 710/1304/1097 1150/847/1096 614/1201/906 365/463/874
f 343/436/416 795/926/415 1151/848/1098 713/1308/1099
f 795/926/415 446/564/412 711/1306/1100 1151/848/1098
f 1151/848/1098 711/1306/1100 536/661/1101 712/1307/1102
f 713/1308/1099 1151/848/1098 712/1307/1102 427/539/1103
f 446/564/412 793/924/411 1152/849/1104 711/1306/1100
f 793/924/411 324/403/346 705/1299/1084 1152/849/1104
f 1152/849/1104 705/1299/1084 426/538/1088 714/1309/1105
f 711/1306/1100 1152/849/1104 714/1309/1105 536/661/1101
f 536/661/1101 714/1309/1105 1153/850/1106 715/1310/1107
f 714/1309/1105 426/538/1088 710/1305/1097 1153/850/1106
f 1153/850/1106 710/1305/1097 365/462/874 602/1188/877
f 715/1310/1107 1153/850/1106 602/1188/877 400/508/882
f 427/539/1103 712/1307/1102 1154/851/1108 716/1311/1109
f 712/1307/1102 536/661/1101 715/1310/1107 1154/851/1108
f 1154/851/1108 715/1310/1107 400/508/882 610/1197/896
f 716/1311/1109 1154/851/1108 610/1197/896 369/467/898
f 334/426/340 855/992/533 1155/852/1110 706/1300/1090
f 855/992/533 467/588/537 717/1312/1111 1155/852/1110
f 1155/852/1110 717/1312/1111 537/662/1112 718/1313/1113
f 706/1300/1090 1155/852/1110 718/1313/1113 425/536/1091
f 467/588/537 860/997/546 1156/853/1114 717/1312/1111
f 860/997/546 325/405/396 719/1314/1115 1156/853/1114
f 1156/853/1114 719/1314/1115 428/540/1116 720/1316/1117
f 717/1312/1111 1156/853/1114 720/1316/1117 537/662/1112
f 537/662/1112 720/1316/1117 1157/854/1118 722/1319/1119
f 720/1316/1117 428/540/1116 721/1317/1120 1157/854/1118
f 1157/854/1118 721/1317/1120 372/470/932 626/1213/931
f 722/1319/1119 1157/854/1118 626/1213/931 404/512/927
f 425/536/1091 718/1313/1113 1158/855/1121 708/1302/1095
f 718/1313/1113 537/662/1112 722/1319/1119 1158/855/1121
f 1158/855/1121 722/1319/1119 404/512/927 624/1211/926
f 708/1302/1095 1158/855/1121 624/1211/926 368/466/912
f 325/404/396 785/915/395 1159/856/1122 719/1315/1115
f 785/915/395 443/560/392 723/1320/1123 1159/856/1122
f 1159/856/1122 723/1320/1123 538/663/1124 724/1321/1125
f 719/1315/1115 1159/856/1122 724/1321/1125 428/541/1116
f 443/560/392 783/913/391 1160/857/1126 723/1320/1123
f 783/913/391 346/439/390 725/1322/1127 1160/857/1126
f 1160/857/1126 725/1322/1127 429/542/1128 726/1323/1129
f 723/1320/1123 1160/857/1126 726/1323/1129 538/663/1124
f 538/663/1124 726/1323/1129 1161/858/1130 728/1325/1131
f 726/1323/1129 429/542/1128 727/1324/1132 1161/858/1130
f 1161/858/1130 727/1324/1132 374/473/972 646/1237/971
f 728/1325/1131 1161/858/1130 646/1237/971 410/520/967
f 428/541/1116 724/1321/1125 1162/859/1133 721/1318/1120
f 724/1321/1125 538/663/1124 728/1325/1131 1162/859/1133
f 1162/859/1133 728/1325/1131 410/520/967 644/1235/966
f 721/1318/1120 1162/859/1133 644/1235/966 372/471/932
f 335/428/653 915/1055/651 1163/860/1134 731/1328/1135
f 915/1055/651 481/603/646 729/1326/1136 1163/860/1134
f 1163/860/1134 729/1326/1136 539/664/1137 730/1327/1138
f 731/1328/1135 1163/860/1134 730/1327/1138 431/545/1139
f 481/603/646 911/1049/643 1164/861/1140 729/1326/1136
f 911/1049/643 330/416/435 732/1329/1141 1164/861/1140
f 1164/861/1140 732/1329/1141 430/543/1142 733/1331/1143
f 729/1326/1136 1164/861/1140 733/1331/1143 539/664/1137
f 539/664/1137 733/1331/1143 1165/862/1144 735/1334/1145
f 733/1331/1143 430/543/1142 734/1332/1146 1165/862/1144
f 1165/862/1144 734/1332/1146 378/478/958 676/1269/1031
f 735/1334/1145 1165/862/1144 676/1269/1031 419/530/1027
f 431/545/1139 730/1327/1138 1166/863/1147 736/1335/1148
f 730/1327/1138 539/664/1137 735/1334/1145 1166/863/1147
f 1166/863/1147 735/1334/1145 419/530/1027 674/1267/1026
f 736/1335/1148 1166/863/1147 674/1267/1026 375/474/999
f 330/415/435 902/1039/627 1167/864/1149 732/1330/1141
f 902/1039/627 478/599/625 737/1336/1150 1167/864/1149
f 1167/864/1149 737/1336/1150 540/665/1151 738/1337/1152
f 732/1330/1141 1167/864/1149 738/1337/1152 430/544/1142
f 478/599/625 900/1037/624 1168/865/1153 737/1336/1150
f 900/1037/624 343/436/416 713/1308/1099 1168/865/1153
f 1168/865/1153 713/1308/1099 427/539/1103 739/1338/1154
f 737/1336/1150 1168/865/1153 739/1338/1154 540/665/1151
f 540/665/1151 739/1338/1154 1169/866/1155 740/1339/1156
f 739/1338/1154 427/539/1103 716/1311/1109 1169/866/1155
f 1169/866/1155 716/1311/1109 369/467/898 633/1222/940
f 740/1339/1156 1169/866/1155 633/1222/940 409/519/944
f 430/544/1142 738/1337/1152 1170/867/1157 734/1333/1146
f 738/1337/1152 540/665/1151 740/1339/1156 1170/867/1157
f 1170/867/1157 740/1339/1156 409/519/944 640/1231/956
f 734/1333/1146 1170/867/1157 640/1231/956 378/477/958
f 346/439/390 905/1042/629 1171/868/1158 725/1322/1127
f 905/1042/629 480/601/633 741/1340/1159 1171/868/1158
f 1171/868/1158 741/1340/1159 541/666/1160 742/1341/1161
f 725/1322/1127 1171/868/1158 742/1341/1161 429/542/1128
f 480/601/633 910/1047/642 1172/869/1162 741/1340/1159
f 910/1047/642 333/425/442 743/1342/1163 1172/869/1162
f 1172/869/1162 743/1342/1163 432/546/1164 744/1344/1165
f 741/1340/1159 1172/869/1162 744/1344/1165 541/666/1160
f 541/666/1160 744/1344/1165 1173/870/1166 746/1347/1167
f 744/1344/1165 432/546/1164 745/1345/1168 1173/870/1166
f 1173/870/1166 745/1345/1168 380/480/992 656/1247/991
f 746/1347/1167 1173/870/1166 656/1247/991 413/523/987
f 429/542/1128 742/1341/1161 1174/871/1169 727/1324/1132
f 742/1341/1161 541/666/1160 746/1347/1167 1174/871/1169
f 1174/871/1169 746/1347/1167 413/523/987 654/1245/986
f 727/1324/1132 1174/871/1169 654/1245/986 374/473/972
f 333/424/442 934/1077/689 1175/872/1170 743/1343/1163
f 934/1077/689 487/611/685 747/1348/1171 1175/872/1170
f 1175/872/1170 747/1348/1171 542/667/1172 748/1349/1173
f 743/1343/1163 1175/872/1170 748/1349/1173 432/547/1164
f 487/611/685 931/1073/683 1176/873/1174 747/1348/1171
f 931/1073/683 335/428/653 731/1328/1135 1176/873/1174
f 1176/873/1174 731/1328/1135 431/545/1139 749/1350/1175
f 747/1348/1171 1176/873/1174 749/1350/1175 542/667/1172
f 542/667/1172 749/1350/1175 1177/874/1176 750/1351/1177
f 749/1350/1175 431/545/1139 736/1335/1148 1177/874/1176
f 1177/874/1176 736/1335/1148 375/474/999 664/1257/1002
f 750/1351/1177 1177/874/1176 664/1257/1002 418/529/1007
f 432/547/1164 748/1349/1173 1178/875/1178 745/1346/1168
f 748/1349/1173 542/667/1172 750/1351/1177 1178/875/1178
f 1178/875/1178 750/1351/1177 418/529/1007 670/1263/1018
f 745/1346/1168 1178/875/1178 670/1263/1018 380/481/992
g default
v -9.751757 0.900676 -7.337029
v -7.363203 0.900622 -7.338880
v -9.192444 1.300933 -7.683513
v -7.646909 1.301761 -7.602871
v -9.175852 1.293748 -9.429470
v -7.819502 1.286430 -9.186436
v -9.496065 0.899479 -9.702383
v -7.455309 0.898259 -9.641001
v -9.640629 0.257256 -9.833807
v -7.300722 0.257256 -9.825720
v -7.218030 0.257256 -7.365304
v -9.936462 0.257256 -7.330888
v -7.385063 1.298140 -8.255650
v -9.564280 1.296190 -8.694844
v -10.269106 0.899886 -8.611338
v -10.523895 0.257256 -8.615976
v -6.717773 0.257256 -8.438353
v -6.938163 0.900179 -8.291351
v -8.369054 1.301993 -7.296042
v -8.414646 0.900821 -6.860787
v -8.422205 0.257256 -6.818048
v -8.431795 0.257256 -10.488440
v -8.444773 0.899076 -10.259857
v -8.516218 1.291329 -9.675821
v -8.401535 1.544396 -8.105531
v -7.999008 1.517501 -8.151464
v -7.944253 1.543754 -8.544667
v -8.443810 1.589922 -8.650218
v -8.485667 1.542618 -9.125364
v -8.105745 1.512949 -8.946625
v -8.827675 1.517246 -8.192019
v -8.946808 1.543428 -8.692057
v -8.848392 1.515118 -9.086845
v -8.285737 1.541123 -9.042952
v -9.986780 0.899635 -9.204386
v -9.439030 1.294685 -9.116415
v -9.354337 1.122485 -9.585978
v -9.582235 0.597988 -9.778234
v -10.201832 0.257256 -9.263746
v -7.101145 0.899119 -8.981073
v -6.898914 0.257256 -9.151289
v -7.537403 1.291590 -8.727776
v -8.630670 1.543471 -8.150742
v -8.687803 1.584538 -8.674431
v -8.894240 1.542943 -8.436827
v -9.112708 0.900826 -6.973957
v -8.801789 1.301835 -7.394218
v -9.213428 0.257256 -6.945966
v -8.976007 0.899351 -10.092718
v -9.042744 0.257256 -10.287031
v -8.862000 1.292980 -9.631636
v -8.677283 1.541996 -9.116224
v -8.899901 1.542280 -8.913378
v -7.849198 1.445373 -7.919841
v -8.378380 1.445509 -7.696584
v -7.663429 1.442941 -8.390442
v -7.997820 1.435130 -9.028170
v -8.509951 1.438396 -9.388098
v -8.961096 1.444799 -7.977726
v -9.235481 1.441637 -8.703407
v -8.979404 1.440009 -9.233316
v -7.825366 0.900731 -7.011669
v -7.485082 1.127717 -7.418954
v -7.970912 1.302031 -7.385780
v -8.388935 1.127963 -7.019807
v -8.182276 1.543508 -8.144785
v -7.962115 1.543335 -8.351181
v -8.200171 1.584538 -8.619112
v -8.423144 1.584538 -8.406979
v -8.157247 1.287745 -9.514936
v -7.623601 1.117606 -9.420429
v -7.920530 0.898478 -10.088274
v -8.483704 1.120872 -9.991613
v -7.046493 0.900559 -7.754697
v -7.136524 1.125395 -8.239508
v -7.436595 1.300998 -7.886755
v -10.163994 0.900298 -7.935853
v -9.489606 1.127275 -7.465942
v -9.464346 1.298662 -8.167133
v -9.943659 1.124113 -8.652735
v -7.359816 0.597988 -9.759003
v -7.831401 0.257256 -10.303053
v -8.431796 0.597988 -10.404940
v -7.280758 0.597857 -7.333435
v -6.849094 0.257256 -7.845502
v -6.810336 0.597966 -8.360521
v -8.422812 0.597966 -6.811887
v -7.749736 0.257256 -6.990324
v -10.436111 0.597988 -8.604914
v -10.404362 0.257256 -7.929624
v -9.878069 0.597988 -7.308790
v -8.464136 1.584538 -8.884542
v -8.024624 1.541764 -8.760416
v -7.885665 1.127934 -7.141851
v -8.198711 1.580948 -8.410841
v -8.033440 1.118483 -9.820219
v -7.217071 1.127245 -7.775213
v -9.838474 1.125761 -8.028776
v -7.862297 0.597988 -10.227797
v -6.933418 0.597900 -7.786916
v -7.783054 0.597900 -6.977094
v -10.325245 0.597988 -7.914777
v -8.249458 1.580948 -8.828947
v -9.737209 1.123110 -9.173323
v -10.122715 0.597988 -9.234343
v -6.980815 0.597988 -9.077230
v -7.298332 1.121046 -8.840719
v -8.652260 1.580948 -8.439978
v -8.965004 1.127876 -7.128728
v -9.182537 0.597988 -6.931806
v -9.011852 0.597988 -10.211760
v -8.930252 1.121973 -9.886137
v -8.674904 1.580948 -8.892302
v -8.088062 1.445545 -7.761594
v -7.696510 1.444857 -8.127615
v -7.783386 1.438570 -8.713850
v -8.248173 1.436007 -9.263731
v -8.685429 1.445400 -7.768522
v -9.157269 1.443285 -8.324514
v -8.758663 1.439497 -9.368834
v -9.157269 1.440634 -9.008924
vt 0.841283 0.684220
vt 0.846577 0.670169
vt 0.938316 0.650589
vt 0.951655 0.658516
vt 0.873132 0.688641
vt 0.875272 0.685542
vt 0.931773 0.669283
vt 0.936602 0.671067
vt 0.891907 0.756195
vt 0.895497 0.757988
vt 0.942103 0.734668
vt 0.943183 0.732483
vt 0.878215 0.771121
vt 0.888296 0.776905
vt 0.963737 0.754878
vt 0.968238 0.747337
vt 0.860205 0.789044
vt 0.885473 0.802092
vt 0.979866 0.774494
vt 0.992376 0.749692
vt 0.975480 0.650754
vt 0.942619 0.626960
vt 0.834156 0.649657
vt 0.816513 0.689013
vt 0.946944 0.696309
vt 0.874558 0.730449
vt 0.846923 0.735333
vt 0.819521 0.745550
vt 0.994167 0.690622
vt 0.967551 0.693202
vt 0.903081 0.671952
vt 0.896426 0.651767
vt 0.893014 0.626960
vt 0.938121 0.803844
vt 0.929657 0.777530
vt 0.920526 0.754900
vt 0.909331 0.700019
vt 0.922952 0.702594
vt 0.928753 0.710659
vt 0.912848 0.718553
vt 0.915796 0.734873
vt 0.925170 0.725213
vt 0.897645 0.708852
vt 0.896376 0.724474
vt 0.904710 0.735122
vt 0.917593 0.659347
vt 0.918835 0.708367
vt 0.939349 0.757092
vt 0.951646 0.677766
vt 0.857249 0.710848
vt 0.953305 0.778687
vt 0.972669 0.672416
vt 0.917806 0.638546
vt 0.829660 0.713945
vt 0.920953 0.722791
vt 0.871176 0.749462
vt 0.849816 0.760678
vt 0.981039 0.719356
vt 0.957437 0.715325
vt 0.903975 0.713369
vt 0.880533 0.668307
vt 0.867756 0.649115
vt 0.910846 0.791093
vt 0.908837 0.768429
vt 0.907306 0.728706
vt 0.916831 0.685075
vt 0.934591 0.694205
vt 0.936791 0.715214
vt 0.925795 0.738208
vt 0.896379 0.690704
vt 0.884941 0.714057
vt 0.909028 0.746515
vt 0.891401 0.737512
vt 0.917748 0.649539
vt 0.935044 0.659936
vt 0.944128 0.664791
vt 0.917301 0.670386
vt 0.899602 0.661292
vt 0.917053 0.699155
vt 0.926560 0.704155
vt 0.920645 0.715363
vt 0.911334 0.710290
vt 0.931826 0.746814
vt 0.952920 0.744773
vt 0.955710 0.739910
vt 0.946972 0.768047
vt 0.924935 0.766086
vt 0.961337 0.674618
vt 0.956853 0.693643
vt 0.942948 0.683687
vt 0.842379 0.711503
vt 0.857207 0.686431
vt 0.860924 0.677855
vt 0.872145 0.711770
vt 0.860752 0.732710
vt 0.971802 0.764686
vt 0.980307 0.748515
vt 0.958993 0.789169
vt 0.933442 0.788789
vt 0.963567 0.654635
vt 0.940467 0.638774
vt 0.984823 0.670688
vt 0.979313 0.693042
vt 0.893963 0.641074
vt 0.917817 0.626960
vt 0.835080 0.739293
vt 0.818017 0.717282
vt 0.828898 0.686616
vt 0.840366 0.659913
vt 0.914260 0.726500
vt 0.928194 0.718667
vt 0.921942 0.730468
vt 0.860133 0.754565
vt 0.881936 0.744176
vt 0.885061 0.763658
vt 0.891896 0.767446
vt 0.869210 0.780083
vt 0.886885 0.789498
vt 0.839863 0.767297
vt 0.969023 0.717948
vt 0.993271 0.720157
vt 0.946591 0.713683
vt 0.901898 0.703377
vt 0.904986 0.721529
vt 0.895573 0.715369
vt 0.873035 0.659317
vt 0.888797 0.678098
vt 0.863585 0.638308
vt 0.909869 0.779490
vt 0.911797 0.802968
vt 0.908355 0.757555
vt 0.909223 0.736501
vt 0.899787 0.731635
vt 0.927363 0.685939
vt 0.929777 0.686830
vt 0.906452 0.686051
vt 0.937549 0.703145
vt 0.934177 0.728848
vt 0.933637 0.729940
vt 0.917682 0.744418
vt 0.886458 0.697197
vt 0.885388 0.698747
vt 0.886333 0.727576
vt 0.900103 0.746555
vt 0.898308 0.745659
vn 0.022231 0.347052 0.937583
vn 0.385898 0.322911 0.864182
vn 0.294275 0.681784 0.669755
vn 0.013607 0.711556 0.702497
vn 0.643959 0.343695 0.683513
vn 0.503571 0.674480 0.539901
vn 0.328173 0.876838 0.351367
vn 0.183855 0.885487 0.426742
vn 0.001860 0.893377 0.449305
vn -0.004614 0.979021 0.203709
vn 0.078342 0.978691 0.189808
vn 0.076987 0.994189 0.075240
vn -0.004541 0.996361 0.085111
vn 0.169466 0.969573 0.176663
vn 0.230150 0.970101 0.077039
vn 0.307720 0.949096 -0.067277
vn 0.099544 0.994879 -0.017494
vn 0.000022 1.000000 -0.000184
vn 0.065830 0.881461 -0.467645
vn 0.279200 0.875221 -0.395014
vn 0.310462 0.828467 -0.466107
vn 0.034495 0.814745 -0.578793
vn 0.406589 0.856874 -0.316941
vn 0.470179 0.809542 -0.351532
vn 0.637779 0.601971 -0.480488
vn 0.418069 0.613427 -0.670019
vn 0.010683 0.588380 -0.808514
vn 0.825575 0.419276 0.377669
vn 0.655140 0.695945 0.294027
vn 0.854056 0.519030 -0.034596
vn 0.674356 0.737315 -0.040137
vn 0.529618 0.846471 -0.054697
vn 0.462360 0.865344 0.193401
vn -0.760099 0.642339 -0.098241
vn -0.704296 0.646840 0.292514
vn -0.466274 0.865752 0.181830
vn -0.518788 0.853063 -0.056066
vn -0.558447 0.559846 0.612134
vn -0.388249 0.832487 0.395259
vn -0.300313 0.913426 0.274709
vn -0.375263 0.916453 0.138894
vn -0.417771 0.908175 -0.026195
vn 0.485191 0.334174 -0.808033
vn -0.006129 0.326572 -0.945153
vn 0.741720 0.344221 -0.575642
vn 0.756652 0.257347 -0.601041
vn 0.492469 0.238402 -0.837042
vn -0.012732 0.240241 -0.970630
vn 0.886736 0.213487 0.410028
vn 0.946619 0.320625 -0.033350
vn 0.682794 0.120937 0.720532
vn 0.701334 0.062225 0.710112
vn 0.909878 0.162447 0.381751
vn 0.962209 0.264195 -0.065988
vn 0.411133 0.075140 0.908473
vn 0.028830 0.062431 0.997633
vn 0.031608 -0.019462 0.999311
vn 0.425493 0.006891 0.904936
vn -0.872567 0.307889 0.379250
vn -0.642368 0.196224 0.740851
vn -0.927662 0.349305 -0.132019
vn -0.958525 0.245170 -0.145333
vn -0.906088 0.186099 0.379963
vn -0.660141 0.077343 0.747149
vn 0.068273 0.949031 -0.307699
vn 0.018472 0.994530 -0.102806
vn 0.124433 0.984873 -0.120589
vn 0.204394 0.931112 -0.302081
vn 0.325637 0.926270 -0.189695
vn 0.338646 0.890767 -0.303072
vn -0.576772 0.488954 -0.654414
vn -0.686017 0.550372 -0.475890
vn -0.522500 0.780871 -0.342396
vn -0.454468 0.725958 -0.516182
vn -0.419242 0.874214 -0.244921
vn -0.349988 0.848268 -0.397430
vn -0.772889 0.310030 -0.553646
vn -0.790125 0.234698 -0.566233
vn -0.633301 0.287210 -0.718638
vn -0.644758 0.226193 -0.730153
vn 0.762128 0.574511 -0.298493
vn 0.868860 0.353931 -0.346143
vn 0.885302 0.282096 -0.369678
vn 0.583812 0.775778 -0.239440
vn 0.493396 0.839610 -0.227194
vn -0.211040 0.961238 0.177438
vn -0.096319 0.976339 0.193609
vn -0.089742 0.992576 0.082088
vn -0.250091 0.963412 0.096392
vn -0.096967 0.995282 0.003475
vn -0.275346 0.961345 0.000972
vn -0.307436 0.431258 0.848234
vn -0.230238 0.766758 0.599227
vn -0.170946 0.902356 0.395641
vn -0.326249 0.097507 0.940242
vn -0.331817 -0.002292 0.943341
vn -0.395014 0.516561 -0.759690
vn -0.452269 0.297655 -0.840746
vn -0.462422 0.230493 -0.856176
vn -0.192514 0.858973 -0.474450
vn -0.284181 0.752530 -0.594088
vn -0.085592 0.991980 -0.093009
vn -0.254178 0.959844 -0.118718
vn -0.084689 0.957437 -0.275938
vn -0.220840 0.943769 -0.246027
vn 0.119190 0.951094 0.284981
vn -0.003523 0.953239 0.302197
vn 0.228232 0.944063 0.238025
vn 0.347074 0.929832 0.122275
vn 0.446552 0.891268 -0.078952
vn 0.459081 0.855098 -0.240939
vn 0.404869 0.850033 -0.336935
vn 0.281758 0.872971 -0.398164
vn 0.089344 0.897716 -0.431421
vn -0.135198 0.948661 0.285945
vn -0.266515 0.937939 0.221901
vn -0.350271 0.928379 0.124188
vn -0.383428 0.923525 -0.009182
vn -0.133219 0.903839 -0.406606
vn -0.286166 0.901947 -0.323419
vn -0.364333 0.912882 -0.184142
s 1
g PiedrasHP Piedra14
usemtl initialShadingGroup
f 1198/1383/1179 1240/1425/1180 1272/1397/1181 1243/1429/1182
f 1240/1425/1180 1180/1354/1183 1241/1426/1184 1272/1397/1181
f 1272/1397/1181 1241/1426/1184 1182/1358/1185 1242/1428/1186
f 1243/1429/1182 1272/1397/1181 1242/1428/1186 1197/1382/1187
f 1203/1388/1188 1244/1430/1189 1273/1398/1190 1247/1433/1191
f 1244/1430/1189 1204/1389/1192 1245/1431/1193 1273/1398/1190
f 1273/1398/1190 1245/1431/1193 1205/1390/1194 1246/1432/1195
f 1247/1433/1191 1273/1398/1190 1246/1432/1195 1206/1391/1196
f 1202/1387/1197 1248/1434/1198 1274/1399/1199 1251/1438/1200
f 1248/1434/1198 1184/1362/1201 1249/1435/1202 1274/1399/1199
f 1274/1399/1199 1249/1435/1202 1186/1366/1203 1250/1437/1204
f 1251/1438/1200 1274/1399/1199 1250/1437/1204 1201/1386/1205
f 1180/1355/1183 1252/1439/1206 1275/1400/1207 1241/1427/1184
f 1252/1439/1206 1196/1381/1208 1253/1440/1209 1275/1400/1207
f 1275/1400/1207 1253/1440/1209 1191/1376/1210 1254/1441/1211
f 1241/1427/1184 1275/1400/1207 1254/1441/1211 1182/1359/1185
f 1193/1378/1212 1255/1442/1213 1276/1401/1214 1258/1446/1215
f 1255/1442/1213 1179/1352/1216 1256/1443/1217 1276/1401/1214
f 1276/1401/1214 1256/1443/1217 1181/1356/1218 1257/1445/1219
f 1258/1446/1215 1276/1401/1214 1257/1445/1219 1192/1377/1220
f 1201/1386/1205 1250/1437/1204 1277/1402/1221 1261/1450/1222
f 1250/1437/1204 1186/1366/1203 1259/1447/1223 1277/1402/1221
f 1277/1402/1221 1259/1447/1223 1188/1370/1224 1260/1449/1225
f 1261/1450/1222 1277/1402/1221 1260/1449/1225 1200/1385/1226
f 1196/1381/1208 1252/1439/1206 1278/1403/1227 1264/1454/1228
f 1252/1439/1206 1180/1355/1183 1262/1451/1229 1278/1403/1227
f 1278/1403/1227 1262/1451/1229 1189/1372/1230 1263/1453/1231
f 1264/1454/1228 1278/1403/1227 1263/1453/1231 1195/1380/1232
f 1180/1354/1183 1240/1425/1180 1279/1404/1233 1262/1452/1229
f 1240/1425/1180 1198/1383/1179 1265/1455/1234 1279/1404/1233
f 1279/1404/1233 1265/1455/1234 1199/1384/1235 1266/1456/1236
f 1262/1452/1229 1279/1404/1233 1266/1456/1236 1189/1373/1230
f 1179/1352/1216 1255/1442/1213 1280/1405/1237 1269/1459/1238
f 1255/1442/1213 1193/1378/1212 1267/1457/1239 1280/1405/1237
f 1280/1405/1237 1267/1457/1239 1194/1379/1240 1268/1458/1241
f 1269/1459/1238 1280/1405/1237 1268/1458/1241 1190/1375/1242
f 1207/1392/1243 1270/1461/1244 1281/1406/1245 1212/1463/1246
f 1270/1461/1244 1206/1391/1196 1246/1432/1195 1281/1406/1245
f 1281/1406/1245 1246/1432/1195 1205/1390/1194 1271/1462/1247
f 1212/1463/1246 1281/1406/1245 1271/1462/1247 1208/1393/1248
f 1185/1364/1249 1213/1464/1250 1282/1407/1251 1215/1466/1252
f 1213/1464/1250 1193/1378/1212 1258/1446/1215 1282/1407/1251
f 1282/1407/1251 1258/1446/1215 1192/1377/1220 1214/1465/1253
f 1215/1466/1252 1282/1407/1251 1214/1465/1253 1183/1360/1254
f 1194/1379/1240 1267/1457/1239 1283/1408/1255 1217/1470/1256
f 1267/1457/1239 1193/1378/1212 1213/1464/1250 1283/1408/1255
f 1283/1408/1255 1213/1464/1250 1185/1364/1249 1216/1468/1257
f 1217/1470/1256 1283/1408/1255 1216/1468/1257 1187/1368/1258
f 1186/1367/1203 1218/1471/1259 1284/1409/1260 1259/1448/1223
f 1218/1471/1259 1196/1381/1208 1264/1454/1228 1284/1409/1260
f 1284/1409/1260 1264/1454/1228 1195/1380/1232 1219/1472/1261
f 1259/1448/1223 1284/1409/1260 1219/1472/1261 1188/1371/1224
f 1191/1376/1210 1253/1440/1209 1285/1410/1262 1220/1473/1263
f 1253/1440/1209 1196/1381/1208 1218/1471/1259 1285/1410/1262
f 1285/1410/1262 1218/1471/1259 1186/1367/1203 1249/1436/1202
f 1220/1473/1263 1285/1410/1262 1249/1436/1202 1184/1363/1201
f 1209/1394/1264 1221/1474/1265 1286/1411/1266 1223/1476/1267
f 1221/1474/1265 1203/1388/1188 1247/1433/1191 1286/1411/1266
f 1286/1411/1266 1247/1433/1191 1206/1391/1196 1222/1475/1268
f 1223/1476/1267 1286/1411/1266 1222/1475/1268 1210/1395/1269
f 1179/1353/1216 1224/1477/1270 1287/1412/1271 1256/1444/1217
f 1224/1477/1270 1198/1383/1179 1243/1429/1182 1287/1412/1271
f 1287/1412/1271 1243/1429/1182 1197/1382/1187 1225/1478/1272
f 1256/1444/1217 1287/1412/1271 1225/1478/1272 1181/1357/1218
f 1199/1384/1235 1265/1455/1234 1288/1413/1273 1226/1479/1274
f 1265/1455/1234 1198/1383/1179 1224/1477/1270 1288/1413/1273
f 1288/1413/1273 1224/1477/1270 1179/1353/1216 1269/1460/1238
f 1226/1479/1274 1288/1413/1273 1269/1460/1238 1190/1374/1242
f 1185/1365/1249 1227/1480/1275 1289/1414/1276 1216/1469/1257
f 1227/1480/1275 1201/1386/1205 1261/1450/1222 1289/1414/1276
f 1289/1414/1276 1261/1450/1222 1200/1385/1226 1228/1481/1277
f 1216/1469/1257 1289/1414/1276 1228/1481/1277 1187/1369/1258
f 1183/1361/1254 1229/1482/1278 1290/1415/1279 1215/1467/1252
f 1229/1482/1278 1202/1387/1197 1251/1438/1200 1290/1415/1279
f 1290/1415/1279 1251/1438/1200 1201/1386/1205 1227/1480/1275
f 1215/1467/1252 1290/1415/1279 1227/1480/1275 1185/1365/1249
f 1210/1395/1269 1222/1475/1268 1291/1416/1280 1231/1484/1281
f 1222/1475/1268 1206/1391/1196 1270/1461/1244 1291/1416/1280
f 1291/1416/1280 1270/1461/1244 1207/1392/1243 1230/1483/1282
f 1231/1484/1281 1291/1416/1280 1230/1483/1282 1211/1396/1283
f 1197/1382/1187 1242/1428/1186 1292/1417/1284 1233/1487/1285
f 1242/1428/1186 1182/1358/1185 1232/1485/1286 1292/1417/1284
f 1292/1417/1284 1232/1485/1286 1204/1389/1192 1244/1430/1189
f 1233/1487/1285 1292/1417/1284 1244/1430/1189 1203/1388/1188
f 1182/1359/1185 1254/1441/1211 1293/1418/1287 1232/1486/1286
f 1254/1441/1211 1191/1376/1210 1234/1488/1288 1293/1418/1287
f 1293/1418/1287 1234/1488/1288 1205/1390/1194 1245/1431/1193
f 1232/1486/1286 1293/1418/1287 1245/1431/1193 1204/1389/1192
f 1191/1376/1210 1220/1473/1263 1294/1419/1289 1234/1488/1288
f 1220/1473/1263 1184/1363/1201 1235/1489/1290 1294/1419/1289
f 1294/1419/1289 1235/1489/1290 1208/1393/1248 1271/1462/1247
f 1234/1488/1288 1294/1419/1289 1271/1462/1247 1205/1390/1194
f 1184/1362/1201 1248/1434/1198 1295/1420/1291 1235/1490/1290
f 1248/1434/1198 1202/1387/1197 1236/1491/1292 1295/1420/1291
f 1295/1420/1291 1236/1491/1292 1207/1392/1243 1212/1463/1246
f 1235/1490/1290 1295/1420/1291 1212/1463/1246 1208/1393/1248
f 1181/1357/1218 1225/1478/1272 1296/1421/1293 1237/1492/1294
f 1225/1478/1272 1197/1382/1187 1233/1487/1285 1296/1421/1293
f 1296/1421/1293 1233/1487/1285 1203/1388/1188 1221/1474/1265
f 1237/1492/1294 1296/1421/1293 1221/1474/1265 1209/1394/1264
f 1192/1377/1220 1257/1445/1219 1297/1422/1295 1238/1494/1296
f 1257/1445/1219 1181/1356/1218 1237/1493/1294 1297/1422/1295
f 1297/1422/1295 1237/1493/1294 1209/1394/1264 1223/1476/1267
f 1238/1494/1296 1297/1422/1295 1223/1476/1267 1210/1395/1269
f 1202/1387/1197 1229/1482/1278 1298/1423/1297 1236/1491/1292
f 1229/1482/1278 1183/1361/1254 1239/1495/1298 1298/1423/1297
f 1298/1423/1297 1239/1495/1298 1211/1396/1283 1230/1483/1282
f 1236/1491/1292 1298/1423/1297 1230/1483/1282 1207/1392/1243
f 1183/1360/1254 1214/1465/1253 1299/1424/1299 1239/1496/1298
f 1214/1465/1253 1192/1377/1220 1238/1494/1296 1299/1424/1299
f 1299/1424/1299 1238/1494/1296 1210/1395/1269 1231/1484/1281
f 1239/1496/1298 1299/1424/1299 1231/1484/1281 1211/1396/1283
g default
v 5.917675 0.000000 -3.276806
v 5.434839 0.000000 -3.759642
v 4.775272 0.000000 -3.936372
v 4.115705 0.000000 -3.759642
v 3.632869 0.000000 -3.276806
v 3.456139 0.000000 -2.617239
v 3.632869 0.000000 -1.957673
v 4.115705 0.000000 -1.474837
v 4.775272 0.000000 -1.298107
v 5.434839 0.000000 -1.474837
v 5.917675 0.000000 -1.957673
v 6.094405 0.000000 -2.617239
v 5.693727 1.256711 -3.147509
v 5.305542 1.256711 -3.535694
v 4.775273 1.256711 -3.677779
v 4.245002 1.256711 -3.535694
v 3.856817 1.256711 -3.147509
v 3.714732 1.256711 -2.617239
v 3.856817 1.256711 -2.086970
v 4.245002 1.256711 -1.698785
v 4.775272 1.256711 -1.556700
v 5.305542 1.256711 -1.698785
v 5.693726 1.256711 -2.086970
v 5.835812 1.256711 -2.617239
v 5.236746 2.459647 -2.883671
v 5.041704 2.459647 -3.078713
v 4.775272 2.966212 -2.617239
v 4.775272 2.459647 -3.150103
v 4.508841 2.459647 -3.078713
v 4.313798 2.459647 -2.883671
v 4.242408 2.459647 -2.617239
v 4.313798 2.459647 -2.350808
v 4.508840 2.459647 -2.155766
v 4.775273 2.459647 -2.084376
v 5.041703 2.459647 -2.155766
v 5.236746 2.459647 -2.350808
v 5.308136 2.459647 -2.617239
v 5.159636 2.450294 -3.001603
v 4.923850 2.766685 -2.874584
v 5.032617 2.766685 -2.765817
v 4.915959 2.450294 -3.142290
v 4.775272 2.766685 -2.914395
v 4.634586 2.450294 -3.142290
v 4.626694 2.766685 -2.874584
v 4.390909 2.450294 -3.001603
v 4.517928 2.766685 -2.765817
v 4.250222 2.450294 -2.757926
v 4.478116 2.766685 -2.617239
v 4.250222 2.450294 -2.476552
v 4.517927 2.766685 -2.468661
v 4.390909 2.450294 -2.232876
v 4.626694 2.766685 -2.359895
v 4.634586 2.450294 -2.092189
v 4.775272 2.766685 -2.320083
v 4.915959 2.450294 -2.092189
v 4.923850 2.766685 -2.359895
v 5.159636 2.450294 -2.232876
v 5.032617 2.766685 -2.468661
v 5.300323 2.450294 -2.476552
v 5.072428 2.766685 -2.617239
v 5.300323 2.450294 -2.757926
v 5.180477 1.912652 -3.319074
v 5.477107 1.912652 -3.022444
v 4.775272 1.912652 -3.427649
v 4.370068 1.912652 -3.319074
v 4.073437 1.912652 -3.022444
v 3.964863 1.912652 -2.617239
v 4.073436 1.912652 -2.212035
v 4.370068 1.912652 -1.915404
v 4.775272 1.912652 -1.806830
v 5.180477 1.912652 -1.915404
v 5.477107 1.912652 -2.212035
v 5.585681 1.912652 -2.617239
v 5.707480 0.000000 -3.549447
v 5.382274 0.622839 -3.668597
v 5.524736 1.256711 -3.366704
v 5.826629 0.622839 -3.224241
v 5.116484 0.000000 -3.890658
v 4.775271 0.622839 -3.831243
v 5.049594 1.256711 -3.641027
v 4.434060 0.000000 -3.890658
v 4.168271 0.622839 -3.668597
v 4.500949 1.256711 -3.641027
v 3.843064 0.000000 -3.549447
v 3.723914 0.622839 -3.224241
v 4.025807 1.256711 -3.366704
v 3.501853 0.000000 -2.958451
v 3.561269 0.622839 -2.617239
v 3.751484 1.256711 -2.891562
v 3.501853 0.000000 -2.276028
v 3.723914 0.622839 -2.010238
v 3.751484 1.256711 -2.342916
v 3.843064 0.000000 -1.685032
v 4.168271 0.622839 -1.565882
v 4.025807 1.256711 -1.867775
v 4.434060 0.000000 -1.343821
v 4.775271 0.622839 -1.403236
v 4.500948 1.256711 -1.593452
v 5.116484 0.000000 -1.343821
v 5.382274 0.622839 -1.565882
v 5.049595 1.256711 -1.593452
v 5.707480 0.000000 -1.685032
v 5.826629 0.622839 -2.010238
v 5.524736 1.256711 -1.867775
v 6.048691 0.000000 -2.276028
v 5.989275 0.622839 -2.617239
v 5.799059 1.256711 -2.342916
v 6.048691 0.000000 -2.958451
v 5.799059 1.256711 -2.891562
v 5.633187 0.622839 -3.475153
v 5.089290 0.622839 -3.789172
v 4.461254 0.622839 -3.789172
v 3.917358 0.622839 -3.475153
v 3.603339 0.622839 -2.931258
v 3.603339 0.622839 -2.303221
v 3.917357 0.622839 -1.759325
v 4.461254 0.622839 -1.445307
v 5.089290 0.622839 -1.445307
v 5.633187 0.622839 -1.759325
v 5.947205 0.622839 -2.303221
v 5.947205 0.622839 -2.931258
v 5.016460 2.729273 -2.858428
v 4.863554 2.729273 -2.946708
v 4.686992 2.729273 -2.946708
v 4.534084 2.729273 -2.858428
v 4.445803 2.729273 -2.705520
v 4.445803 2.729273 -2.528959
v 4.534084 2.729273 -2.376051
v 4.686992 2.729273 -2.287770
v 4.863554 2.729273 -2.287770
v 5.016460 2.729273 -2.376051
v 5.104742 2.729273 -2.528959
v 5.104742 2.729273 -2.705520
v 5.347973 1.912652 -3.189941
v 4.984895 1.912652 -3.399564
v 4.565649 1.912652 -3.399564
v 4.202570 1.912652 -3.189941
v 3.992947 1.912652 -2.826863
v 3.992947 1.912652 -2.407616
v 4.202570 1.912652 -2.044538
v 4.565649 1.912652 -1.834915
v 4.984895 1.912652 -1.834915
v 5.347973 1.912652 -2.044538
v 5.557597 1.912652 -2.407616
v 5.557597 1.912652 -2.826863
vt 0.236466 0.925135
vt 0.254930 0.907956
vt 0.276150 0.893454
vt 0.299734 0.882514
vt 0.325018 0.875730
vt 0.351202 0.873455
vt 0.377421 0.875821
vt 0.402807 0.882746
vt 0.426534 0.893926
vt 0.447892 0.908812
vt 0.466403 0.926576
vt 0.220591 0.943715
vt 0.482037 0.946052
vt 0.268378 0.956049
vt 0.282034 0.942744
vt 0.297543 0.931943
vt 0.314572 0.923980
vt 0.332675 0.919119
vt 0.351329 0.917530
vt 0.369972 0.919280
vt 0.388029 0.924328
vt 0.404949 0.932526
vt 0.420236 0.943623
vt 0.433494 0.957276
vt 0.446345 0.973615
vt 0.254800 0.971876
vt 0.039878 0.010313
vt 0.307756 0.987032
vt 0.045292 0.019690
vt 0.314511 0.980044
vt 0.025087 0.025104
vt 0.045292 0.030518
vt 0.322518 0.974367
vt 0.039878 0.039895
vt 0.331452 0.970174
vt 0.030501 0.045309
vt 0.341001 0.967597
vt 0.019674 0.045309
vt 0.350851 0.966719
vt 0.010297 0.039895
vt 0.360686 0.967570
vt 0.004883 0.030518
vt 0.370186 0.970126
vt 0.004883 0.019690
vt 0.379028 0.974312
vt 0.010297 0.010313
vt 0.386885 0.980001
vt 0.019674 0.004899
vt 0.393402 0.987016
vt 0.030501 0.004899
vt 0.398159 0.995117
vt 0.302624 0.995117
vt 0.259753 0.932670
vt 0.277149 0.918532
vt 0.296656 0.907364
vt 0.317818 0.899660
vt 0.340030 0.895757
vt 0.362608 0.895830
vt 0.384834 0.899897
vt 0.406004 0.907820
vt 0.425475 0.919295
vt 0.442723 0.933850
vt 0.457464 0.950830
vt 0.244662 0.949102
vt 0.036753 0.018369
vt 0.038557 0.025104
vt 0.036753 0.031839
vt 0.031822 0.036769
vt 0.025088 0.038574
vt 0.018353 0.036769
vt 0.013422 0.031839
vt 0.011618 0.025104
vt 0.013422 0.018369
vt 0.018353 0.013439
vt 0.025087 0.011634
vt 0.031822 0.013439
vt 0.292471 0.966167
vt 0.303636 0.956783
vt 0.316178 0.949507
vt 0.329743 0.944542
vt 0.343938 0.942040
vt 0.358336 0.942083
vt 0.372495 0.944679
vt 0.385973 0.949762
vt 0.398346 0.957189
vt 0.409221 0.966757
vt 0.418245 0.978207
vt 0.282992 0.977427
vt 0.245698 0.916545
vt 0.268165 0.925266
vt 0.274960 0.949107
vt 0.251918 0.940648
vt 0.265540 0.900705
vt 0.286662 0.912541
vt 0.289576 0.937009
vt 0.287942 0.887984
vt 0.307065 0.903053
vt 0.305894 0.927589
vt 0.312376 0.879122
vt 0.328834 0.897218
vt 0.323521 0.921150
vt 0.338110 0.874593
vt 0.351318 0.895290
vt 0.341968 0.917910
vt 0.364311 0.874638
vt 0.373809 0.897368
vt 0.360688 0.917989
vt 0.390114 0.879284
vt 0.395594 0.903390
vt 0.379109 0.921399
vt 0.414670 0.888336
vt 0.415990 0.913138
vt 0.396664 0.928047
vt 0.437213 0.901369
vt 0.434404 0.926223
vt 0.412823 0.937732
vt 0.457147 0.917694
vt 0.450416 0.942084
vt 0.427136 0.950155
vt 0.474220 0.936314
vt 0.464191 0.959833
vt 0.237695 0.957796
vt 0.439282 0.964933
vt 0.228528 0.934425
vt 0.262311 0.963522
vt 0.042585 0.015002
vt 0.311133 0.983538
vt 0.036422 0.022067
vt 0.033385 0.016806
vt 0.045292 0.025104
vt 0.318514 0.977206
vt 0.036422 0.028141
vt 0.042585 0.035206
vt 0.326985 0.972271
vt 0.033385 0.033402
vt 0.035190 0.042602
vt 0.336226 0.968886
vt 0.028125 0.036439
vt 0.025088 0.045309
vt 0.345926 0.967158
vt 0.022050 0.036439
vt 0.014985 0.042602
vt 0.355769 0.967145
vt 0.016790 0.033402
vt 0.007590 0.035206
vt 0.365436 0.968848
vt 0.013753 0.028141
vt 0.004883 0.025104
vt 0.374607 0.972219
vt 0.013753 0.022067
vt 0.007590 0.015002
vt 0.382956 0.977157
vt 0.016790 0.016806
vt 0.014985 0.007606
vt 0.390143 0.983509
vt 0.022050 0.013769
vt 0.025087 0.004899
vt 0.395780 0.991067
vt 0.028125 0.013769
vt 0.035190 0.007606
vt 0.305190 0.991074
vt 0.297861 0.961225
vt 0.287502 0.971577
vt 0.309756 0.952867
vt 0.322856 0.946724
vt 0.336788 0.942976
vt 0.351139 0.941740
vt 0.365473 0.943064
vt 0.379346 0.946916
vt 0.392323 0.953193
vt 0.403995 0.961720
vt 0.413985 0.972265
vt 0.422252 0.984366
vt 0.278712 0.983497
vn 0.853946 0.166437 -0.493026
vn 0.697256 0.166340 -0.697255
vn 0.692963 0.199012 -0.692962
vn 0.848686 0.199107 -0.489989
vn 0.493026 0.166437 -0.853946
vn 0.489989 0.199107 -0.848686
vn 0.478332 0.291196 -0.828495
vn 0.676486 0.291089 -0.676486
vn 0.828495 0.291196 -0.478332
vn 0.255213 0.166340 -0.952469
vn 0.253642 0.199012 -0.946605
vn 0.000000 0.166437 -0.986052
vn -0.000000 0.199107 -0.979978
vn 0.000000 0.291196 -0.956663
vn 0.247611 0.291088 -0.924098
vn -0.255213 0.166340 -0.952469
vn -0.253642 0.199012 -0.946604
vn -0.493026 0.166437 -0.853946
vn -0.489989 0.199106 -0.848686
vn -0.478332 0.291195 -0.828495
vn -0.247611 0.291088 -0.924098
vn -0.697256 0.166340 -0.697256
vn -0.692962 0.199012 -0.692963
vn -0.853946 0.166437 -0.493026
vn -0.848686 0.199107 -0.489989
vn -0.828495 0.291196 -0.478332
vn -0.676486 0.291088 -0.676486
vn -0.952469 0.166340 -0.255213
vn -0.946605 0.199012 -0.253641
vn -0.986052 0.166437 0.000000
vn -0.979978 0.199107 0.000000
vn -0.956664 0.291196 0.000000
vn -0.924098 0.291089 -0.247611
vn -0.952469 0.166340 0.255213
vn -0.946605 0.199012 0.253641
vn -0.853947 0.166436 0.493026
vn -0.848686 0.199106 0.489989
vn -0.828495 0.291196 0.478332
vn -0.924098 0.291088 0.247610
vn -0.697256 0.166339 0.697256
vn -0.692962 0.199012 0.692963
vn -0.493026 0.166437 0.853946
vn -0.489988 0.199107 0.848686
vn -0.478331 0.291195 0.828495
vn -0.676486 0.291088 0.676487
vn -0.255213 0.166340 0.952469
vn -0.253642 0.199012 0.946605
vn 0.000000 0.166437 0.986052
vn -0.000000 0.199107 0.979978
vn 0.000000 0.291196 0.956663
vn -0.247611 0.291089 0.924097
vn 0.255213 0.166340 0.952469
vn 0.253642 0.199012 0.946605
vn 0.493025 0.166437 0.853947
vn 0.489988 0.199107 0.848686
vn 0.478332 0.291196 0.828495
vn 0.247611 0.291088 0.924098
vn 0.697256 0.166340 0.697255
vn 0.692963 0.199012 0.692962
vn 0.853946 0.166436 0.493026
vn 0.848686 0.199107 0.489989
vn 0.828495 0.291196 0.478332
vn 0.676487 0.291088 0.676486
vn 0.952469 0.166340 0.255213
vn 0.946604 0.199012 0.253642
vn 0.986052 0.166438 -0.000000
vn 0.979978 0.199107 0.000000
vn 0.956663 0.291196 0.000000
vn 0.924097 0.291088 0.247612
vn 0.952469 0.166340 -0.255213
vn 0.946604 0.199012 -0.253642
vn 0.924098 0.291088 -0.247611
vn 0.754407 0.491079 -0.435558
vn 0.617577 0.487029 -0.617577
vn 0.530899 0.660526 -0.530898
vn 0.576162 0.746581 -0.332647
vn 0.435557 0.491079 -0.754408
vn 0.332648 0.746580 -0.576162
vn -0.000000 1.000000 -0.000000
vn 0.226049 0.487028 -0.843626
vn 0.194321 0.660524 -0.725222
vn -0.000000 0.491079 -0.871115
vn -0.000000 0.746580 -0.665295
vn -0.226049 0.487029 -0.843626
vn -0.194320 0.660525 -0.725221
vn -0.435556 0.491080 -0.754408
vn -0.332647 0.746581 -0.576163
vn -0.617577 0.487029 -0.617577
vn -0.530899 0.660525 -0.530898
vn -0.754407 0.491079 -0.435558
vn -0.576162 0.746581 -0.332648
vn -0.843626 0.487029 -0.226050
vn -0.725220 0.660525 -0.194325
vn -0.871115 0.491079 -0.000000
vn -0.665295 0.746581 -0.000001
vn -0.843626 0.487029 0.226049
vn -0.725221 0.660525 0.194324
vn -0.754408 0.491079 0.435557
vn -0.576163 0.746580 0.332648
vn -0.617577 0.487029 0.617577
vn -0.530899 0.660525 0.530899
vn -0.435557 0.491079 0.754408
vn -0.332647 0.746581 0.576163
vn -0.226048 0.487028 0.843627
vn -0.194322 0.660526 0.725221
vn 0.000000 0.491079 0.871115
vn 0.000000 0.746581 0.665294
vn 0.226049 0.487028 0.843626
vn 0.194323 0.660525 0.725221
vn 0.435557 0.491079 0.754408
vn 0.332648 0.746580 0.576163
vn 0.617577 0.487028 0.617577
vn 0.530898 0.660526 0.530899
vn 0.754408 0.491079 0.435558
vn 0.576163 0.746581 0.332647
vn 0.843626 0.487028 0.226049
vn 0.725221 0.660525 0.194321
vn 0.871115 0.491079 0.000000
vn 0.665294 0.746581 0.000000
vn 0.843626 0.487029 -0.226049
vn 0.725221 0.660525 -0.194321
vn 0.650883 0.390772 -0.650883
vn 0.797321 0.390347 -0.460334
vn 0.460334 0.390347 -0.797322
vn 0.238240 0.390772 -0.889123
vn -0.000000 0.390347 -0.920668
vn -0.238240 0.390772 -0.889123
vn -0.460333 0.390348 -0.797322
vn -0.650883 0.390773 -0.650883
vn -0.797322 0.390347 -0.460334
vn -0.889122 0.390772 -0.238240
vn -0.920668 0.390347 -0.000000
vn -0.889123 0.390772 0.238239
vn -0.797322 0.390347 0.460334
vn -0.650882 0.390772 0.650883
vn -0.460333 0.390347 0.797322
vn -0.238239 0.390772 0.889123
vn -0.000000 0.390347 0.920668
vn 0.238239 0.390772 0.889123
vn 0.460334 0.390347 0.797322
vn 0.650884 0.390772 0.650883
vn 0.797322 0.390347 0.460334
vn 0.889122 0.390772 0.238241
vn 0.920668 0.390347 0.000000
vn 0.889122 0.390772 -0.238240
s 1
g PiedrasHP Piedra22
usemtl initialShadingGroup
f 1300/1497/1300 1373/1585/1301 1409/1549/1302 1376/1588/1303
f 1373/1585/1301 1301/1498/1304 1374/1586/1305 1409/1549/1302
f 1409/1549/1302 1374/1586/1305 1313/1511/1306 1375/1587/1307
f 1376/1588/1303 1409/1549/1302 1375/1587/1307 1312/1510/1308
f 1301/1498/1304 1377/1589/1309 1410/1550/1310 1374/1586/1305
f 1377/1589/1309 1302/1499/1311 1378/1590/1312 1410/1550/1310
f 1410/1550/1310 1378/1590/1312 1314/1512/1313 1379/1591/1314
f 1374/1586/1305 1410/1550/1310 1379/1591/1314 1313/1511/1306
f 1302/1499/1311 1380/1592/1315 1411/1551/1316 1378/1590/1312
f 1380/1592/1315 1303/1500/1317 1381/1593/1318 1411/1551/1316
f 1411/1551/1316 1381/1593/1318 1315/1513/1319 1382/1594/1320
f 1378/1590/1312 1411/1551/1316 1382/1594/1320 1314/1512/1313
f 1303/1500/1317 1383/1595/1321 1412/1552/1322 1381/1593/1318
f 1383/1595/1321 1304/1501/1323 1384/1596/1324 1412/1552/1322
f 1412/1552/1322 1384/1596/1324 1316/1514/1325 1385/1597/1326
f 1381/1593/1318 1412/1552/1322 1385/1597/1326 1315/1513/1319
f 1304/1501/1323 1386/1598/1327 1413/1553/1328 1384/1596/1324
f 1386/1598/1327 1305/1502/1329 1387/1599/1330 1413/1553/1328
f 1413/1553/1328 1387/1599/1330 1317/1515/1331 1388/1600/1332
f 1384/1596/1324 1413/1553/1328 1388/1600/1332 1316/1514/1325
f 1305/1502/1329 1389/1601/1333 1414/1554/1334 1387/1599/1330
f 1389/1601/1333 1306/1503/1335 1390/1602/1336 1414/1554/1334
f 1414/1554/1334 1390/1602/1336 1318/1516/1337 1391/1603/1338
f 1387/1599/1330 1414/1554/1334 1391/1603/1338 1317/1515/1331
f 1306/1503/1335 1392/1604/1339 1415/1555/1340 1390/1602/1336
f 1392/1604/1339 1307/1504/1341 1393/1605/1342 1415/1555/1340
f 1415/1555/1340 1393/1605/1342 1319/1517/1343 1394/1606/1344
f 1390/1602/1336 1415/1555/1340 1394/1606/1344 1318/1516/1337
f 1307/1504/1341 1395/1607/1345 1416/1556/1346 1393/1605/1342
f 1395/1607/1345 1308/1505/1347 1396/1608/1348 1416/1556/1346
f 1416/1556/1346 1396/1608/1348 1320/1518/1349 1397/1609/1350
f 1393/1605/1342 1416/1556/1346 1397/1609/1350 1319/1517/1343
f 1308/1505/1347 1398/1610/1351 1417/1557/1352 1396/1608/1348
f 1398/1610/1351 1309/1506/1353 1399/1611/1354 1417/1557/1352
f 1417/1557/1352 1399/1611/1354 1321/1519/1355 1400/1612/1356
f 1396/1608/1348 1417/1557/1352 1400/1612/1356 1320/1518/1349
f 1309/1506/1353 1401/1613/1357 1418/1558/1358 1399/1611/1354
f 1401/1613/1357 1310/1507/1359 1402/1614/1360 1418/1558/1358
f 1418/1558/1358 1402/1614/1360 1322/1520/1361 1403/1615/1362
f 1399/1611/1354 1418/1558/1358 1403/1615/1362 1321/1519/1355
f 1310/1507/1359 1404/1616/1363 1419/1559/1364 1402/1614/1360
f 1404/1616/1363 1311/1509/1365 1405/1617/1366 1419/1559/1364
f 1419/1559/1364 1405/1617/1366 1323/1521/1367 1406/1619/1368
f 1402/1614/1360 1419/1559/1364 1406/1619/1368 1322/1520/1361
f 1311/1508/1365 1407/1620/1369 1420/1560/1370 1405/1618/1366
f 1407/1620/1369 1300/1497/1300 1376/1588/1303 1420/1560/1370
f 1420/1560/1370 1376/1588/1303 1312/1510/1308 1408/1621/1371
f 1405/1618/1366 1420/1560/1370 1408/1621/1371 1323/1522/1367
f 1324/1523/1372 1337/1622/1373 1421/1561/1374 1339/1625/1375
f 1325/1525/1376 1338/1624/1377 1421/1561/1374 1337/1622/1373
f 1326/1527/1378 1339/1625/1375 1421/1561/1374 1338/1624/1377
f 1325/1525/1376 1340/1626/1379 1422/1562/1380 1338/1624/1377
f 1327/1528/1381 1341/1628/1382 1422/1562/1380 1340/1626/1379
f 1326/1527/1378 1338/1624/1377 1422/1562/1380 1341/1628/1382
f 1327/1528/1381 1342/1629/1383 1423/1563/1384 1341/1628/1382
f 1328/1530/1385 1343/1631/1386 1423/1563/1384 1342/1629/1383
f 1326/1527/1378 1341/1628/1382 1423/1563/1384 1343/1631/1386
f 1328/1530/1385 1344/1632/1387 1424/1564/1388 1343/1631/1386
f 1329/1532/1389 1345/1634/1390 1424/1564/1388 1344/1632/1387
f 1326/1527/1378 1343/1631/1386 1424/1564/1388 1345/1634/1390
f 1329/1532/1389 1346/1635/1391 1425/1565/1392 1345/1634/1390
f 1330/1534/1393 1347/1637/1394 1425/1565/1392 1346/1635/1391
f 1326/1527/1378 1345/1634/1390 1425/1565/1392 1347/1637/1394
f 1330/1534/1393 1348/1638/1395 1426/1566/1396 1347/1637/1394
f 1331/1536/1397 1349/1640/1398 1426/1566/1396 1348/1638/1395
f 1326/1527/1378 1347/1637/1394 1426/1566/1396 1349/1640/1398
f 1331/1536/1397 1350/1641/1399 1427/1567/1400 1349/1640/1398
f 1332/1538/1401 1351/1643/1402 1427/1567/1400 1350/1641/1399
f 1326/1527/1378 1349/1640/1398 1427/1567/1400 1351/1643/1402
f 1332/1538/1401 1352/1644/1403 1428/1568/1404 1351/1643/1402
f 1333/1540/1405 1353/1646/1406 1428/1568/1404 1352/1644/1403
f 1326/1527/1378 1351/1643/1402 1428/1568/1404 1353/1646/1406
f 1333/1540/1405 1354/1647/1407 1429/1569/1408 1353/1646/1406
f 1334/1542/1409 1355/1649/1410 1429/1569/1408 1354/1647/1407
f 1326/1527/1378 1353/1646/1406 1429/1569/1408 1355/1649/1410
f 1334/1542/1409 1356/1650/1411 1430/1570/1412 1355/1649/1410
f 1335/1544/1413 1357/1652/1414 1430/1570/1412 1356/1650/1411
f 1326/1527/1378 1355/1649/1410 1430/1570/1412 1357/1652/1414
f 1335/1544/1413 1358/1653/1415 1431/1571/1416 1357/1652/1414
f 1336/1546/1417 1359/1655/1418 1431/1571/1416 1358/1653/1415
f 1326/1527/1378 1357/1652/1414 1431/1571/1416 1359/1655/1418
f 1336/1546/1417 1360/1656/1419 1432/1572/1420 1359/1655/1418
f 1324/1523/1372 1339/1625/1375 1432/1572/1420 1360/1656/1419
f 1326/1527/1378 1359/1655/1418 1432/1572/1420 1339/1625/1375
f 1312/1510/1308 1375/1587/1307 1433/1573/1421 1362/1659/1422
f 1375/1587/1307 1313/1511/1306 1361/1658/1423 1433/1573/1421
f 1433/1573/1421 1361/1658/1423 1325/1526/1376 1337/1623/1373
f 1362/1659/1422 1433/1573/1421 1337/1623/1373 1324/1524/1372
f 1313/1511/1306 1379/1591/1314 1434/1574/1424 1361/1658/1423
f 1379/1591/1314 1314/1512/1313 1363/1660/1425 1434/1574/1424
f 1434/1574/1424 1363/1660/1425 1327/1529/1381 1340/1627/1379
f 1361/1658/1423 1434/1574/1424 1340/1627/1379 1325/1526/1376
f 1314/1512/1313 1382/1594/1320 1435/1575/1426 1363/1660/1425
f 1382/1594/1320 1315/1513/1319 1364/1661/1427 1435/1575/1426
f 1435/1575/1426 1364/1661/1427 1328/1531/1385 1342/1630/1383
f 1363/1660/1425 1435/1575/1426 1342/1630/1383 1327/1529/1381
f 1315/1513/1319 1385/1597/1326 1436/1576/1428 1364/1661/1427
f 1385/1597/1326 1316/1514/1325 1365/1662/1429 1436/1576/1428
f 1436/1576/1428 1365/1662/1429 1329/1533/1389 1344/1633/1387
f 1364/1661/1427 1436/1576/1428 1344/1633/1387 1328/1531/1385
f 1316/1514/1325 1388/1600/1332 1437/1577/1430 1365/1662/1429
f 1388/1600/1332 1317/1515/1331 1366/1663/1431 1437/1577/1430
f 1437/1577/1430 1366/1663/1431 1330/1535/1393 1346/1636/1391
f 1365/1662/1429 1437/1577/1430 1346/1636/1391 1329/1533/1389
f 1317/1515/1331 1391/1603/1338 1438/1578/1432 1366/1663/1431
f 1391/1603/1338 1318/1516/1337 1367/1664/1433 1438/1578/1432
f 1438/1578/1432 1367/1664/1433 1331/1537/1397 1348/1639/1395
f 1366/1663/1431 1438/1578/1432 1348/1639/1395 1330/1535/1393
f 1318/1516/1337 1394/1606/1344 1439/1579/1434 1367/1664/1433
f 1394/1606/1344 1319/1517/1343 1368/1665/1435 1439/1579/1434
f 1439/1579/1434 1368/1665/1435 1332/1539/1401 1350/1642/1399
f 1367/1664/1433 1439/1579/1434 1350/1642/1399 1331/1537/1397
f 1319/1517/1343 1397/1609/1350 1440/1580/1436 1368/1665/1435
f 1397/1609/1350 1320/1518/1349 1369/1666/1437 1440/1580/1436
f 1440/1580/1436 1369/1666/1437 1333/1541/1405 1352/1645/1403
f 1368/1665/1435 1440/1580/1436 1352/1645/1403 1332/1539/1401
f 1320/1518/1349 1400/1612/1356 1441/1581/1438 1369/1666/1437
f 1400/1612/1356 1321/1519/1355 1370/1667/1439 1441/1581/1438
f 1441/1581/1438 1370/1667/1439 1334/1543/1409 1354/1648/1407
f 1369/1666/1437 1441/1581/1438 1354/1648/1407 1333/1541/1405
f 1321/1519/1355 1403/1615/1362 1442/1582/1440 1370/1667/1439
f 1403/1615/1362 1322/1520/1361 1371/1668/1441 1442/1582/1440
f 1442/1582/1440 1371/1668/1441 1335/1545/1413 1356/1651/1411
f 1370/1667/1439 1442/1582/1440 1356/1651/1411 1334/1543/1409
f 1322/1520/1361 1406/1619/1368 1443/1583/1442 1371/1668/1441
f 1406/1619/1368 1323/1521/1367 1372/1669/1443 1443/1583/1442
f 1443/1583/1442 1372/1669/1443 1336/1547/1417 1358/1654/1415
f 1371/1668/1441 1443/1583/1442 1358/1654/1415 1335/1545/1413
f 1323/1522/1367 1408/1621/1371 1444/1584/1444 1372/1670/1443
f 1408/1621/1371 1312/1510/1308 1362/1659/1422 1444/1584/1444
f 1444/1584/1444 1362/1659/1422 1324/1524/1372 1360/1657/1419
f 1372/1670/1443 1444/1584/1444 1360/1657/1419 1336/1548/1417
g default
v 4.959664 0.000000 -7.410677
v 4.536601 0.000000 -7.833740
v 3.958684 0.000000 -7.988592
v 3.380769 0.000000 -7.833740
v 2.957705 0.000000 -7.410677
v 2.802854 0.000000 -6.832761
v 2.957705 0.000000 -6.254846
v 3.380769 0.000000 -5.831782
v 3.958684 0.000000 -5.676930
v 4.536601 0.000000 -5.831782
v 4.959664 0.000000 -6.254846
v 5.114516 0.000000 -6.832761
v 4.603372 2.160794 -7.232506
v 4.326349 2.075734 -7.525140
v 3.947927 1.959541 -7.632251
v 3.569506 1.843347 -7.525140
v 3.292482 1.758287 -7.232506
v 3.191084 1.727153 -6.832761
v 3.292482 1.758287 -6.433016
v 3.569506 1.843347 -6.140382
v 3.947927 1.959541 -6.033271
v 4.326348 2.075735 -6.140382
v 4.603373 2.160794 -6.433016
v 4.704770 2.191928 -6.832761
v 4.123266 3.810175 -6.990437
v 4.016603 3.766133 -7.105864
v 3.769401 4.454705 -6.832761
v 3.870897 3.705969 -7.148112
v 3.725191 3.645806 -7.105864
v 3.618527 3.601763 -6.990437
v 3.579486 3.585642 -6.832761
v 3.618527 3.601763 -6.675086
v 3.725191 3.645806 -6.559659
v 3.870897 3.705969 -6.517410
v 4.016603 3.766133 -6.559659
v 4.123266 3.810175 -6.675086
v 4.162308 3.826296 -6.832761
v 4.083179 3.778615 -7.059806
v 3.896021 4.186655 -6.971087
v 3.949711 4.209792 -6.912623
v 3.950180 3.723654 -7.142910
v 3.822678 4.155050 -6.992485
v 3.796608 3.660191 -7.142910
v 3.749336 4.123445 -6.971087
v 3.663609 3.605231 -7.059806
v 3.695646 4.100308 -6.912623
v 3.586823 3.573499 -6.915865
v 3.675994 4.091840 -6.832761
v 3.586823 3.573499 -6.749657
v 3.695646 4.100308 -6.752899
v 3.663610 3.605231 -6.605716
v 3.749336 4.123445 -6.694436
v 3.796608 3.660191 -6.522612
v 3.822678 4.155050 -6.673037
v 3.950180 3.723654 -6.522612
v 3.896021 4.186655 -6.694436
v 4.083179 3.778615 -6.605716
v 3.949711 4.209792 -6.752899
v 4.159965 3.810346 -6.749657
v 3.969363 4.218260 -6.832761
v 4.159965 3.810346 -6.915865
v 4.172425 3.020729 -7.310227
v 4.360393 3.094043 -7.108427
v 3.915656 2.920579 -7.384091
v 3.658886 2.820429 -7.310227
v 3.470917 2.747114 -7.108427
v 3.402117 2.720279 -6.832761
v 3.470917 2.747114 -6.557096
v 3.658886 2.820429 -6.355294
v 3.915655 2.920578 -6.281430
v 4.172425 3.020729 -6.355294
v 4.360393 3.094043 -6.557096
v 4.429194 3.120878 -6.832761
v 4.775490 0.000000 -7.649566
v 4.441234 1.056442 -7.691563
v 4.482775 2.123765 -7.397747
v 4.794485 1.109827 -7.328590
v 4.257657 0.000000 -7.948538
v 3.958685 0.983517 -7.824420
v 4.143695 2.019651 -7.604546
v 3.659713 0.000000 -7.948538
v 3.476135 0.910592 -7.691563
v 3.752159 1.899431 -7.604546
v 3.141879 0.000000 -7.649566
v 3.122884 0.857207 -7.328590
v 3.413080 1.795317 -7.397747
v 2.842908 0.000000 -7.131732
v 2.993586 0.837667 -6.832761
v 3.217312 1.735206 -7.039560
v 2.842908 0.000000 -6.533790
v 3.122884 0.857207 -6.336932
v 3.217312 1.735206 -6.625962
v 3.141879 0.000000 -6.015956
v 3.476135 0.910592 -5.973960
v 3.413080 1.795317 -6.267776
v 3.659713 0.000000 -5.716985
v 3.958685 0.983517 -5.841103
v 3.752160 1.899431 -6.060977
v 4.257657 0.000000 -5.716985
v 4.441234 1.056442 -5.973960
v 4.143695 2.019651 -6.060977
v 4.775490 0.000000 -6.015956
v 4.794485 1.109827 -6.336932
v 4.482775 2.123765 -6.267776
v 5.074461 0.000000 -6.533790
v 4.923784 1.129367 -6.832761
v 4.678542 2.183875 -6.625962
v 5.074461 0.000000 -7.131732
v 4.678542 2.183875 -7.039560
v 4.640703 1.086586 -7.533548
v 4.208321 1.021243 -7.790054
v 3.709049 0.945791 -7.790054
v 3.276666 0.880447 -7.533548
v 3.027030 0.842721 -7.089267
v 3.027030 0.842721 -6.576255
v 3.276666 0.880447 -6.131974
v 3.709049 0.945791 -5.875468
v 4.208321 1.021243 -5.875468
v 4.640703 1.086586 -6.131974
v 4.890339 1.124312 -6.576255
v 4.890339 1.124312 -7.089267
v 3.951725 4.150169 -6.962402
v 3.876246 4.117643 -7.009854
v 3.789090 4.080086 -7.009854
v 3.713610 4.047560 -6.962402
v 3.670033 4.028781 -6.880213
v 3.670033 4.028781 -6.785309
v 3.713610 4.047560 -6.703120
v 3.789090 4.080086 -6.655668
v 3.876246 4.117643 -6.655668
v 3.951725 4.150169 -6.703120
v 3.995303 4.168948 -6.785309
v 3.995303 4.168948 -6.880213
v 4.278564 3.062127 -7.222377
v 4.048490 2.972389 -7.364986
v 3.782822 2.868768 -7.364986
v 3.552747 2.779030 -7.222377
v 3.419913 2.727220 -6.975370
v 3.419913 2.727220 -6.690152
v 3.552747 2.779030 -6.443146
v 3.782822 2.868768 -6.300536
v 4.048489 2.972389 -6.300536
v 4.278564 3.062127 -6.443146
v 4.411397 3.113937 -6.690152
v 4.411397 3.113937 -6.975370
vt 0.022466 0.875003
vt 0.041320 0.864478
vt 0.061253 0.855867
vt 0.082027 0.849368
vt 0.103411 0.845266
vt 0.125133 0.843895
vt 0.146855 0.845266
vt 0.168238 0.849368
vt 0.189012 0.855867
vt 0.208945 0.864478
vt 0.227800 0.875003
vt 0.004883 0.887219
vt 0.245382 0.887219
vt 0.063619 0.938537
vt 0.074233 0.928702
vt 0.085302 0.919502
vt 0.097421 0.911773
vt 0.110830 0.906526
vt 0.125133 0.904651
vt 0.139435 0.906526
vt 0.152844 0.911773
vt 0.164963 0.919502
vt 0.176032 0.928702
vt 0.186646 0.938537
vt 0.197335 0.951155
vt 0.052930 0.951155
vt 0.121792 0.008906
vt 0.104529 0.989690
vt 0.125904 0.015846
vt 0.107824 0.985808
vt 0.111120 0.018708
vt 0.126091 0.023957
vt 0.111377 0.982130
vt 0.122192 0.031197
vt 0.115441 0.979018
vt 0.115062 0.035555
vt 0.120093 0.976903
vt 0.106615 0.035645
vt 0.125133 0.976155
vt 0.099329 0.031370
vt 0.130172 0.976903
vt 0.095306 0.024045
vt 0.134824 0.979018
vt 0.095520 0.015825
vt 0.138888 0.982130
vt 0.099712 0.008879
vt 0.142441 0.985808
vt 0.106729 0.004899
vt 0.145737 0.989690
vt 0.114793 0.004899
vt 0.149013 0.993531
vt 0.101252 0.993531
vt 0.050378 0.902467
vt 0.065350 0.892390
vt 0.081204 0.883804
vt 0.098139 0.877405
vt 0.116010 0.873953
vt 0.134255 0.873953
vt 0.152127 0.877405
vt 0.169061 0.883804
vt 0.184915 0.892391
vt 0.199887 0.902467
vt 0.214275 0.913494
vt 0.035990 0.913494
vt 0.119625 0.014412
vt 0.121058 0.019429
vt 0.119821 0.024546
vt 0.116144 0.028412
vt 0.110952 0.029895
vt 0.105708 0.028500
vt 0.101938 0.024634
vt 0.100668 0.019452
vt 0.102137 0.014396
vt 0.105873 0.010755
vt 0.110900 0.009428
vt 0.115921 0.010764
vt 0.087520 0.961471
vt 0.094507 0.954289
vt 0.102088 0.947782
vt 0.110663 0.942726
vt 0.120180 0.939928
vt 0.130085 0.939928
vt 0.139602 0.942726
vt 0.148177 0.947782
vt 0.155758 0.954289
vt 0.162745 0.961471
vt 0.169667 0.968744
vt 0.080598 0.968743
vt 0.031893 0.869740
vt 0.057774 0.897281
vt 0.068906 0.933581
vt 0.043129 0.907890
vt 0.051287 0.860172
vt 0.073147 0.887873
vt 0.079671 0.923974
vt 0.071640 0.852617
vt 0.089531 0.880282
vt 0.091207 0.915391
vt 0.092719 0.847317
vt 0.106981 0.875264
vt 0.103980 0.908779
vt 0.114272 0.844581
vt 0.125133 0.873505
vt 0.117921 0.905133
vt 0.135994 0.844581
vt 0.143285 0.875265
vt 0.132344 0.905133
vt 0.157546 0.847317
vt 0.160734 0.880282
vt 0.146286 0.908779
vt 0.178625 0.852617
vt 0.177118 0.887873
vt 0.159058 0.915391
vt 0.198978 0.860172
vt 0.192491 0.897281
vt 0.170594 0.923974
vt 0.218372 0.869740
vt 0.207137 0.907890
vt 0.181359 0.933581
vt 0.236591 0.881111
vt 0.221358 0.919187
vt 0.028907 0.919187
vt 0.191965 0.943498
vt 0.013674 0.881111
vt 0.058300 0.943497
vt 0.123848 0.012376
vt 0.106176 0.987749
vt 0.119441 0.017043
vt 0.117129 0.013142
vt 0.125997 0.019901
vt 0.109600 0.983969
vt 0.119537 0.021605
vt 0.124142 0.027577
vt 0.113409 0.980574
vt 0.117334 0.025660
vt 0.118627 0.033376
vt 0.117767 0.977961
vt 0.113334 0.028087
vt 0.110838 0.035600
vt 0.122613 0.976529
vt 0.108613 0.028131
vt 0.102972 0.033508
vt 0.127652 0.976529
vt 0.104539 0.025747
vt 0.097318 0.027708
vt 0.132498 0.977961
vt 0.102273 0.021654
vt 0.095413 0.019935
vt 0.136856 0.980574
vt 0.102376 0.017040
vt 0.097616 0.012352
vt 0.140665 0.983969
vt 0.104725 0.013129
vt 0.103220 0.006889
vt 0.144089 0.987749
vt 0.108670 0.010892
vt 0.110761 0.004899
vt 0.147375 0.991611
vt 0.113199 0.010894
vt 0.118292 0.006903
vt 0.102890 0.991611
vt 0.090974 0.957839
vt 0.084082 0.965126
vt 0.098189 0.950908
vt 0.106236 0.945019
vt 0.115325 0.940998
vt 0.125133 0.939557
vt 0.134940 0.940998
vt 0.144029 0.945019
vt 0.152076 0.950908
vt 0.159291 0.957839
vt 0.166183 0.965126
vt 0.173174 0.972343
vt 0.077091 0.972343
vn 0.855236 0.163768 -0.491682
vn 0.698583 0.161341 -0.697102
vn 0.693823 0.176785 -0.698110
vn 0.851776 0.179380 -0.492240
vn 0.492693 0.160001 -0.855367
vn 0.485697 0.174951 -0.856441
vn 0.463525 0.223898 -0.857330
vn 0.676940 0.228335 -0.699725
vn 0.838321 0.232226 -0.493244
vn 0.251067 0.160747 -0.954529
vn 0.241254 0.174665 -0.954615
vn -0.008560 0.165129 -0.986235
vn -0.020778 0.177322 -0.983934
vn -0.053452 0.215141 -0.975119
vn 0.212949 0.219100 -0.952181
vn -0.266902 0.173133 -0.948045
vn -0.280100 0.182877 -0.942391
vn -0.504108 0.184592 -0.843683
vn -0.515952 0.191294 -0.834985
vn -0.544186 0.210810 -0.812047
vn -0.313114 0.212143 -0.925719
vn -0.703543 0.197329 -0.682707
vn -0.712276 0.200783 -0.672569
vn -0.852729 0.209341 -0.478571
vn -0.857514 0.209863 -0.469709
vn -0.868241 0.211217 -0.448938
vn -0.732125 0.210523 -0.647822
vn -0.944476 0.217641 -0.246165
vn -0.946169 0.216118 -0.240949
vn -0.975323 0.220782 0.000000
vn -0.975830 0.218530 0.000000
vn -0.977225 0.212207 0.000000
vn -0.950070 0.211791 -0.229153
vn -0.944476 0.217641 0.246165
vn -0.946169 0.216118 0.240950
vn -0.852728 0.209340 0.478572
vn -0.857514 0.209863 0.469710
vn -0.868240 0.211217 0.448939
vn -0.950070 0.211791 0.229153
vn -0.703543 0.197329 0.682707
vn -0.712276 0.200783 0.672570
vn -0.504109 0.184592 0.843682
vn -0.515953 0.191294 0.834984
vn -0.544186 0.210810 0.812047
vn -0.732125 0.210523 0.647822
vn -0.266903 0.173133 0.948044
vn -0.280101 0.182877 0.942390
vn -0.008559 0.165129 0.986235
vn -0.020776 0.177322 0.983934
vn -0.053452 0.215140 0.975119
vn -0.313113 0.212143 0.925719
vn 0.251067 0.160747 0.954529
vn 0.241254 0.174664 0.954614
vn 0.492692 0.160002 0.855368
vn 0.485697 0.174951 0.856441
vn 0.463526 0.223898 0.857330
vn 0.212950 0.219100 0.952180
vn 0.698583 0.161341 0.697102
vn 0.693822 0.176786 0.698110
vn 0.855235 0.163769 0.491684
vn 0.851775 0.179380 0.492241
vn 0.838321 0.232226 0.493244
vn 0.676940 0.228334 0.699726
vn 0.952893 0.165654 0.254073
vn 0.949998 0.181272 0.254251
vn 0.986042 0.166495 -0.000000
vn 0.983278 0.182109 -0.000000
vn 0.971863 0.235546 0.000000
vn 0.938160 0.234565 0.254627
vn 0.952893 0.165653 -0.254073
vn 0.949998 0.181272 -0.254251
vn 0.938160 0.234564 -0.254628
vn 0.790965 0.364008 -0.491805
vn 0.626548 0.347598 -0.697577
vn 0.583532 0.425183 -0.691889
vn 0.677591 0.552048 -0.485916
vn 0.411533 0.333710 -0.848102
vn 0.306535 0.485409 -0.818789
vn -0.311851 0.950131 -0.000000
vn 0.159966 0.309573 -0.937324
vn 0.125938 0.362249 -0.923534
vn -0.099978 0.288246 -0.952323
vn -0.167255 0.395490 -0.903114
vn -0.352433 0.262816 -0.898176
vn -0.370512 0.289360 -0.882605
vn -0.571478 0.241651 -0.784230
vn -0.594890 0.309741 -0.741732
vn -0.749689 0.222934 -0.623111
vn -0.755773 0.229383 -0.613344
vn -0.877564 0.208913 -0.431551
vn -0.876632 0.250849 -0.410599
vn -0.954570 0.201080 -0.219916
vn -0.956101 0.196957 -0.216977
vn -0.980310 0.197466 -0.000000
vn -0.973136 0.230233 -0.000000
vn -0.954570 0.201081 0.219917
vn -0.956101 0.196958 0.216977
vn -0.877564 0.208913 0.431552
vn -0.876631 0.250849 0.410600
vn -0.749691 0.222934 0.623108
vn -0.755773 0.229384 0.613344
vn -0.571478 0.241652 0.784230
vn -0.594893 0.309740 0.741730
vn -0.352434 0.262815 0.898175
vn -0.370515 0.289361 0.882604
vn -0.099980 0.288247 0.952322
vn -0.167251 0.395491 0.903114
vn 0.159968 0.309572 0.937323
vn 0.125937 0.362251 0.923533
vn 0.411530 0.333711 0.848104
vn 0.306539 0.485409 0.818787
vn 0.626545 0.347599 0.697579
vn 0.583529 0.425186 0.691890
vn 0.790963 0.364010 0.491807
vn 0.677589 0.552050 0.485916
vn 0.894306 0.367409 0.255398
vn 0.850583 0.460041 0.254696
vn 0.927361 0.374169 -0.000000
vn 0.817267 0.576259 -0.000000
vn 0.894306 0.367409 -0.255397
vn 0.850585 0.460039 -0.254694
vn 0.650709 0.294166 -0.700031
vn 0.815875 0.301253 -0.493553
vn 0.435452 0.284048 -0.854224
vn 0.181698 0.271632 -0.945093
vn -0.082526 0.257750 -0.962681
vn -0.338872 0.243556 -0.908761
vn -0.563027 0.230633 -0.793605
vn -0.744200 0.219676 -0.630800
vn -0.874559 0.211808 -0.436216
vn -0.952760 0.206792 -0.222455
vn -0.978693 0.205331 0.000000
vn -0.952759 0.206792 0.222456
vn -0.874559 0.211808 0.436216
vn -0.744202 0.219676 0.630798
vn -0.563027 0.230633 0.793605
vn -0.338872 0.243556 0.908761
vn -0.082527 0.257750 0.962681
vn 0.181698 0.271632 0.945094
vn 0.435453 0.284047 0.854224
vn 0.650709 0.294166 0.700032
vn 0.815875 0.301254 0.493553
vn 0.917201 0.305710 0.255506
vn 0.951730 0.306938 -0.000000
vn 0.917201 0.305710 -0.255506
s 1
g PiedrasHP Piedra12
usemtl initialShadingGroup
f 1445/1671/1445 1518/1759/1446 1554/1723/1447 1521/1762/1448
f 1518/1759/1446 1446/1672/1449 1519/1760/1450 1554/1723/1447
f 1554/1723/1447 1519/1760/1450 1458/1685/1451 1520/1761/1452
f 1521/1762/1448 1554/1723/1447 1520/1761/1452 1457/1684/1453
f 1446/1672/1449 1522/1763/1454 1555/1724/1455 1519/1760/1450
f 1522/1763/1454 1447/1673/1456 1523/1764/1457 1555/1724/1455
f 1555/1724/1455 1523/1764/1457 1459/1686/1458 1524/1765/1459
f 1519/1760/1450 1555/1724/1455 1524/1765/1459 1458/1685/1451
f 1447/1673/1456 1525/1766/1460 1556/1725/1461 1523/1764/1457
f 1525/1766/1460 1448/1674/1462 1526/1767/1463 1556/1725/1461
f 1556/1725/1461 1526/1767/1463 1460/1687/1464 1527/1768/1465
f 1523/1764/1457 1556/1725/1461 1527/1768/1465 1459/1686/1458
f 1448/1674/1462 1528/1769/1466 1557/1726/1467 1526/1767/1463
f 1528/1769/1466 1449/1675/1468 1529/1770/1469 1557/1726/1467
f 1557/1726/1467 1529/1770/1469 1461/1688/1470 1530/1771/1471
f 1526/1767/1463 1557/1726/1467 1530/1771/1471 1460/1687/1464
f 1449/1675/1468 1531/1772/1472 1558/1727/1473 1529/1770/1469
f 1531/1772/1472 1450/1676/1474 1532/1773/1475 1558/1727/1473
f 1558/1727/1473 1532/1773/1475 1462/1689/1476 1533/1774/1477
f 1529/1770/1469 1558/1727/1473 1533/1774/1477 1461/1688/1470
f 1450/1676/1474 1534/1775/1478 1559/1728/1479 1532/1773/1475
f 1534/1775/1478 1451/1677/1480 1535/1776/1481 1559/1728/1479
f 1559/1728/1479 1535/1776/1481 1463/1690/1482 1536/1777/1483
f 1532/1773/1475 1559/1728/1479 1536/1777/1483 1462/1689/1476
f 1451/1677/1480 1537/1778/1484 1560/1729/1485 1535/1776/1481
f 1537/1778/1484 1452/1678/1486 1538/1779/1487 1560/1729/1485
f 1560/1729/1485 1538/1779/1487 1464/1691/1488 1539/1780/1489
f 1535/1776/1481 1560/1729/1485 1539/1780/1489 1463/1690/1482
f 1452/1678/1486 1540/1781/1490 1561/1730/1491 1538/1779/1487
f 1540/1781/1490 1453/1679/1492 1541/1782/1493 1561/1730/1491
f 1561/1730/1491 1541/1782/1493 1465/1692/1494 1542/1783/1495
f 1538/1779/1487 1561/1730/1491 1542/1783/1495 1464/1691/1488
f 1453/1679/1492 1543/1784/1496 1562/1731/1497 1541/1782/1493
f 1543/1784/1496 1454/1680/1498 1544/1785/1499 1562/1731/1497
f 1562/1731/1497 1544/1785/1499 1466/1693/1500 1545/1786/1501
f 1541/1782/1493 1562/1731/1497 1545/1786/1501 1465/1692/1494
f 1454/1680/1498 1546/1787/1502 1563/1732/1503 1544/1785/1499
f 1546/1787/1502 1455/1681/1504 1547/1788/1505 1563/1732/1503
f 1563/1732/1503 1547/1788/1505 1467/1694/1506 1548/1789/1507
f 1544/1785/1499 1563/1732/1503 1548/1789/1507 1466/1693/1500
f 1455/1681/1504 1549/1790/1508 1564/1733/1509 1547/1788/1505
f 1549/1790/1508 1456/1683/1510 1550/1791/1511 1564/1733/1509
f 1564/1733/1509 1550/1791/1511 1468/1695/1512 1551/1793/1513
f 1547/1788/1505 1564/1733/1509 1551/1793/1513 1467/1694/1506
f 1456/1682/1510 1552/1794/1514 1565/1734/1515 1550/1792/1511
f 1552/1794/1514 1445/1671/1445 1521/1762/1448 1565/1734/1515
f 1565/1734/1515 1521/1762/1448 1457/1684/1453 1553/1795/1516
f 1550/1792/1511 1565/1734/1515 1553/1795/1516 1468/1696/1512
f 1469/1697/1517 1482/1796/1518 1566/1735/1519 1484/1799/1520
f 1470/1699/1521 1483/1798/1522 1566/1735/1519 1482/1796/1518
f 1471/1701/1523 1484/1799/1520 1566/1735/1519 1483/1798/1522
f 1470/1699/1521 1485/1800/1524 1567/1736/1525 1483/1798/1522
f 1472/1702/1526 1486/1802/1527 1567/1736/1525 1485/1800/1524
f 1471/1701/1523 1483/1798/1522 1567/1736/1525 1486/1802/1527
f 1472/1702/1526 1487/1803/1528 1568/1737/1529 1486/1802/1527
f 1473/1704/1530 1488/1805/1531 1568/1737/1529 1487/1803/1528
f 1471/1701/1523 1486/1802/1527 1568/1737/1529 1488/1805/1531
f 1473/1704/1530 1489/1806/1532 1569/1738/1533 1488/1805/1531
f 1474/1706/1534 1490/1808/1535 1569/1738/1533 1489/1806/1532
f 1471/1701/1523 1488/1805/1531 1569/1738/1533 1490/1808/1535
f 1474/1706/1534 1491/1809/1536 1570/1739/1537 1490/1808/1535
f 1475/1708/1538 1492/1811/1539 1570/1739/1537 1491/1809/1536
f 1471/1701/1523 1490/1808/1535 1570/1739/1537 1492/1811/1539
f 1475/1708/1538 1493/1812/1540 1571/1740/1541 1492/1811/1539
f 1476/1710/1542 1494/1814/1543 1571/1740/1541 1493/1812/1540
f 1471/1701/1523 1492/1811/1539 1571/1740/1541 1494/1814/1543
f 1476/1710/1542 1495/1815/1544 1572/1741/1545 1494/1814/1543
f 1477/1712/1546 1496/1817/1547 1572/1741/1545 1495/1815/1544
f 1471/1701/1523 1494/1814/1543 1572/1741/1545 1496/1817/1547
f 1477/1712/1546 1497/1818/1548 1573/1742/1549 1496/1817/1547
f 1478/1714/1550 1498/1820/1551 1573/1742/1549 1497/1818/1548
f 1471/1701/1523 1496/1817/1547 1573/1742/1549 1498/1820/1551
f 1478/1714/1550 1499/1821/1552 1574/1743/1553 1498/1820/1551
f 1479/1716/1554 1500/1823/1555 1574/1743/1553 1499/1821/1552
f 1471/1701/1523 1498/1820/1551 1574/1743/1553 1500/1823/1555
f 1479/1716/1554 1501/1824/1556 1575/1744/1557 1500/1823/1555
f 1480/1718/1558 1502/1826/1559 1575/1744/1557 1501/1824/1556
f 1471/1701/1523 1500/1823/1555 1575/1744/1557 1502/1826/1559
f 1480/1718/1558 1503/1827/1560 1576/1745/1561 1502/1826/1559
f 1481/1720/1562 1504/1829/1563 1576/1745/1561 1503/1827/1560
f 1471/1701/1523 1502/1826/1559 1576/1745/1561 1504/1829/1563
f 1481/1720/1562 1505/1830/1564 1577/1746/1565 1504/1829/1563
f 1469/1697/1517 1484/1799/1520 1577/1746/1565 1505/1830/1564
f 1471/1701/1523 1504/1829/1563 1577/1746/1565 1484/1799/1520
f 1457/1684/1453 1520/1761/1452 1578/1747/1566 1507/1833/1567
f 1520/1761/1452 1458/1685/1451 1506/1832/1568 1578/1747/1566
f 1578/1747/1566 1506/1832/1568 1470/1700/1521 1482/1797/1518
f 1507/1833/1567 1578/1747/1566 1482/1797/1518 1469/1698/1517
f 1458/1685/1451 1524/1765/1459 1579/1748/1569 1506/1832/1568
f 1524/1765/1459 1459/1686/1458 1508/1834/1570 1579/1748/1569
f 1579/1748/1569 1508/1834/1570 1472/1703/1526 1485/1801/1524
f 1506/1832/1568 1579/1748/1569 1485/1801/1524 1470/1700/1521
f 1459/1686/1458 1527/1768/1465 1580/1749/1571 1508/1834/1570
f 1527/1768/1465 1460/1687/1464 1509/1835/1572 1580/1749/1571
f 1580/1749/1571 1509/1835/1572 1473/1705/1530 1487/1804/1528
f 1508/1834/1570 1580/1749/1571 1487/1804/1528 1472/1703/1526
f 1460/1687/1464 1530/1771/1471 1581/1750/1573 1509/1835/1572
f 1530/1771/1471 1461/1688/1470 1510/1836/1574 1581/1750/1573
f 1581/1750/1573 1510/1836/1574 1474/1707/1534 1489/1807/1532
f 1509/1835/1572 1581/1750/1573 1489/1807/1532 1473/1705/1530
f 1461/1688/1470 1533/1774/1477 1582/1751/1575 1510/1836/1574
f 1533/1774/1477 1462/1689/1476 1511/1837/1576 1582/1751/1575
f 1582/1751/1575 1511/1837/1576 1475/1709/1538 1491/1810/1536
f 1510/1836/1574 1582/1751/1575 1491/1810/1536 1474/1707/1534
f 1462/1689/1476 1536/1777/1483 1583/1752/1577 1511/1837/1576
f 1536/1777/1483 1463/1690/1482 1512/1838/1578 1583/1752/1577
f 1583/1752/1577 1512/1838/1578 1476/1711/1542 1493/1813/1540
f 1511/1837/1576 1583/1752/1577 1493/1813/1540 1475/1709/1538
f 1463/1690/1482 1539/1780/1489 1584/1753/1579 1512/1838/1578
f 1539/1780/1489 1464/1691/1488 1513/1839/1580 1584/1753/1579
f 1584/1753/1579 1513/1839/1580 1477/1713/1546 1495/1816/1544
f 1512/1838/1578 1584/1753/1579 1495/1816/1544 1476/1711/1542
f 1464/1691/1488 1542/1783/1495 1585/1754/1581 1513/1839/1580
f 1542/1783/1495 1465/1692/1494 1514/1840/1582 1585/1754/1581
f 1585/1754/1581 1514/1840/1582 1478/1715/1550 1497/1819/1548
f 1513/1839/1580 1585/1754/1581 1497/1819/1548 1477/1713/1546
f 1465/1692/1494 1545/1786/1501 1586/1755/1583 1514/1840/1582
f 1545/1786/1501 1466/1693/1500 1515/1841/1584 1586/1755/1583
f 1586/1755/1583 1515/1841/1584 1479/1717/1554 1499/1822/1552
f 1514/1840/1582 1586/1755/1583 1499/1822/1552 1478/1715/1550
f 1466/1693/1500 1548/1789/1507 1587/1756/1585 1515/1841/1584
f 1548/1789/1507 1467/1694/1506 1516/1842/1586 1587/1756/1585
f 1587/1756/1585 1516/1842/1586 1480/1719/1558 1501/1825/1556
f 1515/1841/1584 1587/1756/1585 1501/1825/1556 1479/1717/1554
f 1467/1694/1506 1551/1793/1513 1588/1757/1587 1516/1842/1586
f 1551/1793/1513 1468/1695/1512 1517/1843/1588 1588/1757/1587
f 1588/1757/1587 1517/1843/1588 1481/1721/1562 1503/1828/1560
f 1516/1842/1586 1588/1757/1587 1503/1828/1560 1480/1719/1558
f 1468/1696/1512 1553/1795/1516 1589/1758/1589 1517/1844/1588
f 1553/1795/1516 1457/1684/1453 1507/1833/1567 1589/1758/1589
f 1589/1758/1589 1507/1833/1567 1469/1698/1517 1505/1831/1564
f 1517/1844/1588 1589/1758/1589 1505/1831/1564 1481/1722/1562
g default
v -10.161335 0.432464 -1.011735
v -7.809017 0.432464 -0.773438
v -9.513127 1.458606 -1.443877
v -8.197596 1.458606 -1.165349
v -9.492742 1.458606 -2.645259
v -8.339747 1.458606 -2.446001
v -9.905056 0.432464 -3.046932
v -7.895841 0.432464 -2.992424
v -10.066559 -0.048496 -3.201477
v -7.726642 -0.048496 -3.193389
v -7.643974 -0.048496 -0.754354
v -10.362392 -0.048496 -0.850901
v -7.974113 1.458606 -1.659673
v -9.828095 1.458606 -2.064238
v -10.669861 0.432464 -2.014692
v -10.949806 -0.048496 -2.005502
v -7.143695 -0.048496 -1.806051
v -7.389443 0.432464 -1.665685
v -8.810448 1.458606 -1.119554
v -8.843044 0.432464 -0.545424
v -8.848141 -0.048496 -0.335690
v -8.857727 -0.048496 -3.856122
v -8.868858 0.432464 -3.599349
v -8.930408 1.458606 -2.858973
v -8.837564 1.866331 -1.615434
v -8.509948 1.833740 -1.604984
v -8.465331 1.866331 -1.898149
v -8.871691 1.908234 -1.993958
v -8.906050 1.866331 -2.368551
v -8.596842 1.833740 -2.222180
v -9.184484 1.833740 -1.715942
v -9.281423 1.866331 -2.035353
v -9.201347 1.833740 -2.338382
v -8.743332 1.866331 -2.300954
v -10.390051 0.432464 -2.556371
v -9.719055 1.458606 -2.380605
v -9.712502 0.947773 -2.861083
v -10.008167 0.137018 -3.145919
v -10.627750 -0.048496 -2.631429
v -7.548519 0.432464 -2.343441
v -7.324832 -0.048496 -2.518972
v -8.101828 1.458606 -2.056628
v -9.024099 1.866331 -1.665404
v -9.070419 1.908234 -2.016216
v -9.238649 1.866331 -1.863247
v -9.531151 0.432464 -0.696677
v -9.179605 1.458606 -1.237932
v -9.639362 -0.048496 -0.486383
v -9.392096 0.432464 -3.432825
v -9.468678 -0.048496 -3.654706
v -9.224642 1.458606 -2.818705
v -9.062042 1.866331 -2.361319
v -9.243258 1.866331 -2.200111
v -8.388025 1.740623 -1.431023
v -8.818779 1.740623 -1.386079
v -8.236797 1.740623 -1.772422
v -8.509014 1.740623 -2.288273
v -8.925873 1.740623 -2.581248
v -9.293106 1.740623 -1.617193
v -9.516460 1.740623 -2.056648
v -9.308008 1.740623 -2.456343
v -8.263350 0.432464 -0.573130
v -7.988555 0.947773 -0.931660
v -8.472298 1.458606 -1.090475
v -8.824396 0.947773 -0.810899
v -8.659107 1.866331 -1.618634
v -8.479891 1.866331 -1.747702
v -8.673479 1.908234 -1.963298
v -8.854982 1.908234 -1.812575
v -8.625692 1.458606 -2.724094
v -8.107933 0.947773 -2.723126
v -8.353031 0.432464 -3.431804
v -8.902245 0.947773 -3.246571
v -7.496995 0.432464 -1.139987
v -7.663517 0.947773 -1.633455
v -8.018785 1.458606 -1.358830
v -10.567265 0.432464 -1.475443
v -9.850124 0.947773 -1.216467
v -9.744371 1.458606 -1.735654
v -10.268888 0.947773 -2.042262
v -7.785743 0.137018 -3.126669
v -8.257328 -0.048496 -3.670728
v -8.857729 0.137018 -3.772614
v -7.707092 0.137018 -0.734159
v -7.275028 -0.048496 -1.213203
v -7.236330 0.137018 -1.728277
v -8.848812 0.137018 -0.408434
v -8.175678 -0.048496 -0.443431
v -10.862034 0.137018 -2.005502
v -10.830280 -0.048496 -1.384634
v -10.304001 0.137018 -0.906456
v -8.888351 1.908234 -2.176035
v -8.530781 1.866331 -2.070972
v -8.358479 0.947773 -0.801164
v -8.672367 1.908234 -1.804533
v -8.485645 0.947773 -3.091352
v -7.739963 0.947773 -1.212023
v -10.173763 0.947773 -1.600921
v -8.288227 0.137018 -3.595464
v -7.359615 0.137018 -1.154866
v -8.209255 0.137018 -0.475644
v -10.751171 0.137018 -1.414024
v -8.713680 1.908234 -2.128744
v -10.072498 0.947773 -2.478157
v -10.548641 0.137018 -2.602037
v -7.406742 0.137018 -2.444910
v -7.810031 0.947773 -2.187158
v -9.041561 1.908234 -1.845653
v -9.360973 0.947773 -0.951230
v -9.608471 0.137018 -0.561649
v -9.437786 0.137018 -3.579439
v -9.316807 0.947773 -3.143518
v -9.059994 1.908234 -2.183153
v -8.582462 1.740623 -1.371789
v -8.263729 1.740623 -1.568263
v -8.334454 1.740623 -2.032417
v -8.712795 1.740623 -2.480016
v -9.068714 1.740623 -1.469410
v -9.452793 1.740623 -1.824838
v -9.128323 1.740623 -2.565570
v -9.452793 1.740623 -2.276926
vt 0.784215 0.194297
vt 0.780754 0.160429
vt 0.835797 0.083928
vt 0.891940 0.079679
vt 0.836167 0.171607
vt 0.836027 0.166207
vt 0.861173 0.125306
vt 0.869370 0.123315
vt 0.868270 0.203218
vt 0.874975 0.202712
vt 0.898325 0.167398
vt 0.898493 0.162975
vt 0.853979 0.250669
vt 0.895387 0.247562
vt 0.950367 0.183453
vt 0.951175 0.152348
vt 0.849056 0.263987
vt 0.901733 0.260210
vt 0.963891 0.187662
vt 0.964307 0.147496
vt 0.902927 0.071337
vt 0.830532 0.071337
vt 0.767488 0.155979
vt 0.771177 0.199931
vt 0.888359 0.134033
vt 0.844596 0.195652
vt 0.812109 0.226885
vt 0.794991 0.243319
vt 0.936988 0.096232
vt 0.919083 0.108099
vt 0.844563 0.141110
vt 0.812445 0.116611
vt 0.798009 0.102648
vt 0.945034 0.233206
vt 0.927580 0.219073
vt 0.893754 0.192459
vt 0.860693 0.157054
vt 0.869874 0.151830
vt 0.877205 0.154901
vt 0.869414 0.167152
vt 0.877979 0.177092
vt 0.880470 0.166479
vt 0.856281 0.167947
vt 0.860371 0.178227
vt 0.870133 0.181641
vt 0.838379 0.115630
vt 0.869553 0.157808
vt 0.918585 0.191704
vt 0.892067 0.109218
vt 0.817912 0.198375
vt 0.948386 0.207093
vt 0.913496 0.087148
vt 0.818373 0.092332
vt 0.788793 0.217609
vt 0.876504 0.166563
vt 0.843379 0.220371
vt 0.825704 0.247715
vt 0.943650 0.124356
vt 0.914157 0.137301
vt 0.861709 0.167696
vt 0.818332 0.144980
vt 0.788851 0.132618
vt 0.919102 0.241258
vt 0.899003 0.216560
vt 0.869474 0.176213
vt 0.859821 0.144007
vt 0.875505 0.140700
vt 0.885435 0.154277
vt 0.887061 0.175797
vt 0.850137 0.158261
vt 0.849772 0.178205
vt 0.878640 0.188416
vt 0.861261 0.189531
vt 0.825426 0.100827
vt 0.848485 0.104617
vt 0.880655 0.101497
vt 0.851692 0.131702
vt 0.828314 0.128473
vt 0.865024 0.152667
vt 0.873219 0.151364
vt 0.873387 0.161687
vt 0.865414 0.162446
vt 0.898842 0.181703
vt 0.924346 0.175425
vt 0.924834 0.157662
vt 0.937898 0.201576
vt 0.910809 0.206057
vt 0.904908 0.094348
vt 0.903296 0.120100
vt 0.880443 0.126442
vt 0.798927 0.210792
vt 0.810191 0.182952
vt 0.808390 0.163318
vt 0.837582 0.185724
vt 0.828139 0.211585
vt 0.957129 0.185557
vt 0.957741 0.149922
vt 0.954463 0.210434
vt 0.936694 0.226402
vt 0.897433 0.075508
vt 0.833164 0.077632
vt 0.919957 0.083784
vt 0.929065 0.102271
vt 0.803597 0.109754
vt 0.814270 0.086992
vt 0.803569 0.235382
vt 0.783084 0.221625
vt 0.777696 0.197114
vt 0.774121 0.158204
vt 0.873395 0.171858
vt 0.880088 0.160610
vt 0.880523 0.171559
vt 0.831962 0.237910
vt 0.854847 0.201957
vt 0.861124 0.226943
vt 0.885181 0.225137
vt 0.851518 0.257328
vt 0.898560 0.253886
vt 0.822024 0.253653
vt 0.932777 0.128838
vt 0.950647 0.121864
vt 0.895729 0.146772
vt 0.857244 0.162732
vt 0.865223 0.172430
vt 0.856981 0.173101
vt 0.799273 0.137361
vt 0.837972 0.152829
vt 0.782749 0.129313
vt 0.911936 0.232358
vt 0.923384 0.246708
vt 0.886004 0.199900
vt 0.874076 0.180917
vt 0.865257 0.181485
vt 0.865523 0.138568
vt 0.869622 0.137572
vt 0.854549 0.150290
vt 0.880929 0.145658
vt 0.889482 0.164727
vt 0.889397 0.166938
vt 0.883788 0.183381
vt 0.846154 0.167077
vt 0.846224 0.169777
vt 0.854418 0.185250
vt 0.872554 0.192177
vt 0.869201 0.192430
vn -0.092324 0.437380 0.894525
vn 0.193677 0.395096 0.897991
vn 0.136935 0.462103 0.876191
vn -0.123448 0.481701 0.867597
vn 0.545673 0.378664 0.747565
vn 0.493901 0.463482 0.735694
vn 0.420480 0.595615 0.684426
vn 0.083535 0.575193 0.813741
vn -0.148246 0.566960 0.810296
vn -0.066616 0.916330 0.394845
vn 0.054501 0.932459 0.357141
vn 0.087389 0.990595 0.105287
vn -0.015646 0.992834 0.118472
vn 0.210650 0.924083 0.318900
vn 0.327965 0.936678 0.122776
vn 0.430344 0.898321 -0.088455
vn 0.117561 0.992825 -0.021862
vn 0.000000 1.000000 -0.000000
vn 0.093175 0.626859 -0.773542
vn 0.450381 0.611638 -0.650428
vn 0.448050 0.577918 -0.682101
vn 0.044685 0.578379 -0.814543
vn 0.647092 0.579477 -0.495458
vn 0.670861 0.546488 -0.501295
vn 0.681852 0.521187 -0.513266
vn 0.444166 0.542534 -0.713003
vn 0.013580 0.538197 -0.842710
vn 0.820869 0.414938 0.392429
vn 0.793415 0.478798 0.375826
vn 0.882790 0.468229 -0.038001
vn 0.867800 0.493866 -0.054955
vn 0.822833 0.562771 -0.078955
vn 0.729952 0.593067 0.339766
vn -0.810357 0.573870 -0.118298
vn -0.725040 0.584656 0.364000
vn -0.692631 0.629015 0.352990
vn -0.779803 0.618492 -0.096822
vn -0.516268 0.536509 0.667552
vn -0.506174 0.578135 0.639959
vn -0.498067 0.628865 0.597042
vn -0.659155 0.670988 0.339543
vn -0.740025 0.670194 -0.056593
vn 0.454437 0.468351 -0.757717
vn -0.005010 0.466355 -0.884584
vn 0.696110 0.474963 -0.538369
vn 0.701906 0.438916 -0.560964
vn 0.459711 0.410996 -0.787241
vn -0.011600 0.413840 -0.910276
vn 0.850222 0.333015 0.407705
vn 0.892309 0.450432 -0.029929
vn 0.600050 0.255621 0.758022
vn 0.657886 0.167064 0.734354
vn 0.885014 0.306527 0.350416
vn 0.886995 0.454832 -0.079799
vn 0.257706 0.298621 0.918920
vn -0.060156 0.380661 0.922756
vn -0.041471 0.338168 0.940171
vn 0.307157 0.220770 0.925697
vn -0.778679 0.490815 0.390845
vn -0.538368 0.458270 0.707212
vn -0.861117 0.489794 -0.136309
vn -0.894059 0.426843 -0.135882
vn -0.813271 0.417047 0.405786
vn -0.556086 0.398289 0.729475
vn 0.090892 0.901258 -0.423642
vn 0.023710 0.992431 -0.120496
vn 0.150272 0.977992 -0.144744
vn 0.266446 0.874818 -0.404598
vn 0.438239 0.865182 -0.243737
vn 0.445738 0.803577 -0.394438
vn -0.587882 0.456311 -0.667963
vn -0.706206 0.493822 -0.507360
vn -0.696645 0.534982 -0.477997
vn -0.574901 0.493213 -0.652863
vn -0.672206 0.608397 -0.421892
vn -0.541706 0.573816 -0.614239
vn -0.723647 0.438841 -0.532686
vn -0.741868 0.398899 -0.538991
vn -0.600034 0.419219 -0.681333
vn -0.609344 0.392256 -0.689082
vn 0.807814 0.497629 -0.315914
vn 0.813092 0.485328 -0.321461
vn 0.809964 0.474634 -0.344501
vn 0.795071 0.513483 -0.322798
vn 0.761148 0.554523 -0.336389
vn -0.335453 0.868213 0.365620
vn -0.180701 0.904780 0.385644
vn -0.118566 0.984933 0.125890
vn -0.365041 0.912543 0.184421
vn -0.113259 0.993550 0.005545
vn -0.391026 0.920350 0.007469
vn -0.300744 0.481463 0.823254
vn -0.310817 0.519767 0.795761
vn -0.320598 0.585215 0.744809
vn -0.297896 0.426824 0.853861
vn -0.299775 0.386462 0.872228
vn -0.402249 0.481069 -0.778954
vn -0.425875 0.433141 -0.794367
vn -0.434327 0.398957 -0.807585
vn -0.313697 0.591998 -0.742383
vn -0.370593 0.519681 -0.769800
vn -0.102301 0.987924 -0.116362
vn -0.353128 0.919946 -0.170292
vn -0.114565 0.915167 -0.386451
vn -0.309837 0.884441 -0.348950
vn 0.051945 0.771469 0.634143
vn -0.131992 0.744042 0.654965
vn 0.310419 0.799384 0.514417
vn 0.570962 0.785609 0.238371
vn 0.690522 0.715164 -0.108263
vn 0.669891 0.662041 -0.336077
vn 0.583686 0.657618 -0.476287
vn 0.411926 0.695968 -0.588171
vn 0.126699 0.736574 -0.664384
vn -0.289809 0.725947 0.623708
vn -0.452796 0.732162 0.508836
vn -0.576436 0.762712 0.293243
vn -0.627265 0.778719 -0.011657
vn -0.217131 0.741590 -0.634743
vn -0.449783 0.733736 -0.509242
vn -0.574495 0.756201 -0.313234
s 1
g PiedrasHP Piedra20
usemtl initialShadingGroup
f 1609/1876/1590 1651/1918/1591 1683/1890/1592 1654/1922/1593
f 1651/1918/1591 1591/1847/1594 1652/1919/1595 1683/1890/1592
f 1683/1890/1592 1652/1919/1595 1593/1851/1596 1653/1921/1597
f 1654/1922/1593 1683/1890/1592 1653/1921/1597 1608/1875/1598
f 1614/1881/1599 1655/1923/1600 1684/1891/1601 1658/1926/1602
f 1655/1923/1600 1615/1882/1603 1656/1924/1604 1684/1891/1601
f 1684/1891/1601 1656/1924/1604 1616/1883/1605 1657/1925/1606
f 1658/1926/1602 1684/1891/1601 1657/1925/1606 1617/1884/1607
f 1613/1880/1608 1659/1927/1609 1685/1892/1610 1662/1931/1611
f 1659/1927/1609 1595/1855/1612 1660/1928/1613 1685/1892/1610
f 1685/1892/1610 1660/1928/1613 1597/1859/1614 1661/1930/1615
f 1662/1931/1611 1685/1892/1610 1661/1930/1615 1612/1879/1616
f 1591/1848/1594 1663/1932/1617 1686/1893/1618 1652/1920/1595
f 1663/1932/1617 1607/1874/1619 1664/1933/1620 1686/1893/1618
f 1686/1893/1618 1664/1933/1620 1602/1869/1621 1665/1934/1622
f 1652/1920/1595 1686/1893/1618 1665/1934/1622 1593/1852/1596
f 1604/1871/1623 1666/1935/1624 1687/1894/1625 1669/1939/1626
f 1666/1935/1624 1590/1845/1627 1667/1936/1628 1687/1894/1625
f 1687/1894/1625 1667/1936/1628 1592/1849/1629 1668/1938/1630
f 1669/1939/1626 1687/1894/1625 1668/1938/1630 1603/1870/1631
f 1612/1879/1616 1661/1930/1615 1688/1895/1632 1672/1943/1633
f 1661/1930/1615 1597/1859/1614 1670/1940/1634 1688/1895/1632
f 1688/1895/1632 1670/1940/1634 1599/1863/1635 1671/1942/1636
f 1672/1943/1633 1688/1895/1632 1671/1942/1636 1611/1878/1637
f 1607/1874/1619 1663/1932/1617 1689/1896/1638 1675/1947/1639
f 1663/1932/1617 1591/1848/1594 1673/1944/1640 1689/1896/1638
f 1689/1896/1638 1673/1944/1640 1600/1865/1641 1674/1946/1642
f 1675/1947/1639 1689/1896/1638 1674/1946/1642 1606/1873/1643
f 1591/1847/1594 1651/1918/1591 1690/1897/1644 1673/1945/1640
f 1651/1918/1591 1609/1876/1590 1676/1948/1645 1690/1897/1644
f 1690/1897/1644 1676/1948/1645 1610/1877/1646 1677/1949/1647
f 1673/1945/1640 1690/1897/1644 1677/1949/1647 1600/1866/1641
f 1590/1845/1627 1666/1935/1624 1691/1898/1648 1680/1952/1649
f 1666/1935/1624 1604/1871/1623 1678/1950/1650 1691/1898/1648
f 1691/1898/1648 1678/1950/1650 1605/1872/1651 1679/1951/1652
f 1680/1952/1649 1691/1898/1648 1679/1951/1652 1601/1868/1653
f 1618/1885/1654 1681/1954/1655 1692/1899/1656 1623/1956/1657
f 1681/1954/1655 1617/1884/1607 1657/1925/1606 1692/1899/1656
f 1692/1899/1656 1657/1925/1606 1616/1883/1605 1682/1955/1658
f 1623/1956/1657 1692/1899/1656 1682/1955/1658 1619/1886/1659
f 1596/1857/1660 1624/1957/1661 1693/1900/1662 1626/1959/1663
f 1624/1957/1661 1604/1871/1623 1669/1939/1626 1693/1900/1662
f 1693/1900/1662 1669/1939/1626 1603/1870/1631 1625/1958/1664
f 1626/1959/1663 1693/1900/1662 1625/1958/1664 1594/1853/1665
f 1605/1872/1651 1678/1950/1650 1694/1901/1666 1628/1963/1667
f 1678/1950/1650 1604/1871/1623 1624/1957/1661 1694/1901/1666
f 1694/1901/1666 1624/1957/1661 1596/1857/1660 1627/1961/1668
f 1628/1963/1667 1694/1901/1666 1627/1961/1668 1598/1861/1669
f 1597/1860/1614 1629/1964/1670 1695/1902/1671 1670/1941/1634
f 1629/1964/1670 1607/1874/1619 1675/1947/1639 1695/1902/1671
f 1695/1902/1671 1675/1947/1639 1606/1873/1643 1630/1965/1672
f 1670/1941/1634 1695/1902/1671 1630/1965/1672 1599/1864/1635
f 1602/1869/1621 1664/1933/1620 1696/1903/1673 1631/1966/1674
f 1664/1933/1620 1607/1874/1619 1629/1964/1670 1696/1903/1673
f 1696/1903/1673 1629/1964/1670 1597/1860/1614 1660/1929/1613
f 1631/1966/1674 1696/1903/1673 1660/1929/1613 1595/1856/1612
f 1620/1887/1675 1632/1967/1676 1697/1904/1677 1634/1969/1678
f 1632/1967/1676 1614/1881/1599 1658/1926/1602 1697/1904/1677
f 1697/1904/1677 1658/1926/1602 1617/1884/1607 1633/1968/1679
f 1634/1969/1678 1697/1904/1677 1633/1968/1679 1621/1888/1680
f 1590/1846/1627 1635/1970/1681 1698/1905/1682 1667/1937/1628
f 1635/1970/1681 1609/1876/1590 1654/1922/1593 1698/1905/1682
f 1698/1905/1682 1654/1922/1593 1608/1875/1598 1636/1971/1683
f 1667/1937/1628 1698/1905/1682 1636/1971/1683 1592/1850/1629
f 1610/1877/1646 1676/1948/1645 1699/1906/1684 1637/1972/1685
f 1676/1948/1645 1609/1876/1590 1635/1970/1681 1699/1906/1684
f 1699/1906/1684 1635/1970/1681 1590/1846/1627 1680/1953/1649
f 1637/1972/1685 1699/1906/1684 1680/1953/1649 1601/1867/1653
f 1596/1858/1660 1638/1973/1686 1700/1907/1687 1627/1962/1668
f 1638/1973/1686 1612/1879/1616 1672/1943/1633 1700/1907/1687
f 1700/1907/1687 1672/1943/1633 1611/1878/1637 1639/1974/1688
f 1627/1962/1668 1700/1907/1687 1639/1974/1688 1598/1862/1669
f 1594/1854/1665 1640/1975/1689 1701/1908/1690 1626/1960/1663
f 1640/1975/1689 1613/1880/1608 1662/1931/1611 1701/1908/1690
f 1701/1908/1690 1662/1931/1611 1612/1879/1616 1638/1973/1686
f 1626/1960/1663 1701/1908/1690 1638/1973/1686 1596/1858/1660
f 1621/1888/1680 1633/1968/1679 1702/1909/1691 1642/1977/1692
f 1633/1968/1679 1617/1884/1607 1681/1954/1655 1702/1909/1691
f 1702/1909/1691 1681/1954/1655 1618/1885/1654 1641/1976/1693
f 1642/1977/1692 1702/1909/1691 1641/1976/1693 1622/1889/1694
f 1608/1875/1598 1653/1921/1597 1703/1910/1695 1644/1980/1696
f 1653/1921/1597 1593/1851/1596 1643/1978/1697 1703/1910/1695
f 1703/1910/1695 1643/1978/1697 1615/1882/1603 1655/1923/1600
f 1644/1980/1696 1703/1910/1695 1655/1923/1600 1614/1881/1599
f 1593/1852/1596 1665/1934/1622 1704/1911/1698 1643/1979/1697
f 1665/1934/1622 1602/1869/1621 1645/1981/1699 1704/1911/1698
f 1704/1911/1698 1645/1981/1699 1616/1883/1605 1656/1924/1604
f 1643/1979/1697 1704/1911/1698 1656/1924/1604 1615/1882/1603
f 1602/1869/1621 1631/1966/1674 1705/1912/1700 1645/1981/1699
f 1631/1966/1674 1595/1856/1612 1646/1982/1701 1705/1912/1700
f 1705/1912/1700 1646/1982/1701 1619/1886/1659 1682/1955/1658
f 1645/1981/1699 1705/1912/1700 1682/1955/1658 1616/1883/1605
f 1595/1855/1612 1659/1927/1609 1706/1913/1702 1646/1983/1701
f 1659/1927/1609 1613/1880/1608 1647/1984/1703 1706/1913/1702
f 1706/1913/1702 1647/1984/1703 1618/1885/1654 1623/1956/1657
f 1646/1983/1701 1706/1913/1702 1623/1956/1657 1619/1886/1659
f 1592/1850/1629 1636/1971/1683 1707/1914/1704 1648/1985/1705
f 1636/1971/1683 1608/1875/1598 1644/1980/1696 1707/1914/1704
f 1707/1914/1704 1644/1980/1696 1614/1881/1599 1632/1967/1676
f 1648/1985/1705 1707/1914/1704 1632/1967/1676 1620/1887/1675
f 1603/1870/1631 1668/1938/1630 1708/1915/1706 1649/1987/1707
f 1668/1938/1630 1592/1849/1629 1648/1986/1705 1708/1915/1706
f 1708/1915/1706 1648/1986/1705 1620/1887/1675 1634/1969/1678
f 1649/1987/1707 1708/1915/1706 1634/1969/1678 1621/1888/1680
f 1613/1880/1608 1640/1975/1689 1709/1916/1708 1647/1984/1703
f 1640/1975/1689 1594/1854/1665 1650/1988/1709 1709/1916/1708
f 1709/1916/1708 1650/1988/1709 1622/1889/1694 1641/1976/1693
f 1647/1984/1703 1709/1916/1708 1641/1976/1693 1618/1885/1654
f 1594/1853/1665 1625/1958/1664 1710/1917/1710 1650/1989/1709
f 1625/1958/1664 1603/1870/1631 1649/1987/1707 1710/1917/1710
f 1710/1917/1710 1649/1987/1707 1621/1888/1680 1642/1977/1692
f 1650/1989/1709 1710/1917/1710 1642/1977/1692 1622/1889/1694
g default
v 4.746686 0.000000 -10.982588
v 4.376820 0.000000 -11.352454
v 3.871572 0.000000 -11.487835
v 3.366325 0.000000 -11.352454
v 2.996459 0.000000 -10.982588
v 2.861078 0.000000 -10.477341
v 2.996459 0.000000 -9.972094
v 3.366325 0.000000 -9.602227
v 3.871572 0.000000 -9.466846
v 4.376820 0.000000 -9.602227
v 4.746686 0.000000 -9.972094
v 4.882066 0.000000 -10.477341
v 4.415496 1.904783 -10.791374
v 4.185607 1.904783 -11.021265
v 3.871572 1.904783 -11.105410
v 3.557538 1.904783 -11.021265
v 3.327648 1.904783 -10.791375
v 3.243502 1.904783 -10.477341
v 3.327648 1.904783 -10.163306
v 3.557538 1.904783 -9.933416
v 3.871573 1.904783 -9.849272
v 4.185607 1.904783 -9.933416
v 4.415496 1.904783 -10.163307
v 4.499642 1.904783 -10.477341
v 4.080777 3.114302 -10.598125
v 3.992357 3.114302 -10.686545
v 3.871573 3.493061 -10.477341
v 3.871572 3.114302 -10.718910
v 3.750788 3.114302 -10.686544
v 3.662368 3.114302 -10.598125
v 3.630004 3.114302 -10.477341
v 3.662368 3.114302 -10.356556
v 3.750788 3.114302 -10.268137
v 3.871572 3.114302 -10.235773
v 3.992356 3.114302 -10.268137
v 4.080777 3.114302 -10.356556
v 4.113141 3.114302 -10.477341
v 4.045496 3.108137 -10.651264
v 3.932749 3.361552 -10.583302
v 3.977534 3.361552 -10.538517
v 3.935232 3.108137 -10.714924
v 3.871572 3.361552 -10.599694
v 3.807913 3.108137 -10.714924
v 3.810395 3.361552 -10.583302
v 3.697649 3.108137 -10.651264
v 3.765611 3.361552 -10.538517
v 3.633989 3.108137 -10.541000
v 3.749219 3.361552 -10.477341
v 3.633989 3.108137 -10.413680
v 3.765611 3.361552 -10.416164
v 3.697650 3.108137 -10.303417
v 3.810396 3.361552 -10.371380
v 3.807912 3.108137 -10.239757
v 3.871573 3.361552 -10.354988
v 3.935232 3.108137 -10.239757
v 3.932749 3.361552 -10.371380
v 4.045496 3.108137 -10.303417
v 3.977534 3.361552 -10.416164
v 4.109155 3.108137 -10.413680
v 3.993926 3.361552 -10.477341
v 4.109155 3.108137 -10.541000
v 4.082740 2.619131 -10.843094
v 4.237325 2.619131 -10.688508
v 3.871572 2.619131 -10.899675
v 3.660405 2.619131 -10.843094
v 3.505819 2.619131 -10.688508
v 3.449237 2.619131 -10.477341
v 3.505819 2.619131 -10.266172
v 3.660404 2.619131 -10.111588
v 3.871572 2.619131 -10.055005
v 4.082740 2.619131 -10.111588
v 4.237325 2.619131 -10.266172
v 4.293908 2.619131 -10.477341
v 4.585670 0.000000 -11.191439
v 4.282665 1.000000 -11.189375
v 4.315418 1.904783 -10.921186
v 4.583606 1.000000 -10.888433
v 4.132950 0.000000 -11.452816
v 3.871573 1.000000 -11.299526
v 4.034031 1.904783 -11.083645
v 3.610194 0.000000 -11.452816
v 3.460479 1.000000 -11.189375
v 3.709113 1.904783 -11.083645
v 3.157474 0.000000 -11.191439
v 3.159538 1.000000 -10.888433
v 3.427727 1.904783 -10.921185
v 2.896096 0.000000 -10.738718
v 3.049386 1.000000 -10.477341
v 3.265268 1.904783 -10.639799
v 2.896096 0.000000 -10.215963
v 3.159538 1.000000 -10.066248
v 3.265268 1.904783 -10.314882
v 3.157474 0.000000 -9.763243
v 3.460479 1.000000 -9.765306
v 3.427727 1.904783 -10.033496
v 3.610194 0.000000 -9.501865
v 3.871572 1.000000 -9.655155
v 3.709113 1.904783 -9.871037
v 4.132950 0.000000 -9.501865
v 4.282665 1.000000 -9.765306
v 4.034031 1.904783 -9.871037
v 4.585670 0.000000 -9.763243
v 4.583606 1.000000 -10.066248
v 4.315418 1.904783 -10.033496
v 4.847048 0.000000 -10.215963
v 4.693758 1.000000 -10.477341
v 4.477877 1.904783 -10.314882
v 4.847048 0.000000 -10.738718
v 4.477877 1.904783 -10.639799
v 4.452597 1.000000 -11.058365
v 4.084242 1.000000 -11.271034
v 3.658903 1.000000 -11.271034
v 3.290548 1.000000 -11.058365
v 3.077878 1.000000 -10.690010
v 3.077878 1.000000 -10.264671
v 3.290548 1.000000 -9.896317
v 3.658903 1.000000 -9.683647
v 4.084242 1.000000 -9.683647
v 4.452596 1.000000 -9.896317
v 4.665266 1.000000 -10.264671
v 4.665267 1.000000 -10.690010
v 3.970881 3.336894 -10.576650
v 3.907922 3.336894 -10.612999
v 3.835223 3.336894 -10.612999
v 3.772264 3.336894 -10.576650
v 3.735914 3.336894 -10.513691
v 3.735914 3.336894 -10.440991
v 3.772264 3.336894 -10.378033
v 3.835223 3.336894 -10.341682
v 3.907922 3.336894 -10.341682
v 3.970881 3.336894 -10.378033
v 4.007231 3.336894 -10.440991
v 4.007231 3.336894 -10.513691
v 4.170029 2.619131 -10.775797
v 3.980815 2.619131 -10.885040
v 3.762330 2.619131 -10.885040
v 3.573116 2.619131 -10.775797
v 3.463873 2.619131 -10.586583
v 3.463873 2.619131 -10.368098
v 3.573116 2.619131 -10.178885
v 3.762330 2.619131 -10.069641
v 3.980815 2.619131 -10.069641
v 4.170029 2.619131 -10.178885
v 4.279272 2.619131 -10.368097
v 4.279272 2.619131 -10.586583
vt 0.310567 0.096355
vt 0.326675 0.086493
vt 0.343986 0.078418
vt 0.362292 0.072426
vt 0.381312 0.068739
vt 0.400714 0.067494
vt 0.420137 0.068747
vt 0.439220 0.072465
vt 0.457617 0.078531
vt 0.475023 0.086744
vt 0.491197 0.096827
vt 0.295762 0.107637
vt 0.505989 0.108437
vt 0.348450 0.151636
vt 0.357818 0.145157
vt 0.367890 0.139987
vt 0.378514 0.136230
vt 0.389513 0.133964
vt 0.400699 0.133239
vt 0.411872 0.134069
vt 0.422833 0.136442
vt 0.433389 0.140308
vt 0.443364 0.145587
vt 0.452603 0.152171
vt 0.460276 0.163175
vt 0.340541 0.162468
vt 0.152019 0.007437
vt 0.381933 0.187931
vt 0.154557 0.011832
vt 0.385028 0.185441
vt 0.145086 0.014370
vt 0.154557 0.016908
vt 0.388522 0.183457
vt 0.152019 0.021303
vt 0.392309 0.182013
vt 0.147624 0.023841
vt 0.396290 0.181136
vt 0.142548 0.023841
vt 0.400366 0.180842
vt 0.138153 0.021303
vt 0.404438 0.181136
vt 0.135615 0.016908
vt 0.408408 0.182014
vt 0.135615 0.011832
vt 0.412175 0.183461
vt 0.138153 0.007437
vt 0.415636 0.185449
vt 0.142548 0.004899
vt 0.418684 0.187939
vt 0.147624 0.004899
vt 0.421206 0.190878
vt 0.379345 0.190878
vt 0.336160 0.121363
vt 0.349340 0.113920
vt 0.363369 0.108149
vt 0.378045 0.104216
vt 0.393125 0.102238
vt 0.408343 0.102274
vt 0.423425 0.104332
vt 0.438099 0.108358
vt 0.452114 0.114246
vt 0.465255 0.121836
vt 0.477357 0.130919
vt 0.323978 0.130266
vt 0.150554 0.011213
vt 0.151400 0.014370
vt 0.150554 0.017527
vt 0.148243 0.019838
vt 0.145086 0.020684
vt 0.141929 0.019838
vt 0.139618 0.017527
vt 0.138772 0.014370
vt 0.139618 0.011213
vt 0.141929 0.008902
vt 0.145086 0.008056
vt 0.148243 0.008902
vt 0.368590 0.168994
vt 0.375062 0.164917
vt 0.382007 0.161805
vt 0.389293 0.159712
vt 0.396782 0.158674
vt 0.404332 0.158709
vt 0.411797 0.159816
vt 0.419035 0.161977
vt 0.425907 0.165154
vt 0.432280 0.169290
vt 0.438033 0.174308
vt 0.362716 0.173970
vt 0.318621 0.091424
vt 0.342633 0.117444
vt 0.353038 0.148241
vt 0.329937 0.125647
vt 0.335330 0.082455
vt 0.356260 0.110813
vt 0.362775 0.142401
vt 0.353139 0.075422
vt 0.370640 0.105944
vt 0.373144 0.137926
vt 0.371802 0.070583
vt 0.385550 0.102977
vt 0.383978 0.134907
vt 0.391013 0.068117
vt 0.400734 0.102002
vt 0.395095 0.133408
vt 0.410425 0.068121
vt 0.415919 0.103052
vt 0.406299 0.133460
vt 0.429679 0.070606
vt 0.430829 0.106104
vt 0.417391 0.135065
vt 0.448419 0.075498
vt 0.445204 0.111077
vt 0.428173 0.138192
vt 0.466320 0.082637
vt 0.458806 0.117839
vt 0.438459 0.142777
vt 0.483110 0.091785
vt 0.471444 0.126205
vt 0.448083 0.148724
vt 0.498593 0.102632
vt 0.483132 0.135806
vt 0.318151 0.135053
vt 0.456908 0.155910
vt 0.303165 0.101996
vt 0.344070 0.155327
vt 0.153288 0.009635
vt 0.383481 0.186686
vt 0.150399 0.012946
vt 0.148975 0.010481
vt 0.154557 0.014370
vt 0.386775 0.184449
vt 0.150399 0.015794
vt 0.153288 0.019105
vt 0.390415 0.182735
vt 0.148975 0.018260
vt 0.149821 0.022572
vt 0.394299 0.181575
vt 0.146510 0.019683
vt 0.145086 0.023841
vt 0.398328 0.180989
vt 0.143662 0.019683
vt 0.140351 0.022572
vt 0.402402 0.180989
vt 0.141196 0.018260
vt 0.136884 0.019105
vt 0.406423 0.181575
vt 0.139773 0.015794
vt 0.135615 0.014370
vt 0.410291 0.182738
vt 0.139773 0.012946
vt 0.136884 0.009635
vt 0.413905 0.184455
vt 0.141196 0.010481
vt 0.140351 0.006168
vt 0.417160 0.186694
vt 0.143662 0.009057
vt 0.145086 0.004899
vt 0.419945 0.189409
vt 0.146510 0.009057
vt 0.149821 0.006168
vt 0.380639 0.189405
vt 0.371759 0.166839
vt 0.365571 0.171375
vt 0.378484 0.163237
vt 0.385616 0.160629
vt 0.393021 0.159060
vt 0.400558 0.158557
vt 0.408084 0.159129
vt 0.415453 0.160767
vt 0.422525 0.163442
vt 0.429164 0.167106
vt 0.435241 0.171694
vt 0.440741 0.177027
vt 0.359943 0.176673
vn 0.851068 0.185056 -0.491364
vn 0.694908 0.184948 -0.694908
vn 0.693518 0.195107 -0.693517
vn 0.849364 0.195213 -0.490380
vn 0.491363 0.185055 -0.851068
vn 0.490380 0.195213 -0.849364
vn 0.486130 0.233899 -0.842003
vn 0.687513 0.233788 -0.687510
vn 0.842003 0.233899 -0.486130
vn 0.254354 0.184948 -0.949262
vn 0.253844 0.195107 -0.947363
vn -0.000000 0.185056 -0.982728
vn 0.000000 0.195213 -0.980761
vn -0.000000 0.233898 -0.972261
vn 0.251644 0.233788 -0.939159
vn -0.254354 0.184948 -0.949262
vn -0.253844 0.195107 -0.947363
vn -0.491363 0.185055 -0.851068
vn -0.490381 0.195213 -0.849364
vn -0.486132 0.233899 -0.842002
vn -0.251644 0.233788 -0.939158
vn -0.694908 0.184948 -0.694908
vn -0.693518 0.195107 -0.693517
vn -0.851068 0.185055 -0.491364
vn -0.849364 0.195213 -0.490380
vn -0.842002 0.233899 -0.486132
vn -0.687512 0.233788 -0.687511
vn -0.949262 0.184948 -0.254354
vn -0.947362 0.195107 -0.253845
vn -0.982728 0.185055 -0.000000
vn -0.980761 0.195213 0.000000
vn -0.972261 0.233898 0.000000
vn -0.939158 0.233788 -0.251648
vn -0.949262 0.184948 0.254354
vn -0.947363 0.195107 0.253845
vn -0.851068 0.185055 0.491364
vn -0.849364 0.195213 0.490381
vn -0.842002 0.233899 0.486132
vn -0.939158 0.233787 0.251647
vn -0.694908 0.184948 0.694908
vn -0.693517 0.195108 0.693518
vn -0.491363 0.185055 0.851068
vn -0.490380 0.195213 0.849364
vn -0.486132 0.233899 0.842002
vn -0.687510 0.233788 0.687513
vn -0.254354 0.184948 0.949262
vn -0.253845 0.195107 0.947363
vn 0.000000 0.185056 0.982728
vn -0.000000 0.195213 0.980761
vn 0.000000 0.233898 0.972261
vn -0.251646 0.233788 0.939158
vn 0.254354 0.184948 0.949262
vn 0.253845 0.195107 0.947363
vn 0.491363 0.185056 0.851068
vn 0.490380 0.195213 0.849364
vn 0.486131 0.233899 0.842002
vn 0.251646 0.233788 0.939158
vn 0.694908 0.184948 0.694908
vn 0.693518 0.195108 0.693517
vn 0.851068 0.185056 0.491364
vn 0.849363 0.195214 0.490381
vn 0.842002 0.233899 0.486132
vn 0.687512 0.233788 0.687510
vn 0.949262 0.184948 0.254354
vn 0.947362 0.195107 0.253845
vn 0.982728 0.185055 0.000000
vn 0.980761 0.195213 0.000000
vn 0.972261 0.233898 -0.000000
vn 0.939157 0.233788 0.251647
vn 0.949262 0.184948 -0.254354
vn 0.947362 0.195107 -0.253845
vn 0.939157 0.233788 -0.251648
vn 0.807830 0.360395 -0.466397
vn 0.660187 0.358216 -0.660178
vn 0.624883 0.468016 -0.624886
vn 0.710349 0.572020 -0.410119
vn 0.466399 0.360395 -0.807829
vn 0.410117 0.572018 -0.710352
vn 0.000000 1.000000 -0.000001
vn 0.241638 0.358218 -0.901827
vn 0.228715 0.468015 -0.853611
vn -0.000000 0.360395 -0.932800
vn 0.000005 0.572017 -0.820242
vn -0.241644 0.358219 -0.901825
vn -0.228719 0.468015 -0.853610
vn -0.466402 0.360395 -0.807827
vn -0.410119 0.572017 -0.710351
vn -0.660185 0.358215 -0.660180
vn -0.624892 0.468010 -0.624881
vn -0.807829 0.360395 -0.466399
vn -0.710349 0.572020 -0.410119
vn -0.901825 0.358220 -0.241642
vn -0.853609 0.468015 -0.228724
vn -0.932799 0.360396 0.000000
vn -0.820241 0.572018 0.000001
vn -0.901825 0.358219 0.241642
vn -0.853610 0.468014 0.228721
vn -0.807828 0.360394 0.466401
vn -0.710351 0.572016 0.410122
vn -0.660178 0.358218 0.660185
vn -0.624880 0.468014 0.624890
vn -0.466399 0.360396 0.807828
vn -0.410123 0.572016 0.710350
vn -0.241644 0.358219 0.901825
vn -0.228721 0.468015 0.853609
vn 0.000001 0.360396 0.932799
vn -0.000003 0.572016 0.820243
vn 0.241644 0.358219 0.901824
vn 0.228721 0.468014 0.853610
vn 0.466397 0.360396 0.807829
vn 0.410117 0.572017 0.710352
vn 0.660177 0.358218 0.660186
vn 0.624876 0.468018 0.624891
vn 0.807828 0.360396 0.466399
vn 0.710351 0.572017 0.410120
vn 0.901825 0.358219 0.241643
vn 0.853610 0.468013 0.228723
vn 0.932800 0.360395 -0.000001
vn 0.820241 0.572018 0.000000
vn 0.901824 0.358219 -0.241644
vn 0.853608 0.468015 -0.228726
vn 0.675419 0.296018 -0.675412
vn 0.827250 0.295878 -0.477612
vn 0.477614 0.295878 -0.827249
vn 0.247217 0.296018 -0.922636
vn 0.000000 0.295877 -0.955226
vn -0.247219 0.296019 -0.922635
vn -0.477614 0.295878 -0.827249
vn -0.675417 0.296018 -0.675416
vn -0.827249 0.295878 -0.477614
vn -0.922635 0.296019 -0.247220
vn -0.955226 0.295877 0.000000
vn -0.922635 0.296019 0.247219
vn -0.827249 0.295877 0.477614
vn -0.675413 0.296019 0.675419
vn -0.477613 0.295878 0.827250
vn -0.247218 0.296019 0.922635
vn -0.000000 0.295877 0.955226
vn 0.247219 0.296019 0.922635
vn 0.477613 0.295878 0.827250
vn 0.675415 0.296019 0.675416
vn 0.827250 0.295877 0.477614
vn 0.922635 0.296019 0.247220
vn 0.955226 0.295877 -0.000001
vn 0.922635 0.296019 -0.247221
s 1
g PiedrasHP Piedra18
usemtl initialShadingGroup
f 1711/1990/1711 1784/2078/1712 1820/2042/1713 1787/2081/1714
f 1784/2078/1712 1712/1991/1715 1785/2079/1716 1820/2042/1713
f 1820/2042/1713 1785/2079/1716 1724/2004/1717 1786/2080/1718
f 1787/2081/1714 1820/2042/1713 1786/2080/1718 1723/2003/1719
f 1712/1991/1715 1788/2082/1720 1821/2043/1721 1785/2079/1716
f 1788/2082/1720 1713/1992/1722 1789/2083/1723 1821/2043/1721
f 1821/2043/1721 1789/2083/1723 1725/2005/1724 1790/2084/1725
f 1785/2079/1716 1821/2043/1721 1790/2084/1725 1724/2004/1717
f 1713/1992/1722 1791/2085/1726 1822/2044/1727 1789/2083/1723
f 1791/2085/1726 1714/1993/1728 1792/2086/1729 1822/2044/1727
f 1822/2044/1727 1792/2086/1729 1726/2006/1730 1793/2087/1731
f 1789/2083/1723 1822/2044/1727 1793/2087/1731 1725/2005/1724
f 1714/1993/1728 1794/2088/1732 1823/2045/1733 1792/2086/1729
f 1794/2088/1732 1715/1994/1734 1795/2089/1735 1823/2045/1733
f 1823/2045/1733 1795/2089/1735 1727/2007/1736 1796/2090/1737
f 1792/2086/1729 1823/2045/1733 1796/2090/1737 1726/2006/1730
f 1715/1994/1734 1797/2091/1738 1824/2046/1739 1795/2089/1735
f 1797/2091/1738 1716/1995/1740 1798/2092/1741 1824/2046/1739
f 1824/2046/1739 1798/2092/1741 1728/2008/1742 1799/2093/1743
f 1795/2089/1735 1824/2046/1739 1799/2093/1743 1727/2007/1736
f 1716/1995/1740 1800/2094/1744 1825/2047/1745 1798/2092/1741
f 1800/2094/1744 1717/1996/1746 1801/2095/1747 1825/2047/1745
f 1825/2047/1745 1801/2095/1747 1729/2009/1748 1802/2096/1749
f 1798/2092/1741 1825/2047/1745 1802/2096/1749 1728/2008/1742
f 1717/1996/1746 1803/2097/1750 1826/2048/1751 1801/2095/1747
f 1803/2097/1750 1718/1997/1752 1804/2098/1753 1826/2048/1751
f 1826/2048/1751 1804/2098/1753 1730/2010/1754 1805/2099/1755
f 1801/2095/1747 1826/2048/1751 1805/2099/1755 1729/2009/1748
f 1718/1997/1752 1806/2100/1756 1827/2049/1757 1804/2098/1753
f 1806/2100/1756 1719/1998/1758 1807/2101/1759 1827/2049/1757
f 1827/2049/1757 1807/2101/1759 1731/2011/1760 1808/2102/1761
f 1804/2098/1753 1827/2049/1757 1808/2102/1761 1730/2010/1754
f 1719/1998/1758 1809/2103/1762 1828/2050/1763 1807/2101/1759
f 1809/2103/1762 1720/1999/1764 1810/2104/1765 1828/2050/1763
f 1828/2050/1763 1810/2104/1765 1732/2012/1766 1811/2105/1767
f 1807/2101/1759 1828/2050/1763 1811/2105/1767 1731/2011/1760
f 1720/1999/1764 1812/2106/1768 1829/2051/1769 1810/2104/1765
f 1812/2106/1768 1721/2000/1770 1813/2107/1771 1829/2051/1769
f 1829/2051/1769 1813/2107/1771 1733/2013/1772 1814/2108/1773
f 1810/2104/1765 1829/2051/1769 1814/2108/1773 1732/2012/1766
f 1721/2000/1770 1815/2109/1774 1830/2052/1775 1813/2107/1771
f 1815/2109/1774 1722/2002/1776 1816/2110/1777 1830/2052/1775
f 1830/2052/1775 1816/2110/1777 1734/2014/1778 1817/2112/1779
f 1813/2107/1771 1830/2052/1775 1817/2112/1779 1733/2013/1772
f 1722/2001/1776 1818/2113/1780 1831/2053/1781 1816/2111/1777
f 1818/2113/1780 1711/1990/1711 1787/2081/1714 1831/2053/1781
f 1831/2053/1781 1787/2081/1714 1723/2003/1719 1819/2114/1782
f 1816/2111/1777 1831/2053/1781 1819/2114/1782 1734/2015/1778
f 1735/2016/1783 1748/2115/1784 1832/2054/1785 1750/2118/1786
f 1736/2018/1787 1749/2117/1788 1832/2054/1785 1748/2115/1784
f 1737/2020/1789 1750/2118/1786 1832/2054/1785 1749/2117/1788
f 1736/2018/1787 1751/2119/1790 1833/2055/1791 1749/2117/1788
f 1738/2021/1792 1752/2121/1793 1833/2055/1791 1751/2119/1790
f 1737/2020/1789 1749/2117/1788 1833/2055/1791 1752/2121/1793
f 1738/2021/1792 1753/2122/1794 1834/2056/1795 1752/2121/1793
f 1739/2023/1796 1754/2124/1797 1834/2056/1795 1753/2122/1794
f 1737/2020/1789 1752/2121/1793 1834/2056/1795 1754/2124/1797
f 1739/2023/1796 1755/2125/1798 1835/2057/1799 1754/2124/1797
f 1740/2025/1800 1756/2127/1801 1835/2057/1799 1755/2125/1798
f 1737/2020/1789 1754/2124/1797 1835/2057/1799 1756/2127/1801
f 1740/2025/1800 1757/2128/1802 1836/2058/1803 1756/2127/1801
f 1741/2027/1804 1758/2130/1805 1836/2058/1803 1757/2128/1802
f 1737/2020/1789 1756/2127/1801 1836/2058/1803 1758/2130/1805
f 1741/2027/1804 1759/2131/1806 1837/2059/1807 1758/2130/1805
f 1742/2029/1808 1760/2133/1809 1837/2059/1807 1759/2131/1806
f 1737/2020/1789 1758/2130/1805 1837/2059/1807 1760/2133/1809
f 1742/2029/1808 1761/2134/1810 1838/2060/1811 1760/2133/1809
f 1743/2031/1812 1762/2136/1813 1838/2060/1811 1761/2134/1810
f 1737/2020/1789 1760/2133/1809 1838/2060/1811 1762/2136/1813
f 1743/2031/1812 1763/2137/1814 1839/2061/1815 1762/2136/1813
f 1744/2033/1816 1764/2139/1817 1839/2061/1815 1763/2137/1814
f 1737/2020/1789 1762/2136/1813 1839/2061/1815 1764/2139/1817
f 1744/2033/1816 1765/2140/1818 1840/2062/1819 1764/2139/1817
f 1745/2035/1820 1766/2142/1821 1840/2062/1819 1765/2140/1818
f 1737/2020/1789 1764/2139/1817 1840/2062/1819 1766/2142/1821
f 1745/2035/1820 1767/2143/1822 1841/2063/1823 1766/2142/1821
f 1746/2037/1824 1768/2145/1825 1841/2063/1823 1767/2143/1822
f 1737/2020/1789 1766/2142/1821 1841/2063/1823 1768/2145/1825
f 1746/2037/1824 1769/2146/1826 1842/2064/1827 1768/2145/1825
f 1747/2039/1828 1770/2148/1829 1842/2064/1827 1769/2146/1826
f 1737/2020/1789 1768/2145/1825 1842/2064/1827 1770/2148/1829
f 1747/2039/1828 1771/2149/1830 1843/2065/1831 1770/2148/1829
f 1735/2016/1783 1750/2118/1786 1843/2065/1831 1771/2149/1830
f 1737/2020/1789 1770/2148/1829 1843/2065/1831 1750/2118/1786
f 1723/2003/1719 1786/2080/1718 1844/2066/1832 1773/2152/1833
f 1786/2080/1718 1724/2004/1717 1772/2151/1834 1844/2066/1832
f 1844/2066/1832 1772/2151/1834 1736/2019/1787 1748/2116/1784
f 1773/2152/1833 1844/2066/1832 1748/2116/1784 1735/2017/1783
f 1724/2004/1717 1790/2084/1725 1845/2067/1835 1772/2151/1834
f 1790/2084/1725 1725/2005/1724 1774/2153/1836 1845/2067/1835
f 1845/2067/1835 1774/2153/1836 1738/2022/1792 1751/2120/1790
f 1772/2151/1834 1845/2067/1835 1751/2120/1790 1736/2019/1787
f 1725/2005/1724 1793/2087/1731 1846/2068/1837 1774/2153/1836
f 1793/2087/1731 1726/2006/1730 1775/2154/1838 1846/2068/1837
f 1846/2068/1837 1775/2154/1838 1739/2024/1796 1753/2123/1794
f 1774/2153/1836 1846/2068/1837 1753/2123/1794 1738/2022/1792
f 1726/2006/1730 1796/2090/1737 1847/2069/1839 1775/2154/1838
f 1796/2090/1737 1727/2007/1736 1776/2155/1840 1847/2069/1839
f 1847/2069/1839 1776/2155/1840 1740/2026/1800 1755/2126/1798
f 1775/2154/1838 1847/2069/1839 1755/2126/1798 1739/2024/1796
f 1727/2007/1736 1799/2093/1743 1848/2070/1841 1776/2155/1840
f 1799/2093/1743 1728/2008/1742 1777/2156/1842 1848/2070/1841
f 1848/2070/1841 1777/2156/1842 1741/2028/1804 1757/2129/1802
f 1776/2155/1840 1848/2070/1841 1757/2129/1802 1740/2026/1800
f 1728/2008/1742 1802/2096/1749 1849/2071/1843 1777/2156/1842
f 1802/2096/1749 1729/2009/1748 1778/2157/1844 1849/2071/1843
f 1849/2071/1843 1778/2157/1844 1742/2030/1808 1759/2132/1806
f 1777/2156/1842 1849/2071/1843 1759/2132/1806 1741/2028/1804
f 1729/2009/1748 1805/2099/1755 1850/2072/1845 1778/2157/1844
f 1805/2099/1755 1730/2010/1754 1779/2158/1846 1850/2072/1845
f 1850/2072/1845 1779/2158/1846 1743/2032/1812 1761/2135/1810
f 1778/2157/1844 1850/2072/1845 1761/2135/1810 1742/2030/1808
f 1730/2010/1754 1808/2102/1761 1851/2073/1847 1779/2158/1846
f 1808/2102/1761 1731/2011/1760 1780/2159/1848 1851/2073/1847
f 1851/2073/1847 1780/2159/1848 1744/2034/1816 1763/2138/1814
f 1779/2158/1846 1851/2073/1847 1763/2138/1814 1743/2032/1812
f 1731/2011/1760 1811/2105/1767 1852/2074/1849 1780/2159/1848
f 1811/2105/1767 1732/2012/1766 1781/2160/1850 1852/2074/1849
f 1852/2074/1849 1781/2160/1850 1745/2036/1820 1765/2141/1818
f 1780/2159/1848 1852/2074/1849 1765/2141/1818 1744/2034/1816
f 1732/2012/1766 1814/2108/1773 1853/2075/1851 1781/2160/1850
f 1814/2108/1773 1733/2013/1772 1782/2161/1852 1853/2075/1851
f 1853/2075/1851 1782/2161/1852 1746/2038/1824 1767/2144/1822
f 1781/2160/1850 1853/2075/1851 1767/2144/1822 1745/2036/1820
f 1733/2013/1772 1817/2112/1779 1854/2076/1853 1782/2161/1852
f 1817/2112/1779 1734/2014/1778 1783/2162/1854 1854/2076/1853
f 1854/2076/1853 1783/2162/1854 1747/2040/1828 1769/2147/1826
f 1782/2161/1852 1854/2076/1853 1769/2147/1826 1746/2038/1824
f 1734/2015/1778 1819/2114/1782 1855/2077/1855 1783/2163/1854
f 1819/2114/1782 1723/2003/1719 1773/2152/1833 1855/2077/1855
f 1855/2077/1855 1773/2152/1833 1735/2017/1783 1771/2150/1830
f 1783/2163/1854 1855/2077/1855 1771/2150/1830 1747/2041/1828
g default
v -3.319744 0.852913 -1.656017
v -0.946925 0.865041 -1.414304
v -2.742620 1.533363 -2.023518
v -1.263341 1.616542 -1.720823
v -2.723392 1.542905 -3.435583
v -1.311243 1.645948 -3.196053
v -3.064101 0.840569 -3.720338
v -1.017162 0.876734 -3.659792
v -3.214535 0.206856 -3.855364
v -0.874592 0.206856 -3.847289
v -0.791923 0.206856 -1.408247
v -3.510368 0.206856 -1.504794
v -0.991184 1.612624 -2.274838
v -3.097021 1.552351 -2.731924
v -3.833275 0.858872 -2.670515
v -4.097785 0.206856 -2.659394
v -0.291645 0.206856 -2.459945
v -0.520385 0.893478 -2.313964
v -1.949904 1.549767 -1.657644
v -1.989959 0.849942 -1.184017
v -1.996094 0.206856 -0.989582
v -2.005680 0.206856 -4.510021
v -2.015223 0.856932 -4.297668
v -2.070589 1.554990 -3.813466
v -1.969542 1.907646 -2.094806
v -1.515568 1.893328 -2.117330
v -1.423201 1.917527 -2.517602
v -2.019076 1.951293 -2.654036
v -2.066026 1.908690 -3.274211
v -1.600732 1.903188 -2.994809
v -2.456901 1.868594 -2.257262
v -2.617243 1.907832 -2.709301
v -2.481002 1.872124 -3.160965
v -1.815134 1.917997 -3.148072
v -3.552259 0.848997 -3.219341
v -2.976251 1.549717 -3.099750
v -2.902939 1.207837 -3.590990
v -3.156507 0.513630 -3.800218
v -3.775730 0.206856 -3.285318
v -0.672184 0.888729 -2.998875
v -0.472782 0.206856 -3.172868
v -1.079565 1.635610 -2.724349
v -2.245191 1.904931 -2.166468
v -2.333095 1.951232 -2.686937
v -2.554762 1.906289 -2.451989
v -2.684044 0.849771 -1.337189
v -2.366075 1.533900 -1.789702
v -2.787327 0.206856 -1.140275
v -2.546654 0.845717 -4.122432
v -2.616642 0.206856 -4.308599
v -2.421436 1.539515 -3.716141
v -2.300421 1.906003 -3.241733
v -2.561840 1.907659 -2.961596
v -1.407861 1.820947 -1.950392
v -1.952787 1.776884 -1.874294
v -1.201389 1.815209 -2.383703
v -1.483730 1.840970 -3.057361
v -2.076282 1.779865 -3.550950
v -2.557998 1.765296 -2.164940
v -2.840933 1.777635 -2.729071
v -2.575834 1.773245 -3.277527
v -1.405254 0.854732 -1.212068
v -1.096361 1.263898 -1.533685
v -1.570940 1.585913 -1.631048
v -1.968321 1.217113 -1.405052
v -1.706144 1.913705 -2.103403
v -1.447826 1.918066 -2.294891
v -1.705770 1.951473 -2.602652
v -1.992742 1.951233 -2.358983
v -1.671055 1.604771 -3.599597
v -1.149366 1.287177 -3.430909
v -1.485117 0.866703 -4.118089
v -2.043537 1.224058 -4.077835
v -0.631967 0.881769 -1.783688
v -0.743435 1.277874 -2.264889
v -1.061266 1.615857 -1.937874
v -3.729295 0.858062 -2.124933
v -3.039917 1.209437 -1.832149
v -3.002706 1.543207 -2.355386
v -3.478365 1.223692 -2.703537
v -0.933693 0.526694 -3.780568
v -1.405277 0.206856 -4.324628
v -2.005743 0.523476 -4.426575
v -0.855037 0.521996 -1.388005
v -0.422977 0.206856 -1.867095
v -0.384279 0.541950 -2.382171
v -1.996740 0.519273 -1.062036
v -1.323627 0.206856 -1.097324
v -4.010061 0.525101 -2.659462
v -3.978260 0.206856 -2.038526
v -3.451959 0.523185 -1.560301
v -2.045231 1.951472 -2.967176
v -1.508665 1.922654 -2.773903
v -1.482326 1.240505 -1.396205
v -1.704235 1.951233 -2.346275
v -1.570141 1.257984 -3.874809
v -0.836002 1.273066 -1.825147
v -3.378025 1.218004 -2.237196
v -1.436176 0.524508 -4.249361
v -0.507564 0.533545 -1.808759
v -1.357189 0.518427 -1.129343
v -3.899135 0.525591 -2.067917
v -1.768619 1.952194 -2.880682
v -3.276211 1.216545 -3.166999
v -3.696857 0.518631 -3.256200
v -0.554691 0.536087 -3.098806
v -0.860843 1.288193 -2.847206
v -2.287510 1.951233 -2.411239
v -2.528766 1.207949 -1.552567
v -2.756412 0.520969 -1.215348
v -2.585994 0.517548 -4.233602
v -2.489925 1.208841 -3.938915
v -2.316623 1.951229 -2.969373
v -1.653629 1.801123 -1.865887
v -1.249355 1.818565 -2.126606
v -1.287243 1.832111 -2.710853
v -1.767666 1.813482 -3.372531
v -2.271465 1.766024 -1.976812
v -2.760723 1.771458 -2.430177
v -2.346813 1.770334 -3.487201
v -2.759922 1.776955 -3.018169
vt 0.813544 0.584419
vt 0.799496 0.566905
vt 0.802711 0.473083
vt 0.829657 0.449714
vt 0.836582 0.549749
vt 0.832869 0.544089
vt 0.834415 0.489411
vt 0.837309 0.485183
vt 0.889711 0.559065
vt 0.895278 0.555642
vt 0.892374 0.498953
vt 0.890074 0.497486
vt 0.900389 0.590703
vt 0.922154 0.576304
vt 0.934404 0.492514
vt 0.920521 0.469732
vt 0.905993 0.612412
vt 0.941757 0.586723
vt 0.957267 0.488382
vt 0.930606 0.449569
vt 0.833235 0.427393
vt 0.782580 0.464328
vt 0.777311 0.570714
vt 0.802505 0.605128
vt 0.861104 0.482146
vt 0.861423 0.564287
vt 0.853591 0.597724
vt 0.848686 0.625970
vt 0.876376 0.427393
vt 0.868314 0.453627
vt 0.827925 0.514510
vt 0.798757 0.512855
vt 0.774025 0.509010
vt 0.963417 0.538851
vt 0.937021 0.535273
vt 0.908468 0.532414
vt 0.847561 0.518147
vt 0.853107 0.502695
vt 0.865616 0.502104
vt 0.866437 0.523211
vt 0.886857 0.528737
vt 0.879978 0.512315
vt 0.849704 0.535892
vt 0.864461 0.543910
vt 0.880384 0.541793
vt 0.815459 0.496600
vt 0.858048 0.510764
vt 0.919950 0.515292
vt 0.847608 0.466584
vt 0.840884 0.575523
vt 0.949144 0.513799
vt 0.851323 0.438649
vt 0.788893 0.489245
vt 0.829008 0.604828
vt 0.875535 0.516212
vt 0.875878 0.579423
vt 0.876591 0.608221
vt 0.898382 0.449197
vt 0.883515 0.474664
vt 0.856621 0.530708
vt 0.814269 0.533725
vt 0.786772 0.539297
vt 0.942205 0.559332
vt 0.917614 0.550412
vt 0.875061 0.535225
vt 0.840518 0.505748
vt 0.853595 0.492219
vt 0.873504 0.497700
vt 0.893265 0.518807
vt 0.839281 0.527717
vt 0.853155 0.548999
vt 0.894092 0.540349
vt 0.874108 0.552804
vt 0.800829 0.492372
vt 0.818563 0.481247
vt 0.833483 0.467449
vt 0.829712 0.501276
vt 0.813609 0.513558
vt 0.849443 0.509187
vt 0.857818 0.501334
vt 0.866643 0.512450
vt 0.856807 0.520545
vt 0.904280 0.516826
vt 0.913389 0.495733
vt 0.905297 0.483609
vt 0.936247 0.514264
vt 0.922647 0.533852
vt 0.848653 0.451261
vt 0.863647 0.468172
vt 0.848988 0.481333
vt 0.833683 0.592142
vt 0.825063 0.567084
vt 0.816182 0.555497
vt 0.848184 0.559599
vt 0.857543 0.580717
vt 0.945836 0.490448
vt 0.925563 0.459651
vt 0.960342 0.513616
vt 0.949064 0.536858
vt 0.831446 0.438554
vt 0.792645 0.468706
vt 0.854805 0.427393
vt 0.873027 0.441334
vt 0.786486 0.512028
vt 0.778302 0.486669
vt 0.851395 0.610704
vt 0.825596 0.615549
vt 0.808025 0.594773
vt 0.788404 0.568810
vt 0.876559 0.526078
vt 0.873885 0.506471
vt 0.884488 0.519261
vt 0.876038 0.595536
vt 0.875453 0.563854
vt 0.895050 0.574884
vt 0.908716 0.565973
vt 0.903191 0.601558
vt 0.931956 0.581514
vt 0.877339 0.619191
vt 0.892111 0.460922
vt 0.903491 0.438481
vt 0.876133 0.487799
vt 0.847926 0.527964
vt 0.865591 0.533833
vt 0.855925 0.540457
vt 0.799198 0.537622
vt 0.828718 0.529719
vt 0.775668 0.539862
vt 0.930866 0.555375
vt 0.952587 0.562787
vt 0.904629 0.545164
vt 0.884678 0.536769
vt 0.873443 0.544013
vt 0.843761 0.496053
vt 0.845208 0.493939
vt 0.838588 0.516088
vt 0.862766 0.492730
vt 0.885026 0.504900
vt 0.886176 0.505634
vt 0.897016 0.530779
vt 0.841286 0.539991
vt 0.843143 0.542821
vt 0.863400 0.553040
vt 0.887831 0.548718
vt 0.885048 0.550429
vn -0.092049 0.426094 0.899984
vn 0.197198 0.362922 0.910714
vn 0.116090 0.507079 0.854046
vn -0.129014 0.551361 0.824231
vn 0.552073 0.333177 0.764336
vn 0.468540 0.495799 0.731200
vn 0.369590 0.661264 0.652789
vn 0.042978 0.636097 0.770412
vn -0.164336 0.632082 0.757275
vn -0.078291 0.928396 0.363251
vn 0.017496 0.950746 0.309476
vn 0.046983 0.996428 0.070173
vn -0.014514 0.996501 0.082306
vn 0.157468 0.951065 0.265857
vn 0.248030 0.964338 0.092374
vn 0.291861 0.956062 -0.027624
vn 0.058440 0.998276 -0.005492
vn -0.000789 1.000000 0.000739
vn 0.046495 0.673711 -0.737531
vn 0.423036 0.671466 -0.608419
vn 0.455785 0.574990 -0.679446
vn 0.027990 0.567643 -0.822799
vn 0.624472 0.648048 -0.435969
vn 0.679216 0.550563 -0.485331
vn 0.716599 0.446880 -0.535523
vn 0.474964 0.457254 -0.751883
vn 0.009018 0.444872 -0.895549
vn 0.831767 0.371869 0.412161
vn 0.763618 0.515050 0.389373
vn 0.905005 0.424830 -0.022037
vn 0.847926 0.530043 -0.008744
vn 0.775686 0.631115 -0.002027
vn 0.670529 0.658858 0.341024
vn -0.809908 0.573680 -0.122234
vn -0.718789 0.592086 0.364386
vn -0.609110 0.726535 0.318012
vn -0.700080 0.708776 -0.086749
vn -0.509693 0.544981 0.665739
vn -0.453298 0.677106 0.579697
vn -0.450209 0.708811 0.543047
vn -0.582162 0.751071 0.311418
vn -0.662894 0.747468 -0.043164
vn 0.490186 0.314499 -0.812901
vn -0.006497 0.311194 -0.950324
vn 0.747556 0.323974 -0.579828
vn 0.753606 0.271500 -0.598637
vn 0.490372 0.254392 -0.833559
vn -0.011497 0.258006 -0.966075
vn 0.878800 0.222861 0.421952
vn 0.949777 0.311389 -0.031013
vn 0.614768 0.164664 0.771328
vn 0.653836 0.097735 0.750297
vn 0.906624 0.173057 0.384817
vn 0.960225 0.271185 -0.066538
vn 0.269647 0.201396 0.941664
vn -0.059546 0.271453 0.960608
vn -0.043608 0.207862 0.977186
vn 0.307604 0.133663 0.942079
vn -0.832042 0.362969 0.419476
vn -0.568525 0.336967 0.750488
vn -0.921016 0.360433 -0.147708
vn -0.952373 0.266059 -0.148989
vn -0.863196 0.258492 0.433676
vn -0.585481 0.246574 0.772278
vn 0.028044 0.947637 -0.318116
vn 0.006535 0.997367 -0.072219
vn 0.069010 0.995295 -0.068018
vn 0.154510 0.950910 -0.268137
vn 0.273594 0.955114 -0.113599
vn 0.283369 0.927628 -0.243328
vn -0.610289 0.420439 -0.671401
vn -0.710149 0.483082 -0.512171
vn -0.658452 0.607346 -0.444491
vn -0.588277 0.531302 -0.609630
vn -0.634649 0.674062 -0.377970
vn -0.564593 0.622720 -0.541715
vn -0.762706 0.317880 -0.563233
vn -0.781433 0.249223 -0.572058
vn -0.632995 0.296750 -0.715022
vn -0.641512 0.246635 -0.726384
vn 0.840971 0.438865 -0.316491
vn 0.875429 0.335797 -0.347657
vn 0.882388 0.292342 -0.368684
vn 0.800039 0.531938 -0.277450
vn 0.742904 0.624473 -0.241097
vn -0.348285 0.854113 0.386249
vn -0.181065 0.908558 0.376481
vn -0.093233 0.990679 0.099310
vn -0.350433 0.918399 0.183685
vn -0.079967 0.996787 0.004664
vn -0.366823 0.930222 0.011302
vn -0.298707 0.484902 0.821976
vn -0.291651 0.609820 0.736926
vn -0.306884 0.659308 0.686393
vn -0.311624 0.311609 0.897658
vn -0.314976 0.239605 0.918357
vn -0.444115 0.404944 -0.799239
vn -0.457240 0.293999 -0.839343
vn -0.459423 0.250133 -0.852270
vn -0.396116 0.626917 -0.670870
vn -0.426607 0.516266 -0.742614
vn -0.083714 0.993057 -0.082640
vn -0.340968 0.927535 -0.153038
vn -0.152807 0.937698 -0.312047
vn -0.342594 0.884745 -0.316000
vn 0.005343 0.798346 0.602176
vn -0.155528 0.752763 0.639655
vn 0.260505 0.842853 0.470888
vn 0.510973 0.831001 0.219872
vn 0.609807 0.792235 -0.022347
vn 0.589901 0.780829 -0.205726
vn 0.493223 0.787343 -0.369895
vn 0.324176 0.805822 -0.495542
vn 0.047110 0.810245 -0.584195
vn -0.297096 0.722761 0.623979
vn -0.454619 0.725716 0.516388
vn -0.571344 0.764756 0.297850
vn -0.619761 0.784781 -0.003927
vn -0.310009 0.775610 -0.549840
vn -0.497960 0.738285 -0.454940
vn -0.581576 0.758927 -0.292914
s 1
g PiedrasHP Piedra21
usemtl initialShadingGroup
f 1875/2195/1856 1917/2237/1857 1949/2209/1858 1920/2241/1859
f 1917/2237/1857 1857/2166/1860 1918/2238/1861 1949/2209/1858
f 1949/2209/1858 1918/2238/1861 1859/2170/1862 1919/2240/1863
f 1920/2241/1859 1949/2209/1858 1919/2240/1863 1874/2194/1864
f 1880/2200/1865 1921/2242/1866 1950/2210/1867 1924/2245/1868
f 1921/2242/1866 1881/2201/1869 1922/2243/1870 1950/2210/1867
f 1950/2210/1867 1922/2243/1870 1882/2202/1871 1923/2244/1872
f 1924/2245/1868 1950/2210/1867 1923/2244/1872 1883/2203/1873
f 1879/2199/1874 1925/2246/1875 1951/2211/1876 1928/2250/1877
f 1925/2246/1875 1861/2174/1878 1926/2247/1879 1951/2211/1876
f 1951/2211/1876 1926/2247/1879 1863/2178/1880 1927/2249/1881
f 1928/2250/1877 1951/2211/1876 1927/2249/1881 1878/2198/1882
f 1857/2167/1860 1929/2251/1883 1952/2212/1884 1918/2239/1861
f 1929/2251/1883 1873/2193/1885 1930/2252/1886 1952/2212/1884
f 1952/2212/1884 1930/2252/1886 1868/2188/1887 1931/2253/1888
f 1918/2239/1861 1952/2212/1884 1931/2253/1888 1859/2171/1862
f 1870/2190/1889 1932/2254/1890 1953/2213/1891 1935/2258/1892
f 1932/2254/1890 1856/2164/1893 1933/2255/1894 1953/2213/1891
f 1953/2213/1891 1933/2255/1894 1858/2168/1895 1934/2257/1896
f 1935/2258/1892 1953/2213/1891 1934/2257/1896 1869/2189/1897
f 1878/2198/1882 1927/2249/1881 1954/2214/1898 1938/2262/1899
f 1927/2249/1881 1863/2178/1880 1936/2259/1900 1954/2214/1898
f 1954/2214/1898 1936/2259/1900 1865/2182/1901 1937/2261/1902
f 1938/2262/1899 1954/2214/1898 1937/2261/1902 1877/2197/1903
f 1873/2193/1885 1929/2251/1883 1955/2215/1904 1941/2266/1905
f 1929/2251/1883 1857/2167/1860 1939/2263/1906 1955/2215/1904
f 1955/2215/1904 1939/2263/1906 1866/2184/1907 1940/2265/1908
f 1941/2266/1905 1955/2215/1904 1940/2265/1908 1872/2192/1909
f 1857/2166/1860 1917/2237/1857 1956/2216/1910 1939/2264/1906
f 1917/2237/1857 1875/2195/1856 1942/2267/1911 1956/2216/1910
f 1956/2216/1910 1942/2267/1911 1876/2196/1912 1943/2268/1913
f 1939/2264/1906 1956/2216/1910 1943/2268/1913 1866/2185/1907
f 1856/2164/1893 1932/2254/1890 1957/2217/1914 1946/2271/1915
f 1932/2254/1890 1870/2190/1889 1944/2269/1916 1957/2217/1914
f 1957/2217/1914 1944/2269/1916 1871/2191/1917 1945/2270/1918
f 1946/2271/1915 1957/2217/1914 1945/2270/1918 1867/2187/1919
f 1884/2204/1920 1947/2273/1921 1958/2218/1922 1889/2275/1923
f 1947/2273/1921 1883/2203/1873 1923/2244/1872 1958/2218/1922
f 1958/2218/1922 1923/2244/1872 1882/2202/1871 1948/2274/1924
f 1889/2275/1923 1958/2218/1922 1948/2274/1924 1885/2205/1925
f 1862/2176/1926 1890/2276/1927 1959/2219/1928 1892/2278/1929
f 1890/2276/1927 1870/2190/1889 1935/2258/1892 1959/2219/1928
f 1959/2219/1928 1935/2258/1892 1869/2189/1897 1891/2277/1930
f 1892/2278/1929 1959/2219/1928 1891/2277/1930 1860/2172/1931
f 1871/2191/1917 1944/2269/1916 1960/2220/1932 1894/2282/1933
f 1944/2269/1916 1870/2190/1889 1890/2276/1927 1960/2220/1932
f 1960/2220/1932 1890/2276/1927 1862/2176/1926 1893/2280/1934
f 1894/2282/1933 1960/2220/1932 1893/2280/1934 1864/2180/1935
f 1863/2179/1880 1895/2283/1936 1961/2221/1937 1936/2260/1900
f 1895/2283/1936 1873/2193/1885 1941/2266/1905 1961/2221/1937
f 1961/2221/1937 1941/2266/1905 1872/2192/1909 1896/2284/1938
f 1936/2260/1900 1961/2221/1937 1896/2284/1938 1865/2183/1901
f 1868/2188/1887 1930/2252/1886 1962/2222/1939 1897/2285/1940
f 1930/2252/1886 1873/2193/1885 1895/2283/1936 1962/2222/1939
f 1962/2222/1939 1895/2283/1936 1863/2179/1880 1926/2248/1879
f 1897/2285/1940 1962/2222/1939 1926/2248/1879 1861/2175/1878
f 1886/2206/1941 1898/2286/1942 1963/2223/1943 1900/2288/1944
f 1898/2286/1942 1880/2200/1865 1924/2245/1868 1963/2223/1943
f 1963/2223/1943 1924/2245/1868 1883/2203/1873 1899/2287/1945
f 1900/2288/1944 1963/2223/1943 1899/2287/1945 1887/2207/1946
f 1856/2165/1893 1901/2289/1947 1964/2224/1948 1933/2256/1894
f 1901/2289/1947 1875/2195/1856 1920/2241/1859 1964/2224/1948
f 1964/2224/1948 1920/2241/1859 1874/2194/1864 1902/2290/1949
f 1933/2256/1894 1964/2224/1948 1902/2290/1949 1858/2169/1895
f 1876/2196/1912 1942/2267/1911 1965/2225/1950 1903/2291/1951
f 1942/2267/1911 1875/2195/1856 1901/2289/1947 1965/2225/1950
f 1965/2225/1950 1901/2289/1947 1856/2165/1893 1946/2272/1915
f 1903/2291/1951 1965/2225/1950 1946/2272/1915 1867/2186/1919
f 1862/2177/1926 1904/2292/1952 1966/2226/1953 1893/2281/1934
f 1904/2292/1952 1878/2198/1882 1938/2262/1899 1966/2226/1953
f 1966/2226/1953 1938/2262/1899 1877/2197/1903 1905/2293/1954
f 1893/2281/1934 1966/2226/1953 1905/2293/1954 1864/2181/1935
f 1860/2173/1931 1906/2294/1955 1967/2227/1956 1892/2279/1929
f 1906/2294/1955 1879/2199/1874 1928/2250/1877 1967/2227/1956
f 1967/2227/1956 1928/2250/1877 1878/2198/1882 1904/2292/1952
f 1892/2279/1929 1967/2227/1956 1904/2292/1952 1862/2177/1926
f 1887/2207/1946 1899/2287/1945 1968/2228/1957 1908/2296/1958
f 1899/2287/1945 1883/2203/1873 1947/2273/1921 1968/2228/1957
f 1968/2228/1957 1947/2273/1921 1884/2204/1920 1907/2295/1959
f 1908/2296/1958 1968/2228/1957 1907/2295/1959 1888/2208/1960
f 1874/2194/1864 1919/2240/1863 1969/2229/1961 1910/2299/1962
f 1919/2240/1863 1859/2170/1862 1909/2297/1963 1969/2229/1961
f 1969/2229/1961 1909/2297/1963 1881/2201/1869 1921/2242/1866
f 1910/2299/1962 1969/2229/1961 1921/2242/1866 1880/2200/1865
f 1859/2171/1862 1931/2253/1888 1970/2230/1964 1909/2298/1963
f 1931/2253/1888 1868/2188/1887 1911/2300/1965 1970/2230/1964
f 1970/2230/1964 1911/2300/1965 1882/2202/1871 1922/2243/1870
f 1909/2298/1963 1970/2230/1964 1922/2243/1870 1881/2201/1869
f 1868/2188/1887 1897/2285/1940 1971/2231/1966 1911/2300/1965
f 1897/2285/1940 1861/2175/1878 1912/2301/1967 1971/2231/1966
f 1971/2231/1966 1912/2301/1967 1885/2205/1925 1948/2274/1924
f 1911/2300/1965 1971/2231/1966 1948/2274/1924 1882/2202/1871
f 1861/2174/1878 1925/2246/1875 1972/2232/1968 1912/2302/1967
f 1925/2246/1875 1879/2199/1874 1913/2303/1969 1972/2232/1968
f 1972/2232/1968 1913/2303/1969 1884/2204/1920 1889/2275/1923
f 1912/2302/1967 1972/2232/1968 1889/2275/1923 1885/2205/1925
f 1858/2169/1895 1902/2290/1949 1973/2233/1970 1914/2304/1971
f 1902/2290/1949 1874/2194/1864 1910/2299/1962 1973/2233/1970
f 1973/2233/1970 1910/2299/1962 1880/2200/1865 1898/2286/1942
f 1914/2304/1971 1973/2233/1970 1898/2286/1942 1886/2206/1941
f 1869/2189/1897 1934/2257/1896 1974/2234/1972 1915/2306/1973
f 1934/2257/1896 1858/2168/1895 1914/2305/1971 1974/2234/1972
f 1974/2234/1972 1914/2305/1971 1886/2206/1941 1900/2288/1944
f 1915/2306/1973 1974/2234/1972 1900/2288/1944 1887/2207/1946
f 1879/2199/1874 1906/2294/1955 1975/2235/1974 1913/2303/1969
f 1906/2294/1955 1860/2173/1931 1916/2307/1975 1975/2235/1974
f 1975/2235/1974 1916/2307/1975 1888/2208/1960 1907/2295/1959
f 1913/2303/1969 1975/2235/1974 1907/2295/1959 1884/2204/1920
f 1860/2172/1931 1891/2277/1930 1976/2236/1976 1916/2308/1975
f 1891/2277/1930 1869/2189/1897 1915/2306/1973 1976/2236/1976
f 1976/2236/1976 1915/2306/1973 1887/2207/1946 1908/2296/1958
f 1916/2308/1975 1976/2236/1976 1908/2296/1958 1888/2208/1960
g default
v -3.787432 0.828002 -6.737811
v -1.172116 0.775972 -6.754678
v -3.554512 1.727202 -6.934818
v -1.418212 1.595365 -6.908252
v -3.431172 1.675746 -9.072193
v -1.538619 1.853639 -8.767643
v -3.509571 0.785192 -9.208899
v -1.235164 0.848545 -9.108621
v -3.458444 0.380901 -9.270277
v -1.107183 0.380901 -9.262190
v -1.025223 0.380895 -6.801797
v -3.755775 0.380901 -6.767381
v -1.057275 1.627629 -7.651105
v -4.006504 1.626472 -8.153275
v -4.295306 0.694911 -8.056114
v -4.339607 0.380898 -8.052488
v -0.524244 0.380898 -7.874864
v -0.720584 0.733607 -7.722705
v -2.408873 1.686459 -6.513621
v -2.339363 0.870217 -6.252399
v -2.234855 0.380900 -6.254518
v -2.240000 0.380901 -9.924902
v -2.284094 0.849378 -9.757429
v -2.459525 1.792919 -9.375565
v -2.581297 2.463573 -7.348635
v -1.912725 2.355520 -7.445250
v -1.783593 2.446915 -7.957421
v -2.629098 2.597411 -8.092129
v -2.619555 2.430680 -8.763332
v -1.997745 2.395465 -8.509303
v -3.235323 2.375986 -7.477365
v -3.415161 2.443956 -8.151745
v -3.195156 2.344145 -8.697679
v -2.289133 2.445899 -8.647379
v -4.018534 0.724250 -8.684027
v -3.814181 1.633488 -8.677870
v -3.493675 1.198532 -9.168062
v -3.492300 0.540807 -9.241617
v -4.019001 0.380899 -8.700239
v -0.878870 0.788137 -8.429230
v -0.705379 0.380899 -8.587782
v -1.212624 1.748248 -8.211905
v -2.952152 2.458451 -7.407098
v -3.038162 2.580791 -8.127314
v -3.351833 2.449111 -7.795393
v -3.103509 0.868876 -6.365375
v -3.015335 1.723644 -6.606800
v -3.030231 0.380901 -6.382444
v -2.906817 0.825161 -9.601507
v -2.856151 0.380901 -9.723494
v -2.963191 1.731688 -9.323374
v -2.943108 2.426177 -8.749964
v -3.323607 2.432754 -8.463892
v -1.688029 2.079582 -7.205947
v -2.495846 2.126071 -6.898210
v -1.384488 2.095850 -7.789304
v -1.802172 2.226791 -8.610912
v -2.552877 2.172034 -9.087492
v -3.380766 2.150336 -7.229753
v -3.743376 2.097281 -8.164686
v -3.308622 2.111753 -8.874380
v -1.684644 0.829860 -6.414209
v -1.263017 1.143557 -6.779537
v -1.859106 1.636519 -6.641675
v -2.367529 1.250361 -6.321060
v -2.214138 2.460693 -7.406637
v -1.834325 2.449684 -7.690353
v -2.204686 2.583444 -8.046930
v -2.618076 2.593339 -7.738706
v -1.969460 1.851050 -9.172926
v -1.355510 1.336336 -8.948685
v -1.715224 0.863066 -9.572245
v -2.361780 1.304361 -9.598032
v -0.834548 0.736720 -7.177682
v -0.851859 1.139629 -7.651350
v -1.138369 1.584535 -7.230642
v -4.201484 0.749754 -7.354383
v -3.699095 1.250986 -6.786821
v -3.902425 1.676261 -7.511283
v -4.188237 1.117235 -8.104652
v -1.159902 0.563929 -9.202036
v -1.637867 0.380901 -9.739515
v -2.250919 0.570991 -9.856298
v -1.095178 0.544424 -6.768554
v -0.655567 0.380896 -7.282011
v -0.615793 0.511319 -7.797840
v -2.291927 0.598461 -6.239515
v -1.559086 0.380898 -6.426801
v -4.334440 0.484841 -8.044956
v -4.222049 0.380899 -7.366132
v -3.792436 0.564564 -6.739837
v -2.637276 2.557832 -8.432608
v -1.890137 2.450808 -8.256729
v -1.750152 1.198048 -6.469816
v -2.226234 2.587242 -7.744321
v -1.819504 1.344574 -9.397429
v -0.949890 1.115683 -7.157705
v -4.088062 1.177107 -7.406988
v -1.663425 0.573898 -9.674116
v -0.739887 0.518598 -7.223409
v -1.621319 0.576637 -6.408124
v -4.232395 0.516742 -7.348562
v -2.265125 2.552502 -8.351820
v -3.949577 1.138536 -8.698179
v -4.032512 0.504052 -8.687681
v -0.783245 0.534749 -8.516996
v -1.010013 1.240601 -8.307501
v -2.999756 2.576313 -7.786649
v -3.071380 1.271706 -6.425786
v -3.080623 0.593121 -6.360120
v -2.879490 0.561541 -9.671644
v -2.942123 1.254744 -9.494795
v -2.996254 2.552361 -8.443892
v -2.052765 2.100594 -6.996519
v -1.452442 2.072325 -7.463659
v -1.522651 2.167187 -8.202536
v -2.158291 2.215120 -8.921995
v -2.966469 2.146727 -6.973859
v -3.654869 2.124678 -7.672178
v -2.947803 2.137392 -9.059111
v -3.600887 2.095678 -8.570829
vt 0.354397 0.775319
vt 0.319380 0.824938
vt 0.214763 0.840755
vt 0.167358 0.800650
vt 0.316423 0.776440
vt 0.302666 0.790909
vt 0.218774 0.809337
vt 0.196410 0.790462
vt 0.299988 0.687605
vt 0.279188 0.677615
vt 0.208639 0.707644
vt 0.203293 0.717045
vt 0.331202 0.672600
vt 0.280056 0.643378
vt 0.186566 0.665905
vt 0.158199 0.705689
vt 0.340485 0.664791
vt 0.275944 0.631852
vt 0.179367 0.653596
vt 0.144314 0.702821
vt 0.155423 0.800906
vt 0.210113 0.851849
vt 0.320070 0.839012
vt 0.368077 0.773003
vt 0.190017 0.760124
vt 0.317858 0.725030
vt 0.350938 0.720864
vt 0.364127 0.718286
vt 0.139973 0.761406
vt 0.157140 0.762315
vt 0.259667 0.803604
vt 0.261672 0.833292
vt 0.258805 0.851849
vt 0.223930 0.631684
vt 0.229820 0.650835
vt 0.242177 0.683831
vt 0.259041 0.763639
vt 0.236138 0.758956
vt 0.226985 0.745555
vt 0.256250 0.737072
vt 0.252718 0.713211
vt 0.235395 0.725564
vt 0.280728 0.753554
vt 0.283398 0.731118
vt 0.272865 0.714253
vt 0.238251 0.823289
vt 0.244573 0.750812
vt 0.216045 0.675347
vt 0.175319 0.780595
vt 0.337576 0.748393
vt 0.204201 0.649212
vt 0.153516 0.782264
vt 0.236094 0.845079
vt 0.361316 0.746530
vt 0.242866 0.729783
vt 0.327669 0.700505
vt 0.348619 0.693797
vt 0.148449 0.734002
vt 0.174750 0.738501
vt 0.270260 0.745830
vt 0.285378 0.814728
vt 0.289738 0.837916
vt 0.251717 0.638144
vt 0.257055 0.662208
vt 0.266773 0.723323
vt 0.243383 0.784562
vt 0.211132 0.764863
vt 0.212667 0.738161
vt 0.234958 0.706853
vt 0.275503 0.778604
vt 0.300479 0.745658
vt 0.261963 0.696518
vt 0.294404 0.713623
vt 0.237451 0.836247
vt 0.216768 0.825046
vt 0.181884 0.795556
vt 0.239795 0.806097
vt 0.260774 0.820271
vt 0.245985 0.764271
vt 0.229406 0.754873
vt 0.242436 0.740534
vt 0.257801 0.749019
vt 0.225420 0.693005
vt 0.197603 0.686774
vt 0.180746 0.711367
vt 0.208438 0.659032
vt 0.235519 0.666349
vt 0.161876 0.782401
vt 0.171895 0.762591
vt 0.192265 0.775274
vt 0.352987 0.747439
vt 0.335410 0.775880
vt 0.311023 0.807924
vt 0.318826 0.748198
vt 0.336183 0.722678
vt 0.182967 0.659750
vt 0.151256 0.704255
vt 0.201649 0.642640
vt 0.226697 0.641176
vt 0.161390 0.800778
vt 0.212438 0.846302
vt 0.147698 0.781156
vt 0.148312 0.760942
vt 0.261333 0.842677
vt 0.234459 0.851849
vt 0.358180 0.719531
vt 0.366102 0.745644
vt 0.361237 0.774161
vt 0.319725 0.831975
vt 0.254982 0.725453
vt 0.229178 0.734592
vt 0.241746 0.718557
vt 0.341538 0.696603
vt 0.310721 0.706009
vt 0.315595 0.680102
vt 0.279622 0.660497
vt 0.335844 0.668696
vt 0.278000 0.637615
vt 0.352306 0.691538
vt 0.158177 0.736071
vt 0.142143 0.732113
vt 0.194228 0.739720
vt 0.271585 0.760185
vt 0.269374 0.734042
vt 0.283851 0.743844
vt 0.288798 0.828361
vt 0.280580 0.797861
vt 0.289437 0.845430
vt 0.253942 0.647349
vt 0.249937 0.631768
vt 0.260060 0.679630
vt 0.263841 0.711530
vt 0.279495 0.720384
vt 0.227456 0.784146
vt 0.216274 0.774709
vt 0.259376 0.783280
vt 0.208945 0.753265
vt 0.219344 0.721304
vt 0.222017 0.716604
vt 0.248180 0.699394
vt 0.291697 0.772232
vt 0.298576 0.764997
vt 0.299912 0.727979
vt 0.276027 0.695934
vt 0.286426 0.700929
vn 0.029678 0.121458 0.992153
vn 0.393551 0.163062 0.904725
vn 0.386327 0.312273 0.867892
vn 0.045222 0.296053 0.954100
vn 0.661075 0.197332 0.723906
vn 0.634516 0.312863 0.706758
vn 0.561914 0.524348 0.639775
vn 0.351077 0.536853 0.767160
vn 0.060035 0.532469 0.844318
vn 0.010005 0.861528 0.507612
vn 0.188824 0.850654 0.490646
vn 0.156178 0.972049 0.175296
vn -0.015850 0.983463 0.180412
vn 0.386986 0.794631 0.467765
vn 0.471415 0.851133 0.230953
vn 0.542372 0.839631 -0.029188
vn 0.180528 0.982057 -0.054535
vn -0.000640 0.998815 -0.048658
vn 0.065534 0.493990 -0.866994
vn 0.442563 0.536751 -0.718357
vn 0.483832 0.422662 -0.766331
vn 0.056443 0.369948 -0.927336
vn 0.697398 0.517574 -0.495734
vn 0.749077 0.403954 -0.525077
vn 0.753372 0.376626 -0.539059
vn 0.490355 0.379328 -0.784642
vn 0.036181 0.325992 -0.944680
vn 0.876183 0.266881 0.401346
vn 0.853398 0.323869 0.408437
vn 0.936550 0.349565 -0.026029
vn 0.936957 0.349303 -0.009992
vn 0.879195 0.476291 0.012777
vn 0.768674 0.503353 0.394683
vn -0.973781 0.193528 -0.119568
vn -0.917255 0.207691 0.339865
vn -0.895316 0.323666 0.306022
vn -0.955117 0.274702 -0.110860
vn -0.679214 0.151291 0.718178
vn -0.671047 0.315269 0.671045
vn -0.624583 0.494218 0.604686
vn -0.847994 0.449054 0.281526
vn -0.913847 0.394922 -0.094442
vn 0.481601 0.366954 -0.795868
vn 0.011370 0.322133 -0.946626
vn 0.730161 0.403022 -0.551759
vn 0.709574 0.417943 -0.567299
vn 0.469048 0.358644 -0.807074
vn 0.006950 0.320926 -0.947079
vn 0.860660 0.313842 0.400958
vn 0.885129 0.464418 -0.029375
vn 0.666997 0.163034 0.727004
vn 0.696569 0.164903 0.698283
vn 0.856716 0.399752 0.325938
vn 0.828819 0.553081 -0.084624
vn 0.395200 0.079076 0.915185
vn 0.026230 -0.008310 0.999621
vn 0.059898 -0.063568 0.996178
vn 0.430214 0.047196 0.901492
vn -0.916620 0.014786 0.399486
vn -0.644265 -0.070537 0.761542
vn -0.988490 0.081773 -0.127285
vn -0.988103 -0.016450 -0.152912
vn -0.898079 -0.133584 0.419057
vn -0.602271 -0.209436 0.770329
vn 0.039524 0.845571 -0.532397
vn 0.022248 0.971076 -0.237732
vn 0.172519 0.959370 -0.223265
vn 0.219069 0.856652 -0.467072
vn 0.488330 0.843060 -0.225353
vn 0.430239 0.810307 -0.397866
vn -0.636762 0.103153 -0.764129
vn -0.830367 0.112591 -0.545723
vn -0.827919 0.192921 -0.526623
vn -0.622938 0.178854 -0.761551
vn -0.799956 0.342645 -0.492610
vn -0.593103 0.341693 -0.729023
vn -0.817541 0.045551 -0.574066
vn -0.794419 -0.009045 -0.607303
vn -0.644541 0.065750 -0.761737
vn -0.637968 0.050403 -0.768412
vn 0.876570 0.371205 -0.306321
vn 0.829064 0.462531 -0.314193
vn 0.789429 0.513526 -0.336293
vn 0.881019 0.371848 -0.292462
vn 0.835503 0.479570 -0.268232
vn -0.443881 0.795427 0.412632
vn -0.186039 0.862299 0.470989
vn -0.191078 0.966806 0.169633
vn -0.549176 0.813790 0.190136
vn -0.196472 0.979742 -0.038787
vn -0.601569 0.797151 -0.051627
vn -0.328848 0.105122 0.938514
vn -0.316833 0.288382 0.903578
vn -0.277568 0.515929 0.810416
vn -0.315768 -0.073422 0.945991
vn -0.287505 -0.162623 0.943872
vn -0.395934 0.194808 -0.897377
vn -0.428557 0.187871 -0.883767
vn -0.422805 0.197763 -0.884379
vn -0.324509 0.401752 -0.856323
vn -0.362442 0.251899 -0.897320
vn -0.163777 0.954954 -0.247468
vn -0.533004 0.784891 -0.315995
vn -0.174125 0.816636 -0.550261
vn -0.431897 0.716707 -0.547536
vn 0.283720 0.705910 0.648994
vn 0.048768 0.718905 0.693396
vn 0.473084 0.686167 0.552599
vn 0.654036 0.676538 0.338428
vn 0.759295 0.650650 0.011246
vn 0.722196 0.646103 -0.246948
vn 0.583806 0.672607 -0.454721
vn 0.343964 0.695736 -0.630587
vn 0.051939 0.671285 -0.739378
vn -0.228355 0.706678 0.669672
vn -0.553583 0.657014 0.511741
vn -0.763036 0.598569 0.243910
vn -0.822789 0.563519 -0.073920
vn -0.266758 0.601926 -0.752678
vn -0.534153 0.535959 -0.653780
vn -0.730582 0.534571 -0.424834
s 1
g PiedrasHP Piedra13
usemtl initialShadingGroup
f 1996/2340/1977 2038/2382/1978 2070/2354/1979 2041/2386/1980
f 2038/2382/1978 1978/2311/1981 2039/2383/1982 2070/2354/1979
f 2070/2354/1979 2039/2383/1982 1980/2315/1983 2040/2385/1984
f 2041/2386/1980 2070/2354/1979 2040/2385/1984 1995/2339/1985
f 2001/2345/1986 2042/2387/1987 2071/2355/1988 2045/2390/1989
f 2042/2387/1987 2002/2346/1990 2043/2388/1991 2071/2355/1988
f 2071/2355/1988 2043/2388/1991 2003/2347/1992 2044/2389/1993
f 2045/2390/1989 2071/2355/1988 2044/2389/1993 2004/2348/1994
f 2000/2344/1995 2046/2391/1996 2072/2356/1997 2049/2395/1998
f 2046/2391/1996 1982/2319/1999 2047/2392/2000 2072/2356/1997
f 2072/2356/1997 2047/2392/2000 1984/2323/2001 2048/2394/2002
f 2049/2395/1998 2072/2356/1997 2048/2394/2002 1999/2343/2003
f 1978/2312/1981 2050/2396/2004 2073/2357/2005 2039/2384/1982
f 2050/2396/2004 1994/2338/2006 2051/2397/2007 2073/2357/2005
f 2073/2357/2005 2051/2397/2007 1989/2333/2008 2052/2398/2009
f 2039/2384/1982 2073/2357/2005 2052/2398/2009 1980/2316/1983
f 1991/2335/2010 2053/2399/2011 2074/2358/2012 2056/2403/2013
f 2053/2399/2011 1977/2309/2014 2054/2400/2015 2074/2358/2012
f 2074/2358/2012 2054/2400/2015 1979/2313/2016 2055/2402/2017
f 2056/2403/2013 2074/2358/2012 2055/2402/2017 1990/2334/2018
f 1999/2343/2003 2048/2394/2002 2075/2359/2019 2059/2407/2020
f 2048/2394/2002 1984/2323/2001 2057/2404/2021 2075/2359/2019
f 2075/2359/2019 2057/2404/2021 1986/2327/2022 2058/2406/2023
f 2059/2407/2020 2075/2359/2019 2058/2406/2023 1998/2342/2024
f 1994/2338/2006 2050/2396/2004 2076/2360/2025 2062/2411/2026
f 2050/2396/2004 1978/2312/1981 2060/2408/2027 2076/2360/2025
f 2076/2360/2025 2060/2408/2027 1987/2329/2028 2061/2410/2029
f 2062/2411/2026 2076/2360/2025 2061/2410/2029 1993/2337/2030
f 1978/2311/1981 2038/2382/1978 2077/2361/2031 2060/2409/2027
f 2038/2382/1978 1996/2340/1977 2063/2412/2032 2077/2361/2031
f 2077/2361/2031 2063/2412/2032 1997/2341/2033 2064/2413/2034
f 2060/2409/2027 2077/2361/2031 2064/2413/2034 1987/2330/2028
f 1977/2309/2014 2053/2399/2011 2078/2362/2035 2067/2416/2036
f 2053/2399/2011 1991/2335/2010 2065/2414/2037 2078/2362/2035
f 2078/2362/2035 2065/2414/2037 1992/2336/2038 2066/2415/2039
f 2067/2416/2036 2078/2362/2035 2066/2415/2039 1988/2332/2040
f 2005/2349/2041 2068/2418/2042 2079/2363/2043 2010/2420/2044
f 2068/2418/2042 2004/2348/1994 2044/2389/1993 2079/2363/2043
f 2079/2363/2043 2044/2389/1993 2003/2347/1992 2069/2419/2045
f 2010/2420/2044 2079/2363/2043 2069/2419/2045 2006/2350/2046
f 1983/2321/2047 2011/2421/2048 2080/2364/2049 2013/2423/2050
f 2011/2421/2048 1991/2335/2010 2056/2403/2013 2080/2364/2049
f 2080/2364/2049 2056/2403/2013 1990/2334/2018 2012/2422/2051
f 2013/2423/2050 2080/2364/2049 2012/2422/2051 1981/2317/2052
f 1992/2336/2038 2065/2414/2037 2081/2365/2053 2015/2427/2054
f 2065/2414/2037 1991/2335/2010 2011/2421/2048 2081/2365/2053
f 2081/2365/2053 2011/2421/2048 1983/2321/2047 2014/2425/2055
f 2015/2427/2054 2081/2365/2053 2014/2425/2055 1985/2325/2056
f 1984/2324/2001 2016/2428/2057 2082/2366/2058 2057/2405/2021
f 2016/2428/2057 1994/2338/2006 2062/2411/2026 2082/2366/2058
f 2082/2366/2058 2062/2411/2026 1993/2337/2030 2017/2429/2059
f 2057/2405/2021 2082/2366/2058 2017/2429/2059 1986/2328/2022
f 1989/2333/2008 2051/2397/2007 2083/2367/2060 2018/2430/2061
f 2051/2397/2007 1994/2338/2006 2016/2428/2057 2083/2367/2060
f 2083/2367/2060 2016/2428/2057 1984/2324/2001 2047/2393/2000
f 2018/2430/2061 2083/2367/2060 2047/2393/2000 1982/2320/1999
f 2007/2351/2062 2019/2431/2063 2084/2368/2064 2021/2433/2065
f 2019/2431/2063 2001/2345/1986 2045/2390/1989 2084/2368/2064
f 2084/2368/2064 2045/2390/1989 2004/2348/1994 2020/2432/2066
f 2021/2433/2065 2084/2368/2064 2020/2432/2066 2008/2352/2067
f 1977/2310/2014 2022/2434/2068 2085/2369/2069 2054/2401/2015
f 2022/2434/2068 1996/2340/1977 2041/2386/1980 2085/2369/2069
f 2085/2369/2069 2041/2386/1980 1995/2339/1985 2023/2435/2070
f 2054/2401/2015 2085/2369/2069 2023/2435/2070 1979/2314/2016
f 1997/2341/2033 2063/2412/2032 2086/2370/2071 2024/2436/2072
f 2063/2412/2032 1996/2340/1977 2022/2434/2068 2086/2370/2071
f 2086/2370/2071 2022/2434/2068 1977/2310/2014 2067/2417/2036
f 2024/2436/2072 2086/2370/2071 2067/2417/2036 1988/2331/2040
f 1983/2322/2047 2025/2437/2073 2087/2371/2074 2014/2426/2055
f 2025/2437/2073 1999/2343/2003 2059/2407/2020 2087/2371/2074
f 2087/2371/2074 2059/2407/2020 1998/2342/2024 2026/2438/2075
f 2014/2426/2055 2087/2371/2074 2026/2438/2075 1985/2326/2056
f 1981/2318/2052 2027/2439/2076 2088/2372/2077 2013/2424/2050
f 2027/2439/2076 2000/2344/1995 2049/2395/1998 2088/2372/2077
f 2088/2372/2077 2049/2395/1998 1999/2343/2003 2025/2437/2073
f 2013/2424/2050 2088/2372/2077 2025/2437/2073 1983/2322/2047
f 2008/2352/2067 2020/2432/2066 2089/2373/2078 2029/2441/2079
f 2020/2432/2066 2004/2348/1994 2068/2418/2042 2089/2373/2078
f 2089/2373/2078 2068/2418/2042 2005/2349/2041 2028/2440/2080
f 2029/2441/2079 2089/2373/2078 2028/2440/2080 2009/2353/2081
f 1995/2339/1985 2040/2385/1984 2090/2374/2082 2031/2444/2083
f 2040/2385/1984 1980/2315/1983 2030/2442/2084 2090/2374/2082
f 2090/2374/2082 2030/2442/2084 2002/2346/1990 2042/2387/1987
f 2031/2444/2083 2090/2374/2082 2042/2387/1987 2001/2345/1986
f 1980/2316/1983 2052/2398/2009 2091/2375/2085 2030/2443/2084
f 2052/2398/2009 1989/2333/2008 2032/2445/2086 2091/2375/2085
f 2091/2375/2085 2032/2445/2086 2003/2347/1992 2043/2388/1991
f 2030/2443/2084 2091/2375/2085 2043/2388/1991 2002/2346/1990
f 1989/2333/2008 2018/2430/2061 2092/2376/2087 2032/2445/2086
f 2018/2430/2061 1982/2320/1999 2033/2446/2088 2092/2376/2087
f 2092/2376/2087 2033/2446/2088 2006/2350/2046 2069/2419/2045
f 2032/2445/2086 2092/2376/2087 2069/2419/2045 2003/2347/1992
f 1982/2319/1999 2046/2391/1996 2093/2377/2089 2033/2447/2088
f 2046/2391/1996 2000/2344/1995 2034/2448/2090 2093/2377/2089
f 2093/2377/2089 2034/2448/2090 2005/2349/2041 2010/2420/2044
f 2033/2447/2088 2093/2377/2089 2010/2420/2044 2006/2350/2046
f 1979/2314/2016 2023/2435/2070 2094/2378/2091 2035/2449/2092
f 2023/2435/2070 1995/2339/1985 2031/2444/2083 2094/2378/2091
f 2094/2378/2091 2031/2444/2083 2001/2345/1986 2019/2431/2063
f 2035/2449/2092 2094/2378/2091 2019/2431/2063 2007/2351/2062
f 1990/2334/2018 2055/2402/2017 2095/2379/2093 2036/2451/2094
f 2055/2402/2017 1979/2313/2016 2035/2450/2092 2095/2379/2093
f 2095/2379/2093 2035/2450/2092 2007/2351/2062 2021/2433/2065
f 2036/2451/2094 2095/2379/2093 2021/2433/2065 2008/2352/2067
f 2000/2344/1995 2027/2439/2076 2096/2380/2095 2034/2448/2090
f 2027/2439/2076 1981/2318/2052 2037/2452/2096 2096/2380/2095
f 2096/2380/2095 2037/2452/2096 2009/2353/2081 2028/2440/2080
f 2034/2448/2090 2096/2380/2095 2028/2440/2080 2005/2349/2041
f 1981/2317/2052 2012/2422/2051 2097/2381/2097 2037/2453/2096
f 2012/2422/2051 1990/2334/2018 2036/2451/2094 2097/2381/2097
f 2097/2381/2097 2036/2451/2094 2008/2352/2067 2029/2441/2079
f 2037/2453/2096 2097/2381/2097 2029/2441/2079 2009/2353/2081
g default
v -9.830727 -0.260918 4.721091
v -6.956020 -0.260918 5.457850
v -9.461737 0.968335 4.784640
v -7.220129 1.311295 4.869401
v -9.526825 0.967185 3.342726
v -7.139304 1.296379 3.307307
v -9.870262 -0.260918 2.865736
v -7.233577 -0.260918 2.494299
v -6.424732 -0.260918 3.642832
v -6.389690 -0.260918 4.815588
v -6.705863 0.803505 3.731878
v -6.778641 0.803505 4.588309
v -8.645880 1.935179 4.805146
v -7.875008 1.986835 4.805268
v -7.776066 1.975087 3.680418
v -8.782256 1.927124 3.679196
v -8.848629 -0.260918 5.627383
v -7.690223 -0.260918 5.703665
v -7.843946 0.974813 5.604764
v -8.680531 0.930537 5.595230
v -8.034269 1.647237 5.374589
v -8.459772 1.634118 5.374589
v -8.969879 0.900325 2.676123
v -8.026862 0.833823 2.686913
v -8.168640 -0.260918 2.092230
v -9.153149 -0.260918 2.128085
v -8.676911 1.584589 3.077339
v -8.133685 1.564885 3.081864
v -7.933122 1.408236 5.498768
v -8.242054 1.676890 5.406901
v -8.573336 1.378718 5.498768
v -7.433870 1.717162 3.546650
v -7.547309 1.736536 4.799784
v -8.826115 1.331724 2.902621
v -8.415117 1.606879 3.059691
v -8.066015 1.287389 2.912802
v -9.083920 1.529912 4.799292
v -9.207134 1.525309 3.541760
v -7.522104 1.126542 5.333537
v -7.285251 -0.260918 5.618899
v -9.417835 -0.260918 5.313769
v -9.123478 0.949436 5.295395
v -7.950372 1.832403 5.185154
v -8.556086 1.802885 5.185154
v -7.694644 -0.260918 2.213961
v -7.568603 1.033316 2.899163
v -9.313875 0.944833 2.902510
v -9.575977 -0.260918 2.357378
v -8.751822 1.770661 3.287047
v -7.941696 1.785408 3.289477
v -8.242054 -0.260918 5.731921
v -7.764621 0.393836 5.665524
v -8.242054 0.924237 5.695174
v -8.769209 0.364319 5.627383
v -8.242054 2.070269 4.807097
v -7.785371 2.038313 4.244687
v -8.265381 2.061062 3.725008
v -8.734106 1.979278 4.244195
v -8.517414 0.826407 2.608412
v -8.075743 0.305213 2.403862
v -8.669422 -0.260918 2.051653
v -9.071939 0.349548 2.411608
v -6.309116 -0.260918 4.270373
v -6.567089 0.393836 3.617795
v -6.738559 0.892282 4.166031
v -6.633686 0.393836 4.764338
v -9.968357 -0.260918 3.779360
v -9.684896 0.364319 4.756289
v -9.586149 0.974635 4.051926
v -9.728138 0.364319 3.112124
v -7.165054 0.526654 2.840031
v -6.846683 1.039870 3.489363
v -6.771579 -0.260918 3.010699
v -7.139352 1.485156 4.103146
v -6.950603 1.039870 4.738652
v -7.087589 0.541425 5.229002
v -6.631412 -0.260918 5.200747
v -8.242054 0.364319 5.731921
v -8.242054 2.120667 4.270373
v -8.588146 0.305237 2.340991
v -6.529132 0.364319 4.217936
v -9.815479 0.364319 3.920153
v -6.800617 0.482389 3.172732
v -6.926807 1.225697 4.115191
v -6.827686 0.482389 5.048182
v -8.242054 1.353519 5.584933
v -7.421672 1.791252 4.167628
v -8.467770 1.257610 2.832003
v -9.203915 1.555111 4.165659
v -7.389850 0.482389 5.466334
v -9.293148 0.364319 5.313769
v -7.709667 1.572386 5.240275
v -8.242054 1.919075 5.166781
v -8.863842 1.454315 5.240275
v -7.595737 0.423307 2.576975
v -9.466114 0.364319 2.638964
v -9.076885 1.435902 3.129977
v -8.335361 1.882248 3.339404
v -7.685016 1.494890 3.139697
vt 0.774196 0.248191
vt 0.800318 0.444147
vt 0.766243 0.294697
vt 0.769255 0.395306
vt 0.713821 0.292176
vt 0.711935 0.395085
vt 0.689242 0.248191
vt 0.663282 0.432239
vt 0.720026 0.457160
vt 0.768755 0.456826
vt 0.727251 0.418114
vt 0.758077 0.417729
vt 0.764155 0.336905
vt 0.764512 0.363649
vt 0.725935 0.365516
vt 0.725647 0.332498
vt 0.856809 0.323239
vt 0.821511 0.272033
vt 0.821719 0.431328
vt 0.860367 0.366532
vt 0.816694 0.363575
vt 0.806687 0.388242
vt 0.814203 0.333285
vt 0.806223 0.317153
vt 0.789274 0.361618
vt 0.787457 0.339693
vt 0.674816 0.318609
vt 0.684195 0.304426
vt 0.663057 0.355824
vt 0.671189 0.385658
vt 0.623682 0.343511
vt 0.636777 0.409937
vt 0.657633 0.263787
vt 0.628315 0.308095
vt 0.700000 0.333025
vt 0.697038 0.355027
vt 0.837018 0.346658
vt 0.746051 0.351102
vt 0.647467 0.331510
vt 0.743823 0.434653
vt 0.735685 0.269538
vt 0.703566 0.424002
vt 0.741986 0.402547
vt 0.776515 0.426138
vt 0.801907 0.349543
vt 0.743543 0.379179
vt 0.683728 0.340621
vt 0.742692 0.313757
vt 0.799397 0.414025
vt 0.792649 0.282182
vt 0.782821 0.376095
vt 0.777374 0.351071
vt 0.782163 0.322258
vt 0.670954 0.405253
vt 0.685426 0.276706
vt 0.704997 0.315073
vt 0.712119 0.347372
vt 0.701770 0.375720
vt 0.858588 0.344885
vt 0.838531 0.365053
vt 0.814203 0.409785
vt 0.817456 0.348265
vt 0.835506 0.328262
vt 0.813867 0.294593
vt 0.764048 0.351286
vt 0.745584 0.365358
vt 0.727403 0.349978
vt 0.745052 0.334529
vt 0.667267 0.336641
vt 0.643369 0.349667
vt 0.653983 0.397797
vt 0.625999 0.325803
vt 0.651565 0.313352
vt 0.670914 0.284106
vt 0.744391 0.456993
vt 0.721451 0.432311
vt 0.743080 0.415457
vt 0.764303 0.432203
vt 0.731719 0.248191
vt 0.767799 0.272816
vt 0.739419 0.291267
vt 0.705247 0.271213
vt 0.687593 0.413668
vt 0.719128 0.408290
vt 0.691654 0.444699
vt 0.741741 0.391822
vt 0.763871 0.408066
vt 0.786273 0.419174
vt 0.784537 0.450486
vt 0.802984 0.362596
vt 0.797981 0.374930
vt 0.789003 0.350481
vt 0.800830 0.336489
vt 0.796840 0.328423
vt 0.721041 0.379273
vt 0.765422 0.377448
vt 0.687408 0.325817
vt 0.692097 0.318725
vt 0.698221 0.344011
vt 0.680047 0.355425
vt 0.684114 0.370342
vt 0.764957 0.317051
vt 0.720870 0.312917
vt 0.789442 0.392687
vt 0.811019 0.437737
vt 0.797854 0.260112
vt 0.787425 0.303236
vt 0.778982 0.362730
vt 0.778325 0.338465
vt 0.650029 0.421088
vt 0.689121 0.389952
vt 0.696313 0.296656
vt 0.673438 0.255989
vt 0.710569 0.331973
vt 0.709302 0.361783
vn -0.363030 0.051189 0.930371
vn -0.051579 0.022943 0.998405
vn -0.041594 0.050042 0.997881
vn -0.366915 0.080917 0.926729
vn 0.208687 0.103258 0.972516
vn 0.260753 0.125983 0.957150
vn 0.361236 0.215541 0.907221
vn -0.024041 0.149317 0.988497
vn -0.397111 0.192696 0.897313
vn -0.524203 0.817427 0.238797
vn -0.060467 0.975367 0.212139
vn -0.055698 0.998444 0.002512
vn -0.516883 0.854743 0.047402
vn 0.416775 0.873316 0.252225
vn 0.395960 0.917987 0.022717
vn 0.353931 0.894200 -0.274117
vn -0.042500 0.973311 -0.225522
vn -0.486607 0.858432 -0.162199
vn -0.260953 0.484398 -0.835022
vn 0.032496 0.456881 -0.888934
vn 0.005194 0.454121 -0.890925
vn -0.270450 0.453379 -0.849296
vn 0.173141 0.452907 -0.874584
vn 0.162010 0.447552 -0.879460
vn 0.145312 0.448987 -0.881643
vn -0.019255 0.453880 -0.890855
vn -0.275395 0.444875 -0.852200
vn 0.891681 0.344008 0.294216
vn 0.950689 0.309546 0.019269
vn 0.943951 0.328715 0.030062
vn 0.882045 0.362880 0.300525
vn 0.934479 0.214259 -0.284328
vn 0.929462 0.249007 -0.272205
vn 0.913782 0.383332 -0.134382
vn 0.899435 0.431485 0.069544
vn 0.871142 0.430465 0.236245
vn -0.905494 0.314032 -0.285422
vn -0.970879 0.239514 0.005164
vn -0.957992 0.285297 0.029272
vn -0.910449 0.338308 -0.237971
vn -0.927379 0.194970 0.319304
vn -0.909507 0.244988 0.335825
vn -0.857737 0.402082 0.320339
vn -0.899230 0.434865 0.047721
vn -0.866771 0.456039 -0.201835
vn 0.574579 0.286456 -0.766682
vn 0.582033 0.336632 -0.740214
vn 0.783730 0.255848 -0.565958
vn 0.787173 0.184734 -0.588416
vn 0.626133 0.569882 -0.532157
vn 0.789707 0.488452 -0.371183
vn 0.757236 0.652255 0.034010
vn 0.793559 0.606718 0.046458
vn 0.716817 0.536048 0.445899
vn 0.754359 0.521768 0.398372
vn 0.601383 0.348417 0.718989
vn 0.708868 0.368987 0.601127
vn 0.542209 0.294322 0.787009
vn 0.712271 0.322550 0.623403
vn -0.018294 0.328529 0.944317
vn -0.399746 0.369186 0.838991
vn 0.382178 0.374286 0.844897
vn 0.282849 0.573450 0.768864
vn -0.024677 0.597152 0.801748
vn -0.329991 0.564741 0.756421
vn 0.687076 0.724832 0.050445
vn 0.676174 0.663209 0.320846
vn 0.602761 0.717815 -0.348455
vn 0.040837 0.490143 -0.870685
vn 0.179505 0.487937 -0.854222
vn -0.246258 0.549329 -0.798495
vn -0.185045 0.653267 -0.734167
vn 0.018325 0.631084 -0.775498
vn 0.149492 0.587660 -0.795177
vn -0.776058 0.627047 0.067422
vn -0.757987 0.633075 -0.157073
vn -0.749811 0.597029 0.285202
vn 0.501016 0.263577 0.824324
vn 0.413968 0.227637 0.881369
vn 0.608270 0.361472 0.706644
vn -0.683174 0.168000 0.710668
vn -0.685192 0.305512 0.661192
vn -0.692506 0.128956 0.709792
vn 0.606248 0.524398 0.597888
vn 0.407525 0.748344 0.523358
vn -0.047453 0.864517 0.500359
vn -0.482868 0.719870 0.498624
vn -0.648320 0.498253 0.575696
vn 0.348763 0.407654 -0.843909
vn 0.346582 0.472787 -0.810156
vn 0.326160 0.399249 -0.856866
vn -0.664716 0.422636 -0.616061
vn -0.638753 0.408066 -0.652286
vn -0.657394 0.493901 -0.569118
vn -0.604205 0.620217 -0.500267
vn -0.382837 0.796860 -0.467386
vn -0.026689 0.852964 -0.521287
vn 0.238355 0.752980 -0.613358
vn 0.343595 0.588328 -0.731992
s 1
g PiedrasHP Piedra23
usemtl initialShadingGroup
f 2114/2470/2098 2148/2512/2099 2175/2490/2100 2151/2516/2101
f 2148/2512/2099 2115/2473/2102 2149/2513/2103 2175/2490/2100
f 2175/2490/2100 2149/2513/2103 2116/2474/2104 2150/2515/2105
f 2151/2516/2101 2175/2490/2100 2150/2515/2105 2117/2476/2106
f 2110/2466/2107 2152/2518/2108 2176/2491/2109 2155/2521/2110
f 2152/2518/2108 2111/2467/2111 2153/2519/2112 2176/2491/2109
f 2176/2491/2109 2153/2519/2112 2112/2468/2113 2154/2520/2114
f 2155/2521/2110 2176/2491/2109 2154/2520/2114 2113/2469/2115
f 2120/2480/2116 2156/2522/2117 2177/2492/2118 2159/2526/2119
f 2156/2522/2117 2121/2482/2120 2157/2523/2121 2177/2492/2118
f 2177/2492/2118 2157/2523/2121 2122/2484/2122 2158/2525/2123
f 2159/2526/2119 2177/2492/2118 2158/2525/2123 2123/2487/2124
f 2107/2463/2125 2160/2528/2126 2178/2493/2127 2163/2531/2128
f 2160/2528/2126 2106/2462/2129 2161/2529/2130 2178/2493/2127
f 2178/2493/2127 2161/2529/2130 2108/2464/2131 2162/2530/2132
f 2163/2531/2128 2178/2493/2127 2162/2530/2132 2109/2465/2133
f 2104/2460/2134 2164/2532/2135 2179/2494/2136 2167/2535/2137
f 2164/2532/2135 2098/2454/2138 2165/2533/2139 2179/2494/2136
f 2179/2494/2136 2165/2533/2139 2100/2456/2140 2166/2534/2141
f 2167/2535/2137 2179/2494/2136 2166/2534/2141 2102/2458/2142
f 2105/2461/2143 2168/2536/2144 2180/2495/2145 2170/2538/2146
f 2168/2536/2144 2103/2459/2147 2169/2537/2148 2180/2495/2145
f 2180/2495/2145 2169/2537/2148 2108/2464/2131 2161/2529/2130
f 2170/2538/2146 2180/2495/2145 2161/2529/2130 2106/2462/2129
f 2103/2459/2147 2171/2539/2149 2181/2496/2150 2169/2537/2148
f 2171/2539/2149 2101/2457/2151 2172/2540/2152 2181/2496/2150
f 2181/2496/2150 2172/2540/2152 2109/2465/2133 2162/2530/2132
f 2169/2537/2148 2181/2496/2150 2162/2530/2132 2108/2464/2131
f 2101/2457/2151 2173/2541/2153 2182/2497/2154 2172/2540/2152
f 2173/2541/2153 2099/2455/2155 2174/2542/2156 2182/2497/2154
f 2182/2497/2154 2174/2542/2156 2107/2463/2125 2163/2531/2128
f 2172/2540/2152 2182/2497/2154 2163/2531/2128 2109/2465/2133
f 2117/2476/2106 2150/2515/2105 2183/2498/2157 2128/2546/2158
f 2150/2515/2105 2116/2474/2104 2126/2543/2159 2183/2498/2157
f 2183/2498/2157 2126/2543/2159 2118/2478/2160 2127/2545/2161
f 2128/2546/2158 2183/2498/2157 2127/2545/2161 2119/2479/2162
f 2101/2457/2151 2171/2539/2149 2184/2499/2163 2130/2549/2164
f 2171/2539/2149 2103/2459/2147 2129/2548/2165 2184/2499/2163
f 2184/2499/2163 2129/2548/2165 2112/2468/2113 2153/2519/2112
f 2130/2549/2164 2184/2499/2163 2153/2519/2112 2111/2467/2111
f 2121/2482/2120 2156/2522/2117 2185/2500/2166 2133/2553/2167
f 2156/2522/2117 2120/2480/2116 2131/2550/2168 2185/2500/2166
f 2185/2500/2166 2131/2550/2168 2124/2488/2169 2132/2552/2170
f 2133/2553/2167 2185/2500/2166 2132/2552/2170 2125/2489/2171
f 2102/2458/2142 2166/2534/2141 2186/2501/2172 2135/2556/2173
f 2166/2534/2141 2100/2456/2140 2134/2555/2174 2186/2501/2172
f 2186/2501/2172 2134/2555/2174 2110/2466/2107 2155/2521/2110
f 2135/2556/2173 2186/2501/2172 2155/2521/2110 2113/2469/2115
f 2099/2455/2155 2173/2541/2153 2187/2502/2175 2137/2558/2176
f 2173/2541/2153 2101/2457/2151 2136/2557/2177 2187/2502/2175
f 2187/2502/2175 2136/2557/2177 2116/2475/2104 2149/2514/2103
f 2137/2558/2176 2187/2502/2175 2149/2514/2103 2115/2472/2102
f 2100/2456/2140 2165/2533/2139 2188/2503/2178 2139/2560/2179
f 2165/2533/2139 2098/2454/2138 2138/2559/2180 2188/2503/2178
f 2188/2503/2178 2138/2559/2180 2114/2471/2098 2151/2517/2101
f 2139/2560/2179 2188/2503/2178 2151/2517/2101 2117/2477/2106
f 2101/2457/2151 2130/2549/2164 2189/2504/2181 2136/2557/2177
f 2130/2549/2164 2111/2467/2111 2140/2561/2182 2189/2504/2181
f 2189/2504/2181 2140/2561/2182 2118/2478/2160 2126/2544/2159
f 2136/2557/2177 2189/2504/2181 2126/2544/2159 2116/2475/2104
f 2111/2467/2111 2152/2518/2108 2190/2505/2183 2140/2561/2182
f 2152/2518/2108 2110/2466/2107 2141/2562/2184 2190/2505/2183
f 2190/2505/2183 2141/2562/2184 2119/2479/2162 2127/2545/2161
f 2140/2561/2182 2190/2505/2183 2127/2545/2161 2118/2478/2160
f 2110/2466/2107 2134/2555/2174 2191/2506/2185 2141/2562/2184
f 2134/2555/2174 2100/2456/2140 2139/2560/2179 2191/2506/2185
f 2191/2506/2185 2139/2560/2179 2117/2477/2106 2128/2547/2158
f 2141/2562/2184 2191/2506/2185 2128/2547/2158 2119/2479/2162
f 2103/2459/2147 2168/2536/2144 2192/2507/2186 2143/2564/2187
f 2168/2536/2144 2105/2461/2143 2142/2563/2188 2192/2507/2186
f 2192/2507/2186 2142/2563/2188 2122/2485/2122 2157/2524/2121
f 2143/2564/2187 2192/2507/2186 2157/2524/2121 2121/2483/2120
f 2104/2460/2134 2167/2535/2137 2193/2508/2189 2145/2566/2190
f 2167/2535/2137 2102/2458/2142 2144/2565/2191 2193/2508/2189
f 2193/2508/2189 2144/2565/2191 2120/2481/2116 2159/2527/2119
f 2145/2566/2190 2193/2508/2189 2159/2527/2119 2123/2486/2124
f 2102/2458/2142 2135/2556/2173 2194/2509/2192 2144/2565/2191
f 2135/2556/2173 2113/2469/2115 2146/2567/2193 2194/2509/2192
f 2194/2509/2192 2146/2567/2193 2124/2488/2169 2131/2551/2168
f 2144/2565/2191 2194/2509/2192 2131/2551/2168 2120/2481/2116
f 2113/2469/2115 2154/2520/2114 2195/2510/2194 2146/2567/2193
f 2154/2520/2114 2112/2468/2113 2147/2568/2195 2195/2510/2194
f 2195/2510/2194 2147/2568/2195 2125/2489/2171 2132/2552/2170
f 2146/2567/2193 2195/2510/2194 2132/2552/2170 2124/2488/2169
f 2112/2468/2113 2129/2548/2165 2196/2511/2196 2147/2568/2195
f 2129/2548/2165 2103/2459/2147 2143/2564/2187 2196/2511/2196
f 2196/2511/2196 2143/2564/2187 2121/2483/2120 2133/2554/2167
f 2147/2568/2195 2196/2511/2196 2133/2554/2167 2125/2489/2171
g default
v -3.339851 -0.260918 3.742823
v -0.159786 -0.260918 4.922537
v -2.955402 0.940735 3.808234
v -0.452306 1.293631 4.184649
v -2.992584 0.939584 2.127035
v -0.533394 1.278714 1.749581
v -3.336021 -0.260918 1.642188
v -0.643352 -0.260918 0.844389
v 0.118840 -0.260918 2.447718
v 0.180989 -0.260918 3.765360
v -0.133994 0.803505 2.504868
v -0.155552 0.803505 3.591252
v -2.115343 1.741974 3.841086
v -1.308263 1.793630 3.881492
v -1.230134 1.781881 2.468594
v -2.247991 1.733918 2.510969
v -2.531215 -0.260918 5.523833
v -0.902717 -0.260918 5.673941
v -1.138265 0.970870 5.512667
v -2.285814 0.926594 5.445328
v -1.458542 1.598169 4.940785
v -1.958829 1.585050 4.926294
v -2.435638 0.896382 0.903203
v -1.484460 0.829880 0.851882
v -1.625068 -0.260918 0.200652
v -2.618908 -0.260918 0.307566
v -2.142665 1.535521 1.587655
v -1.597342 1.515816 1.576851
v -1.305671 1.392464 5.245841
v -1.707784 1.645347 4.994437
v -2.114042 1.362947 5.213418
v -0.853342 1.606759 2.175011
v -0.883907 1.626132 3.988692
v -2.291874 1.315952 1.272488
v -1.880865 1.575336 1.565674
v -1.527101 1.271617 1.247355
v -2.564668 1.419509 3.828986
v -2.672893 1.414906 2.349640
v -0.748647 1.110770 5.002369
v -0.431797 -0.260918 5.373293
v -3.057056 -0.260918 4.772860
v -2.700859 0.933664 4.733006
v -1.382757 1.722000 4.530756
v -2.036808 1.692482 4.498150
v -1.123081 -0.260918 0.407687
v -1.001716 1.017544 1.155598
v -2.779634 0.929061 1.407439
v -3.041736 -0.260918 0.835345
v -2.217569 1.660258 1.953955
v -1.402725 1.675005 1.921887
v -1.707813 -0.260918 5.774157
v -1.010565 0.393836 5.630543
v -1.707802 0.924237 5.682768
v -2.418329 0.364319 5.523112
v -1.707641 1.849463 3.845438
v -1.228018 1.817507 3.157950
v -1.731045 1.840256 2.565600
v -2.199827 1.758471 3.159352
v -1.983173 0.826407 0.742884
v -1.532175 0.305213 0.512295
v -2.135181 -0.260918 0.131640
v -2.537699 0.349548 0.591092
v 0.225125 -0.260918 3.146319
v -0.016018 0.393836 2.405861
v -0.152435 0.892282 3.060191
v -0.036674 0.393836 3.751320
v -3.434116 -0.260918 2.655306
v -3.187328 0.364319 3.777918
v -3.051908 0.943091 2.933438
v -3.193897 0.364319 1.888575
v -0.574318 0.526654 1.186047
v -0.254081 1.039870 2.132157
v -0.200016 -0.260918 1.602404
v -0.462934 1.453612 2.969553
v -0.257816 1.039870 3.851990
v -0.293724 0.541425 4.674010
v 0.048580 -0.260918 4.371996
v -1.707805 0.364319 5.773333
v -1.707660 1.868317 3.191851
v -2.053905 0.305237 0.420985
v 0.024441 0.364319 3.108126
v -3.281238 0.364319 2.796099
v -0.226932 0.482389 1.748133
v -0.281696 1.225697 2.992770
v -0.130481 0.482389 4.231837
v -1.707805 1.353519 5.412722
v -0.795742 1.665077 3.054232
v -1.933529 1.257610 1.129893
v -2.669674 1.428936 3.063868
v -0.563144 0.482389 5.202174
v -2.905597 0.364319 4.772448
v -1.042461 1.509298 4.745196
v -1.707706 1.792900 4.459155
v -2.389560 1.391228 4.615504
v -1.024189 0.423307 0.770709
v -2.931873 0.364319 1.116930
v -2.542644 1.372814 1.715792
v -1.801075 1.756073 2.033892
v -1.132084 1.431803 1.584223
vt 0.633812 0.775422
vt 0.596005 0.572110
vt 0.635764 0.729334
vt 0.626246 0.624608
vt 0.694953 0.731801
vt 0.707273 0.629888
vt 0.716397 0.775422
vt 0.758689 0.592276
vt 0.687569 0.566915
vt 0.641642 0.565533
vt 0.683139 0.605914
vt 0.646714 0.604235
vt 0.636155 0.688886
vt 0.635444 0.660481
vt 0.683387 0.659783
vt 0.682045 0.694155
vt 0.514739 0.702292
vt 0.559338 0.755167
vt 0.562522 0.583078
vt 0.517288 0.635285
vt 0.559869 0.647225
vt 0.568303 0.629152
vt 0.558155 0.693694
vt 0.567153 0.709987
vt 0.594353 0.661855
vt 0.594063 0.681800
vt 0.753062 0.705599
vt 0.746012 0.719745
vt 0.759942 0.667755
vt 0.756551 0.640114
vt 0.800309 0.674675
vt 0.790965 0.615648
vt 0.770911 0.760519
vt 0.800300 0.710104
vt 0.716496 0.692277
vt 0.718316 0.671632
vt 0.537513 0.669624
vt 0.658659 0.674961
vt 0.778403 0.689533
vt 0.664116 0.588583
vt 0.670729 0.753887
vt 0.711883 0.600703
vt 0.665499 0.620267
vt 0.624592 0.593772
vt 0.576610 0.671144
vt 0.663030 0.644363
vt 0.736954 0.684316
vt 0.662493 0.711569
vt 0.587738 0.602788
vt 0.599426 0.743079
vt 0.605739 0.645070
vt 0.615036 0.673051
vt 0.608542 0.702404
vt 0.754207 0.620102
vt 0.732157 0.747161
vt 0.709882 0.710117
vt 0.699430 0.678801
vt 0.716671 0.649981
vt 0.516014 0.668789
vt 0.538579 0.641255
vt 0.565412 0.606115
vt 0.558037 0.670421
vt 0.536447 0.697993
vt 0.563245 0.732577
vt 0.636356 0.674140
vt 0.659765 0.659398
vt 0.680249 0.676264
vt 0.659604 0.692026
vt 0.757090 0.686801
vt 0.780125 0.671215
vt 0.773758 0.627881
vt 0.800304 0.692390
vt 0.776681 0.707852
vt 0.758462 0.740132
vt 0.664605 0.566224
vt 0.688555 0.591864
vt 0.664217 0.607684
vt 0.641737 0.589630
vt 0.675104 0.775422
vt 0.635342 0.751033
vt 0.666483 0.732540
vt 0.703648 0.752358
vt 0.733850 0.611362
vt 0.694664 0.616148
vt 0.723129 0.579596
vt 0.665818 0.630953
vt 0.637703 0.612871
vt 0.608114 0.598871
vt 0.618823 0.568822
vt 0.577111 0.654540
vt 0.581328 0.645503
vt 0.595015 0.671963
vt 0.576109 0.687747
vt 0.580608 0.695894
vt 0.692880 0.645630
vt 0.632267 0.644677
vt 0.734779 0.698938
vt 0.731254 0.706011
vt 0.717799 0.681756
vt 0.739129 0.669694
vt 0.737433 0.655873
vt 0.635996 0.707951
vt 0.687349 0.712533
vt 0.596476 0.625956
vt 0.579263 0.577594
vt 0.596575 0.765294
vt 0.603130 0.721803
vt 0.612826 0.660609
vt 0.613298 0.685836
vt 0.774827 0.603962
vt 0.734513 0.635641
vt 0.720840 0.727496
vt 0.743654 0.767970
vt 0.701880 0.694170
vt 0.703903 0.664056
vn -0.636840 0.118622 0.761816
vn -0.081891 0.039252 0.995868
vn -0.076097 0.106316 0.991416
vn -0.623613 0.174967 0.761901
vn 0.391082 0.139338 0.909747
vn 0.412356 0.198523 0.889130
vn 0.453726 0.413092 0.789613
vn -0.066106 0.334285 0.940151
vn -0.623841 0.378211 0.683944
vn -0.454039 0.885612 0.097675
vn -0.059900 0.995940 0.067193
vn -0.054204 0.998530 0.000297
vn -0.431104 0.901760 0.031284
vn 0.263581 0.959803 0.096453
vn 0.243439 0.969908 0.003859
vn 0.229704 0.963618 -0.136662
vn -0.044724 0.994836 -0.091106
vn -0.420734 0.904743 -0.066506
vn -0.494174 0.573249 -0.653588
vn -0.012166 0.587503 -0.809130
vn -0.054943 0.490309 -0.869815
vn -0.540767 0.458382 -0.705306
vn 0.229494 0.576791 -0.783992
vn 0.248206 0.461489 -0.851717
vn 0.228806 0.431357 -0.872685
vn -0.087715 0.459877 -0.883640
vn -0.533614 0.426632 -0.730234
vn 0.946183 0.300419 0.120360
vn 0.959660 0.280915 -0.011828
vn 0.957090 0.289764 -0.003979
vn 0.946217 0.302926 0.113616
vn 0.958288 0.189745 -0.213731
vn 0.956303 0.214067 -0.199149
vn 0.945445 0.310368 -0.099020
vn 0.941610 0.336490 0.012040
vn 0.942094 0.325967 0.078769
vn -0.930811 0.290844 -0.221363
vn -0.969992 0.242844 -0.011902
vn -0.954898 0.296862 0.006560
vn -0.925640 0.329512 -0.186045
vn -0.959532 0.223817 0.170894
vn -0.942331 0.283888 0.177258
vn -0.864830 0.472563 0.169569
vn -0.878584 0.476941 0.024846
vn -0.863826 0.480940 -0.150007
vn 0.740416 0.216828 -0.636215
vn 0.742047 0.294245 -0.602317
vn 0.889785 0.205064 -0.407715
vn 0.893328 0.135993 -0.428336
vn 0.645906 0.622629 -0.441746
vn 0.862178 0.439724 -0.251578
vn 0.667743 0.743961 -0.025346
vn 0.846101 0.532823 -0.014562
vn 0.729140 0.634481 0.256495
vn 0.884165 0.444115 0.144962
vn 0.858704 0.340557 0.382947
vn 0.920539 0.308768 0.239313
vn 0.869183 0.270764 0.413773
vn 0.926389 0.275765 0.256433
vn -0.058651 0.646905 0.760312
vn -0.559163 0.636652 0.531047
vn 0.391565 0.694804 0.603262
vn 0.263862 0.881771 0.390968
vn -0.047831 0.901421 0.430293
vn -0.416401 0.836639 0.355874
vn 0.483141 0.875540 0.002062
vn 0.489583 0.857431 0.158494
vn 0.438515 0.868015 -0.232926
vn 0.015500 0.720713 -0.693060
vn 0.189664 0.726662 -0.660296
vn -0.415211 0.725746 -0.548536
vn -0.277929 0.863536 -0.420787
vn 0.003749 0.877266 -0.479990
vn 0.149625 0.845758 -0.512157
vn -0.710214 0.702588 0.044329
vn -0.712870 0.694840 -0.094942
vn -0.704134 0.695849 0.141383
vn 0.746534 0.320206 0.583228
vn 0.727979 0.251478 0.637813
vn 0.697521 0.530722 0.481455
vn -0.884024 0.259321 0.388915
vn -0.829608 0.441007 0.342438
vn -0.897859 0.203042 0.390670
vn 0.504167 0.793331 0.341234
vn 0.289545 0.933891 0.209789
vn -0.055322 0.985158 0.162493
vn -0.468242 0.864419 0.183109
vn -0.700981 0.664308 0.259462
vn 0.497294 0.395698 -0.772089
vn 0.418898 0.588348 -0.691644
vn 0.477665 0.352420 -0.804759
vn -0.824887 0.381544 -0.417117
vn -0.816550 0.350499 -0.458690
vn -0.780032 0.507832 -0.365590
vn -0.664117 0.692023 -0.282935
vn -0.394312 0.893853 -0.213414
vn -0.035057 0.971808 -0.233154
vn 0.184459 0.923442 -0.336495
vn 0.277583 0.809467 -0.517408
s 1
g PiedrasHP Piedra15
usemtl initialShadingGroup
f 2213/2585/2197 2247/2627/2198 2274/2605/2199 2250/2631/2200
f 2247/2627/2198 2214/2588/2201 2248/2628/2202 2274/2605/2199
f 2274/2605/2199 2248/2628/2202 2215/2589/2203 2249/2630/2204
f 2250/2631/2200 2274/2605/2199 2249/2630/2204 2216/2591/2205
f 2209/2581/2206 2251/2633/2207 2275/2606/2208 2254/2636/2209
f 2251/2633/2207 2210/2582/2210 2252/2634/2211 2275/2606/2208
f 2275/2606/2208 2252/2634/2211 2211/2583/2212 2253/2635/2213
f 2254/2636/2209 2275/2606/2208 2253/2635/2213 2212/2584/2214
f 2219/2595/2215 2255/2637/2216 2276/2607/2217 2258/2641/2218
f 2255/2637/2216 2220/2597/2219 2256/2638/2220 2276/2607/2217
f 2276/2607/2217 2256/2638/2220 2221/2599/2221 2257/2640/2222
f 2258/2641/2218 2276/2607/2217 2257/2640/2222 2222/2602/2223
f 2206/2578/2224 2259/2643/2225 2277/2608/2226 2262/2646/2227
f 2259/2643/2225 2205/2577/2228 2260/2644/2229 2277/2608/2226
f 2277/2608/2226 2260/2644/2229 2207/2579/2230 2261/2645/2231
f 2262/2646/2227 2277/2608/2226 2261/2645/2231 2208/2580/2232
f 2203/2575/2233 2263/2647/2234 2278/2609/2235 2266/2650/2236
f 2263/2647/2234 2197/2569/2237 2264/2648/2238 2278/2609/2235
f 2278/2609/2235 2264/2648/2238 2199/2571/2239 2265/2649/2240
f 2266/2650/2236 2278/2609/2235 2265/2649/2240 2201/2573/2241
f 2204/2576/2242 2267/2651/2243 2279/2610/2244 2269/2653/2245
f 2267/2651/2243 2202/2574/2246 2268/2652/2247 2279/2610/2244
f 2279/2610/2244 2268/2652/2247 2207/2579/2230 2260/2644/2229
f 2269/2653/2245 2279/2610/2244 2260/2644/2229 2205/2577/2228
f 2202/2574/2246 2270/2654/2248 2280/2611/2249 2268/2652/2247
f 2270/2654/2248 2200/2572/2250 2271/2655/2251 2280/2611/2249
f 2280/2611/2249 2271/2655/2251 2208/2580/2232 2261/2645/2231
f 2268/2652/2247 2280/2611/2249 2261/2645/2231 2207/2579/2230
f 2200/2572/2250 2272/2656/2252 2281/2612/2253 2271/2655/2251
f 2272/2656/2252 2198/2570/2254 2273/2657/2255 2281/2612/2253
f 2281/2612/2253 2273/2657/2255 2206/2578/2224 2262/2646/2227
f 2271/2655/2251 2281/2612/2253 2262/2646/2227 2208/2580/2232
f 2216/2591/2205 2249/2630/2204 2282/2613/2256 2227/2661/2257
f 2249/2630/2204 2215/2589/2203 2225/2658/2258 2282/2613/2256
f 2282/2613/2256 2225/2658/2258 2217/2593/2259 2226/2660/2260
f 2227/2661/2257 2282/2613/2256 2226/2660/2260 2218/2594/2261
f 2200/2572/2250 2270/2654/2248 2283/2614/2262 2229/2664/2263
f 2270/2654/2248 2202/2574/2246 2228/2663/2264 2283/2614/2262
f 2283/2614/2262 2228/2663/2264 2211/2583/2212 2252/2634/2211
f 2229/2664/2263 2283/2614/2262 2252/2634/2211 2210/2582/2210
f 2220/2597/2219 2255/2637/2216 2284/2615/2265 2232/2668/2266
f 2255/2637/2216 2219/2595/2215 2230/2665/2267 2284/2615/2265
f 2284/2615/2265 2230/2665/2267 2223/2603/2268 2231/2667/2269
f 2232/2668/2266 2284/2615/2265 2231/2667/2269 2224/2604/2270
f 2201/2573/2241 2265/2649/2240 2285/2616/2271 2234/2671/2272
f 2265/2649/2240 2199/2571/2239 2233/2670/2273 2285/2616/2271
f 2285/2616/2271 2233/2670/2273 2209/2581/2206 2254/2636/2209
f 2234/2671/2272 2285/2616/2271 2254/2636/2209 2212/2584/2214
f 2198/2570/2254 2272/2656/2252 2286/2617/2274 2236/2673/2275
f 2272/2656/2252 2200/2572/2250 2235/2672/2276 2286/2617/2274
f 2286/2617/2274 2235/2672/2276 2215/2590/2203 2248/2629/2202
f 2236/2673/2275 2286/2617/2274 2248/2629/2202 2214/2587/2201
f 2199/2571/2239 2264/2648/2238 2287/2618/2277 2238/2675/2278
f 2264/2648/2238 2197/2569/2237 2237/2674/2279 2287/2618/2277
f 2287/2618/2277 2237/2674/2279 2213/2586/2197 2250/2632/2200
f 2238/2675/2278 2287/2618/2277 2250/2632/2200 2216/2592/2205
f 2200/2572/2250 2229/2664/2263 2288/2619/2280 2235/2672/2276
f 2229/2664/2263 2210/2582/2210 2239/2676/2281 2288/2619/2280
f 2288/2619/2280 2239/2676/2281 2217/2593/2259 2225/2659/2258
f 2235/2672/2276 2288/2619/2280 2225/2659/2258 2215/2590/2203
f 2210/2582/2210 2251/2633/2207 2289/2620/2282 2239/2676/2281
f 2251/2633/2207 2209/2581/2206 2240/2677/2283 2289/2620/2282
f 2289/2620/2282 2240/2677/2283 2218/2594/2261 2226/2660/2260
f 2239/2676/2281 2289/2620/2282 2226/2660/2260 2217/2593/2259
f 2209/2581/2206 2233/2670/2273 2290/2621/2284 2240/2677/2283
f 2233/2670/2273 2199/2571/2239 2238/2675/2278 2290/2621/2284
f 2290/2621/2284 2238/2675/2278 2216/2592/2205 2227/2662/2257
f 2240/2677/2283 2290/2621/2284 2227/2662/2257 2218/2594/2261
f 2202/2574/2246 2267/2651/2243 2291/2622/2285 2242/2679/2286
f 2267/2651/2243 2204/2576/2242 2241/2678/2287 2291/2622/2285
f 2291/2622/2285 2241/2678/2287 2221/2600/2221 2256/2639/2220
f 2242/2679/2286 2291/2622/2285 2256/2639/2220 2220/2598/2219
f 2203/2575/2233 2266/2650/2236 2292/2623/2288 2244/2681/2289
f 2266/2650/2236 2201/2573/2241 2243/2680/2290 2292/2623/2288
f 2292/2623/2288 2243/2680/2290 2219/2596/2215 2258/2642/2218
f 2244/2681/2289 2292/2623/2288 2258/2642/2218 2222/2601/2223
f 2201/2573/2241 2234/2671/2272 2293/2624/2291 2243/2680/2290
f 2234/2671/2272 2212/2584/2214 2245/2682/2292 2293/2624/2291
f 2293/2624/2291 2245/2682/2292 2223/2603/2268 2230/2666/2267
f 2243/2680/2290 2293/2624/2291 2230/2666/2267 2219/2596/2215
f 2212/2584/2214 2253/2635/2213 2294/2625/2293 2245/2682/2292
f 2253/2635/2213 2211/2583/2212 2246/2683/2294 2294/2625/2293
f 2294/2625/2293 2246/2683/2294 2224/2604/2270 2231/2667/2269
f 2245/2682/2292 2294/2625/2293 2231/2667/2269 2223/2603/2268
f 2211/2583/2212 2228/2663/2264 2295/2626/2295 2246/2683/2294
f 2228/2663/2264 2202/2574/2246 2242/2679/2286 2295/2626/2295
f 2295/2626/2295 2242/2679/2286 2220/2598/2219 2232/2669/2266
f 2246/2683/2294 2295/2626/2295 2232/2669/2266 2224/2604/2270
g default
v 5.219137 0.000000 -15.342056
v 4.736300 0.000000 -15.824892
v 4.076734 0.000000 -16.001621
v 3.417167 0.000000 -15.824892
v 2.934331 0.000000 -15.342056
v 2.757601 0.000000 -14.682489
v 2.934331 0.000000 -14.022923
v 3.417167 0.000000 -13.540089
v 4.076734 0.000000 -13.363358
v 4.736300 0.000000 -13.540089
v 5.219137 0.000000 -14.022923
v 5.395866 0.000000 -14.682489
v 4.786790 2.017716 -15.092442
v 4.486685 2.017716 -15.392546
v 4.076734 2.017716 -15.502392
v 3.666782 2.017716 -15.392546
v 3.366677 2.017716 -15.092440
v 3.256830 2.017716 -14.682489
v 3.366677 2.017716 -14.272539
v 3.666782 2.017716 -13.972433
v 4.076734 2.017716 -13.862587
v 4.486685 2.017716 -13.972433
v 4.786790 2.017716 -14.272539
v 4.896637 2.017716 -14.682489
v 4.349836 3.949093 -14.840166
v 4.234410 3.949093 -14.955593
v 4.076734 4.762408 -14.682489
v 4.076734 3.949093 -14.997841
v 3.919058 3.949093 -14.955593
v 3.803631 3.949093 -14.840166
v 3.761382 3.949093 -14.682491
v 3.803631 3.949093 -14.524815
v 3.919058 3.949093 -14.409388
v 4.076734 3.949093 -14.367140
v 4.234409 3.949093 -14.409388
v 4.349836 3.949093 -14.524815
v 4.392086 3.949093 -14.682489
v 4.303778 3.934076 -14.909534
v 4.156596 4.442057 -14.820816
v 4.215059 4.442057 -14.762352
v 4.159838 3.934076 -14.992640
v 4.076734 4.442057 -14.842215
v 3.993630 3.934076 -14.992640
v 3.996872 4.442057 -14.820816
v 3.849689 3.934076 -14.909536
v 3.938408 4.442057 -14.762352
v 3.766584 3.934076 -14.765594
v 3.917010 4.442057 -14.682491
v 3.766585 3.934076 -14.599386
v 3.938409 4.442057 -14.602629
v 3.849689 3.934076 -14.455446
v 3.996872 4.442057 -14.544165
v 3.993630 3.934076 -14.372341
v 4.076734 4.442057 -14.522766
v 4.159838 3.934076 -14.372341
v 4.156596 4.442057 -14.544165
v 4.303778 3.934076 -14.455446
v 4.215059 4.442057 -14.602629
v 4.386883 3.934076 -14.599386
v 4.236458 4.442057 -14.682489
v 4.386883 3.934076 -14.765594
v 4.352398 3.070863 -15.159956
v 4.554200 3.070863 -14.958157
v 4.076734 3.070863 -15.233820
v 3.801068 3.070863 -15.159956
v 3.599266 3.070863 -14.958157
v 3.525402 3.070863 -14.682489
v 3.599267 3.070863 -14.406826
v 3.801068 3.070863 -14.205023
v 4.076734 3.070863 -14.131159
v 4.352398 3.070863 -14.205023
v 4.554200 3.070863 -14.406824
v 4.628064 3.070863 -14.682489
v 5.008941 0.000000 -15.614698
v 4.613388 1.000000 -15.612001
v 4.656145 2.017716 -15.261900
v 5.006247 1.000000 -15.219145
v 4.417945 0.000000 -15.955910
v 4.076734 1.000000 -15.755800
v 4.288813 2.017716 -15.473980
v 3.735522 0.000000 -15.955910
v 3.540078 1.000000 -15.612003
v 3.864654 2.017716 -15.473980
v 3.144526 0.000000 -15.614698
v 3.147220 1.000000 -15.219145
v 3.497323 2.017716 -15.261900
v 2.803314 0.000000 -15.023703
v 3.003424 1.000000 -14.682491
v 3.285244 2.017716 -14.894569
v 2.803314 0.000000 -14.341278
v 3.147220 1.000000 -14.145836
v 3.285244 2.017716 -14.470411
v 3.144526 0.000000 -13.750282
v 3.540078 1.000000 -13.752977
v 3.497323 2.017716 -14.103079
v 3.735522 0.000000 -13.409071
v 4.076734 1.000000 -13.609180
v 3.864654 2.017716 -13.891001
v 4.417945 0.000000 -13.409071
v 4.613388 1.000000 -13.752977
v 4.288813 2.017716 -13.891001
v 5.008941 0.000000 -13.750282
v 5.006247 1.000000 -14.145836
v 4.656145 2.017716 -14.103079
v 5.350152 0.000000 -14.341278
v 5.150042 1.000000 -14.682491
v 4.868223 2.017716 -14.470411
v 5.350152 0.000000 -15.023703
v 4.868223 2.017716 -14.894569
v 4.835222 1.000000 -15.440979
v 4.354360 1.000000 -15.718605
v 3.799107 1.000000 -15.718605
v 3.318245 1.000000 -15.440979
v 3.040619 1.000000 -14.960115
v 3.040619 1.000000 -14.404863
v 3.318245 1.000000 -13.924002
v 3.799107 1.000000 -13.646376
v 4.354360 1.000000 -13.646376
v 4.835222 1.000000 -13.924002
v 5.112848 1.000000 -14.404863
v 5.112848 1.000000 -14.960115
v 4.206375 4.381990 -14.812132
v 4.124186 4.381990 -14.859583
v 4.029282 4.381990 -14.859583
v 3.947092 4.381990 -14.812132
v 3.899640 4.381990 -14.729942
v 3.899640 4.381990 -14.635038
v 3.947092 4.381990 -14.552849
v 4.029282 4.381990 -14.505398
v 4.124186 4.381990 -14.505398
v 4.206375 4.381990 -14.552849
v 4.253827 4.381990 -14.635038
v 4.253827 4.381990 -14.729942
v 4.466349 3.070863 -15.072105
v 4.219343 3.070863 -15.214714
v 3.934124 3.070863 -15.214714
v 3.687118 3.070863 -15.072105
v 3.544509 3.070863 -14.825098
v 3.544508 3.070863 -14.539881
v 3.687118 3.070863 -14.292875
v 3.934124 3.070863 -14.150265
v 4.219343 3.070863 -14.150265
v 4.466349 3.070863 -14.292875
v 4.608958 3.070863 -14.539881
v 4.608958 3.070863 -14.825098
vt 0.632148 0.821659
vt 0.652327 0.808236
vt 0.674096 0.797516
vt 0.697093 0.789705
vt 0.720926 0.784954
vt 0.745185 0.783356
vt 0.769447 0.784941
vt 0.793292 0.789681
vt 0.816306 0.797487
vt 0.838095 0.808210
vt 0.858292 0.821648
vt 0.613877 0.837526
vt 0.876570 0.837543
vt 0.675521 0.878574
vt 0.687972 0.870221
vt 0.701401 0.863568
vt 0.715580 0.858731
vt 0.730268 0.855795
vt 0.745212 0.854811
vt 0.760156 0.855798
vt 0.774842 0.858739
vt 0.789017 0.863581
vt 0.802440 0.870241
vt 0.814882 0.878600
vt 0.826910 0.887996
vt 0.663479 0.887953
vt 0.066541 0.004899
vt 0.721693 0.937839
vt 0.074993 0.004899
vt 0.725873 0.935001
vt 0.070767 0.020669
vt 0.082312 0.009125
vt 0.730395 0.932742
vt 0.086537 0.016444
vt 0.735178 0.931099
vt 0.086537 0.024895
vt 0.740138 0.930102
vt 0.082312 0.032214
vt 0.745185 0.929767
vt 0.074993 0.036440
vt 0.750232 0.930101
vt 0.066541 0.036440
vt 0.755190 0.931098
vt 0.059222 0.032214
vt 0.759971 0.932740
vt 0.054997 0.024895
vt 0.764491 0.935000
vt 0.054997 0.016444
vt 0.768667 0.937839
vt 0.059222 0.009125
vt 0.772424 0.941207
vt 0.717930 0.941207
vt 0.661691 0.844322
vt 0.678712 0.834492
vt 0.696873 0.826955
vt 0.715866 0.821852
vt 0.735367 0.819275
vt 0.755039 0.819273
vt 0.774542 0.821848
vt 0.793540 0.826951
vt 0.811706 0.834491
vt 0.828730 0.844330
vt 0.844330 0.856287
vt 0.646090 0.856265
vt 0.070767 0.010156
vt 0.076024 0.011565
vt 0.079872 0.015413
vt 0.081280 0.020669
vt 0.079872 0.025926
vt 0.076024 0.029774
vt 0.070767 0.031183
vt 0.065510 0.029774
vt 0.061662 0.025926
vt 0.060254 0.020669
vt 0.061662 0.015413
vt 0.065510 0.011565
vt 0.702464 0.905059
vt 0.711174 0.899990
vt 0.720469 0.896111
vt 0.730191 0.893487
vt 0.740170 0.892165
vt 0.750235 0.892166
vt 0.760213 0.893492
vt 0.769931 0.896119
vt 0.779221 0.900002
vt 0.787923 0.905075
vt 0.795887 0.911250
vt 0.694489 0.911230
vt 0.642237 0.814947
vt 0.670041 0.839130
vt 0.681611 0.874194
vt 0.653697 0.850042
vt 0.663212 0.802876
vt 0.687669 0.830427
vt 0.694578 0.866675
vt 0.685595 0.793610
vt 0.706286 0.824092
vt 0.708411 0.860917
vt 0.709010 0.787330
vt 0.725574 0.820243
vt 0.722876 0.857022
vt 0.733056 0.784155
vt 0.745203 0.818951
vt 0.737724 0.855057
vt 0.757316 0.784149
vt 0.764833 0.820240
vt 0.752700 0.855059
vt 0.781370 0.787311
vt 0.784125 0.824088
vt 0.767547 0.857027
vt 0.804799 0.793584
vt 0.802747 0.830424
vt 0.782009 0.860927
vt 0.827200 0.802849
vt 0.820379 0.839133
vt 0.795837 0.866690
vt 0.848193 0.814929
vt 0.836725 0.850056
vt 0.808797 0.874217
vt 0.867431 0.829596
vt 0.851740 0.862770
vt 0.638678 0.862740
vt 0.820669 0.883373
vt 0.623013 0.829593
vt 0.669729 0.883343
vt 0.070767 0.004899
vt 0.723783 0.936420
vt 0.073138 0.011822
vt 0.068396 0.011822
vt 0.078652 0.007012
vt 0.728134 0.933872
vt 0.077244 0.014193
vt 0.084424 0.012784
vt 0.732787 0.931921
vt 0.079614 0.018299
vt 0.086537 0.020669
vt 0.737658 0.930601
vt 0.079614 0.023040
vt 0.084424 0.028555
vt 0.742661 0.929935
vt 0.077244 0.027146
vt 0.078652 0.034327
vt 0.747709 0.929934
vt 0.073138 0.029517
vt 0.070767 0.036440
vt 0.752711 0.930600
vt 0.068396 0.029517
vt 0.062882 0.034327
vt 0.757581 0.931919
vt 0.064290 0.027146
vt 0.057110 0.028555
vt 0.762231 0.933870
vt 0.061920 0.023040
vt 0.054997 0.020669
vt 0.766579 0.936420
vt 0.061920 0.018299
vt 0.057110 0.012784
vt 0.770545 0.939523
vt 0.064290 0.014193
vt 0.062882 0.007012
vt 0.719811 0.939523
vt 0.706736 0.902381
vt 0.698376 0.908013
vt 0.715758 0.897897
vt 0.725287 0.894638
vt 0.735159 0.892661
vt 0.745203 0.891999
vt 0.755246 0.892664
vt 0.765115 0.894645
vt 0.774640 0.897907
vt 0.783655 0.902395
vt 0.792006 0.908031
vt 0.799667 0.914601
vt 0.690704 0.914580
vn 0.840988 0.238717 -0.485544
vn 0.686686 0.238582 -0.686689
vn 0.686465 0.239848 -0.686468
vn 0.840718 0.239983 -0.485388
vn 0.485545 0.238717 -0.840988
vn 0.485389 0.239983 -0.840717
vn 0.484900 0.243918 -0.839867
vn 0.685771 0.243782 -0.685775
vn 0.839868 0.243918 -0.484898
vn 0.251346 0.238581 -0.938032
vn 0.251266 0.239848 -0.937730
vn 0.000000 0.238715 -0.971090
vn 0.000000 0.239982 -0.970777
vn -0.000000 0.243919 -0.969796
vn 0.251012 0.243783 -0.936783
vn -0.251345 0.238581 -0.938033
vn -0.251264 0.239848 -0.937731
vn -0.485545 0.238716 -0.840988
vn -0.485389 0.239983 -0.840717
vn -0.484900 0.243918 -0.839867
vn -0.251010 0.243783 -0.936784
vn -0.686687 0.238581 -0.686687
vn -0.686467 0.239848 -0.686466
vn -0.840988 0.238717 -0.485544
vn -0.840718 0.239983 -0.485388
vn -0.839868 0.243918 -0.484898
vn -0.685773 0.243782 -0.685774
vn -0.938032 0.238581 -0.251346
vn -0.937731 0.239848 -0.251265
vn -0.971089 0.238716 0.000000
vn -0.970777 0.239983 -0.000000
vn -0.969796 0.243918 -0.000000
vn -0.936784 0.243782 -0.251011
vn -0.938032 0.238581 0.251345
vn -0.937731 0.239848 0.251264
vn -0.840988 0.238717 0.485545
vn -0.840718 0.239983 0.485388
vn -0.839868 0.243918 0.484898
vn -0.936784 0.243782 0.251011
vn -0.686687 0.238581 0.686688
vn -0.686467 0.239848 0.686467
vn -0.485545 0.238716 0.840988
vn -0.485388 0.239982 0.840718
vn -0.484898 0.243918 0.839868
vn -0.685775 0.243782 0.685772
vn -0.251346 0.238581 0.938032
vn -0.251265 0.239848 0.937731
vn 0.000000 0.238716 0.971089
vn 0.000000 0.239983 0.970777
vn -0.000000 0.243918 0.969796
vn -0.251011 0.243782 0.936784
vn 0.251346 0.238581 0.938032
vn 0.251265 0.239848 0.937731
vn 0.485545 0.238717 0.840988
vn 0.485388 0.239982 0.840718
vn 0.484898 0.243918 0.839868
vn 0.251011 0.243782 0.936784
vn 0.686686 0.238582 0.686688
vn 0.686466 0.239848 0.686467
vn 0.840988 0.238717 0.485545
vn 0.840718 0.239983 0.485388
vn 0.839868 0.243918 0.484898
vn 0.685774 0.243782 0.685773
vn 0.938033 0.238581 0.251343
vn 0.937731 0.239848 0.251263
vn 0.971089 0.238717 0.000000
vn 0.970777 0.239982 -0.000000
vn 0.969796 0.243918 0.000000
vn 0.936784 0.243782 0.251010
vn 0.938033 0.238582 -0.251344
vn 0.937731 0.239848 -0.251263
vn 0.936784 0.243782 -0.251010
vn 0.834183 0.268672 -0.481617
vn 0.681572 0.266290 -0.681578
vn 0.671272 0.314310 -0.671270
vn 0.794339 0.398381 -0.458604
vn 0.481616 0.268671 -0.834184
vn 0.458616 0.398383 -0.794331
vn -0.000001 1.000000 0.000000
vn 0.249468 0.266289 -0.931051
vn 0.245696 0.314311 -0.916974
vn -0.000001 0.268671 -0.963232
vn -0.000001 0.398383 -0.917219
vn -0.249467 0.266289 -0.931051
vn -0.245695 0.314311 -0.916975
vn -0.481610 0.268671 -0.834187
vn -0.458613 0.398384 -0.794333
vn -0.681571 0.266290 -0.681579
vn -0.671271 0.314312 -0.671270
vn -0.834184 0.268672 -0.481615
vn -0.794338 0.398382 -0.458606
vn -0.931050 0.266289 -0.249473
vn -0.916973 0.314310 -0.245702
vn -0.963232 0.268672 0.000000
vn -0.917219 0.398384 0.000002
vn -0.931048 0.266291 0.249476
vn -0.916973 0.314311 0.245702
vn -0.834181 0.268672 0.481619
vn -0.794339 0.398382 0.458604
vn -0.681575 0.266290 0.681575
vn -0.671269 0.314311 0.671272
vn -0.481615 0.268672 0.834183
vn -0.458615 0.398382 0.794333
vn -0.249475 0.266290 0.931049
vn -0.245697 0.314311 0.916974
vn 0.000000 0.268672 0.963232
vn 0.000000 0.398382 0.917220
vn 0.249476 0.266290 0.931049
vn 0.245700 0.314310 0.916974
vn 0.481618 0.268672 0.834182
vn 0.458617 0.398382 0.794331
vn 0.681573 0.266290 0.681577
vn 0.671270 0.314310 0.671272
vn 0.834182 0.268672 0.481618
vn 0.794337 0.398380 0.458609
vn 0.931049 0.266290 0.249475
vn 0.916972 0.314311 0.245705
vn 0.963232 0.268671 -0.000000
vn 0.917220 0.398382 0.000001
vn 0.931050 0.266289 -0.249471
vn 0.916974 0.314309 -0.245701
vn 0.684489 0.250885 -0.684494
vn 0.838335 0.250849 -0.484013
vn 0.484015 0.250849 -0.838335
vn 0.250540 0.250885 -0.935033
vn 0.000000 0.250849 -0.968026
vn -0.250539 0.250885 -0.935033
vn -0.484013 0.250849 -0.838335
vn -0.684489 0.250885 -0.684494
vn -0.838335 0.250849 -0.484013
vn -0.935033 0.250885 -0.250541
vn -0.968026 0.250850 -0.000001
vn -0.935032 0.250886 0.250543
vn -0.838334 0.250850 0.484014
vn -0.684493 0.250885 0.684489
vn -0.484016 0.250849 0.838334
vn -0.250542 0.250885 0.935032
vn -0.000000 0.250849 0.968026
vn 0.250542 0.250885 0.935032
vn 0.484016 0.250849 0.838334
vn 0.684491 0.250885 0.684491
vn 0.838335 0.250850 0.484014
vn 0.935032 0.250886 0.250541
vn 0.968026 0.250850 -0.000000
vn 0.935033 0.250885 -0.250540
s 1
g PiedrasHP Piedra17
usemtl initialShadingGroup
f 2296/2684/2296 2369/2772/2297 2405/2736/2298 2372/2775/2299
f 2369/2772/2297 2297/2685/2300 2370/2773/2301 2405/2736/2298
f 2405/2736/2298 2370/2773/2301 2309/2698/2302 2371/2774/2303
f 2372/2775/2299 2405/2736/2298 2371/2774/2303 2308/2697/2304
f 2297/2685/2300 2373/2776/2305 2406/2737/2306 2370/2773/2301
f 2373/2776/2305 2298/2686/2307 2374/2777/2308 2406/2737/2306
f 2406/2737/2306 2374/2777/2308 2310/2699/2309 2375/2778/2310
f 2370/2773/2301 2406/2737/2306 2375/2778/2310 2309/2698/2302
f 2298/2686/2307 2376/2779/2311 2407/2738/2312 2374/2777/2308
f 2376/2779/2311 2299/2687/2313 2377/2780/2314 2407/2738/2312
f 2407/2738/2312 2377/2780/2314 2311/2700/2315 2378/2781/2316
f 2374/2777/2308 2407/2738/2312 2378/2781/2316 2310/2699/2309
f 2299/2687/2313 2379/2782/2317 2408/2739/2318 2377/2780/2314
f 2379/2782/2317 2300/2688/2319 2380/2783/2320 2408/2739/2318
f 2408/2739/2318 2380/2783/2320 2312/2701/2321 2381/2784/2322
f 2377/2780/2314 2408/2739/2318 2381/2784/2322 2311/2700/2315
f 2300/2688/2319 2382/2785/2323 2409/2740/2324 2380/2783/2320
f 2382/2785/2323 2301/2689/2325 2383/2786/2326 2409/2740/2324
f 2409/2740/2324 2383/2786/2326 2313/2702/2327 2384/2787/2328
f 2380/2783/2320 2409/2740/2324 2384/2787/2328 2312/2701/2321
f 2301/2689/2325 2385/2788/2329 2410/2741/2330 2383/2786/2326
f 2385/2788/2329 2302/2690/2331 2386/2789/2332 2410/2741/2330
f 2410/2741/2330 2386/2789/2332 2314/2703/2333 2387/2790/2334
f 2383/2786/2326 2410/2741/2330 2387/2790/2334 2313/2702/2327
f 2302/2690/2331 2388/2791/2335 2411/2742/2336 2386/2789/2332
f 2388/2791/2335 2303/2691/2337 2389/2792/2338 2411/2742/2336
f 2411/2742/2336 2389/2792/2338 2315/2704/2339 2390/2793/2340
f 2386/2789/2332 2411/2742/2336 2390/2793/2340 2314/2703/2333
f 2303/2691/2337 2391/2794/2341 2412/2743/2342 2389/2792/2338
f 2391/2794/2341 2304/2692/2343 2392/2795/2344 2412/2743/2342
f 2412/2743/2342 2392/2795/2344 2316/2705/2345 2393/2796/2346
f 2389/2792/2338 2412/2743/2342 2393/2796/2346 2315/2704/2339
f 2304/2692/2343 2394/2797/2347 2413/2744/2348 2392/2795/2344
f 2394/2797/2347 2305/2693/2349 2395/2798/2350 2413/2744/2348
f 2413/2744/2348 2395/2798/2350 2317/2706/2351 2396/2799/2352
f 2392/2795/2344 2413/2744/2348 2396/2799/2352 2316/2705/2345
f 2305/2693/2349 2397/2800/2353 2414/2745/2354 2395/2798/2350
f 2397/2800/2353 2306/2694/2355 2398/2801/2356 2414/2745/2354
f 2414/2745/2354 2398/2801/2356 2318/2707/2357 2399/2802/2358
f 2395/2798/2350 2414/2745/2354 2399/2802/2358 2317/2706/2351
f 2306/2694/2355 2400/2803/2359 2415/2746/2360 2398/2801/2356
f 2400/2803/2359 2307/2696/2361 2401/2804/2362 2415/2746/2360
f 2415/2746/2360 2401/2804/2362 2319/2708/2363 2402/2806/2364
f 2398/2801/2356 2415/2746/2360 2402/2806/2364 2318/2707/2357
f 2307/2695/2361 2403/2807/2365 2416/2747/2366 2401/2805/2362
f 2403/2807/2365 2296/2684/2296 2372/2775/2299 2416/2747/2366
f 2416/2747/2366 2372/2775/2299 2308/2697/2304 2404/2808/2367
f 2401/2805/2362 2416/2747/2366 2404/2808/2367 2319/2709/2363
f 2320/2710/2368 2333/2809/2369 2417/2748/2370 2335/2812/2371
f 2321/2712/2372 2334/2811/2373 2417/2748/2370 2333/2809/2369
f 2322/2714/2374 2335/2812/2371 2417/2748/2370 2334/2811/2373
f 2321/2712/2372 2336/2813/2375 2418/2749/2376 2334/2811/2373
f 2323/2715/2377 2337/2815/2378 2418/2749/2376 2336/2813/2375
f 2322/2714/2374 2334/2811/2373 2418/2749/2376 2337/2815/2378
f 2323/2715/2377 2338/2816/2379 2419/2750/2380 2337/2815/2378
f 2324/2717/2381 2339/2818/2382 2419/2750/2380 2338/2816/2379
f 2322/2714/2374 2337/2815/2378 2419/2750/2380 2339/2818/2382
f 2324/2717/2381 2340/2819/2383 2420/2751/2384 2339/2818/2382
f 2325/2719/2385 2341/2821/2386 2420/2751/2384 2340/2819/2383
f 2322/2714/2374 2339/2818/2382 2420/2751/2384 2341/2821/2386
f 2325/2719/2385 2342/2822/2387 2421/2752/2388 2341/2821/2386
f 2326/2721/2389 2343/2824/2390 2421/2752/2388 2342/2822/2387
f 2322/2714/2374 2341/2821/2386 2421/2752/2388 2343/2824/2390
f 2326/2721/2389 2344/2825/2391 2422/2753/2392 2343/2824/2390
f 2327/2723/2393 2345/2827/2394 2422/2753/2392 2344/2825/2391
f 2322/2714/2374 2343/2824/2390 2422/2753/2392 2345/2827/2394
f 2327/2723/2393 2346/2828/2395 2423/2754/2396 2345/2827/2394
f 2328/2725/2397 2347/2830/2398 2423/2754/2396 2346/2828/2395
f 2322/2714/2374 2345/2827/2394 2423/2754/2396 2347/2830/2398
f 2328/2725/2397 2348/2831/2399 2424/2755/2400 2347/2830/2398
f 2329/2727/2401 2349/2833/2402 2424/2755/2400 2348/2831/2399
f 2322/2714/2374 2347/2830/2398 2424/2755/2400 2349/2833/2402
f 2329/2727/2401 2350/2834/2403 2425/2756/2404 2349/2833/2402
f 2330/2729/2405 2351/2836/2406 2425/2756/2404 2350/2834/2403
f 2322/2714/2374 2349/2833/2402 2425/2756/2404 2351/2836/2406
f 2330/2729/2405 2352/2837/2407 2426/2757/2408 2351/2836/2406
f 2331/2731/2409 2353/2839/2410 2426/2757/2408 2352/2837/2407
f 2322/2714/2374 2351/2836/2406 2426/2757/2408 2353/2839/2410
f 2331/2731/2409 2354/2840/2411 2427/2758/2412 2353/2839/2410
f 2332/2733/2413 2355/2842/2414 2427/2758/2412 2354/2840/2411
f 2322/2714/2374 2353/2839/2410 2427/2758/2412 2355/2842/2414
f 2332/2733/2413 2356/2843/2415 2428/2759/2416 2355/2842/2414
f 2320/2710/2368 2335/2812/2371 2428/2759/2416 2356/2843/2415
f 2322/2714/2374 2355/2842/2414 2428/2759/2416 2335/2812/2371
f 2308/2697/2304 2371/2774/2303 2429/2760/2417 2358/2846/2418
f 2371/2774/2303 2309/2698/2302 2357/2845/2419 2429/2760/2417
f 2429/2760/2417 2357/2845/2419 2321/2713/2372 2333/2810/2369
f 2358/2846/2418 2429/2760/2417 2333/2810/2369 2320/2711/2368
f 2309/2698/2302 2375/2778/2310 2430/2761/2420 2357/2845/2419
f 2375/2778/2310 2310/2699/2309 2359/2847/2421 2430/2761/2420
f 2430/2761/2420 2359/2847/2421 2323/2716/2377 2336/2814/2375
f 2357/2845/2419 2430/2761/2420 2336/2814/2375 2321/2713/2372
f 2310/2699/2309 2378/2781/2316 2431/2762/2422 2359/2847/2421
f 2378/2781/2316 2311/2700/2315 2360/2848/2423 2431/2762/2422
f 2431/2762/2422 2360/2848/2423 2324/2718/2381 2338/2817/2379
f 2359/2847/2421 2431/2762/2422 2338/2817/2379 2323/2716/2377
f 2311/2700/2315 2381/2784/2322 2432/2763/2424 2360/2848/2423
f 2381/2784/2322 2312/2701/2321 2361/2849/2425 2432/2763/2424
f 2432/2763/2424 2361/2849/2425 2325/2720/2385 2340/2820/2383
f 2360/2848/2423 2432/2763/2424 2340/2820/2383 2324/2718/2381
f 2312/2701/2321 2384/2787/2328 2433/2764/2426 2361/2849/2425
f 2384/2787/2328 2313/2702/2327 2362/2850/2427 2433/2764/2426
f 2433/2764/2426 2362/2850/2427 2326/2722/2389 2342/2823/2387
f 2361/2849/2425 2433/2764/2426 2342/2823/2387 2325/2720/2385
f 2313/2702/2327 2387/2790/2334 2434/2765/2428 2362/2850/2427
f 2387/2790/2334 2314/2703/2333 2363/2851/2429 2434/2765/2428
f 2434/2765/2428 2363/2851/2429 2327/2724/2393 2344/2826/2391
f 2362/2850/2427 2434/2765/2428 2344/2826/2391 2326/2722/2389
f 2314/2703/2333 2390/2793/2340 2435/2766/2430 2363/2851/2429
f 2390/2793/2340 2315/2704/2339 2364/2852/2431 2435/2766/2430
f 2435/2766/2430 2364/2852/2431 2328/2726/2397 2346/2829/2395
f 2363/2851/2429 2435/2766/2430 2346/2829/2395 2327/2724/2393
f 2315/2704/2339 2393/2796/2346 2436/2767/2432 2364/2852/2431
f 2393/2796/2346 2316/2705/2345 2365/2853/2433 2436/2767/2432
f 2436/2767/2432 2365/2853/2433 2329/2728/2401 2348/2832/2399
f 2364/2852/2431 2436/2767/2432 2348/2832/2399 2328/2726/2397
f 2316/2705/2345 2396/2799/2352 2437/2768/2434 2365/2853/2433
f 2396/2799/2352 2317/2706/2351 2366/2854/2435 2437/2768/2434
f 2437/2768/2434 2366/2854/2435 2330/2730/2405 2350/2835/2403
f 2365/2853/2433 2437/2768/2434 2350/2835/2403 2329/2728/2401
f 2317/2706/2351 2399/2802/2358 2438/2769/2436 2366/2854/2435
f 2399/2802/2358 2318/2707/2357 2367/2855/2437 2438/2769/2436
f 2438/2769/2436 2367/2855/2437 2331/2732/2409 2352/2838/2407
f 2366/2854/2435 2438/2769/2436 2352/2838/2407 2330/2730/2405
f 2318/2707/2357 2402/2806/2364 2439/2770/2438 2367/2855/2437
f 2402/2806/2364 2319/2708/2363 2368/2856/2439 2439/2770/2438
f 2439/2770/2438 2368/2856/2439 2332/2734/2413 2354/2841/2411
f 2367/2855/2437 2439/2770/2438 2354/2841/2411 2331/2732/2409
f 2319/2709/2363 2404/2808/2367 2440/2771/2440 2368/2857/2439
f 2404/2808/2367 2308/2697/2304 2358/2846/2418 2440/2771/2440
f 2440/2771/2440 2358/2846/2418 2320/2711/2368 2356/2844/2415
f 2368/2857/2439 2440/2771/2440 2356/2844/2415 2332/2735/2413
