# This file uses centimeters as units for non-parametric coordinates.

mtllib TerrenoIDT.mtl
g default
v -21.197555 8.791617 6.006148
v -14.792675 8.323309 7.671065
v -9.896278 8.456333 -3.946061
v -16.114540 9.094344 -4.140916
v -8.833816 8.639745 -10.045617
v -15.250206 9.007059 -8.227182
v -15.591209 8.701127 -12.266389
v -11.487396 8.288043 -15.537221
v -4.727729 9.375289 -13.667474
v -7.873657 9.168217 -17.502809
v -5.426818 10.014980 -8.237840
v -6.115852 9.840954 -2.586335
v -0.419754 10.560282 -11.715898
v -6.441330 10.318108 -19.860810
v -11.719188 9.955244 -18.822770
v -18.749939 10.232165 -13.849611
v -18.258461 10.263610 -8.370271
v -19.246391 10.214997 -4.445497
v -25.069969 10.245092 7.237510
v -12.821830 9.835561 10.497222
v -15.779579 9.849658 -16.220098
v -13.927162 8.253561 -13.598947
v -12.746826 8.305930 -8.609834
v -13.415763 8.198548 -4.063699
v -17.974800 8.121612 7.206786
v -18.840141 9.926609 9.678725
v -2.605072 10.431351 -17.070810
v -6.068931 9.087333 -16.068132
v -10.014907 7.892858 -13.373719
v -13.100482 7.980135 -11.580461
v -15.430862 8.579816 -10.670854
v -18.656662 10.037822 -10.998803
v -22.369724 9.765106 1.190863
v -18.645153 8.468547 0.995208
v -15.301593 7.607390 1.344115
v -11.994880 7.832962 2.320197
v -8.738014 9.157746 4.251738
v -33.986373 0.000000 50.892688
v -24.191566 -0.673511 52.154895
v -43.495452 0.192033 46.794345
v -54.883293 0.296893 38.305529
v -35.048091 9.876917 6.049514
v 13.337288 -0.764333 16.219123
v -8.370613 -1.002135 45.105456
v -38.973667 9.707574 13.018828
v -30.222488 10.033667 15.424598
v -22.237014 9.957392 17.522300
v -14.965766 9.754708 18.960631
v 11.139229 -1.286169 23.718001
v -42.810173 9.586024 20.134642
v -34.268978 9.918146 23.180403
v -25.992385 9.799370 25.731536
v -17.977642 9.450445 27.360564
v 8.371117 -1.192043 30.025130
v -46.343055 7.709000 27.100608
v -37.848438 8.904837 31.095557
v -29.309368 8.927329 34.192836
v -20.934234 7.357239 35.704150
v 4.883316 -1.170357 34.697589
v -29.103942 10.194928 -5.623872
v -31.756389 9.989688 -0.067430
v -56.055458 -1.113952 -12.179170
v -57.238609 -1.024560 -6.568727
v -58.514587 -0.982990 -0.973848
v -60.206237 -0.815745 5.563979
v -62.377502 -0.427335 12.342650
v -63.345123 -0.082224 19.359923
v -62.472450 0.213896 27.360366
v -38.935287 8.880388 -7.602967
v -41.219512 8.499376 -2.028032
v -44.051605 7.876704 3.968848
v -47.327266 7.126821 10.476805
v -50.828357 6.267434 17.122794
v -53.756095 4.393813 23.618125
v -60.246330 0.370780 32.623931
v 4.261498 4.167239 14.279067
v 1.680298 4.088291 22.216414
v -1.075790 3.092336 29.248717
v -4.479812 1.306504 35.602420
v -13.883270 -0.860196 47.876101
v -19.178966 -0.785399 50.523074
v -12.934604 4.691036 36.066989
v -9.800598 7.316437 28.421950
v -7.050811 8.918707 20.581877
v -4.517166 9.143275 12.509856
v -62.911224 0.124307 23.850051
v -56.505729 2.070539 28.617057
v -50.005558 3.329489 33.207213
v -41.019176 4.083232 39.073001
v -32.187488 3.712068 43.140582
v -23.339984 2.958740 44.262637
v -16.198299 1.343445 43.467990
v -8.957580 0.193686 41.801410
v -1.067916 -0.994933 39.543292
v 7.244591 5.412705 7.070937
v 17.123223 1.369086 9.553450
v -1.857780 9.286085 5.386145
v 0.013581 9.921927 -2.107316
v 9.907822 8.637668 -0.576066
v 22.177926 5.317185 3.090140
v 26.579560 -1.161901 13.218169
v 17.351365 -1.106227 14.845732
v 38.104432 -1.342868 11.439650
v 10.345055 10.394442 -10.117845
v 23.161759 9.977063 -7.377252
v 36.524620 8.311873 -4.071534
v -37.061576 9.128684 -12.698686
v -54.994964 -1.301247 -18.377450
v -27.561058 10.294899 -10.178079
v -2.548339 -0.964963 -51.863080
v -13.311599 -1.107285 -51.413995
v -22.124519 -1.295110 -50.156404
v -32.314930 -1.480116 -48.108930
v -26.706913 10.315213 -14.007005
v -35.244827 9.223412 -17.416650
v -52.945083 -1.159722 -23.396463
v -2.958473 10.787242 -24.760900
v -10.937049 10.612461 -25.122388
v -16.825481 10.543794 -23.654702
v -21.511596 10.498602 -22.207708
v -1.147117 9.831204 -32.923764
v -10.697036 9.615858 -33.052819
v -18.136917 9.585815 -31.859075
v -24.444847 9.603622 -29.877515
v -1.642089 4.519583 -42.369698
v -11.945026 4.317120 -42.038059
v -20.238777 4.345126 -40.674072
v -28.210121 4.783130 -38.262634
v -26.020221 10.349826 -17.910779
v -33.009536 9.347001 -22.212198
v -50.237762 -1.151575 -30.096616
v -25.726081 10.266016 -22.256887
v -29.726123 9.468044 -26.993467
v -40.878665 4.387208 -26.522744
v -43.946003 3.931796 -20.689698
v -46.182479 3.705593 -15.512647
v -47.899883 3.251829 -9.934129
v -49.707675 2.901145 -4.293283
v -51.818985 2.491542 1.568732
v -54.216644 2.204072 8.004851
v -56.728820 2.171104 14.733947
v -58.560516 1.631639 21.475211
v -59.806816 0.972067 26.180129
v -61.574989 0.343184 29.908538
v -35.724750 5.173769 -33.745061
v -43.484996 -1.406416 -42.332604
v 23.108239 10.842484 -18.675687
v 36.637658 10.477851 -16.823381
v 7.839486 10.968519 -20.407357
v 10.882210 10.306053 -31.402429
v 11.228638 5.428121 -41.911362
v 10.931084 -0.493236 -52.154897
v 24.165040 10.555022 -29.970460
v 25.001816 6.219075 -41.003967
v 25.961266 -0.257619 -51.885675
v 37.969521 6.124132 -39.848480
v 38.918045 -0.533360 -50.679433
v 37.331383 10.345180 -28.714158
v 52.199181 -0.968074 -44.999768
v 59.946869 -1.115074 -37.856767
v 63.345124 -1.220720 -28.322973
v 61.867691 -0.715395 -15.095178
v 58.117478 -0.961497 -3.552369
v 52.709229 -1.089713 3.933944
v 48.177445 -0.785452 -47.083902
v 49.649247 3.225114 -38.291500
v 50.239151 7.217614 -27.954660
v 49.300309 7.085367 -15.771260
v 47.509621 3.982190 -3.400819
v 45.287926 -1.383846 9.164412
v 14.697541 0.196492 12.303427
v 2.514527 7.811608 6.132064
v -3.159606 9.139045 8.877852
v -5.716850 9.465709 4.857413
v -0.753616 9.607743 1.825858
v -3.472641 10.044435 -2.323350
v 8.738518 6.904854 3.428023
v 4.572075 9.598550 -1.552278
v 19.907380 2.897928 6.678939
v 15.725800 7.397378 0.903441
v 21.704018 -1.122078 14.044844
v 21.895012 -0.127059 11.294326
v 15.180993 -0.851854 14.993560
v 32.500885 -1.249665 12.339949
v 29.416108 2.207728 6.187903
v 0.304512 10.310324 -6.717668
v 10.455628 9.833455 -5.208863
v 4.678696 10.546234 -10.990274
v 23.062767 8.231807 -1.802728
v 16.559090 10.223706 -8.903566
v 29.994050 9.413254 -5.568742
v 36.985917 3.459219 2.937102
v -47.069061 3.488473 -12.760087
v -37.966564 9.010139 -10.209687
v -41.660999 6.954835 -14.086000
v -32.398483 9.871863 -11.385431
v -28.208740 10.260107 -8.020951
v -22.438625 10.446764 -9.108476
v -4.755600 10.704367 -21.908281
v -7.218956 10.691721 -25.291146
v -11.364765 10.474522 -21.660367
v -14.100666 10.566758 -24.502534
v -16.364685 10.382484 -19.543946
v -19.227157 10.532750 -22.802007
v -20.260505 10.510961 -18.053903
v -22.306709 10.358177 -12.290818
v -27.088962 10.307357 -12.141298
v -30.990329 9.941484 -15.716775
v -36.174614 9.173993 -15.077974
v -39.558303 7.120721 -19.103154
v -45.142372 3.819532 -18.104593
v -1.740928 10.484849 -28.540925
v -6.229553 9.681922 -33.179303
v -10.659988 10.325407 -28.930982
v -14.616993 9.582102 -32.585592
v -17.389068 10.267796 -27.722898
v -21.404316 9.613222 -30.954717
v -22.886177 10.186243 -26.063836
v -1.221191 7.819582 -37.584817
v -7.112197 4.353156 -42.322289
v -11.211654 7.559307 -37.454568
v -16.231170 4.298173 -41.479180
v -19.150497 7.582541 -36.173772
v -24.235984 4.526287 -39.651139
v -26.248210 7.961715 -33.903981
v -2.088768 1.170361 -47.124028
v -8.262573 -1.059213 -51.698644
v -12.638328 1.009258 -46.705133
v -21.210731 0.927207 -45.367066
v -17.750175 -1.190840 -50.870298
v -26.980850 -1.405328 -49.361165
v -30.244426 1.016333 -43.072884
v -22.403907 10.452303 -15.799936
v -26.329357 10.336202 -15.871606
v -29.490917 9.989973 -20.045282
v -34.211391 9.282661 -19.783841
v -42.590644 4.148886 -23.421735
v -36.769634 7.483609 -24.420285
v -23.884697 10.406326 -22.135064
v -25.843429 10.335586 -20.300203
v -27.389297 9.996418 -24.252313
v -31.574512 9.406108 -24.734391
v -27.284175 9.541709 -28.632470
v -48.423172 0.783542 -22.089715
v -45.444110 1.006251 -28.372785
v -51.866104 -1.120582 -26.128713
v -54.051017 -1.249490 -20.939351
v -50.611774 0.593746 -16.943898
v -52.037254 0.506467 -11.067559
v -55.587966 -1.226355 -15.330819
v -56.622863 -1.053180 -9.302179
v -53.543129 0.424134 -5.433519
v -55.242607 0.309381 0.306357
v -57.851097 -1.008618 -3.847688
v -59.283294 -0.925315 2.218016
v -57.268356 0.325427 6.783042
v -61.332428 -0.634435 8.900115
v -59.545013 0.555560 13.547438
v -60.918830 0.646827 20.433333
v -63.057083 -0.240396 16.007796
v -61.335174 0.479720 25.033812
v -63.215576 0.038573 21.863433
v -62.017440 0.285853 28.654952
v -62.674842 0.177289 25.651503
v -38.612419 4.759191 -30.214780
v -32.489723 8.079280 -30.133226
v -32.148513 5.092027 -36.360810
v -39.475853 1.231417 -37.902444
v -38.122520 -1.478098 -46.024048
v -47.483734 -1.272214 -36.260690
v 30.000641 10.724724 -17.697335
v 23.074738 10.553189 -13.011041
v 36.449723 10.047292 -10.608613
v 15.951455 10.917420 -19.600847
v 9.539254 10.767061 -14.950486
v 1.618630 10.797141 -18.208184
v 1.832306 10.881728 -23.283742
v 4.617707 10.082561 -32.244909
v 9.846695 10.760621 -26.077768
v 4.555916 4.928625 -42.218102
v 11.248513 8.737530 -36.687303
v 3.885842 -0.742876 -52.046136
v 11.105645 1.818951 -47.053590
v 17.463685 10.469212 -30.656022
v 23.568787 10.838118 -24.342790
v 18.478501 -0.316320 -52.096456
v 18.122895 5.876246 -41.493340
v 25.464837 2.323181 -46.454080
v 24.605637 9.426198 -35.516809
v 32.812561 -0.362615 -51.537420
v 31.628556 6.374555 -40.483177
v 38.415390 2.162999 -45.280388
v 30.789193 10.536641 -29.310529
v 37.637223 9.185679 -34.350843
v 36.964867 10.561173 -22.865117
v 56.379425 -1.034184 -41.576447
v 50.588944 -0.881210 -45.879135
v 48.968476 0.832221 -42.793404
v 54.899933 0.801536 -37.972429
v 50.109543 5.453162 -33.366784
v 56.772019 2.358194 -28.049062
v 62.288727 -1.225526 -33.544351
v 49.927918 7.423539 -21.990548
v 55.581681 2.511847 -15.412797
v 63.056214 -0.955838 -21.876390
v 55.532608 -1.048302 0.505660
v 52.810273 1.108258 -3.445771
v 46.426697 0.872181 2.863829
v 48.908707 -1.263161 6.795760
v 48.480851 6.073088 -9.593599
v 60.225312 -0.783905 -8.869912
v 44.163407 -0.671903 -48.939462
v 43.991105 4.871895 -39.017384
v 43.786820 9.772496 -28.219281
v 43.028260 9.916624 -16.211404
v 42.222107 6.402990 -3.479158
v 42.026642 -1.399005 10.546752
v -14.271850 7.872049 -1.376565
v -13.590301 7.556720 1.710013
v -10.833007 8.094027 -0.766053
v -11.704086 8.150666 -4.112764
v -12.922447 8.334134 -6.508592
v -9.410606 8.641787 -6.909105
v -11.086463 8.292241 -9.157579
v -11.695701 7.821442 -12.331743
v -12.843807 8.141059 -10.266015
v -9.412300 8.171626 -12.027040
v -7.986381 8.380524 -14.807611
v -6.272354 9.029415 -12.448716
v -5.113708 9.190899 -14.953370
v -5.695373 10.066240 -5.872445
v -6.879745 9.506677 -9.053376
v -8.145294 9.165674 -3.282243
v -3.543235 10.323145 -9.612092
v -3.125160 9.933804 -13.383516
v -4.721382 9.816179 -16.589994
v -0.969940 10.504651 -14.865411
v -9.053680 10.142240 -19.717431
v -11.776359 9.098280 -16.887452
v -9.455474 8.720521 -16.761148
v -7.324691 9.710347 -18.496228
v -14.843055 9.011104 -14.512620
v -12.896957 8.174121 -14.499025
v -13.959671 9.848147 -17.572477
v -15.297000 8.779987 -9.607560
v -16.623733 9.321597 -10.561525
v -18.389442 10.138205 -9.777978
v -16.247848 9.681593 -8.157075
v -18.497032 10.304463 -6.623994
v -17.147125 9.721796 -4.224389
v -15.483329 9.143768 -6.374223
v -20.074585 9.160894 1.169127
v -17.262001 8.763014 -1.619508
v -20.647769 9.949446 -1.741143
v -16.125221 8.115630 7.628630
v -18.432502 9.077052 8.393134
v -16.084137 9.905234 10.313674
v -14.318267 9.016907 8.806975
v -10.608490 8.490068 3.293654
v -7.242294 9.429750 0.895530
v -14.821014 8.401172 -12.789384
v -17.183372 9.988489 -15.019174
v -16.561546 9.304509 -12.484185
v -14.300991 8.182794 -11.018663
v -14.108970 8.546354 -8.338899
v -14.878334 8.549851 -4.080217
v -17.016342 7.931023 1.073416
v -20.053512 8.412914 6.808783
v -22.556457 9.489600 6.502196
v -22.082275 10.123423 8.944487
v -6.989074 9.100087 -17.034326
v -4.360336 10.391824 -18.857274
v -10.803428 7.908950 -14.454873
v -13.403953 7.963770 -12.656495
v -15.458931 8.523808 -11.572541
v -18.826816 10.072038 -12.184434
v -20.420860 8.529714 4.193282
v -24.083549 9.919276 4.056624
v -16.781601 7.657319 4.618789
v -13.708953 7.951230 5.867751
v -10.484718 9.350058 7.502822
v -18.597496 9.885592 18.273246
v -13.585502 9.888626 14.528434
v -20.100975 10.053378 12.969664
v -26.112632 10.022316 16.544661
v -27.840339 10.196069 11.379790
v -36.973220 9.792105 9.465781
v -34.564735 9.944750 14.246398
v -30.182533 10.169996 6.850585
v 2.948204 4.063209 18.250914
v 6.357460 0.843944 22.978072
v 12.146904 -1.010511 19.600188
v 8.769684 1.228509 14.949248
v -40.926712 9.654834 16.578131
v -38.535926 9.830806 21.688643
v -32.336937 9.968550 19.321105
v -30.088913 9.896600 24.552153
v -24.187027 9.899516 21.669364
v -21.976043 9.659657 26.646239
v -16.450519 9.625076 23.206191
v 0.355027 3.715466 25.856253
v 3.593277 0.563296 29.638869
v 9.843628 -1.287085 27.153838
v -44.601871 9.155470 23.679335
v -42.146629 8.482515 29.125319
v -36.103931 9.799882 27.113677
v -33.567546 9.049673 32.816802
v -27.694469 9.621453 29.884581
v -25.079307 8.497625 35.127353
v -19.485038 8.785356 31.506224
v -2.660324 2.184682 32.472075
v 0.131409 -0.122392 35.177874
v 6.832711 -1.179830 32.449355
v -48.074966 5.580583 30.286895
v -45.639469 3.734275 36.172030
v -39.509136 6.837639 35.100756
v -36.590156 4.024215 41.443148
v -30.853176 6.652863 38.720614
v -27.646240 3.431812 44.023379
v -22.286766 5.289358 40.015307
v -5.062614 -0.510884 40.713992
v 2.177842 -1.083539 37.040927
v -6.615501 0.659370 38.715808
v -26.638614 10.038228 0.723357
v -23.682640 10.356737 -4.919091
v -30.318595 10.091309 -2.940805
v -33.321018 9.930501 2.900557
v -34.158348 9.777484 -6.538537
v -40.013469 8.710259 -4.870523
v -36.612129 9.628913 -0.993699
v -42.571830 8.215365 0.908858
v -39.687362 9.417469 5.071234
v -43.283626 9.051975 11.750655
v -49.103515 6.785282 13.789672
v -47.012149 8.452906 18.576201
v -45.640026 7.504442 7.180678
v -52.361381 5.478495 20.479628
v -50.318634 6.401822 25.215941
v -55.065994 3.260639 26.296187
v -53.671974 2.775283 30.645583
v -43.524181 6.433978 -8.757043
v -48.772720 3.072218 -7.121965
v -45.592250 5.927360 -3.142999
v -50.724853 2.694627 -1.417756
v -48.092063 5.259367 2.795455
v -52.984825 2.315833 4.730300
v -50.937282 4.613208 9.232146
v -55.508743 2.184615 11.330268
v -53.945251 4.115771 15.883879
v -57.744621 2.017568 18.243285
v -56.338165 2.827271 22.454009
v -59.180908 1.283856 24.046653
v -58.373840 1.434376 27.251570
v -11.113525 9.512532 19.747596
v -5.788513 9.072709 16.491042
v -8.580253 9.700049 11.464774
v -13.934936 8.726597 27.938834
v -8.381240 8.341527 24.542807
v -16.931068 6.052343 36.006945
v -11.329711 6.042117 32.267424
v -19.642295 2.025548 44.029452
v -14.581321 2.936711 39.808429
v -12.653102 0.731535 42.722369
v -8.809669 2.926576 35.915469
v -5.527320 5.420190 28.850829
v -2.787666 7.031315 21.411246
v -0.202018 7.182162 13.456939
v -60.639267 0.587555 28.098189
v -61.157646 0.371261 31.080138
v -58.289917 1.012078 30.683982
v -58.321937 0.342437 34.994128
v -52.342773 1.423011 35.830615
v -49.429222 0.244811 42.673007
v -42.311695 1.642221 42.955981
v -33.173900 1.344606 47.125415
v -38.617721 0.144399 49.367389
v -23.891265 0.744387 48.269000
v -28.791759 -0.343077 51.870761
v -17.713958 0.061086 47.021930
v -21.343494 -0.779985 51.598361
v -11.396278 -0.435309 44.848422
v -16.629413 -0.812653 49.250903
v -4.638145 -0.980093 42.268634
v -11.128982 -0.926480 46.492877
v 12.176957 2.977819 8.178511
v 5.722947 4.402133 10.620177
v -12.557422 7.813280 -1.181764
v -11.221824 8.317738 -6.825364
v -11.273826 8.051921 -10.947412
v -7.230072 8.581540 -13.644716
v -7.677093 9.362665 -6.334840
v -4.815460 9.748386 -11.384462
v -3.449798 9.908943 -15.105928
v -9.503135 9.409852 -17.994958
v -13.513519 8.977512 -15.690969
v -16.380935 9.486194 -9.488641
v -16.456245 9.786326 -6.403421
v -18.461490 9.409405 -1.616670
v -16.186286 9.070082 8.912078
v -9.222160 8.765031 0.051070
v -15.893402 9.162611 -13.459527
v -14.151413 8.357679 -9.843042
v -14.324173 8.634591 -6.383744
v -15.852748 8.219595 -1.530977
v -21.092521 9.332599 7.867652
v -5.871894 9.797885 -17.874002
v -8.839035 8.402132 -15.772561
v -12.263877 7.825470 -13.447450
v -14.407199 8.135929 -11.988267
v -16.744461 9.309270 -11.539109
v -21.864837 9.288003 4.200515
v -18.594612 7.971334 4.257231
v -15.072937 7.632125 5.027831
v -12.483039 8.670116 6.822303
v -16.854713 10.013858 13.649276
v -23.761379 10.169584 12.154586
v -32.342281 10.079437 10.456099
v 7.518097 0.959636 18.956542
v -36.614547 9.885757 17.976134
v -28.194908 9.964978 20.579802
v -20.311866 9.796639 22.506850
v 5.043618 0.780845 26.506247
v -40.373069 9.656906 25.427214
v -31.875381 9.756706 28.623030
v -23.568244 9.411505 30.827559
v 2.023163 0.238257 32.473754
v -43.877250 6.274430 32.716437
v -35.178661 6.907342 37.157824
v -26.500038 6.361187 39.622134
v -2.283844 -0.356603 37.918170
v -25.017402 10.173812 -2.211595
v -28.320816 10.096608 3.675216
v -35.299568 9.710740 -3.841539
v -38.076538 9.531458 1.965224
v -45.172420 8.842188 15.160231
v -41.439163 9.255904 8.360350
v -48.709411 7.604301 21.985686
v -51.894252 4.662786 28.094184
v -44.513420 6.184096 -5.984483
v -46.791355 5.606956 -0.228883
v -49.475700 4.911884 5.967604
v -52.471832 4.394306 12.533667
v -55.223457 3.575979 19.294524
v -57.321106 2.128905 25.050772
v -9.856247 9.657406 15.483245
v -12.484069 9.309710 23.881270
v -15.433178 7.744736 31.974791
v -18.380870 4.042209 40.053088
v -10.687095 1.920325 39.354281
v -7.091682 4.138881 32.418242
v -4.110733 6.518969 25.201461
v -1.503845 7.106703 17.421340
v -59.697906 0.772958 29.223159
v -55.887504 1.231070 32.895278
v -47.507812 1.553194 39.463534
v -37.683479 1.568600 45.469912
v -28.333686 1.038759 48.042575
v -20.575061 0.322551 47.852298
v -14.636829 -0.190516 46.007403
v -8.044914 -0.663343 43.584704
v 10.356415 1.818131 11.463881
v 1.175080 7.253580 9.743254
v -7.153556 9.552330 8.068709
v -4.410812 9.691644 1.393218
v 3.703400 8.735862 2.475165
v 14.129990 4.913676 4.771300
v 18.368355 -0.501424 13.167907
v 26.100258 0.460372 9.324874
v -3.139541 10.338382 -6.291749
v 4.950898 10.113302 -6.275087
v 16.474686 9.437378 -3.763841
v 30.274567 5.862005 0.811759
v -42.593814 6.688219 -11.464448
v -33.207927 9.829691 -9.044923
v -22.859821 10.440377 -7.188569
v -8.178787 10.589804 -22.172002
v -14.081516 10.398529 -20.692743
v -18.249931 10.447048 -18.488801
v -22.308750 10.397924 -10.767274
v -31.680194 9.908506 -13.584794
v -40.664386 7.036186 -16.601045
v -6.514679 10.387167 -29.007329
v -14.238735 10.290931 -28.452634
v -20.249126 10.240059 -26.892392
v -6.527168 7.620452 -37.665822
v -15.356708 7.534580 -36.943963
v -22.781196 7.756072 -35.183732
v -7.689354 1.048947 -47.004129
v -17.013664 0.960259 -46.142670
v -25.624889 0.942809 -44.428627
v -22.269012 10.391838 -13.804986
v -30.266151 9.972664 -17.855149
v -38.297073 7.287323 -21.685910
v -22.919654 10.492967 -18.765847
v -28.647869 9.981337 -22.332547
v -25.367485 10.084875 -25.339944
v -47.159542 0.908765 -24.851690
v -49.601425 0.676919 -19.539209
v -51.371673 0.540898 -14.047509
v -52.764640 0.470528 -8.221551
v -54.362045 0.361263 -2.627504
v -56.206031 0.290318 3.477927
v -58.445602 0.434784 10.117522
v -60.373840 0.623896 17.138839
v -61.166732 0.552002 22.972533
v -61.641769 0.384818 26.894522
v -34.864898 7.813539 -27.377248
v -29.550941 8.107589 -32.264638
v -35.057628 1.156957 -41.045338
v -42.910442 1.109391 -33.200650
v 29.893006 10.358555 -11.718789
v 16.161454 10.695907 -14.188745
v 3.594269 10.746999 -14.994821
v -1.327224 10.778205 -20.549840
v 3.723160 10.627095 -27.391023
v 4.788323 8.250185 -37.218637
v 4.241410 1.464893 -47.149209
v 16.598763 10.832141 -25.121316
v 18.308411 2.121393 -46.811086
v 17.906525 9.144013 -36.110841
v 32.190049 2.356946 -46.014954
v 31.189126 9.533024 -34.932759
v 30.346207 10.775012 -23.563318
v 52.912095 0.059348 -42.057892
v 56.217087 1.803077 -33.358525
v 56.473084 2.588244 -21.876916
v 50.939866 -0.183578 1.807174
v 54.359147 2.051216 -9.227426
v 44.072213 1.701591 -44.037052
v 43.930138 7.980067 -33.763200
v 43.458634 10.094267 -22.330407
v 42.578354 9.055467 -9.977105
v 42.072670 2.025103 3.430800
v -12.609659 15.576329 10.290290
v -9.712823 7.740039 12.837409
v 5.269545 9.388336 -11.442346
v 0.071471 15.819725 -14.057313
v -1.606645 17.182773 -16.953229
v -17.078371 16.753276 8.530532
v -21.107179 14.890874 5.671180
v -4.501932 15.628407 -20.968366
v -24.347997 8.102319 4.680266
v -4.480302 9.578364 -24.146661
v -19.076303 16.480535 7.033881
v -3.411157 16.794250 -19.023355
v -9.993242 12.006732 10.517585
v 2.639281 12.224500 -12.405160
v -23.150167 11.715226 5.074805
v -4.554147 12.489789 -22.834333
v -5.735727 8.225428 7.134833
v -7.102785 12.039726 5.732459
v -9.564142 15.873862 4.746314
v -13.432951 17.559653 2.456031
v -16.421045 16.901183 1.004317
v -18.743997 15.350887 -0.016977
v -20.702722 11.831241 -0.551431
v -22.795854 8.822579 0.212058
v -2.116846 8.721837 -0.219117
v -4.193498 12.033551 -0.101686
v -6.857759 15.654487 -1.457147
v -11.208902 18.332845 -3.655900
v -13.799886 17.353058 -4.883523
v -15.880056 15.951313 -5.946832
v -17.768068 12.179066 -7.347970
v -19.422594 9.176869 -8.791925
v -1.957849 8.365413 -4.782083
v -3.492151 11.140800 -5.682489
v -5.710725 14.369116 -6.870988
v -9.008745 17.338302 -8.826089
v -11.392458 17.655012 -10.358758
v -13.427690 16.914589 -11.764940
v -16.336694 13.851182 -14.123231
v -18.027170 10.250332 -15.821801
v -1.643854 7.942511 -7.906350
v -3.541040 10.488653 -8.230767
v -5.010034 14.009232 -9.259385
v -7.518854 17.504101 -11.129541
v -9.831152 18.023727 -12.868867
v -11.787263 17.108307 -14.479295
v -15.012521 14.850044 -17.593812
v -15.990251 11.113590 -20.240781
v 1.028777 8.382584 -10.915651
v -0.459085 11.032133 -11.254815
v -2.261980 14.435490 -12.283624
v -4.634729 17.279277 -14.834253
v -6.494401 17.553203 -16.990201
v -8.037431 16.512522 -18.799947
v -9.840959 13.266836 -21.001249
v -11.454271 10.295157 -22.664300
v -0.732141 7.716412 -10.198724
v -2.350938 10.371993 -10.612252
v -3.812875 13.970165 -11.210550
v -6.021631 17.443989 -13.211816
v -8.156221 17.953519 -15.200715
v -9.879251 16.990531 -16.849019
v -12.354600 14.232695 -19.746125
v -13.086992 10.399165 -21.905709
v 3.296607 8.533642 -11.056115
v 1.217337 11.769654 -11.656572
v -0.916963 15.045793 -13.132447
v -3.180521 17.163371 -16.011071
v -4.854135 17.132964 -18.136499
v -6.296152 16.030157 -20.215726
v -7.427087 12.768179 -22.007283
v -8.429498 10.065567 -23.462777
v -10.329267 12.705846 -12.196328
v -10.620691 12.636191 -12.489297
v -10.418462 12.560463 -12.787301
v -10.077776 12.650737 -12.575875
v -10.158491 12.430882 -12.381463
v -10.510446 12.363733 -12.656892
v -10.500917 12.382829 -12.346963
v -10.368536 11.926691 -12.547509
v -10.231180 12.418639 -12.746057
v -9.768655 14.706565 -14.003854
v -9.234972 14.264629 -12.730142
v -9.426813 14.248644 -11.867242
v -9.968702 14.401865 -11.175561
v -11.052179 14.540996 -11.538133
v -12.166654 14.845745 -12.203317
v -11.900968 14.906098 -13.054193
v -11.222211 14.952833 -13.689988
v -9.934938 13.437246 -12.601983
v -10.096941 13.569736 -12.970300
v -10.488077 13.880126 -13.061303
v -10.705972 13.699459 -12.787606
v -10.838632 13.809443 -12.444879
v -10.713159 13.711996 -12.091043
v -10.307130 13.621199 -11.981790
v -10.008440 13.411427 -12.254709
v -9.683839 13.963436 -12.657792
v -9.807909 13.941511 -12.111909
v -10.237176 13.991902 -11.724641
v -10.822248 14.058377 -11.913888
v -11.047174 14.161835 -12.386972
v -10.864900 14.144588 -12.870645
v -10.523714 14.193329 -13.243806
v -9.898050 14.078325 -13.163469
v -8.852586 12.777750 -0.520822
v -9.402544 13.234855 -0.553560
v -9.228357 12.722805 -1.187806
v -8.655252 12.717925 -1.137628
v -8.757776 12.229099 -0.924264
v -9.305902 12.496163 -0.971551
v -9.150896 12.683074 -0.546235
v -9.063180 11.989463 -0.981164
v -8.966455 12.240987 -1.200113
v -9.445253 14.670370 -2.136163
v -8.003976 14.311882 -2.372003
v -7.500642 13.677975 -1.111802
v -8.183183 13.368944 0.581237
v -9.153947 13.665383 1.023581
v -10.217779 14.197747 0.597678
v -7.654542 13.323092 -0.188462
v -10.255167 14.562830 -0.916757
v -9.376436 13.836535 -1.454438
v -9.656084 13.802606 -0.938531
v -9.740770 13.697158 -0.043481
v -9.298158 13.435872 0.063659
v -8.756647 13.177249 -0.099946
v -8.437959 13.089481 -0.776284
v -8.337053 13.404392 -1.258264
v -8.760469 13.616808 -1.580346
v -8.537378 13.999487 -1.993989
v -7.999887 13.625988 -1.364282
v -8.141428 13.265936 -0.590364
v -8.644922 13.288005 0.316611
v -9.438638 13.724631 0.723807
v -10.089036 14.071073 0.508536
v -10.016374 14.287728 -0.895181
v -9.520624 14.299237 -1.725282
v -14.412744 13.157738 4.388182
v -14.273607 12.889135 4.081794
v -13.929895 12.979524 4.187476
v -14.032930 13.015920 4.480704
v -14.256059 13.031560 4.467093
v -14.089250 12.845542 4.127951
v -14.388925 12.997303 4.236914
v -14.156915 12.502916 4.285506
v -13.960260 12.933250 4.336112
v -13.898408 14.856202 3.282767
v -13.117189 14.932390 3.951583
v -15.025598 15.001659 3.069648
v -13.938058 14.859928 5.262931
v -14.714433 15.128880 5.384726
v -15.693780 15.435145 4.924063
v -13.360014 14.801353 4.690924
v -15.665582 15.056519 3.750342
v -13.793245 13.641691 4.102607
v -14.038335 13.591372 3.933066
v -14.388059 13.582650 3.954093
v -14.602075 13.764954 4.190490
v -14.606355 13.872169 4.483237
v -14.377512 13.676172 4.642875
v -14.039781 13.493598 4.663138
v -13.828706 13.430496 4.397597
v -13.730905 14.122908 4.043250
v -13.728052 14.027705 4.465819
v -14.057134 14.165507 4.847205
v -14.524919 14.416884 4.848014
v -14.890733 14.599532 4.634909
v -14.893716 14.459729 4.117926
v -14.541643 14.307379 3.779753
v -14.036405 14.244130 3.771903
v -13.593385 14.578447 3.969306
v -13.608949 14.433829 4.540023
v -14.052080 14.570932 5.041953
v -14.687791 14.831636 5.087287
v -15.264398 15.088408 4.842101
v -15.273370 14.812938 4.039656
v -14.720949 14.635870 3.568869
v -13.997633 14.595114 3.569197
v -2.598321 9.629361 -22.095674
v -3.166788 12.450090 -21.459069
v -3.484537 14.528046 -21.109544
v -2.753160 15.642426 -19.837907
v -1.307054 15.616583 -17.995858
v -0.175783 14.389380 -15.226754
v 1.026366 11.550255 -14.236795
v 2.276572 9.705607 -13.733407
v -3.436746 9.645644 -23.204107
v -3.740076 12.528660 -22.271413
v -3.696580 14.996037 -21.120584
v -2.680246 16.197999 -19.583371
v -1.045198 16.837900 -17.712983
v 0.491812 15.446297 -15.016099
v 2.112059 12.066959 -13.566468
v 4.031973 9.671861 -12.907052
v -3.323450 8.314585 3.362647
v -5.419130 12.121900 2.888938
v -8.125345 15.871650 1.548003
v -12.308473 18.152491 -0.765847
v -14.960596 16.972516 -2.020776
v -17.079607 15.479835 -2.954004
v -19.037481 11.901356 -3.846048
v -20.857267 9.029316 -4.728708
v -7.399210 8.440731 9.816748
v -8.604105 12.002242 8.389128
v -11.130762 15.730958 7.702307
v -15.351549 17.097093 5.276404
v -17.865343 16.614024 4.034537
v -20.359834 14.864820 2.912696
v -22.148477 11.757692 2.375907
v -23.662996 8.705854 2.346198
v -21.889356 8.760095 6.427039
v -21.432436 10.554870 6.521460
v -20.268671 14.085140 6.421820
v -18.790338 15.425904 7.447379
v -17.189455 16.068154 8.723555
v -13.546922 14.106215 10.650336
v -15.471147 15.333260 9.724364
v -14.881433 16.460643 9.435958
v -13.283258 16.601442 6.515219
v -11.676828 16.990147 3.521201
v -10.116354 17.298615 0.337531
v -8.726900 17.097908 -2.436738
v -7.347215 15.697468 -7.724023
v -6.188745 15.656184 -10.063836
v -4.894914 15.535334 -12.113115
v -3.417108 15.758343 -13.472055
v -2.017816 16.161981 -14.487146
v -0.787820 16.581429 -15.556947
v -0.277948 16.183232 -16.291257
v -0.701768 15.205291 -16.488286
v -12.395570 8.712682 11.948813
v -12.771688 12.060371 11.198607
v -2.370523 8.598015 -2.079843
v -3.836687 11.620842 -2.963037
v -6.122850 15.063275 -4.273111
v -7.947458 16.332828 -5.128625
v -10.114469 17.708872 -6.331796
v -12.604456 17.606963 -7.658914
v -14.833078 16.614231 -8.894319
v -17.026723 12.754071 -10.780908
v -18.945947 9.715513 -11.855050
v -13.925001 15.070262 7.065299
v -16.045454 15.668974 6.236220
v -17.725191 15.129809 5.380286
v -12.217245 13.375056 8.395026
v -11.832395 11.217484 8.851905
v -11.233663 8.344922 9.733603
v -19.933282 8.565784 3.939704
v -19.826005 10.798701 4.447333
v -19.008276 13.955088 4.764212
v -11.962244 8.483657 10.743003
v -12.498041 11.531232 9.943152
v -13.004362 13.654598 9.426123
v -14.734941 15.127994 8.298056
v -16.532686 15.599244 7.303824
v -18.193002 15.144414 6.308783
v -19.516130 13.938161 5.535331
v -20.322404 10.488451 5.298041
v -20.577333 8.585946 5.386603
v -11.590967 14.198544 5.850318
v -13.901449 15.104274 0.110862
v -12.834215 15.147259 0.596381
v -11.847906 15.039944 1.045005
v -10.960695 14.047375 5.060416
v -9.784181 14.185236 1.879767
v -12.471574 14.526011 6.535041
v -17.054430 14.851650 3.838370
v -16.734594 14.699005 3.131354
v -16.261110 14.667795 2.421286
v -15.131147 14.571718 -0.424783
v -17.363916 13.672020 1.891562
v -16.107393 13.361725 -0.834222
v -17.817613 13.724872 2.598258
v -18.215341 13.831851 3.289359
v -18.579965 10.842264 2.440535
v -18.202142 10.575274 1.786917
v -18.976381 10.972099 3.081885
v -16.547075 9.806475 -0.813615
v -16.585374 11.642538 -0.966737
v -17.992322 12.124738 1.696997
v -18.419511 12.285096 2.385955
v -18.845819 12.393154 3.052626
v -19.640340 12.350377 4.515609
v -20.113077 12.215300 5.329078
v -20.919015 12.286516 6.462180
v -22.286539 13.322231 5.496177
v -21.306783 13.489823 2.540259
v -19.800966 13.631334 -0.395181
v -18.352289 13.824327 -3.525659
v -17.206461 14.217932 -6.751306
v -16.360750 14.878558 -9.956254
v -15.158479 15.705561 -13.042512
v -13.380067 16.074973 -15.951158
v -11.310716 15.856479 -18.459035
v -9.178865 15.126060 -20.347535
v -7.147363 14.267931 -21.451123
v -4.712266 13.851749 -22.245862
v -3.883470 13.752192 -21.899453
v -3.313524 13.502671 -21.294431
v -19.098867 8.598291 2.353263
v -18.730798 8.513630 1.785369
v -16.597345 7.558566 -0.812997
v -19.420175 8.676151 2.920722
v -9.854700 7.850049 6.917540
v -10.243097 7.979530 7.733161
v -7.710809 8.085564 3.448752
v -9.343637 7.743791 5.972502
v -11.096143 10.986043 7.704978
v -10.426530 10.749359 6.694571
v -9.840589 10.590632 5.758048
v -8.176065 10.851133 2.593497
v -11.425615 12.901727 7.387679
v -10.751039 12.591194 6.462249
v -10.135301 12.456049 5.573386
v -8.255220 13.026462 2.260764
v -18.445818 8.332493 1.351859
v -17.815149 10.208001 1.061797
v -17.569444 11.954560 0.894988
v -16.951288 13.604622 1.054358
v -15.811227 14.663053 1.599623
v -14.669183 15.175539 2.114730
v -13.532365 15.149623 2.584311
v -12.603696 15.033140 3.075156
v -10.394010 13.978599 4.184539
v -9.556001 12.477556 4.639060
v -9.320810 10.695453 4.810218
v -8.874734 7.848887 5.300978
v -17.489465 7.951577 0.360572
v -17.208345 10.039631 0.140975
v -17.083543 11.793530 -0.021127
v -16.536741 13.494837 0.097846
v -15.489290 14.591136 0.564208
v -14.291811 15.171339 1.106108
v -13.180769 15.153786 1.615287
v -12.187902 14.998451 2.081794
v -9.908243 14.110446 3.156401
v -8.984895 12.656653 3.550528
v -8.794290 10.844496 3.748221
v -8.352212 7.959959 4.563010
v -7.540224 12.258493 1.222419
v -7.008882 11.988569 0.180556
v -6.646135 12.050343 -0.888696
v -11.549814 15.045917 -0.022790
v -11.171091 15.033634 -1.136743
v -10.647787 14.967329 -2.254312
v -9.958311 14.833611 -3.276895
v -6.537698 12.151929 -2.017328
v -7.443574 10.501957 1.466384
v -7.029802 8.129027 1.693137
v -6.765741 10.385383 0.383063
v -6.778001 7.955073 0.296485
v -6.453561 10.291983 -0.723054
v -6.477487 7.722659 -0.719430
v -6.444093 10.273312 -1.782586
v -6.293481 7.590432 -1.286645
v -11.567560 14.937845 -2.583284
v -11.002336 14.884311 -3.666192
v -12.056856 15.001365 -1.490373
v -12.467721 15.098520 -0.429124
v -15.502084 7.610417 -3.528596
v -15.160905 7.608091 -4.508989
v -15.863290 7.432843 -2.603082
v -16.167825 7.465329 -1.671937
v -13.271658 14.506049 -4.559602
v -13.802164 14.490258 -3.471544
v -14.304994 14.502278 -2.420144
v -14.744157 14.528881 -1.409028
v -12.083211 14.822179 -4.072801
v -12.596845 14.807741 -2.967927
v -13.089365 14.879393 -1.898889
v -13.522485 14.997147 -0.876916
v -14.620576 11.534227 -4.888253
v -15.022699 11.477979 -3.838464
v -15.517030 11.484112 -2.832078
v -16.061151 11.549783 -1.888589
v -14.199258 9.778315 -4.600213
v -14.686685 9.703140 -3.510209
v -15.305418 9.686058 -2.563226
v -15.976907 9.726254 -1.718065
v -14.258661 13.256194 -4.858331
v -14.706945 13.235922 -3.792939
v -15.199640 13.245552 -2.759790
v -15.666261 13.301858 -1.763101
v -6.590646 11.897002 -7.957803
v -6.596361 10.628396 -7.611955
v -7.869897 13.417974 -8.707971
v -8.960214 13.980862 -9.263894
v -10.159013 14.507836 -9.933992
v -11.504777 14.894899 -10.453836
v -13.012216 14.368684 -10.985727
v -14.044916 12.686400 -11.326761
v -14.623659 7.901701 -11.334390
v -14.037931 10.717591 -11.510705
v -6.632303 9.425381 -7.361070
v -6.255579 8.252897 -7.215104
v -5.844751 7.638107 -3.229501
v -6.521699 9.926234 -3.930894
v -6.543268 11.432299 -4.268678
v -6.761285 13.035662 -4.686624
v -8.800813 14.432041 -5.494035
v -9.939832 14.719376 -5.901910
v -11.228433 14.886143 -6.378610
v -12.585359 14.490022 -6.853433
v -13.798578 13.527465 -7.204995
v -14.408468 11.829578 -7.293451
v -13.753221 10.142181 -7.140428
v -13.718668 7.484521 -6.670106
v -13.956064 7.693664 -9.704065
v -14.144010 10.497207 -9.997430
v -14.197954 12.326414 -9.938752
v -13.392034 14.013690 -9.708406
v -11.954809 14.805760 -9.260171
v -10.481947 14.623119 -8.734803
v -9.203821 14.187040 -8.149209
v -8.062761 13.733809 -7.668435
v -6.699922 12.228554 -6.921258
v -6.560060 10.844463 -6.494638
v -6.489313 9.532788 -6.143655
v -5.719415 8.127673 -5.698144
v -5.308061 7.859419 -4.445688
v -6.417703 9.679871 -5.009546
v -6.550363 11.094975 -5.375291
v -6.749414 12.612212 -5.832818
v -8.318323 14.119696 -6.587091
v -9.513887 14.470084 -7.026666
v -10.829320 14.759798 -7.553025
v -12.305501 14.664935 -8.057473
v -13.635446 13.746311 -8.460954
v -14.336099 12.051776 -8.609361
v -13.952089 10.309315 -8.561807
v -13.276922 7.573371 -8.339090
v -6.051408 7.614142 -2.419549
v -6.504953 10.138852 -2.856439
v -6.520608 11.802538 -3.150476
v -7.062181 13.568981 -3.525132
v -9.339433 14.652409 -4.379342
v -10.464029 14.854652 -4.785997
v -11.644708 14.830798 -5.215181
v -12.909250 14.437550 -5.686685
v -13.977644 13.335607 -5.989846
v -14.446531 11.648968 -6.043588
v -13.979860 9.952893 -5.852273
v -14.344938 7.702694 -5.777894
v -8.343668 13.798498 -11.194894
v -13.597055 13.501919 -13.932260
v -13.011652 13.933131 -15.283006
v -11.980829 14.209451 -16.721009
v -8.081544 13.865354 -12.106645
v -7.847925 14.045412 -13.145288
v -8.668375 13.855647 -10.299752
v -13.852830 13.146284 -12.669641
v -13.993730 11.039795 -13.060586
v -14.216737 8.205990 -14.086030
v -12.518549 11.457821 -17.416681
v -12.279954 8.625905 -16.981691
v -13.975618 11.336914 -14.471124
v -13.975172 8.351041 -14.908067
v -13.661531 11.574308 -15.958886
v -13.334856 8.525550 -16.064599
v -6.757638 13.459856 -12.522653
v -5.947908 11.500155 -11.894540
v -5.961252 10.203167 -11.859254
v -5.909402 9.186718 -11.805482
v -5.332651 7.839810 -11.503022
v -7.658449 13.240775 -9.701791
v -6.508394 11.671647 -8.972604
v -6.500307 10.449526 -8.690438
v -6.503267 9.354972 -8.539941
v -6.052629 8.263371 -8.449899
v -7.363046 13.128150 -10.604867
v -6.489763 11.468566 -9.989419
v -6.440210 10.312927 -9.768228
v -6.345506 9.277469 -9.664926
v -5.797754 8.202200 -9.639985
v -7.139589 13.243268 -11.569734
v -6.437471 11.399325 -10.988473
v -6.392267 10.204028 -10.839982
v -6.299020 9.154526 -10.738237
v -5.585756 7.958405 -10.490289
v -10.156618 8.590605 -17.756433
v -10.865484 11.095091 -18.109967
v -8.714967 9.085132 -18.468972
v -9.376504 10.908279 -18.659780
v -7.826479 15.935569 -17.191037
v -8.827692 15.130544 -15.785241
v -10.690515 13.988618 -18.055509
v -9.063570 13.650121 -18.930299
v -3.954515 10.605280 -13.082452
v -5.071474 10.367669 -12.579553
v -3.981134 12.248875 -12.975831
v -5.031702 11.791692 -12.497743
v -6.214494 14.906558 -15.647325
v -7.186845 14.356884 -14.465585
v -6.063821 13.851113 -13.477433
v -5.182893 14.247814 -14.500070
v -4.147440 9.477984 -13.357812
v -5.178316 9.344225 -12.699456
v -4.474718 7.485332 -13.481256
v -5.125536 7.676491 -12.407350
v -24.121275 9.632132 4.881263
v -21.735429 9.432017 6.559134
v -20.461698 9.266544 5.398810
v -19.924158 9.569132 4.358947
v -19.196905 9.740977 3.017112
v -18.841432 9.618925 2.408622
v -18.515253 9.355547 1.808570
v -18.204431 8.941504 1.281981
v -17.351190 8.613622 0.328048
v -16.477136 8.280819 -0.745744
v -15.943330 8.168032 -1.594239
v -15.376108 8.066707 -2.436914
v -14.704561 8.083758 -3.303804
v -14.212266 8.108333 -4.320436
v -13.702493 8.410377 -5.589616
v -13.088613 8.521060 -6.798082
v -13.465906 8.739434 -8.467393
v -13.964349 8.807420 -9.910539
v -14.174707 8.861508 -11.554651
v -13.977861 9.270203 -13.452699
v -13.874742 9.452753 -14.759683
v -13.450273 9.542202 -16.065240
v -12.355890 9.571725 -17.135499
v -10.360658 9.408058 -17.688871
v -8.932901 9.715956 -18.513959
v -2.657152 10.635098 -21.841096
v -3.551034 10.634167 -22.873563
v -4.493707 10.601742 -23.737787
v -8.067361 10.945916 -22.876592
v -10.689317 11.342259 -21.944478
v -12.866823 12.118991 -20.611325
v -15.648332 12.770436 -18.814347
v -17.206903 11.875102 -15.181688
v -18.140089 10.693193 -11.468644
v -18.744905 10.264629 -8.201516
v -20.049127 10.268289 -4.292077
v -21.956522 10.113980 -0.361947
v -23.146699 9.803861 2.377982
v -6.754289 9.253333 -19.156213
v -7.036768 9.993942 -19.298658
v -7.597803 11.349839 -19.486680
v -5.808641 11.795453 -20.140084
v -5.147790 10.282433 -19.973836
v -4.803148 9.454588 -19.786504
v -4.389215 12.147757 -20.567109
v -3.762743 10.491295 -20.653173
v -3.501306 9.582692 -20.656900
v -3.965860 15.526526 -17.754655
v -3.174875 15.175295 -18.639566
v -5.051141 15.501411 -16.701104
v -7.256174 13.510650 -19.557348
v -5.571207 13.478714 -20.045930
v -4.142831 13.302322 -20.323102
v -3.763963 14.363549 -19.738633
v -4.821046 15.157820 -19.307260
v -6.256380 16.281623 -18.681882
v -1.637918 11.676537 -13.961793
v -2.798852 11.106874 -13.474702
v -3.133470 15.250977 -16.260133
v -4.163049 14.810386 -15.411264
v -2.942857 12.849621 -13.679307
v -1.827646 13.500282 -14.149568
v -2.933977 9.698282 -13.765580
v -1.634691 10.179554 -14.057046
v -3.384943 7.238445 -14.226297
v -2.007532 7.392260 -14.417611
v -2.254152 15.238159 -17.196237
v -0.308214 10.871966 -14.405725
v 0.263228 8.692300 -14.109552
v -0.545587 12.260045 -14.370599
v -0.960603 13.929275 -14.763765
v -10.818044 13.894625 10.413977
v -9.378976 14.058335 8.156340
v -7.922433 14.081965 5.426871
v -6.276453 14.097546 2.473052
v -5.028841 13.867070 -0.625085
v -4.640085 13.350430 -3.527322
v -4.267992 12.829898 -6.199380
v -4.086175 12.250792 -8.657838
v -3.026536 12.213618 -10.727937
v -1.236589 12.847925 -11.503839
v 0.343260 13.595687 -11.948755
v 1.535864 14.077500 -13.137147
v 1.238623 13.631804 -14.078325
v 0.453108 12.891566 -14.430337
v -13.417535 15.072964 5.604575
v -12.614717 14.937572 5.118598
v -12.051958 14.794415 4.430182
v -11.539926 14.685690 3.567382
v -11.119630 14.708519 2.574683
v -10.886598 14.706266 1.470252
v -10.806776 14.701745 0.291564
v -10.556337 14.802609 -0.941552
v -9.903066 14.837062 -1.997873
v -8.970544 14.698578 -2.893495
v -8.221376 14.331369 -3.983285
v -7.681245 13.983827 -5.107911
v -7.380472 13.548891 -6.213449
v -7.267732 13.092614 -7.280832
v -7.140855 12.755814 -8.308435
v -6.968744 12.544761 -9.296273
v -6.762926 12.418900 -10.240487
v -6.546266 12.400307 -11.162767
v -6.117059 12.585889 -12.050515
v -5.326295 13.002170 -12.767358
v -4.503389 13.308742 -13.760339
v -3.437265 13.903458 -14.494981
v -2.315149 14.592610 -15.093774
v -1.515344 14.893636 -15.882371
v -14.474489 15.289155 5.786475
v -15.862390 15.627071 5.254668
v -17.371019 15.002217 4.563727
v -18.595861 13.919713 4.007949
v -19.235864 12.423440 3.760077
v -19.387361 10.961201 3.740142
v -19.556757 9.727785 3.651572
v -19.712381 8.691108 3.497031
v -12.583181 12.926789 11.200461
v -23.417001 8.409057 5.887412
v -23.205484 9.568317 6.030898
v -22.560876 11.224043 6.128623
v -21.814561 12.880435 6.263251
v -20.636411 14.395887 6.498870
v -18.975626 15.674073 7.619468
v -17.225107 16.352036 8.789481
v -15.469987 15.836593 10.130362
v -13.564931 14.779547 10.929908
v -12.195020 13.263264 11.263861
v -11.520227 11.893204 11.444190
v -11.045679 8.246934 12.580062
v 3.927100 10.799403 -11.900781
v 3.119879 10.763669 -13.235894
v 1.661513 10.408669 -14.031808
v -0.005281 9.672176 -14.379998
v -1.711191 8.909642 -14.299066
v -3.131059 8.530212 -14.053025
v -4.353250 8.486077 -13.556436
v -5.307794 8.406907 -12.717637
v -5.729135 8.387427 -11.687280
v -6.037195 8.433887 -10.636476
v -6.124147 8.632737 -9.624543
v -6.315744 8.718358 -8.472581
v -6.566400 8.695110 -7.256616
v -6.185480 8.669374 -5.896409
v -6.051401 8.559680 -4.713403
v -6.343248 8.600587 -3.625940
v -6.399461 8.701510 -2.603906
v -6.445756 8.760396 -1.558030
v -6.602571 8.871928 -0.701211
v -6.882638 9.066656 0.363158
v -7.252740 9.203056 1.621001
v -7.914651 9.302866 2.990653
v -8.526521 9.261848 4.124640
v -9.099054 9.072227 5.053382
v -9.593317 8.898527 5.870414
v -10.133859 9.067527 6.816870
v -10.736436 9.403635 7.868842
v -11.575956 9.619090 9.196921
v -12.274339 9.745343 10.345008
v -12.687372 10.156777 11.629454
v -11.223264 10.167524 11.968421
v -9.669778 10.042459 11.141913
v -7.993906 10.099013 8.955283
v -6.384164 10.092963 6.240531
v -4.508089 10.228170 3.210212
v -3.273988 10.347341 0.121932
v -3.019243 10.057574 -2.547586
v -2.745203 9.624553 -5.263536
v -2.665086 9.004459 -7.926576
v -1.607179 8.847834 -10.386384
v 0.282050 9.580316 -11.078622
v 2.156638 10.139641 -11.405359
v 40.196221 8.809641 -28.904844
v 35.249451 8.809641 -33.711248
v 28.512001 8.809641 -35.018632
v 22.147742 8.809641 -34.128370
v 17.217055 8.809641 -29.438699
v 15.383246 8.809641 -22.805452
v 17.217055 8.809641 -16.426706
v 22.227118 8.809641 -13.116983
v 29.070984 8.809641 -11.627435
v 35.877274 8.809641 -12.872987
v 40.590058 8.809641 -17.156839
v 41.975472 8.809641 -22.891706
v 31.439690 21.426031 -24.205915
v 30.456475 21.436002 -25.146623
v 29.053017 21.440986 -25.415570
v 27.674378 21.435009 -25.122014
v 26.744820 21.424558 -24.169400
v 26.573060 21.411142 -22.831224
v 26.700959 21.398346 -21.509752
v 27.663598 21.391870 -20.673890
v 29.045960 21.384268 -20.390462
v 30.417717 21.387846 -20.574163
v 31.433228 21.396126 -21.454705
v 31.616417 21.410948 -22.826390
v 29.049019 21.548798 -22.828042
v 24.670105 16.530416 -16.581933
v 22.137442 16.379310 -19.296762
v 20.771208 16.205147 -22.812051
v 21.685523 15.995025 -26.900422
v 24.929894 15.849935 -29.777982
v 28.813591 15.816253 -30.572892
v 32.925698 15.856635 -29.689763
v 35.958481 16.004286 -26.785398
v 37.459519 16.204682 -22.817094
v 36.275872 16.405130 -18.877359
v 32.818276 16.528088 -16.440484
v 28.476006 16.581546 -15.423974
v 28.938775 19.274792 -17.644265
v 26.221764 19.310616 -18.924436
v 24.159707 19.323212 -20.358297
v 23.719323 19.368831 -22.852689
v 24.346024 19.412063 -25.523008
v 26.325890 19.448851 -27.546365
v 29.038277 19.478102 -28.549405
v 31.930893 19.455759 -27.680940
v 34.235131 19.422200 -25.724271
v 35.093613 19.367617 -22.824315
v 34.242409 19.314562 -19.963804
v 31.681008 19.286759 -18.322179
v 19.574034 12.805098 -17.809121
v 17.904440 12.773938 -22.808526
v 19.289893 12.736682 -28.254369
v 23.455862 12.710759 -32.083375
v 28.641205 12.704149 -32.896192
v 34.127953 12.711710 -31.811742
v 38.145470 12.737979 -27.902623
v 39.826073 12.773893 -22.856973
v 38.526421 12.809772 -17.962011
v 34.399987 12.831644 -14.556344
v 28.729012 12.841151 -13.405992
v 23.352515 12.831362 -14.701303
v 23.256934 16.462124 -17.800664
v 25.435883 18.013124 -17.767114
v 25.034943 19.316756 -19.578752
v 23.146063 17.933975 -19.852880
v 21.244589 16.296096 -20.957910
v 23.766350 19.343304 -21.506387
v 22.241049 17.860521 -22.834405
v 20.910117 16.099124 -24.887132
v 23.883095 19.391590 -24.226880
v 23.014037 17.765157 -26.212304
v 23.121626 15.909846 -28.569177
v 25.196473 19.430737 -26.635129
v 25.636803 17.703269 -28.673539
v 26.821801 15.821642 -30.411405
v 27.625710 19.467649 -28.239835
v 28.937783 17.700737 -29.629457
v 30.921502 15.825050 -30.365880
v 30.505959 19.471187 -28.308938
v 32.450669 17.711044 -28.719690
v 34.606324 15.919608 -28.443937
v 33.215233 19.440674 -26.827905
v 35.148873 17.776240 -26.287027
v 36.977265 16.100986 -24.871125
v 34.866723 19.396606 -24.344461
v 36.371018 17.859562 -22.817548
v 37.202080 16.310346 -20.739270
v 34.899384 19.338954 -21.299661
v 35.307198 17.943787 -19.375814
v 34.751824 16.476191 -17.471078
v 33.081040 19.298378 -19.010053
v 32.226410 17.998160 -17.352670
v 30.663544 16.565381 -15.705651
v 30.308037 19.276059 -17.783948
v 28.680855 18.021870 -16.475293
v 26.443993 16.570057 -15.752893
v 27.549859 19.291470 -18.152017
v 29.034729 20.488590 -19.030019
v 26.972542 20.518999 -19.843824
v 25.423615 20.544905 -20.924909
v 25.208085 20.596091 -22.845815
v 25.599068 20.649750 -24.828881
v 27.015656 20.691557 -26.315820
v 29.062951 20.715465 -27.001661
v 31.211709 20.695529 -26.414251
v 32.868744 20.655643 -24.974946
v 33.345017 20.595311 -22.826486
v 32.842904 20.536022 -20.704728
v 31.056656 20.502906 -19.444905
v 20.888586 14.661331 -18.578046
v 19.307700 14.536691 -22.806707
v 20.442915 14.387668 -27.591016
v 24.186623 14.283972 -30.940316
v 28.717873 14.257533 -31.710771
v 33.510659 14.287777 -30.750421
v 37.012429 14.392859 -27.341554
v 38.641427 14.536512 -22.833871
v 37.387040 14.680025 -18.405057
v 33.582024 14.767516 -15.489724
v 28.539238 14.805541 -14.391175
v 23.979607 14.766386 -15.578958
v 38.055092 8.809641 -31.633825
v 34.700013 10.835669 -32.783807
v 36.385933 12.722937 -30.128671
v 39.192383 10.835669 -28.415723
v 31.962960 8.809641 -34.723050
v 28.574189 10.835669 -33.982251
v 31.454033 12.705854 -32.651204
v 25.212990 8.809641 -34.947385
v 22.786467 10.835669 -33.129983
v 25.966492 12.705371 -32.795839
v 19.398100 8.809641 -32.180646
v 18.230147 10.835669 -28.860772
v 21.135283 12.721547 -30.492021
v 15.857581 8.809641 -26.237012
v 16.615309 10.835669 -22.807660
v 18.204825 12.755113 -25.603009
v 15.857581 8.809641 -19.373895
v 18.368330 10.835669 -17.102369
v 18.413054 12.790259 -20.141523
v 19.398100 8.809641 -14.448251
v 22.776938 10.835669 -13.892038
v 21.230727 12.819479 -16.018449
v 25.530465 8.809641 -12.111360
v 28.903756 10.835669 -12.497529
v 25.908783 12.838704 -13.789453
v 32.611504 8.809641 -11.861284
v 35.154496 10.835669 -13.696328
v 31.642670 12.838343 -13.674005
v 38.593544 8.809641 -14.722635
v 39.579751 10.835669 -17.551332
v 36.751198 12.822416 -16.015855
v 41.696557 8.809641 -19.922197
v 40.922753 10.835669 -22.875486
v 39.555779 12.792826 -20.304307
v 41.489182 8.809641 -25.938363
v 39.324074 12.755289 -25.434232
v 31.076020 21.431617 -24.791169
v 29.828560 21.548798 -24.105046
v 30.337899 21.548798 -23.584039
v 29.793175 21.439549 -25.409246
v 29.049706 21.548798 -24.220468
v 28.319481 21.439040 -25.396623
v 28.270310 21.548798 -24.105046
v 27.082947 21.430192 -24.755861
v 27.754921 21.548798 -23.584039
v 26.546502 21.418073 -23.539651
v 27.679955 21.548798 -22.826360
v 26.517662 21.404168 -22.121709
v 27.754921 21.548798 -22.069844
v 27.051720 21.394873 -20.981015
v 28.270310 21.548798 -21.563256
v 28.317109 21.387454 -20.422143
v 29.049706 21.548798 -21.483484
v 29.767327 21.384946 -20.359971
v 29.828560 21.548798 -21.563256
v 31.050179 21.391320 -20.892957
v 30.337899 21.548798 -22.069844
v 31.647980 21.403015 -22.093133
v 30.399003 21.548798 -22.826360
v 31.647980 21.418880 -23.559652
v 37.237908 10.835668 -30.899011
v 31.713082 10.835668 -33.711393
v 25.580452 10.835668 -33.896867
v 20.246863 10.835668 -31.356359
v 17.004813 10.835668 -25.928003
v 17.106078 10.835668 -19.749356
v 20.293280 10.835668 -15.215982
v 25.715310 10.835668 -12.932397
v 32.137642 10.835668 -12.747934
v 37.691857 10.835668 -15.355478
v 40.648179 10.835668 -20.109857
v 40.429078 10.835668 -25.692662
v 30.300103 21.548798 -24.049470
v 29.515954 21.548798 -24.404374
v 28.583458 21.548798 -24.404374
v 27.797127 21.548798 -24.049470
v 27.482110 21.548798 -23.278260
v 27.482110 21.548798 -22.374459
v 27.797127 21.548798 -21.607892
v 28.583458 21.548798 -21.292119
v 29.515954 21.548798 -21.292119
v 30.300103 21.548798 -21.607892
v 30.599633 21.548798 -22.374459
v 30.599633 21.548798 -23.278260
v 24.141121 17.977609 -18.718068
v 22.502470 17.897906 -21.245786
v 22.392523 17.812943 -24.556352
v 24.162735 17.727153 -27.602956
v 27.234414 17.697844 -29.369302
v 30.729104 17.701813 -29.393243
v 33.944748 17.738409 -27.667825
v 36.000596 17.816873 -24.626680
v 36.131241 17.903563 -20.990388
v 33.924813 17.975144 -18.204435
v 30.454277 18.013357 -16.696943
v 26.978592 18.024836 -16.925771
v 27.984299 20.501339 -19.346460
v 26.068070 20.531013 -20.318853
v 25.191903 20.568192 -21.815355
v 25.307290 20.623814 -23.871919
v 26.192971 20.672290 -25.651921
v 27.993813 20.707680 -26.795358
v 30.158577 20.709718 -26.845853
v 32.153359 20.677987 -25.793168
v 33.243096 20.627041 -23.951917
v 33.243096 20.563581 -21.701055
v 32.049988 20.516804 -19.966623
v 30.055214 20.491306 -19.097772
v 19.837004 14.601974 -20.567098
v 19.510413 14.461389 -25.246034
v 22.103003 14.327125 -29.547582
v 26.389718 14.262424 -31.593805
v 31.176667 14.264356 -31.493951
v 35.464394 14.332683 -29.287267
v 38.129281 14.462092 -25.150350
v 38.375336 14.612243 -20.512346
v 35.732567 14.730602 -16.731302
v 31.105492 14.794312 -14.678956
v 26.119530 14.795757 -14.718530
v 22.252707 14.718856 -16.890401
vt 0.821531 0.836643
vt 0.802167 0.833050
vt 0.806471 0.821873
vt 0.827304 0.826066
vt 0.782248 0.830367
vt 0.785508 0.818817
vt 0.786906 0.807004
vt 0.809525 0.809797
vt 0.832166 0.814095
vt 0.851910 0.846851
vt 0.838282 0.841401
vt 0.845650 0.831647
vt 0.860523 0.838068
vt 0.852059 0.820348
vt 0.873291 0.826580
vt 0.889796 0.844996
vt 0.878264 0.851842
vt 0.871019 0.844883
vt 0.883556 0.836874
vt 0.869415 0.858116
vt 0.861970 0.852518
vt 0.919561 0.829393
vt 0.905161 0.837261
vt 0.900662 0.828702
vt 0.915896 0.819872
vt 0.896665 0.818492
vt 0.909455 0.812935
vt 0.463598 0.284974
vt 0.479066 0.301982
vt 0.854527 0.806825
vt 0.834148 0.800219
vt 0.489056 0.315137
vt 0.873892 0.810309
vt 0.505362 0.315856
vt 0.895167 0.805237
vt 0.531473 0.316250
vt 0.913705 0.801807
vt 0.539108 0.356067
vt 0.928149 0.822301
vt 0.923097 0.809589
vt 0.540199 0.336857
vt 0.527486 0.387088
vt 0.511789 0.396264
vt 0.921375 0.857206
vt 0.931666 0.844648
vt 0.492967 0.401455
vt 0.907113 0.867818
vt 0.898676 0.860858
vt 0.912866 0.852509
vt 0.922971 0.845198
vt 0.459706 0.402193
vt 0.882654 0.879533
vt 0.894143 0.874858
vt 0.475304 0.402918
vt 0.879402 0.869700
vt 0.887975 0.866090
vt 0.841439 0.862197
vt 0.850197 0.866417
vt 0.845362 0.873982
vt 0.837229 0.869469
vt 0.856736 0.870200
vt 0.851696 0.878446
vt 0.422961 0.383154
vt 0.420027 0.374989
vt 0.415410 0.366336
vt 0.407406 0.357189
vt 0.825804 0.865586
vt 0.394773 0.347574
vt 0.810391 0.862936
vt 0.813273 0.854958
vt 0.829082 0.858100
vt 0.355138 0.327391
vt 0.767499 0.862010
vt 0.790091 0.861978
vt 0.376254 0.337510
vt 0.773367 0.852611
vt 0.793969 0.853292
vt 0.744856 0.806465
vt 0.741370 0.815135
vt 0.731294 0.810828
vt 0.738961 0.798684
vt 0.738161 0.827715
vt 0.727304 0.826466
vt 0.343103 0.264923
vt 0.356264 0.250372
vt 0.374077 0.236367
vt 0.809998 0.796400
vt 0.785435 0.794548
vt 0.421970 0.255668
vt 0.443591 0.269102
vt 0.866126 0.876521
vt 0.871757 0.872876
vt 0.872856 0.883039
vt 0.863911 0.884109
vt 0.447044 0.400329
vt 0.433414 0.399910
vt 0.855355 0.859517
vt 0.845942 0.854779
vt 0.862394 0.863899
vt 0.833020 0.850101
vt 0.816937 0.846187
vt 0.778302 0.841842
vt 0.798010 0.843557
vt 0.722146 0.844794
vt 0.327227 0.281824
vt 0.733640 0.841567
vt 0.734182 0.851524
vt 0.726286 0.859295
vt 0.316555 0.303254
vt 0.922619 0.838166
vt 0.932393 0.833608
vt 0.535725 0.373254
vt 0.908377 0.845520
vt 0.893876 0.853135
vt 0.883328 0.858726
vt 0.875139 0.863290
vt 0.868098 0.867481
vt 0.862307 0.873088
vt 0.857483 0.882206
vt 0.426694 0.390509
vt 0.748013 0.852701
vt 0.742769 0.862629
vt 0.334352 0.317710
vt 0.753937 0.840981
vt 0.757758 0.828714
vt 0.760694 0.817054
vt 0.759748 0.805933
vt 0.757484 0.794399
vt 0.399349 0.243950
vt 0.293266 0.233682
vt 0.310833 0.215216
vt 0.338789 0.234565
vt 0.323063 0.251189
vt 0.328477 0.197037
vt 0.353776 0.216642
vt 0.255951 0.276396
vt 0.275083 0.254245
vt 0.305327 0.270111
vt 0.284938 0.290323
vt 0.263336 0.348435
vt 0.239379 0.336112
vt 0.262533 0.312860
vt 0.288576 0.325227
vt 0.214582 0.323200
vt 0.235508 0.299615
vt 0.458331 0.136290
vt 0.434433 0.119495
vt 0.459377 0.090345
vt 0.482740 0.107847
vt 0.410427 0.103070
vt 0.435885 0.072863
vt 0.460543 0.045823
vt 0.483469 0.064822
vt 0.503986 0.079202
vt 0.209811 0.285978
vt 0.229140 0.262238
vt 0.190182 0.309958
vt 0.166307 0.296431
vt 0.184971 0.271924
vt 0.203543 0.247580
vt 0.221876 0.224046
vt 0.247810 0.239329
vt 0.240303 0.201727
vt 0.266190 0.217738
vt 0.259141 0.181018
vt 0.284640 0.197951
vt 0.278529 0.161381
vt 0.303412 0.178848
vt 0.388093 0.087439
vt 0.413500 0.058720
vt 0.366335 0.072824
vt 0.392222 0.046744
vt 0.418127 0.022675
vt 0.438628 0.032295
vt 0.160458 0.257480
vt 0.178188 0.232181
vt 0.142783 0.282837
vt 0.118038 0.269928
vt 0.135227 0.242921
vt 0.152569 0.215961
vt 0.170218 0.190360
vt 0.196157 0.207832
vt 0.188667 0.166526
vt 0.214643 0.184850
vt 0.208398 0.144816
vt 0.233896 0.163632
vt 0.228630 0.123537
vt 0.253741 0.143460
vt 0.344415 0.058757
vt 0.371598 0.036488
vt 0.321324 0.046263
vt 0.349688 0.027991
vt 0.378973 0.010601
vt 0.399314 0.015439
vt 0.107919 0.227988
vt 0.124948 0.198106
vt 0.091980 0.257833
vt 0.065308 0.247665
vt 0.079667 0.213291
vt 0.096241 0.178656
vt 0.112963 0.147605
vt 0.141948 0.170007
vt 0.131674 0.120155
vt 0.160228 0.144276
vt 0.154377 0.096726
vt 0.181335 0.122155
vt 0.178039 0.077391
vt 0.202741 0.101110
vt 0.269977 0.027425
vt 0.296935 0.016740
vt 0.324532 0.021634
vt 0.296275 0.035987
vt 0.324859 0.006902
vt 0.353867 0.008154
vt 0.305508 0.370964
vt 0.332243 0.346715
vt 0.352797 0.357296
vt 0.324755 0.381937
vt 0.370861 0.367670
vt 0.342006 0.392674
vt 0.311319 0.336270
vt 0.285208 0.359924
vt 0.315880 0.417373
vt 0.299004 0.406238
vt 0.291556 0.442103
vt 0.274785 0.430603
vt 0.256818 0.418965
vt 0.280572 0.394884
vt 0.237552 0.407394
vt 0.260857 0.383446
vt 0.217016 0.395615
vt 0.239780 0.371665
vt 0.193863 0.346628
vt 0.170307 0.333849
vt 0.172700 0.370758
vt 0.149774 0.358055
vt 0.126811 0.345150
vt 0.146892 0.320964
vt 0.217241 0.359307
vt 0.195264 0.383325
vt 0.104290 0.331610
vt 0.123485 0.307983
vt 0.082601 0.318893
vt 0.100455 0.295680
vt 0.062979 0.308341
vt 0.077164 0.285261
vt 0.043828 0.300294
vt 0.053436 0.277144
vt 0.249472 0.457256
vt 0.232022 0.445246
vt 0.266164 0.469142
vt 0.240164 0.497499
vt 0.224019 0.484783
vt 0.207516 0.472102
vt 0.190317 0.459449
vt 0.213500 0.433319
vt 0.172294 0.446320
vt 0.193950 0.421090
vt 0.173404 0.408182
vt 0.152245 0.394698
vt 0.153300 0.432218
vt 0.133703 0.417342
vt 0.130822 0.380744
vt 0.109535 0.366164
vt 0.113868 0.401872
vt 0.094266 0.385437
vt 0.075182 0.367843
vt 0.088593 0.350853
vt 0.057822 0.351504
vt 0.069048 0.336535
vt 0.044188 0.338352
vt 0.052546 0.324884
vt 0.032264 0.327840
vt 0.037184 0.315817
vt 0.346823 0.177306
vt 0.370934 0.196354
vt 0.366034 0.156174
vt 0.389628 0.174011
vt 0.412970 0.191234
vt 0.394241 0.213861
vt 0.298624 0.141679
vt 0.322749 0.159338
vt 0.319735 0.120509
vt 0.342936 0.138542
vt 0.249359 0.103559
vt 0.274211 0.123593
vt 0.271345 0.084684
vt 0.295846 0.102343
vt 0.199695 0.061445
vt 0.224082 0.082490
vt 0.221547 0.049160
vt 0.246350 0.066291
vt 0.244903 0.037897
vt 0.270321 0.051312
vt 0.295247 0.065033
vt 0.319176 0.080640
vt 0.342179 0.097597
vt 0.364428 0.114973
vt 0.386982 0.131661
vt 0.410695 0.148551
vt 0.434412 0.165461
vt 0.019843 0.319498
vt 0.021285 0.309141
vt 0.007457 0.312202
vt 0.005516 0.303655
vt 0.004883 0.291044
vt 0.024162 0.294961
vt 0.029624 0.272392
vt 0.038653 0.240909
vt 0.006719 0.269556
vt 0.013363 0.236294
vt 0.052592 0.200159
vt 0.069928 0.159050
vt 0.027785 0.188464
vt 0.046977 0.140417
vt 0.087290 0.078508
vt 0.107632 0.098086
vt 0.087646 0.125937
vt 0.066033 0.105972
vt 0.139030 0.030975
vt 0.157136 0.053302
vt 0.132221 0.072962
vt 0.113594 0.051594
vt 0.174462 0.019200
vt 0.197692 0.033490
vt 0.177828 0.041182
vt 0.157618 0.022279
vt 0.216092 0.011848
vt 0.243163 0.019117
vt 0.219629 0.026117
vt 0.194452 0.015592
vt 0.259554 0.004885
vt 0.292911 0.005766
vt 0.267780 0.012487
vt 0.237831 0.008281
vt 0.551368 0.107378
vt 0.527944 0.136888
vt 0.505133 0.122365
vt 0.526732 0.097872
vt 0.503773 0.167953
vt 0.481430 0.151243
vt 0.479582 0.197154
vt 0.457555 0.180819
vt 0.456959 0.221121
vt 0.435479 0.206259
vt 0.416018 0.227282
vt 0.436968 0.239927
vt 0.458054 0.254830
vt 0.477920 0.272802
vt 0.477413 0.237559
vt 0.497186 0.257691
vt 0.500828 0.215258
vt 0.521525 0.236579
vt 0.526544 0.186722
vt 0.548909 0.209250
vt 0.552637 0.154210
vt 0.578952 0.117482
vt 0.606825 0.136085
vt 0.577504 0.176889
vt 0.532624 0.071386
vt 0.561478 0.060175
vt 0.544988 0.078391
vt 0.519356 0.078972
vt 0.593875 0.047253
vt 0.572775 0.076996
vt 0.605191 0.074344
vt 0.633267 0.031197
vt 0.670928 0.016549
vt 0.637280 0.084605
vt 0.516661 0.283927
vt 0.495264 0.294701
vt 0.569751 0.236088
vt 0.541791 0.263411
vt 0.587674 0.266052
vt 0.558207 0.292603
vt 0.599755 0.204960
vt 0.631055 0.167542
vt 0.652105 0.202141
vt 0.619238 0.235675
vt 0.718440 0.132985
vt 0.685524 0.166273
vt 0.663296 0.121264
vt 0.695393 0.079724
vt 0.272417 0.522400
vt 0.256318 0.510235
vt 0.282298 0.480803
vt 0.298126 0.491910
vt 0.307172 0.453321
vt 0.321957 0.464113
vt 0.368262 0.412940
vt 0.344523 0.438527
vt 0.330927 0.428148
vt 0.356311 0.403011
vt 0.384252 0.377510
vt 0.393965 0.386928
vt 0.526393 0.407308
vt 0.506003 0.416659
vt 0.545209 0.392658
vt 0.566493 0.402464
vt 0.543840 0.421745
vt 0.521681 0.435009
vt 0.500998 0.443612
vt 0.486558 0.421617
vt 0.481957 0.449248
vt 0.468913 0.423828
vt 0.453918 0.424992
vt 0.464750 0.453627
vt 0.449206 0.459064
vt 0.440601 0.430229
vt 0.406831 0.404800
vt 0.400998 0.396004
vt 0.387752 0.431762
vt 0.378454 0.422449
vt 0.369123 0.458155
vt 0.357041 0.448469
vt 0.350323 0.484448
vt 0.336100 0.474467
vt 0.329316 0.512956
vt 0.313444 0.502652
vt 0.305218 0.543983
vt 0.288417 0.533456
vt 0.562077 0.440748
vt 0.537798 0.456055
vt 0.587976 0.419986
vt 0.608192 0.443608
vt 0.579715 0.464300
vt 0.553395 0.480444
vt 0.529011 0.492637
vt 0.515292 0.466963
vt 0.505970 0.501856
vt 0.494303 0.474847
vt 0.474592 0.481102
vt 0.456169 0.486583
vt 0.483704 0.509114
vt 0.462121 0.514692
vt 0.596362 0.494283
vt 0.568414 0.510725
vt 0.626749 0.473594
vt 0.645693 0.509329
vt 0.613770 0.529895
vt 0.584534 0.546450
vt 0.557536 0.559513
vt 0.542539 0.523488
vt 0.531193 0.570031
vt 0.517704 0.533379
vt 0.492878 0.541099
vt 0.467965 0.546627
vt 0.503964 0.578897
vt 0.475507 0.585574
vt 0.631326 0.565740
vt 0.601247 0.582703
vt 0.664416 0.545170
vt 0.681040 0.577281
vt 0.647043 0.597990
vt 0.616441 0.615430
vt 0.560444 0.642157
vt 0.546249 0.607875
vt 0.573610 0.596196
vt 0.588556 0.629333
vt 0.516942 0.619315
vt 0.484844 0.629154
vt 0.529218 0.656303
vt 0.493577 0.669715
vt 0.412805 0.413404
vt 0.397024 0.441104
vt 0.419600 0.425484
vt 0.406563 0.451744
vt 0.394210 0.477556
vt 0.381428 0.467779
vt 0.381334 0.503783
vt 0.365241 0.494227
vt 0.345533 0.565913
vt 0.323681 0.554498
vt 0.346509 0.522994
vt 0.365787 0.532961
vt 0.427873 0.444674
vt 0.435120 0.467922
vt 0.424830 0.475908
vt 0.416676 0.464956
vt 0.423194 0.493962
vt 0.407715 0.487722
vt 0.420659 0.519262
vt 0.399082 0.513133
vt 0.439057 0.492171
vt 0.441050 0.518758
vt 0.256723 0.600560
vt 0.280037 0.574039
vt 0.297985 0.585350
vt 0.273360 0.612496
vt 0.321289 0.599599
vt 0.297655 0.629815
vt 0.263410 0.563582
vt 0.247552 0.552272
vt 0.240904 0.590387
vt 0.225626 0.579008
vt 0.195796 0.546747
vt 0.216437 0.523655
vt 0.231887 0.538380
vt 0.210574 0.563435
vt 0.201202 0.509866
vt 0.185912 0.496548
vt 0.181427 0.532013
vt 0.167307 0.518264
vt 0.138333 0.489959
vt 0.153923 0.469264
vt 0.170312 0.483231
vt 0.153245 0.504526
vt 0.136255 0.454008
vt 0.117706 0.437978
vt 0.121680 0.473689
vt 0.103725 0.456711
vt 0.098633 0.421717
vt 0.079770 0.404411
vt 0.084901 0.440067
vt 0.066373 0.422349
vt 0.035536 0.382584
vt 0.046620 0.367022
vt 0.061847 0.385271
vt 0.049243 0.402136
vt 0.021834 0.353676
vt 0.027015 0.340645
vt 0.035676 0.352523
vt 0.027277 0.366853
vt 0.011567 0.330828
vt 0.009497 0.321363
vt 0.018282 0.330532
vt 0.016636 0.341881
vt 0.414701 0.589196
vt 0.372935 0.578507
vt 0.388214 0.542639
vt 0.417649 0.549964
vt 0.442750 0.549936
vt 0.445371 0.589323
vt 0.407072 0.681430
vt 0.391378 0.634349
vt 0.449102 0.636108
vt 0.452191 0.680490
vt 0.354119 0.618665
vt 0.336322 0.656262
vt 0.764182 0.207656
vt 0.729469 0.237406
vt 0.706884 0.203161
vt 0.740804 0.172752
vt 0.693757 0.268958
vt 0.672258 0.235915
vt 0.636791 0.268654
vt 0.601425 0.297913
vt 0.656318 0.301432
vt 0.612585 0.336632
vt 0.567216 0.320449
vt 0.568032 0.346809
vt 0.559889 0.371681
vt 0.588639 0.375778
vt 0.675009 0.390544
vt 0.639061 0.417818
vt 0.615314 0.392690
vt 0.646966 0.362712
vt 0.727100 0.456264
vt 0.680760 0.484281
vt 0.659941 0.448154
vt 0.700651 0.421066
vt 0.775923 0.523466
vt 0.719046 0.553601
vt 0.701103 0.520872
vt 0.753241 0.491793
vt 0.744175 0.329726
vt 0.709193 0.360012
vt 0.681816 0.331239
vt 0.718285 0.299975
vt 0.858530 0.458539
vt 0.817326 0.491193
vt 0.791768 0.459787
vt 0.830217 0.427738
vt 0.762998 0.424556
vt 0.798921 0.393068
vt 0.735083 0.390198
vt 0.769867 0.359720
vt 0.927328 0.396767
vt 0.896024 0.427542
vt 0.866244 0.396893
vt 0.898533 0.366420
vt 0.833506 0.362849
vt 0.866516 0.333455
vt 0.803973 0.330170
vt 0.837645 0.301829
vt 0.778650 0.300212
vt 0.812936 0.271681
vt 0.753655 0.269580
vt 0.788426 0.240501
vt 0.995117 0.233950
vt 0.989945 0.270401
vt 0.970428 0.287519
vt 0.964085 0.255392
vt 0.980162 0.307830
vt 0.974615 0.319763
vt 0.965763 0.336999
vt 0.950316 0.308459
vt 0.930902 0.278552
vt 0.951184 0.223070
vt 0.991726 0.199154
vt 0.909405 0.248225
vt 0.885559 0.217652
vt 0.933116 0.189576
vt 0.977802 0.163788
vt 0.861670 0.184856
vt 0.907656 0.153824
vt 0.835636 0.151221
vt 0.877701 0.118590
vt 0.917193 0.089790
vt 0.951042 0.126069
vt 0.788094 0.009909
vt 0.818184 0.019975
vt 0.785108 0.029837
vt 0.754285 0.006214
vt 0.849440 0.034586
vt 0.815915 0.056247
vt 0.781903 0.081087
vt 0.753301 0.041535
vt 0.723432 0.004885
vt 0.809023 0.117373
vt 0.846880 0.086049
vt 0.882877 0.058546
vt 0.926182 0.335788
vt 0.899266 0.305296
vt 0.950301 0.364691
vt 0.871833 0.274470
vt 0.847059 0.244166
vt 0.798558 0.180334
vt 0.823212 0.212909
vt 0.749864 0.105572
vt 0.774067 0.146120
vt 0.724507 0.055972
vt 0.698380 0.008145
vt 0.411443 0.636426
vt 0.403133 0.588343
vt 0.381544 0.678524
vt 0.412337 0.549989
vt 0.418225 0.519641
vt 0.422206 0.494296
vt 0.811383 0.780835
vt 0.836686 0.784788
vt 0.785602 0.779330
vt 0.735978 0.877112
vt 0.713122 0.872831
vt 0.711721 0.871535
vt 0.759429 0.876389
vt 0.840828 0.888069
vt 0.832253 0.883230
vt 0.847838 0.893220
vt 0.943862 0.827176
vt 0.943595 0.843267
vt 0.943699 0.844562
vt 0.938405 0.810551
vt 0.721418 0.805354
vt 0.730593 0.784526
vt 0.733124 0.783077
vt 0.716426 0.824751
vt 0.878966 0.896982
vt 0.866968 0.903542
vt 0.865108 0.903013
vt 0.890884 0.891729
vt 0.759604 0.779186
vt 0.737782 0.799531
vt 0.711007 0.847627
vt 0.725304 0.858407
vt 0.783426 0.876199
vt 0.804829 0.876961
vt 0.820666 0.879392
vt 0.854661 0.897957
vt 0.864741 0.884607
vt 0.905238 0.884483
vt 0.920272 0.874198
vt 0.934337 0.860234
vt 0.931702 0.845387
vt 0.930210 0.793316
vt 0.912117 0.779186
vt 0.912963 0.779382
vt 0.913058 0.801604
vt 0.888707 0.791026
vt 0.873833 0.798254
vt 0.858398 0.792359
vt 0.740370 0.493832
vt 0.760237 0.527224
vt 0.717927 0.456432
vt 0.695146 0.420033
vt 0.672347 0.389284
vt 0.645927 0.361970
vt 0.017598 0.664189
vt 0.021023 0.647104
vt 0.039457 0.645160
vt 0.038140 0.662222
vt 0.017066 0.682357
vt 0.040041 0.680303
vt 0.042470 0.697315
vt 0.016893 0.699130
vt 0.043132 0.717103
vt 0.042663 0.739577
vt 0.023072 0.736529
vt 0.020676 0.716286
vt 0.039715 0.764532
vt 0.036045 0.779273
vt 0.017371 0.778858
vt 0.019796 0.763027
vt 0.017232 0.618615
vt 0.036201 0.615711
vt 0.039011 0.629835
vt 0.021525 0.632498
vt 0.020238 0.749998
vt 0.041781 0.751340
vt 0.058184 0.613162
vt 0.083265 0.611458
vt 0.083140 0.626022
vt 0.060144 0.627773
vt 0.061050 0.660423
vt 0.060651 0.643073
vt 0.083776 0.640842
vt 0.085065 0.659194
vt 0.063584 0.678662
vt 0.087964 0.677318
vt 0.089591 0.694678
vt 0.065939 0.693130
vt 0.089923 0.716250
vt 0.066530 0.716487
vt 0.089446 0.735363
vt 0.065889 0.736880
vt 0.064681 0.750985
vt 0.088823 0.750543
vt 0.087958 0.764940
vt 0.062403 0.764813
vt 0.087199 0.778667
vt 0.056910 0.778582
vt 0.106796 0.612432
vt 0.125822 0.614192
vt 0.126168 0.626798
vt 0.105763 0.625591
vt 0.107627 0.657724
vt 0.106672 0.639692
vt 0.127224 0.640619
vt 0.128312 0.657095
vt 0.109220 0.674721
vt 0.129461 0.673568
vt 0.130936 0.693483
vt 0.110584 0.694789
vt 0.132653 0.713187
vt 0.111710 0.715066
vt 0.134117 0.732209
vt 0.112250 0.734022
vt 0.112807 0.750360
vt 0.135993 0.749845
vt 0.137890 0.766410
vt 0.113573 0.765763
vt 0.138539 0.783431
vt 0.115459 0.781787
vt 0.145066 0.615476
vt 0.163729 0.615900
vt 0.163571 0.628124
vt 0.145531 0.627706
vt 0.147579 0.656976
vt 0.146474 0.641319
vt 0.164594 0.641371
vt 0.165824 0.656340
vt 0.148747 0.673226
vt 0.167342 0.671947
vt 0.169956 0.689453
vt 0.150512 0.691798
vt 0.173126 0.709527
vt 0.152949 0.712134
vt 0.176885 0.727623
vt 0.155639 0.730203
vt 0.158717 0.747104
vt 0.181238 0.743383
vt 0.187050 0.759868
vt 0.162079 0.763781
vt 0.193988 0.775055
vt 0.166028 0.780225
vt 0.181643 0.614621
vt 0.181507 0.626485
vt 0.181527 0.640485
vt 0.182737 0.654833
vt 0.184767 0.669930
vt 0.188023 0.687112
vt 0.192362 0.707140
vt 0.197038 0.724090
vt 0.202744 0.739711
vt 0.209039 0.754433
vt 0.216688 0.768534
vt 0.196048 0.613685
vt 0.209552 0.611277
vt 0.208917 0.624392
vt 0.195880 0.625145
vt 0.196940 0.653645
vt 0.196237 0.639181
vt 0.208788 0.638156
vt 0.209110 0.653400
vt 0.199282 0.668550
vt 0.211968 0.667375
vt 0.216050 0.681858
vt 0.203118 0.684921
vt 0.221871 0.699777
vt 0.208778 0.704264
vt 0.229873 0.717311
vt 0.215018 0.721096
vt 0.221914 0.736017
vt 0.237776 0.731391
vt 0.244452 0.740485
vt 0.228271 0.748977
vt 0.251750 0.753324
vt 0.234725 0.763549
vt 0.220858 0.623487
vt 0.222995 0.609665
vt 0.220486 0.639225
vt 0.219886 0.655280
vt 0.224003 0.666918
vt 0.228130 0.677681
vt 0.232998 0.695737
vt 0.241686 0.711109
vt 0.261091 0.727903
vt 0.252646 0.721854
vt 0.272109 0.737403
vt 0.481269 0.021222
vt 0.483045 0.020740
vt 0.483652 0.021880
vt 0.482847 0.022651
vt 0.484734 0.021341
vt 0.484651 0.019009
vt 0.484251 0.022696
vt 0.486293 0.022298
vt 0.483659 0.024021
vt 0.472573 0.028152
vt 0.472549 0.024141
vt 0.476342 0.023322
vt 0.476570 0.026376
vt 0.480489 0.015508
vt 0.478367 0.016867
vt 0.475319 0.014347
vt 0.478379 0.011730
vt 0.482527 0.013095
vt 0.482197 0.010048
vt 0.490392 0.011990
vt 0.493863 0.014664
vt 0.491560 0.016576
vt 0.489060 0.014752
vt 0.495862 0.017915
vt 0.493204 0.018768
vt 0.489799 0.028820
vt 0.492189 0.027557
vt 0.494738 0.028787
vt 0.492152 0.031413
vt 0.489315 0.033675
vt 0.488599 0.031263
vt 0.475352 0.031798
vt 0.476748 0.029847
vt 0.471909 0.012555
vt 0.476449 0.008336
vt 0.481696 0.004883
vt 0.497362 0.011573
vt 0.490849 0.006801
vt 0.505169 0.016853
vt 0.503733 0.031361
vt 0.499954 0.036417
vt 0.494360 0.039730
vt 0.467320 0.033596
vt 0.475930 0.039730
vt 0.468915 0.023713
vt 0.879367 0.014439
vt 0.880790 0.016662
vt 0.880177 0.017986
vt 0.879227 0.017308
vt 0.882481 0.019687
vt 0.883836 0.017764
vt 0.879239 0.019254
vt 0.881939 0.023839
vt 0.877171 0.019162
vt 0.872746 0.012984
vt 0.869981 0.016902
vt 0.866109 0.016422
vt 0.869676 0.009762
vt 0.876349 0.010834
vt 0.875837 0.008106
vt 0.886845 0.024549
vt 0.887391 0.019877
vt 0.890306 0.020593
vt 0.891161 0.027631
vt 0.888366 0.032335
vt 0.885328 0.027989
vt 0.885753 0.011457
vt 0.890637 0.017218
vt 0.887542 0.016969
vt 0.883397 0.013175
vt 0.880911 0.009825
vt 0.881401 0.006978
vt 0.877904 0.031936
vt 0.871580 0.029205
vt 0.874085 0.026243
vt 0.878144 0.027573
vt 0.888040 0.032421
vt 0.884642 0.028319
vt 0.867981 0.004885
vt 0.878454 0.005087
vt 0.884675 0.004885
vt 0.889842 0.009458
vt 0.893623 0.014846
vt 0.893483 0.018449
vt 0.893836 0.026312
vt 0.888725 0.033721
vt 0.888518 0.033770
vt 0.877495 0.034502
vt 0.867849 0.030601
vt 0.862886 0.014182
vt 0.577055 0.018830
vt 0.578371 0.019897
vt 0.576847 0.020644
vt 0.576003 0.019559
vt 0.578113 0.021765
vt 0.579476 0.021015
vt 0.575944 0.021225
vt 0.576570 0.022341
vt 0.574965 0.020171
vt 0.567029 0.025292
vt 0.567143 0.022263
vt 0.570358 0.021281
vt 0.571316 0.023153
vt 0.572517 0.025261
vt 0.568500 0.028531
vt 0.582622 0.018381
vt 0.580282 0.016882
vt 0.584532 0.014535
vt 0.587775 0.016435
vt 0.589933 0.018836
vt 0.584521 0.019775
vt 0.572670 0.012717
vt 0.575597 0.010579
vt 0.576515 0.015263
vt 0.574531 0.016590
vt 0.569900 0.013899
vt 0.572032 0.016457
vt 0.587730 0.026786
vt 0.584579 0.028628
vt 0.580576 0.025310
vt 0.582961 0.024218
vt 0.584410 0.022632
vt 0.589693 0.023570
vt 0.567550 0.011658
vt 0.571347 0.009894
vt 0.575594 0.007538
vt 0.587042 0.012750
vt 0.591167 0.015227
vt 0.594423 0.018695
vt 0.594143 0.023392
vt 0.591100 0.028527
vt 0.586408 0.030832
vt 0.566956 0.030986
vt 0.564345 0.026557
vt 0.563943 0.022573
vt 0.564863 0.008503
vt 0.570083 0.006840
vt 0.575359 0.004885
vt 0.588501 0.010538
vt 0.593489 0.013398
vt 0.598206 0.019653
vt 0.597946 0.024092
vt 0.593616 0.031420
vt 0.588400 0.035160
vt 0.564531 0.035160
vt 0.561750 0.027619
vt 0.560261 0.020651
vt 0.108068 0.026083
vt 0.115134 0.014762
vt 0.123287 0.019266
vt 0.113966 0.029802
vt 0.108711 0.036880
vt 0.104399 0.032833
vt 0.088737 0.046218
vt 0.100664 0.039567
vt 0.100595 0.043137
vt 0.086640 0.050071
vt 0.069462 0.055053
vt 0.071997 0.046624
vt 0.058389 0.050651
vt 0.060622 0.043348
vt 0.036446 0.038145
vt 0.039551 0.030960
vt 0.050260 0.038354
vt 0.047972 0.046862
vt 0.014431 0.027815
vt 0.023282 0.020070
vt 0.031202 0.024758
vt 0.025252 0.032153
vt 0.263922 0.721563
vt 0.275681 0.729250
vt 0.256029 0.716685
vt 0.240628 0.694745
vt 0.248414 0.708918
vt 0.235173 0.677604
vt 0.230888 0.666203
vt 0.227801 0.640586
vt 0.227555 0.655427
vt 0.231091 0.616683
vt 0.228973 0.627740
vt 0.863691 0.484530
vt 0.873497 0.481915
vt 0.879550 0.492570
vt 0.872370 0.498102
vt 0.886261 0.503217
vt 0.881078 0.507769
vt 0.895680 0.512991
vt 0.910343 0.520800
vt 0.907560 0.527114
vt 0.889971 0.517824
vt 0.925076 0.525094
vt 0.924825 0.528542
vt 0.973938 0.500839
vt 0.979500 0.489371
vt 0.990865 0.493829
vt 0.984843 0.506881
vt 0.687071 0.753996
vt 0.685712 0.737744
vt 0.695926 0.738874
vt 0.695220 0.753792
vt 0.693447 0.767739
vt 0.686151 0.767447
vt 0.688783 0.718611
vt 0.697775 0.720933
vt 0.690360 0.702926
vt 0.699198 0.705087
vt 0.691615 0.691384
vt 0.700801 0.692297
vt 0.689932 0.805870
vt 0.689966 0.814421
vt 0.682235 0.811315
vt 0.683401 0.802840
vt 0.684461 0.792082
vt 0.690855 0.793874
vt 0.691798 0.781186
vt 0.685364 0.780093
vt 0.710262 0.694440
vt 0.708379 0.707729
vt 0.707400 0.722877
vt 0.707142 0.739534
vt 0.706722 0.753815
vt 0.702601 0.767592
vt 0.699849 0.782235
vt 0.700506 0.794977
vt 0.701373 0.807238
vt 0.701906 0.815259
vt 0.677452 0.755913
vt 0.677046 0.748162
vt 0.679384 0.745475
vt 0.680355 0.755825
vt 0.663132 0.757565
vt 0.655709 0.757990
vt 0.655445 0.749452
vt 0.661206 0.749632
vt 0.656204 0.742125
vt 0.663300 0.742636
vt 0.664033 0.724091
vt 0.670825 0.725756
vt 0.669373 0.735849
vt 0.663351 0.734354
vt 0.656429 0.733599
vt 0.656958 0.723231
vt 0.674953 0.739329
vt 0.677809 0.729636
vt 0.679781 0.767803
vt 0.674051 0.768211
vt 0.668398 0.768598
vt 0.669449 0.759602
vt 0.662322 0.767792
vt 0.655561 0.767392
vt 0.661711 0.778925
vt 0.654971 0.778910
vt 0.667725 0.779431
vt 0.673452 0.779501
vt 0.679259 0.779616
vt 0.661753 0.801666
vt 0.661505 0.790733
vt 0.667309 0.790364
vt 0.667137 0.800433
vt 0.672912 0.790394
vt 0.672440 0.800207
vt 0.678559 0.790876
vt 0.677795 0.800974
vt 0.655881 0.803646
vt 0.655010 0.791286
vt 0.667072 0.809107
vt 0.662290 0.810417
vt 0.657940 0.812841
vt 0.671947 0.808849
vt 0.676911 0.809562
vt 0.681005 0.701111
vt 0.672725 0.699168
vt 0.672609 0.687192
vt 0.680895 0.689659
vt 0.658582 0.686783
vt 0.665157 0.685829
vt 0.665169 0.697784
vt 0.657754 0.698265
vt 0.679998 0.714936
vt 0.672169 0.712394
vt 0.664789 0.711053
vt 0.657270 0.710825
vt 0.649172 0.814126
vt 0.648206 0.804101
vt 0.647594 0.791771
vt 0.647403 0.779314
vt 0.647720 0.768333
vt 0.648050 0.758438
vt 0.648274 0.750011
vt 0.648650 0.742353
vt 0.648966 0.734023
vt 0.649232 0.723939
vt 0.648913 0.711767
vt 0.649640 0.699097
vt 0.651042 0.687779
vt 0.639810 0.815761
vt 0.640144 0.805104
vt 0.639943 0.792222
vt 0.639907 0.779777
vt 0.640085 0.768662
vt 0.640412 0.758738
vt 0.640704 0.750662
vt 0.641015 0.743172
vt 0.641269 0.735610
vt 0.640987 0.726833
vt 0.638890 0.713824
vt 0.640703 0.698948
vt 0.642129 0.687882
vt 0.633668 0.732443
vt 0.633624 0.723759
vt 0.622678 0.706814
vt 0.630529 0.708639
vt 0.628385 0.718383
vt 0.622211 0.717120
vt 0.616117 0.719667
vt 0.615148 0.707558
vt 0.633373 0.738137
vt 0.624717 0.739914
vt 0.624174 0.737310
vt 0.616229 0.738548
vt 0.614309 0.735719
vt 0.609305 0.726762
vt 0.608220 0.734419
vt 0.607704 0.709229
vt 0.631502 0.696458
vt 0.631510 0.687314
vt 0.622753 0.695793
vt 0.622246 0.686796
vt 0.614391 0.686108
vt 0.614870 0.695730
vt 0.608173 0.686000
vt 0.607597 0.696461
vt 0.607887 0.741594
vt 0.616347 0.743966
vt 0.616326 0.750691
vt 0.607664 0.749243
vt 0.624999 0.744635
vt 0.624856 0.751229
vt 0.632982 0.751099
vt 0.633265 0.744171
vt 0.609774 0.804669
vt 0.617819 0.804965
vt 0.619276 0.816159
vt 0.612069 0.816219
vt 0.626349 0.816709
vt 0.625490 0.805215
vt 0.632817 0.805234
vt 0.633108 0.816285
vt 0.607440 0.757319
vt 0.616228 0.758405
vt 0.615836 0.767891
vt 0.606981 0.766769
vt 0.624357 0.768563
vt 0.624742 0.758981
vt 0.632790 0.759043
vt 0.632386 0.768810
vt 0.607264 0.778629
vt 0.615848 0.779184
vt 0.616412 0.792010
vt 0.608233 0.791581
vt 0.624538 0.792297
vt 0.624296 0.779644
vt 0.632394 0.779738
vt 0.632352 0.792308
vt 0.583969 0.706696
vt 0.582927 0.717937
vt 0.574890 0.717164
vt 0.576040 0.706792
vt 0.582312 0.726268
vt 0.574055 0.724993
vt 0.581784 0.734321
vt 0.581211 0.743542
vt 0.572488 0.742101
vt 0.573261 0.732764
vt 0.580640 0.753756
vt 0.571668 0.752519
vt 0.580292 0.764917
vt 0.571400 0.763791
vt 0.571583 0.776098
vt 0.580487 0.777030
vt 0.572390 0.789740
vt 0.581561 0.790343
vt 0.583898 0.814478
vt 0.573853 0.814885
vt 0.572873 0.802897
vt 0.582626 0.803038
vt 0.577042 0.697102
vt 0.577781 0.690332
vt 0.585742 0.687591
vt 0.584928 0.696294
vt 0.592564 0.696591
vt 0.593602 0.687086
vt 0.600792 0.686632
vt 0.600133 0.696724
vt 0.591840 0.707302
vt 0.599788 0.708260
vt 0.599779 0.721011
vt 0.591262 0.718757
vt 0.599343 0.730863
vt 0.590710 0.728215
vt 0.599083 0.739225
vt 0.598836 0.747584
vt 0.590029 0.745472
vt 0.590369 0.736886
vt 0.598572 0.756425
vt 0.589662 0.755161
vt 0.598254 0.766582
vt 0.589325 0.765819
vt 0.589568 0.777504
vt 0.598613 0.778156
vt 0.590801 0.790651
vt 0.599763 0.791104
vt 0.592337 0.803401
vt 0.601281 0.803814
vt 0.603176 0.815133
vt 0.594708 0.815154
vt 0.562722 0.802810
vt 0.562650 0.815926
vt 0.562989 0.788687
vt 0.562426 0.774294
vt 0.562559 0.762318
vt 0.562652 0.751636
vt 0.563931 0.741307
vt 0.565068 0.731712
vt 0.566053 0.724090
vt 0.567045 0.716350
vt 0.568089 0.706978
vt 0.568699 0.698339
vt 0.568725 0.693244
vt 0.554251 0.760504
vt 0.553675 0.752124
vt 0.546950 0.769682
vt 0.545788 0.785827
vt 0.536708 0.783555
vt 0.541376 0.766700
vt 0.526336 0.781094
vt 0.534755 0.758604
vt 0.548592 0.740001
vt 0.547453 0.749814
vt 0.541203 0.750664
vt 0.541517 0.740634
vt 0.533810 0.742676
vt 0.555807 0.740584
vt 0.552833 0.769632
vt 0.554018 0.786940
vt 0.552429 0.801938
vt 0.549620 0.814476
vt 0.530857 0.813263
vt 0.520118 0.812052
vt 0.521992 0.799628
vt 0.533762 0.799980
vt 0.540505 0.813976
vt 0.543309 0.801030
vt 0.558258 0.723419
vt 0.559417 0.715946
vt 0.560401 0.706936
vt 0.560729 0.699071
vt 0.560657 0.694377
vt 0.550623 0.722884
vt 0.551698 0.715388
vt 0.552765 0.706794
vt 0.553123 0.699309
vt 0.553069 0.694423
vt 0.542969 0.722834
vt 0.544028 0.715152
vt 0.545202 0.706377
vt 0.545984 0.698835
vt 0.546474 0.693453
vt 0.534757 0.723329
vt 0.536000 0.714973
vt 0.537422 0.705527
vt 0.538479 0.698281
vt 0.539513 0.692483
vt 0.557172 0.731085
vt 0.549673 0.730242
vt 0.541939 0.731232
vt 0.533762 0.732323
vt 0.505406 0.810989
vt 0.510099 0.799713
vt 0.494838 0.805575
vt 0.499643 0.798113
vt 0.520429 0.759872
vt 0.515028 0.781017
vt 0.503539 0.779535
vt 0.508091 0.759709
vt 0.511277 0.744373
vt 0.522897 0.744097
vt 0.527193 0.714830
vt 0.517664 0.715052
vt 0.520226 0.704053
vt 0.529197 0.704854
vt 0.525571 0.723750
vt 0.515259 0.724404
vt 0.513333 0.733486
vt 0.524107 0.733054
vt 0.522325 0.696230
vt 0.530654 0.697650
vt 0.524379 0.689414
vt 0.532470 0.691292
vt 0.481757 0.798927
vt 0.488048 0.790966
vt 0.859486 0.474540
vt 0.870281 0.474386
vt 0.701330 0.820095
vt 0.689715 0.819206
vt 0.678965 0.818067
vt 0.671396 0.816405
vt 0.675726 0.816801
vt 0.667003 0.816423
vt 0.662473 0.816453
vt 0.658966 0.817309
vt 0.649628 0.818821
vt 0.639757 0.820859
vt 0.633482 0.821492
vt 0.627154 0.822356
vt 0.620550 0.822525
vt 0.613677 0.823585
vt 0.603945 0.822015
vt 0.596842 0.822971
vt 0.585408 0.822663
vt 0.575578 0.822526
vt 0.564112 0.823099
vt 0.545141 0.822374
vt 0.539066 0.821530
vt 0.529545 0.820107
vt 0.519194 0.818632
vt 0.502645 0.816156
vt 0.492308 0.809457
vt 0.478516 0.803450
vt 0.119165 0.008887
vt 0.127720 0.013437
vt 0.281796 0.733304
vt 0.277896 0.742377
vt 0.255619 0.760079
vt 0.237620 0.773453
vt 0.226377 0.779887
vt 0.202847 0.787544
vt 0.167819 0.793519
vt 0.138915 0.792652
vt 0.116997 0.791485
vt 0.087174 0.789386
vt 0.050344 0.787907
vt 0.034302 0.787502
vt 0.017044 0.789671
vt 0.104845 0.010799
vt 0.107954 0.004885
vt 0.098479 0.021080
vt 0.469354 0.791724
vt 0.477018 0.783148
vt 0.465449 0.796749
vt 0.460108 0.785995
vt 0.468617 0.776617
vt 0.455986 0.791156
vt 0.474368 0.758740
vt 0.483733 0.758308
vt 0.480605 0.771714
vt 0.471391 0.767956
vt 0.495131 0.758206
vt 0.491310 0.776622
vt 0.478784 0.747788
vt 0.487806 0.745973
vt 0.499107 0.744474
vt 0.491531 0.734951
vt 0.502101 0.734110
vt 0.507217 0.715841
vt 0.497196 0.716280
vt 0.501036 0.705266
vt 0.510822 0.704655
vt 0.504433 0.724840
vt 0.493704 0.725243
vt 0.503614 0.695766
vt 0.513388 0.695251
vt 0.505718 0.687282
vt 0.515800 0.687293
vt 0.096605 0.028974
vt 0.091780 0.035345
vt 0.082970 0.038508
vt 0.071303 0.037833
vt 0.482168 0.736025
vt 0.493162 0.697492
vt 0.493180 0.689481
vt 0.036855 0.015954
vt 0.030907 0.009757
vt 0.491887 0.706143
vt 0.489039 0.716722
vt 0.042990 0.023439
vt 0.051789 0.031362
vt 0.673750 0.743778
vt 0.668712 0.741795
vt 0.061033 0.036016
vt 0.485339 0.726185
vt 0.940179 0.521821
vt 0.941814 0.529319
vt 0.954995 0.516768
vt 0.959801 0.525127
vt 0.966681 0.508717
vt 0.975105 0.517271
vt 0.964679 0.505760
vt 0.955196 0.511766
vt 0.965037 0.499666
vt 0.881879 0.474802
vt 0.883986 0.479242
vt 0.887055 0.486752
vt 0.892034 0.498320
vt 0.897794 0.510313
vt 0.910910 0.518419
vt 0.925011 0.523056
vt 0.938879 0.517569
vt 0.969386 0.486947
vt 0.233168 0.606926
vt 0.225636 0.595982
vt 0.016767 0.018101
vt 0.004883 0.024418
vt 0.025471 0.004885
vt 0.492779 0.682383
vt 0.509784 0.677576
vt 0.519025 0.678723
vt 0.526973 0.682912
vt 0.534631 0.686119
vt 0.540438 0.687651
vt 0.547074 0.688826
vt 0.552624 0.690652
vt 0.560309 0.690729
vt 0.568458 0.689518
vt 0.578468 0.685156
vt 0.586139 0.680111
vt 0.595370 0.679180
vt 0.601161 0.678600
vt 0.609227 0.677636
vt 0.613463 0.678203
vt 0.621051 0.679177
vt 0.631132 0.679684
vt 0.644252 0.679035
vt 0.653151 0.678432
vt 0.659396 0.678014
vt 0.665040 0.677576
vt 0.672382 0.678457
vt 0.678539 0.679363
vt 0.693755 0.681698
vt 0.702243 0.682959
vt 0.711177 0.684008
vt 0.974021 0.477618
vt 0.984730 0.476337
vt 0.994582 0.474386
vt 0.031780 0.602857
vt 0.004883 0.603102
vt 0.053654 0.598862
vt 0.085237 0.595982
vt 0.111997 0.599504
vt 0.124978 0.602607
vt 0.144025 0.604600
vt 0.165847 0.605908
vt 0.182888 0.604773
vt 0.196657 0.603880
vt 0.210771 0.597464
vt 0.982860 0.565342
vt 0.990411 0.588335
vt 0.975028 0.592594
vt 0.968119 0.571756
vt 0.994798 0.612671
vt 0.979009 0.614348
vt 0.963969 0.615889
vt 0.960257 0.596697
vt 0.953811 0.578110
vt 0.994636 0.637326
vt 0.978886 0.636366
vt 0.991284 0.662173
vt 0.975860 0.658475
vt 0.961286 0.654908
vt 0.963943 0.635366
vt 0.985857 0.685662
vt 0.971159 0.679263
vt 0.977188 0.707229
vt 0.963522 0.698442
vt 0.950500 0.690079
vt 0.957211 0.673157
vt 0.963184 0.727522
vt 0.951113 0.716690
vt 0.944906 0.745505
vt 0.934891 0.732824
vt 0.925297 0.720729
vt 0.939556 0.706365
vt 0.923824 0.759795
vt 0.916107 0.745529
vt 0.900598 0.770007
vt 0.895488 0.754461
vt 0.890486 0.739307
vt 0.908620 0.731764
vt 0.875886 0.775676
vt 0.873828 0.759251
vt 0.852109 0.776425
vt 0.852802 0.759673
vt 0.853599 0.743098
vt 0.871849 0.742989
vt 0.830955 0.771633
vt 0.833844 0.755675
vt 0.809643 0.762499
vt 0.815040 0.747996
vt 0.820425 0.733646
vt 0.836807 0.739884
vt 0.787182 0.749902
vt 0.795486 0.737108
vt 0.765774 0.733965
vt 0.776707 0.723279
vt 0.787525 0.712646
vt 0.803680 0.724478
vt 0.746897 0.715500
vt 0.759934 0.706863
vt 0.731678 0.695259
vt 0.746174 0.688671
vt 0.760522 0.682079
vt 0.772848 0.698238
vt 0.720880 0.673574
vt 0.736222 0.669278
vt 0.714382 0.651422
vt 0.730125 0.649452
vt 0.745573 0.647451
vt 0.751354 0.664971
vt 0.712140 0.629854
vt 0.727937 0.629805
vt 0.713515 0.608391
vt 0.729163 0.610137
vt 0.744397 0.611808
vt 0.743360 0.629697
vt 0.717938 0.586799
vt 0.733483 0.590448
vt 0.725481 0.565342
vt 0.740684 0.570837
vt 0.755497 0.576275
vt 0.748584 0.593988
vt 0.516955 0.012786
vt 0.519643 0.008827
vt 0.524843 0.014197
vt 0.524453 0.017406
vt 0.524037 0.006525
vt 0.528121 0.013937
vt 0.533168 0.022987
vt 0.528711 0.004885
vt 0.530366 0.011952
vt 0.533848 0.005039
vt 0.533544 0.013349
vt 0.538933 0.005375
vt 0.536821 0.012206
vt 0.543335 0.007454
vt 0.538907 0.014362
vt 0.547338 0.010160
vt 0.542165 0.014880
vt 0.549530 0.014320
vt 0.542333 0.018111
vt 0.550739 0.018743
vt 0.544135 0.020302
vt 0.550374 0.023655
vt 0.542646 0.023375
vt 0.550554 0.028598
vt 0.543885 0.026557
vt 0.549113 0.032796
vt 0.541916 0.028589
vt 0.546530 0.036371
vt 0.541493 0.031770
vt 0.542201 0.038353
vt 0.538211 0.031954
vt 0.537595 0.039926
vt 0.535971 0.033741
vt 0.532522 0.039957
vt 0.532797 0.032296
vt 0.527502 0.039957
vt 0.529519 0.033487
vt 0.523046 0.038288
vt 0.527431 0.031530
vt 0.518747 0.035887
vt 0.524185 0.031089
vt 0.516239 0.031882
vt 0.524043 0.027885
vt 0.514924 0.027392
vt 0.522317 0.025708
vt 0.515337 0.022309
vt 0.523822 0.022633
vt 0.515330 0.017212
vt 0.522560 0.019452
vt 0.855184 0.711304
vt 0.842653 0.709375
vt 0.845623 0.696106
vt 0.855558 0.698039
vt 0.830644 0.705717
vt 0.835476 0.692578
vt 0.839693 0.680083
vt 0.847990 0.683734
vt 0.855514 0.685774
vt 0.881043 0.710314
vt 0.868036 0.711884
vt 0.865859 0.697987
vt 0.876500 0.695926
vt 0.863524 0.684928
vt 0.872053 0.682141
vt 0.907257 0.697894
vt 0.894534 0.705607
vt 0.887415 0.691751
vt 0.897619 0.685438
vt 0.880493 0.678401
vt 0.888232 0.673466
vt 0.926512 0.674623
vt 0.918044 0.687136
vt 0.906245 0.676760
vt 0.913263 0.666590
vt 0.894777 0.666861
vt 0.900345 0.659041
vt 0.935365 0.648269
vt 0.932023 0.661847
vt 0.918344 0.655930
vt 0.921449 0.644661
vt 0.904903 0.650479
vt 0.907756 0.641452
vt 0.936558 0.618646
vt 0.937084 0.633521
vt 0.922573 0.632413
vt 0.921695 0.619813
vt 0.908315 0.631719
vt 0.907203 0.621462
vt 0.927598 0.590431
vt 0.933177 0.604337
vt 0.918830 0.607595
vt 0.914196 0.595888
vt 0.904940 0.611404
vt 0.901184 0.601815
vt 0.772896 0.615247
vt 0.776593 0.601068
vt 0.789995 0.605198
vt 0.786350 0.617225
vt 0.782608 0.587234
vt 0.795721 0.593681
vt 0.808288 0.600854
vt 0.803072 0.609809
vt 0.799757 0.619587
vt 0.774787 0.643705
vt 0.772339 0.629678
vt 0.785471 0.629628
vt 0.787362 0.641620
vt 0.798475 0.629794
vt 0.799596 0.639600
vt 0.788010 0.669278
vt 0.780213 0.656711
vt 0.792229 0.652673
vt 0.799032 0.663309
vt 0.803618 0.648699
vt 0.809184 0.657421
vt 0.807792 0.691841
vt 0.797370 0.681367
vt 0.806481 0.673394
vt 0.814768 0.681832
vt 0.814765 0.665470
vt 0.821235 0.671948
vt 0.818963 0.699839
vt 0.824715 0.687959
vt 0.830086 0.676396
vt 0.835761 0.665601
vt 0.842872 0.668680
vt 0.829167 0.661963
vt 0.836562 0.653429
vt 0.840640 0.656913
vt 0.845236 0.659239
vt 0.849220 0.671579
vt 0.855027 0.673092
vt 0.849844 0.661341
vt 0.854525 0.661646
vt 0.861157 0.671996
vt 0.867679 0.669479
vt 0.859184 0.661064
vt 0.863983 0.659081
vt 0.874141 0.666761
vt 0.879968 0.663300
vt 0.868941 0.657601
vt 0.873084 0.655124
vt 0.884905 0.658555
vt 0.889005 0.652740
vt 0.876928 0.651982
vt 0.879565 0.647628
vt 0.892340 0.646217
vt 0.894454 0.639191
vt 0.881700 0.642955
vt 0.882528 0.637667
vt 0.894941 0.631769
vt 0.894152 0.624146
vt 0.883466 0.632333
vt 0.882945 0.627220
vt 0.892299 0.616675
vt 0.889015 0.609917
vt 0.881932 0.622220
vt 0.879075 0.618344
vt 0.816562 0.615580
vt 0.814228 0.622957
vt 0.820309 0.609119
vt 0.830383 0.617248
vt 0.828071 0.621403
vt 0.827043 0.626552
vt 0.812874 0.630552
vt 0.813121 0.637886
vt 0.825612 0.631625
vt 0.825678 0.636570
vt 0.815809 0.644768
vt 0.819784 0.651309
vt 0.826622 0.641523
vt 0.829396 0.646002
vt 0.824075 0.657151
vt 0.832422 0.650070
vt 0.869972 0.727058
vt 0.885689 0.724696
vt 0.854453 0.726661
vt 0.901520 0.718718
vt 0.916289 0.709397
vt 0.928847 0.696785
vt 0.938553 0.682312
vt 0.944575 0.667469
vt 0.948210 0.651589
vt 0.950434 0.634462
vt 0.950239 0.617346
vt 0.946621 0.600645
vt 0.940512 0.584449
vt 0.762857 0.597444
vt 0.758927 0.613480
vt 0.769350 0.581630
vt 0.758224 0.629673
vt 0.760655 0.645584
vt 0.766301 0.660789
vt 0.774818 0.675575
vt 0.785751 0.689696
vt 0.798307 0.702127
vt 0.811760 0.711997
vt 0.825657 0.719439
vt 0.839723 0.724213
vn 0.109245 0.986794 0.119594
vn 0.100449 0.984394 0.144497
vn -0.084110 0.993666 0.074518
vn -0.086822 0.993930 0.067569
vn 0.092303 0.992911 0.074883
vn -0.075640 0.997135 -0.000626
vn -0.264942 0.960000 -0.090582
vn -0.283846 0.958870 0.000096
vn -0.288790 0.957225 0.017926
vn 0.065944 0.996347 -0.054258
vn 0.097478 0.994507 0.038134
vn -0.096197 0.995295 0.011556
vn -0.112257 0.991313 -0.068536
vn -0.281845 0.959234 -0.020847
vn -0.274367 0.954405 -0.117616
vn -0.156133 0.987715 -0.006513
vn -0.037151 0.996047 -0.080691
vn -0.104318 0.984839 -0.138599
vn -0.223147 0.967010 -0.122873
vn 0.072392 0.991577 -0.107402
vn 0.046300 0.990496 -0.129514
vn -0.293621 0.935014 0.198836
vn -0.222256 0.971120 0.086762
vn -0.272966 0.960115 -0.060576
vn -0.329123 0.940711 0.082106
vn -0.304428 0.940339 -0.151943
vn -0.326115 0.941069 -0.089656
vn -0.187466 0.981113 0.047688
vn -0.197216 0.980169 0.019373
vn -0.351357 0.935980 -0.022142
vn -0.347791 0.937558 0.005153
vn -0.221995 0.973374 -0.057107
vn -0.322707 0.939354 -0.116081
vn -0.107143 0.993708 -0.032629
vn -0.256886 0.955067 -0.147840
vn -0.040872 0.998837 0.025593
vn -0.239674 0.969239 -0.055960
vn -0.114993 0.989610 0.086306
vn -0.284785 0.933493 0.217919
vn -0.277352 0.955436 0.101080
vn -0.089418 0.995249 0.038513
vn -0.076737 0.979281 0.187402
vn -0.013406 0.969788 0.243582
vn 0.044296 0.901515 0.430475
vn -0.098251 0.920155 0.379026
vn 0.057472 0.963942 0.259834
vn 0.155530 0.890293 0.428005
vn 0.127127 0.910720 0.392973
vn 0.022287 0.906588 0.421429
vn -0.086755 0.901732 0.423501
vn 0.184037 0.965082 0.186406
vn 0.335100 0.892708 0.301297
vn 0.262379 0.887980 0.377688
vn 0.127537 0.962955 0.237595
vn 0.334267 0.902650 0.271089
vn 0.248943 0.909147 0.333886
vn 0.453652 0.888595 -0.067819
vn 0.419224 0.889531 -0.181623
vn 0.401799 0.899362 -0.172354
vn 0.390628 0.918457 -0.062022
vn 0.416452 0.896343 -0.152110
vn 0.410657 0.901299 -0.137917
vn 0.172137 0.983617 -0.053535
vn 0.159176 0.982867 -0.092927
vn 0.129961 0.990760 -0.038801
vn 0.104901 0.993773 0.037576
vn 0.360437 0.929527 0.077872
vn 0.095773 0.989464 0.108572
vn 0.325125 0.923313 0.204419
vn 0.426315 0.873987 0.233242
vn 0.461604 0.882857 0.086516
vn 0.121122 0.989166 0.082942
vn 0.332067 0.919107 0.212069
vn 0.313498 0.913499 0.259304
vn 0.104459 0.985482 0.133841
vn 0.366901 0.901737 0.228591
vn 0.387079 0.874858 0.291193
vn -0.161682 0.912905 -0.374786
vn 0.023817 0.934738 -0.354539
vn 0.070768 0.845694 -0.528955
vn -0.114062 0.905859 -0.407932
vn 0.141671 0.944444 -0.296571
vn 0.159479 0.831219 -0.532580
vn 0.066251 0.985310 -0.157400
vn 0.037171 0.988776 -0.144710
vn 0.001680 0.996053 -0.088741
vn -0.338895 0.940359 -0.029599
vn -0.309503 0.941502 -0.133350
vn -0.164605 0.983829 -0.070605
vn -0.189467 0.981675 0.020402
vn 0.473768 0.867006 0.154413
vn 0.391996 0.893316 0.219831
vn 0.361202 0.906471 0.218733
vn 0.364427 0.921201 0.136315
vn 0.191973 0.973980 0.120457
vn 0.115020 0.990797 0.071352
vn 0.207694 0.967165 -0.146474
vn 0.255639 0.964921 -0.059810
vn 0.199791 0.971636 -0.126518
vn 0.292878 0.954343 0.058759
vn 0.288418 0.941232 0.175775
vn 0.232369 0.961105 0.149268
vn 0.257447 0.941240 0.218604
vn 0.244336 0.880804 -0.405566
vn 0.076834 0.993738 -0.081127
vn 0.254084 0.934248 -0.250244
vn 0.398851 0.915118 -0.058967
vn 0.307114 0.943236 -0.126443
vn 0.038954 0.998834 -0.028523
vn -0.224222 0.924417 0.308510
vn -0.233859 0.929759 0.284357
vn -0.110633 0.985442 0.129095
vn -0.118995 0.961677 0.247017
vn -0.027771 0.981342 0.190255
vn 0.088168 0.990311 0.107289
vn 0.176821 0.982774 0.053748
vn 0.258407 0.965717 0.024824
vn 0.438831 0.898570 -0.000252
vn 0.391645 0.919903 0.019836
vn 0.153775 0.987230 0.041591
vn 0.377747 0.917172 0.126897
vn 0.333105 0.938305 0.092872
vn 0.106373 0.994293 -0.008136
vn 0.227969 0.972985 0.036459
vn 0.103813 0.993812 -0.039511
vn -0.046283 0.993525 -0.103764
vn -0.232640 0.949750 -0.209413
vn -0.252129 0.931909 -0.260725
vn -0.092992 0.985390 -0.142688
vn 0.014205 0.999517 0.027639
vn 0.022345 0.999211 0.032839
vn 0.022086 0.999697 0.010869
vn 0.021106 0.999692 0.013080
vn 0.043605 0.997963 0.046563
vn 0.039812 0.998936 0.023291
vn -0.014309 0.999724 0.018638
vn 0.004948 0.999644 0.026211
vn 0.016354 0.999625 0.021954
vn -0.011020 0.999769 0.018461
vn -0.072716 0.997191 -0.017967
vn -0.084786 0.996293 -0.014523
vn -0.041328 0.999137 0.004221
vn -0.028927 0.999447 -0.016404
vn -0.094899 0.995236 -0.022358
vn -0.039138 0.999231 0.002512
vn 0.504146 0.833255 0.226986
vn 0.528630 0.828223 0.186002
vn 0.455067 0.872657 0.177155
vn 0.415455 0.875053 0.248353
vn 0.517104 0.829049 0.212796
vn 0.455903 0.872450 0.176021
vn 0.377792 0.914155 0.146945
vn 0.367000 0.915713 0.163650
vn 0.312323 0.915619 0.253173
vn -0.035882 0.999349 -0.003654
vn -0.011652 0.999891 0.009101
vn -0.114150 0.993038 -0.029090
vn -0.167397 0.985888 -0.001932
vn -0.051185 0.998623 0.011471
vn -0.014994 0.999733 0.017579
vn 0.005680 0.999551 0.029421
vn 0.004879 0.999810 0.018881
vn 0.019595 0.998865 0.043424
vn 0.016023 0.999488 0.027688
vn 0.043126 0.996253 0.074972
vn 0.028111 0.998854 0.038749
vn 0.101647 0.983911 0.146922
vn 0.061553 0.995482 0.072301
vn 0.472142 0.830044 0.296832
vn 0.429858 0.875126 0.222207
vn 0.412101 0.831058 0.373518
vn 0.380738 0.881529 0.279188
vn 0.330884 0.921836 0.201830
vn 0.366611 0.915766 0.164224
vn -0.132708 0.983696 0.121367
vn -0.065949 0.992309 0.104755
vn -0.262834 0.958242 0.112649
vn -0.349342 0.895911 0.274414
vn -0.259723 0.919030 0.296527
vn -0.179752 0.941100 0.286391
vn -0.101235 0.951204 0.291483
vn -0.020909 0.994675 0.100919
vn -0.030688 0.948892 0.314107
vn 0.013966 0.992940 0.117791
vn 0.083883 0.928784 0.361005
vn 0.075338 0.980477 0.181630
vn 0.198568 0.883842 0.423549
vn 0.157139 0.945898 0.283875
vn 0.359481 0.836381 0.413812
vn 0.326029 0.888457 0.323031
vn 0.327050 0.852735 0.407285
vn 0.280846 0.902485 0.326566
vn 0.247227 0.933416 0.260027
vn 0.286152 0.927704 0.239753
vn -0.336355 0.851965 0.401273
vn -0.268649 0.865663 0.422440
vn -0.379187 0.847367 0.371734
vn -0.352819 0.858163 0.372927
vn -0.333477 0.848078 0.411773
vn -0.284384 0.846592 0.449898
vn -0.189918 0.851695 0.488412
vn -0.172090 0.873937 0.454553
vn -0.092894 0.852985 0.513602
vn -0.081024 0.871979 0.482792
vn 0.011028 0.852017 0.523398
vn 0.047992 0.865254 0.499031
vn 0.146588 0.848239 0.508923
vn 0.192119 0.843465 0.501655
vn 0.255716 0.892610 0.371292
vn 0.229412 0.929050 0.290236
vn 0.250272 0.919078 0.304401
vn 0.301370 0.873831 0.381570
vn 0.191547 0.953826 0.231359
vn 0.214964 0.945360 0.245124
vn -0.046087 0.998937 -0.000372
vn 0.013327 0.999689 0.021078
vn 0.006715 0.998154 0.060360
vn -0.047958 0.998710 0.016663
vn -0.003156 0.998607 0.052680
vn -0.054614 0.998407 0.014153
vn -0.001970 0.999618 -0.027564
vn -0.056504 0.998235 -0.018271
vn -0.128893 0.991498 -0.017842
vn -0.136602 0.990411 -0.020657
vn -0.322335 0.944265 -0.066812
vn -0.340204 0.937200 -0.076922
vn -0.361552 0.928283 -0.087008
vn -0.150517 0.988191 -0.028688
vn -0.387770 0.916465 -0.098622
vn -0.173215 0.984064 -0.040181
vn -0.415146 0.902660 -0.113392
vn -0.202642 0.977885 -0.051753
vn -0.266108 0.960162 -0.085297
vn -0.304721 0.948156 -0.090252
vn -0.454910 0.877120 -0.154005
vn -0.472602 0.868402 -0.150087
vn -0.500908 0.861036 -0.087791
vn -0.366855 0.929282 -0.043042
vn -0.235021 0.969799 -0.065239
vn -0.438947 0.888917 -0.130962
vn -0.524545 0.851383 0.000058
vn -0.429588 0.901249 0.056619
vn -0.526268 0.846035 0.085252
vn -0.457870 0.869758 0.184054
vn -0.488727 0.857249 0.162079
vn -0.442415 0.850428 0.284678
vn -0.405406 0.892884 0.195973
vn -0.381971 0.873715 0.301198
vn -0.514662 0.848748 -0.121452
vn -0.521079 0.843540 -0.130063
vn -0.508090 0.854611 -0.107170
vn -0.546973 0.829694 -0.111482
vn -0.541885 0.830959 -0.125965
vn -0.538607 0.832110 -0.132272
vn -0.534973 0.833772 -0.136485
vn -0.527933 0.838253 -0.136453
vn -0.528820 0.836456 -0.143846
vn -0.532574 0.833813 -0.145331
vn -0.533086 0.831020 -0.158825
vn -0.527765 0.830133 -0.179842
vn -0.518979 0.840375 -0.156306
vn -0.503687 0.845634 -0.176642
vn -0.524849 0.832487 -0.177479
vn -0.530424 0.839190 -0.120042
vn -0.490630 0.852712 -0.179343
vn -0.486483 0.863208 -0.134932
vn -0.475195 0.877728 -0.061510
vn -0.531148 0.846626 -0.033254
vn -0.444779 0.895640 0.001119
vn -0.511813 0.858446 0.033439
vn -0.402193 0.914978 0.032506
vn -0.466787 0.881278 0.073892
vn -0.348564 0.936078 0.047551
vn -0.393758 0.913803 0.099589
vn 0.100997 0.991359 0.083712
vn 0.087363 0.995084 0.046638
vn 0.260477 0.952777 0.156101
vn 0.263725 0.958664 0.106828
vn 0.261505 0.960398 0.096182
vn 0.074996 0.997183 0.001252
vn 0.206256 0.943448 0.259547
vn 0.142475 0.977372 0.156352
vn 0.301852 0.882073 0.361708
vn 0.270627 0.926260 0.262305
vn 0.257679 0.847580 0.463908
vn 0.247664 0.894865 0.371320
vn 0.311860 0.827332 0.467188
vn 0.325679 0.845753 0.422652
vn 0.237269 0.846068 0.477359
vn 0.256438 0.828683 0.497519
vn 0.244389 0.857699 0.452357
vn 0.276038 0.829451 0.485606
vn 0.245144 0.872910 0.421821
vn 0.303103 0.842410 0.445505
vn 0.343357 0.827002 0.445167
vn 0.354636 0.824669 0.440629
vn 0.368593 0.837743 0.402897
vn 0.402232 0.859348 0.315802
vn 0.441856 0.872112 0.210200
vn 0.460904 0.871990 0.164929
vn 0.453247 0.873239 0.178943
vn -0.272622 0.961017 0.046081
vn -0.285959 0.954200 0.087920
vn -0.210224 0.977175 0.030565
vn -0.207629 0.975608 0.071266
vn -0.202246 0.970689 0.129843
vn -0.280701 0.946013 0.162070
vn -0.271178 0.933682 0.233883
vn -0.262387 0.920291 0.290202
vn -0.201185 0.962411 0.182453
vn -0.200964 0.952366 0.229375
vn -0.255175 0.908590 0.330682
vn -0.224255 0.903340 0.365631
vn -0.197803 0.943224 0.266837
vn -0.172787 0.939661 0.295267
vn -0.036776 0.942854 0.331172
vn -0.062979 0.907356 0.415618
vn -0.150966 0.905442 0.396716
vn -0.111568 0.942115 0.316185
vn 0.076473 0.937731 0.338841
vn 0.098586 0.902470 0.419320
vn 0.010031 0.905333 0.424583
vn 0.020351 0.939824 0.341053
vn 0.164730 0.939553 0.300174
vn 0.200533 0.907221 0.369778
vn 0.186764 0.898989 0.396155
vn 0.140215 0.936510 0.321387
vn 0.161860 0.948461 0.272438
vn 0.193547 0.925860 0.324536
vn 0.197524 0.916516 0.347826
vn 0.164088 0.943747 0.287083
vn 0.169794 0.953556 0.248798
vn 0.182258 0.953860 0.238606
vn 0.200974 0.934772 0.292936
vn 0.159073 0.952929 0.258113
vn 0.121564 0.857558 0.499816
vn 0.217818 0.840707 0.495750
vn 0.328793 0.866323 0.376005
vn 0.201979 0.896267 0.394855
vn 0.318796 0.844899 0.429553
vn 0.430387 0.841040 0.327748
vn 0.316582 0.897099 0.308205
vn 0.409279 0.880646 0.238649
vn 0.175338 0.972269 0.154756
vn 0.237591 0.964807 0.112685
vn 0.038665 0.999007 -0.022122
vn -0.008629 0.999638 0.025479
vn -0.027756 0.996795 0.075023
vn -0.021442 0.996548 0.080206
vn 0.104513 0.982434 0.154600
vn 0.053788 0.992127 0.113100
vn 0.205389 0.932368 0.297498
vn 0.103999 0.973302 0.204616
vn 0.202626 0.870778 0.447982
vn 0.102545 0.932026 0.347581
vn 0.129864 0.832358 0.538809
vn 0.092967 0.825109 0.557272
vn 0.087447 0.833567 0.545454
vn 0.079755 0.876191 0.475320
vn 0.094377 0.916930 0.387728
vn 0.074756 0.934877 0.347010
vn 0.100792 0.911053 0.399779
vn 0.148310 0.928648 0.340025
vn 0.061981 0.925418 0.373845
vn 0.087188 0.891941 0.443665
vn 0.072756 0.867403 0.492258
vn 0.050914 0.886987 0.458979
vn 0.110810 0.870223 0.480035
vn 0.079008 0.848266 0.523644
vn 0.018018 0.997209 0.072459
vn -0.032091 0.998276 0.049155
vn 0.039822 0.981153 0.189087
vn 0.038624 0.992570 0.115385
vn 0.012425 0.995324 0.095788
vn 0.007615 0.997560 0.069393
vn 0.047614 0.953863 0.296441
vn 0.071349 0.902026 0.425745
vn 0.037477 0.975539 0.216608
vn 0.019283 0.990829 0.133743
vn 0.132422 0.898795 0.417891
vn 0.061446 0.941904 0.330214
vn 0.082995 0.854853 0.512190
vn 0.125586 0.847765 0.515289
vn -0.540137 0.828631 -0.147049
vn -0.549069 0.828579 -0.109454
vn -0.498713 0.861006 -0.099775
vn -0.481352 0.867157 -0.127825
vn -0.306497 0.950052 -0.058835
vn -0.290503 0.954311 -0.069986
vn -0.056328 0.998379 -0.008128
vn -0.119703 0.992604 -0.020216
vn -0.123848 0.992151 -0.017273
vn -0.058156 0.998306 0.001789
vn -0.004355 0.999821 0.018392
vn 0.006215 0.999879 -0.014285
vn -0.029458 0.996854 0.073583
vn -0.005543 0.995828 0.091078
vn -0.039985 0.997933 0.050310
vn -0.015002 0.998984 -0.042502
vn -0.020742 0.998951 -0.040832
vn -0.020760 0.999335 -0.029970
vn -0.014876 0.999668 -0.021051
vn 0.025306 0.995406 0.092344
vn -0.007903 0.999768 -0.020040
vn 0.054826 0.995672 0.075050
vn 0.066798 0.996647 0.047257
vn -0.008785 0.999633 -0.025620
vn -0.024077 0.999187 -0.032330
vn 0.026410 0.999286 0.027023
vn 0.024386 0.999687 -0.005652
vn 0.021954 0.999285 -0.030792
vn -0.052583 0.998604 -0.005036
vn -0.052005 0.998574 -0.012097
vn -0.120342 0.992402 -0.025611
vn -0.118415 0.992664 -0.024429
vn -0.284989 0.953887 -0.094238
vn -0.283364 0.954845 -0.089311
vn -0.465466 0.867785 -0.174040
vn -0.467418 0.868213 -0.166511
vn -0.523536 0.827777 -0.201730
vn -0.526480 0.828139 -0.192364
vn -0.015612 0.991607 -0.128342
vn -0.023173 0.991387 -0.128899
vn -0.010765 0.993424 -0.113986
vn -0.016820 0.960248 -0.278640
vn -0.019413 0.952089 -0.305205
vn -0.033995 0.949277 -0.312599
vn -0.052948 0.949662 -0.308771
vn -0.029904 0.991981 -0.122798
vn -0.062659 0.952783 -0.297118
vn -0.034030 0.992846 -0.114446
vn -0.041057 0.993512 -0.106054
vn -0.054749 0.993507 -0.099728
vn -0.073073 0.958204 -0.276597
vn -0.094912 0.963920 -0.248695
vn -0.027565 0.864371 -0.502099
vn -0.049637 0.861719 -0.504953
vn -0.025475 0.872953 -0.487138
vn -0.032877 0.821900 -0.568682
vn -0.033390 0.819530 -0.572062
vn -0.057792 0.818841 -0.571104
vn -0.092031 0.817907 -0.567943
vn -0.079896 0.861540 -0.501363
vn -0.109328 0.816613 -0.566737
vn -0.095323 0.863639 -0.495016
vn -0.112475 0.869611 -0.480756
vn -0.149615 0.879460 -0.451847
vn -0.130516 0.816680 -0.562139
vn -0.175791 0.819712 -0.545133
vn -0.032531 0.868449 -0.494710
vn -0.053663 0.868742 -0.492349
vn -0.036033 0.867969 -0.495310
vn -0.035797 0.912496 -0.407517
vn -0.029658 0.913017 -0.406842
vn -0.047700 0.913184 -0.404747
vn -0.085158 0.909976 -0.405822
vn -0.098788 0.865685 -0.490745
vn -0.084870 0.867441 -0.490248
vn -0.074661 0.911895 -0.403575
vn -0.114779 0.865647 -0.487321
vn -0.150831 0.866850 -0.475206
vn -0.097058 0.908687 -0.406040
vn -0.125677 0.908519 -0.398494
vn 0.012860 0.999469 0.029939
vn -0.057777 0.998329 0.000800
vn -0.003783 0.999523 0.030668
vn -0.065294 0.997858 -0.004084
vn -0.123514 0.991608 -0.038171
vn -0.122165 0.992074 -0.029399
vn -0.274759 0.955190 -0.110091
vn -0.282948 0.953766 -0.101345
vn -0.513833 0.825581 -0.233220
vn -0.519751 0.827288 -0.213201
vn -0.460272 0.868581 -0.183620
vn -0.451323 0.870485 -0.196375
vn -0.024524 0.999676 0.006798
vn -0.047720 0.998001 -0.041445
vn -0.077957 0.995797 -0.048074
vn -0.074049 0.997054 -0.019983
vn -0.106325 0.990981 -0.081553
vn -0.123007 0.990862 -0.055329
vn -0.197543 0.964881 -0.173149
vn -0.253048 0.958852 -0.128722
vn -0.076199 0.992414 -0.096478
vn -0.133072 0.966812 -0.218097
vn -0.361005 0.923825 -0.127369
vn -0.448145 0.878155 -0.167361
vn -0.442231 0.878962 -0.178486
vn -0.359901 0.922334 -0.140611
vn -0.433843 0.878574 -0.199720
vn -0.357221 0.919429 -0.164449
vn -0.448692 0.879596 -0.158069
vn -0.453921 0.882317 -0.124390
vn -0.361900 0.924412 -0.120377
vn -0.365309 0.925478 -0.100202
vn -0.355189 0.931329 -0.080419
vn -0.450600 0.887632 -0.095233
vn -0.456482 0.884463 -0.096689
vn -0.363704 0.927804 -0.083065
vn -0.442002 0.891004 -0.103663
vn -0.436786 0.893357 -0.105505
vn -0.346696 0.934263 -0.083394
vn -0.342385 0.935960 -0.082170
vn -0.335036 0.937855 -0.090441
vn -0.423793 0.898426 -0.115024
vn -0.431594 0.895632 -0.107562
vn -0.339420 0.936987 -0.082763
vn -0.412625 0.901742 -0.128846
vn -0.394371 0.906467 -0.150962
vn -0.326861 0.939192 -0.105267
vn -0.310058 0.941917 -0.129059
vn -0.375385 0.913420 -0.157324
vn -0.367091 0.921644 -0.125762
vn -0.291406 0.946404 -0.139291
vn -0.282710 0.952210 -0.115636
vn -0.270452 0.961579 -0.047135
vn -0.340489 0.939834 -0.027916
vn -0.359321 0.929984 -0.077579
vn -0.278204 0.957143 -0.080497
vn -0.232389 0.972609 0.005124
vn -0.286176 0.958025 0.017087
vn -0.313679 0.949490 0.008655
vn -0.256760 0.966444 -0.007723
vn -0.197356 0.980301 0.007763
vn -0.205642 0.978483 0.016794
vn -0.249479 0.968139 0.021594
vn -0.214856 0.976620 0.007097
vn -0.398886 0.832414 -0.384677
vn -0.491932 0.825791 -0.275812
vn -0.421165 0.878428 -0.225799
vn -0.331877 0.891166 -0.309324
vn -0.217967 0.890133 -0.400191
vn -0.262034 0.827696 -0.496244
vn -0.279091 0.915980 -0.288250
vn -0.336944 0.879703 -0.335547
vn -0.223235 0.872810 -0.434015
vn -0.186938 0.911724 -0.365807
vn -0.414875 0.877371 -0.241036
vn -0.343477 0.916318 -0.205877
vn 0.062896 0.996591 0.053395
vn 0.022791 0.999119 0.035246
vn 0.033841 0.992992 0.113229
vn 0.099938 0.979313 0.175947
vn 0.010063 0.999647 0.024608
vn 0.014210 0.996664 0.080365
vn 0.007144 0.997960 0.063437
vn 0.002547 0.998642 0.052033
vn 0.004877 0.999925 0.011260
vn -0.002811 0.999995 -0.001634
vn -0.014783 0.999119 0.039287
vn -0.030428 0.999077 0.030307
vn -0.038970 0.998633 0.034825
vn -0.010462 0.999530 -0.028830
vn -0.013300 0.982044 -0.188185
vn -0.016315 0.972167 -0.233721
vn -0.007504 0.996329 -0.085284
vn -0.004162 0.998248 -0.059016
vn -0.023256 0.830973 -0.555826
vn -0.034035 0.826102 -0.562492
vn -0.025822 0.888417 -0.458311
vn -0.019372 0.905549 -0.423800
vn -0.030276 0.910269 -0.412908
vn -0.041712 0.911725 -0.408679
vn -0.039560 0.867400 -0.496037
vn -0.027648 0.866400 -0.498584
vn 0.003926 0.991975 -0.126374
vn -0.007254 0.988250 -0.152676
vn -0.000036 0.999170 -0.040723
vn 0.007187 0.999636 -0.026009
vn 0.015210 0.903380 -0.428571
vn -0.010162 0.907452 -0.420032
vn -0.008327 0.864062 -0.503316
vn 0.015761 0.860288 -0.509564
vn -0.006546 0.835198 -0.549911
vn 0.014776 0.838438 -0.544796
vn -0.008503 0.919627 -0.392701
vn 0.008095 0.930124 -0.367156
vn 0.117888 0.893737 -0.432824
vn 0.055618 0.898951 -0.434504
vn 0.058031 0.856297 -0.513214
vn 0.136499 0.853114 -0.503552
vn 0.057639 0.840612 -0.538563
vn 0.151925 0.838220 -0.523743
vn 0.045556 0.935695 -0.349856
vn 0.131284 0.925365 -0.355619
vn 0.028460 0.993237 -0.112559
vn 0.082378 0.988573 -0.126239
vn 0.022713 0.999623 -0.015451
vn 0.056864 0.998342 -0.008974
vn 0.380956 0.886493 -0.262682
vn 0.332842 0.886662 -0.321009
vn 0.321328 0.865720 -0.383768
vn 0.393160 0.856845 -0.333530
vn 0.304707 0.873791 -0.379002
vn 0.245328 0.894192 -0.374479
vn 0.237254 0.886985 -0.396192
vn 0.281608 0.853115 -0.439195
vn 0.357464 0.828981 -0.430129
vn 0.470450 0.852626 -0.227390
vn 0.436434 0.885243 -0.160842
vn 0.433488 0.842335 -0.320249
vn 0.485001 0.866174 -0.120490
vn 0.522925 0.848782 -0.078220
vn 0.468082 0.881765 -0.058227
vn 0.500186 0.865009 0.039668
vn 0.532582 0.845546 0.037533
vn 0.496266 0.857829 0.133604
vn 0.515856 0.848158 0.120499
vn 0.452284 0.886882 0.094232
vn 0.470432 0.882150 0.022470
vn 0.197576 0.950322 0.240522
vn 0.295180 0.914315 0.277303
vn 0.311496 0.884610 0.347038
vn 0.241068 0.913919 0.326555
vn 0.367474 0.899682 0.235661
vn 0.407900 0.859635 0.307645
vn 0.401031 0.827808 0.392312
vn 0.302848 0.854437 0.422163
vn 0.237231 0.893031 0.382383
vn 0.469780 0.844452 0.257308
vn 0.477390 0.852531 0.212813
vn 0.418323 0.892475 0.168804
vn 0.225498 0.848684 -0.478421
vn 0.264091 0.829369 -0.492344
vn 0.188740 0.887762 -0.419828
vn 0.273492 0.889643 -0.365703
vn 0.252535 0.956656 -0.145034
vn 0.257390 0.961336 0.097900
vn 0.241189 0.970415 0.011026
vn 0.278246 0.856234 0.435249
vn 0.283832 0.927490 0.243313
vn 0.228877 0.849459 0.475432
vn 0.187480 0.881375 0.433623
vn 0.359292 0.803838 0.474083
vn 0.605212 0.523355 0.599848
vn 0.705507 0.564747 0.428159
vn 0.443178 0.844595 0.300421
vn 0.138710 0.943618 0.300575
vn 0.208208 0.956980 0.202087
vn -0.053278 0.995277 0.081144
vn -0.098425 0.978892 0.179117
vn -0.363347 0.928151 -0.080717
vn -0.629904 0.746566 -0.214150
vn -0.672547 0.739373 -0.031761
vn -0.413078 0.909449 0.047637
vn -0.825885 0.456928 -0.330350
vn -0.852779 0.416744 -0.314790
vn -0.939696 0.342008 -0.001299
vn -0.895839 0.440966 -0.054970
vn 0.612578 0.428193 0.664379
vn 0.747482 0.432414 0.504270
vn 0.788694 0.374591 0.487487
vn 0.683205 0.348164 0.641883
vn -0.851402 0.524465 -0.007131
vn -0.796174 0.517252 -0.313938
vn 0.758896 0.453596 0.467256
vn 0.775589 0.476119 0.414453
vn 0.803075 0.439792 0.402062
vn 0.788257 0.405276 0.463035
vn 0.482998 0.828311 0.283926
vn 0.709576 0.586234 0.390937
vn 0.719693 0.614787 0.322613
vn 0.541104 0.807809 0.233777
vn 0.274344 0.933156 0.232282
vn 0.375826 0.905427 0.197376
vn -0.055701 0.996335 0.064914
vn -0.054187 0.993191 0.103127
vn -0.415520 0.904638 -0.094727
vn -0.375371 0.921924 -0.095668
vn -0.616065 0.759227 -0.209854
vn -0.602420 0.758124 -0.249677
vn -0.784271 0.500888 -0.366101
vn -0.809557 0.502640 -0.303267
vn -0.824525 0.465134 -0.322194
vn -0.798776 0.473235 -0.371490
vn -0.782755 0.544506 -0.301345
vn -0.798066 0.497724 -0.339648
vn 0.839835 0.496743 0.218914
vn 0.877860 0.478455 0.021030
vn 0.893610 0.447250 0.037806
vn 0.863360 0.460611 0.206029
vn 0.621918 0.776416 0.101956
vn 0.777426 0.609866 0.153862
vn 0.819910 0.572341 0.013171
vn 0.677863 0.734468 -0.032548
vn 0.493810 0.866979 0.067073
vn 0.579351 0.814574 -0.028659
vn 0.257624 0.965052 -0.048004
vn 0.072766 0.997102 -0.022176
vn -0.225396 0.971400 -0.074689
vn -0.381602 0.920954 -0.078891
vn -0.548713 0.831377 -0.087901
vn -0.625914 0.773175 -0.102139
vn -0.844160 0.503668 -0.183610
vn -0.813527 0.567602 -0.126499
vn -0.890703 0.442186 -0.105452
vn -0.876537 0.435983 -0.203966
vn -0.854159 0.515038 -0.071752
vn -0.816084 0.550918 -0.174635
vn 0.864684 0.501816 -0.022416
vn 0.827105 0.553509 0.097596
vn 0.896178 0.419344 0.144966
vn 0.906040 0.422613 -0.022153
vn 0.713038 0.700862 0.019207
vn 0.853087 0.521697 -0.008618
vn 0.864305 0.462396 0.197905
vn 0.728222 0.637086 0.252615
vn 0.623797 0.771236 0.126775
vn 0.632704 0.696597 0.338287
vn 0.346437 0.905501 0.245048
vn 0.323899 0.937404 0.127923
vn -0.094130 0.995283 -0.023489
vn -0.139764 0.990030 -0.017513
vn -0.341486 0.916629 -0.207797
vn -0.435063 0.891843 -0.123837
vn -0.667999 0.728972 -0.149592
vn -0.459778 0.841512 -0.283658
vn -0.635536 0.655015 -0.408717
vn -0.831505 0.536781 -0.143059
vn -0.693130 0.527945 -0.490759
vn -0.861399 0.478621 -0.170042
vn 0.601615 0.490929 0.630118
vn 0.627572 0.367375 0.686433
vn 0.616719 0.411353 0.671153
vn 0.551982 0.612547 0.565775
vn 0.556031 0.685634 0.469824
vn 0.360432 0.904490 0.228003
vn -0.032731 0.990359 -0.134602
vn -0.248030 0.903380 -0.349836
vn -0.300537 0.806762 -0.508736
vn -0.357023 0.602504 -0.713809
vn -0.325677 0.549658 -0.769292
vn 0.171616 0.244730 0.954283
vn 0.125886 0.287612 0.949438
vn 0.236284 0.314920 0.919236
vn 0.206557 0.218394 0.953750
vn 0.223776 0.643228 0.732244
vn 0.213050 0.373510 0.902829
vn 0.242633 0.491511 0.836389
vn 0.148660 0.717385 0.680632
vn 0.338181 0.757805 0.558002
vn 0.159979 0.841459 0.516094
vn 0.146571 0.980000 0.134600
vn 0.276290 0.940732 0.196689
vn 0.008251 0.960034 -0.279761
vn 0.004581 0.973108 -0.230302
vn -0.129306 0.785560 -0.605124
vn -0.170687 0.856151 -0.487720
vn -0.258669 0.660074 -0.705260
vn -0.226640 0.529746 -0.817315
vn -0.228040 0.437241 -0.869953
vn -0.278925 0.488768 -0.826624
vn -0.184056 0.500718 -0.845816
vn -0.240322 0.543909 -0.803995
vn 0.670950 0.569160 0.475272
vn 0.541402 0.602014 0.586910
vn 0.664836 0.621200 0.414853
vn 0.405859 0.805138 0.432470
vn 0.302754 0.897322 0.321175
vn 0.203009 0.979129 -0.009713
vn 0.071588 0.924572 -0.374221
vn -0.013244 0.734109 -0.678903
vn -0.012712 0.427278 -0.904031
vn -0.075695 0.485683 -0.870851
vn 0.030788 0.453151 -0.890902
vn 0.960809 -0.212385 -0.178152
vn 0.757877 -0.376658 0.532682
vn 0.173786 -0.970818 0.165260
vn 0.533967 -0.333627 -0.776899
vn -0.578231 -0.384941 0.719354
vn 0.087760 -0.249285 0.964446
vn -0.805546 -0.301258 -0.510234
vn -0.979686 -0.200495 0.004147
vn -0.334197 -0.217190 -0.917138
vn 0.204864 -0.736182 -0.645033
vn 0.673670 -0.707959 -0.212042
vn 0.934173 -0.314093 -0.169311
vn 0.437648 -0.336042 -0.833990
vn 0.786436 -0.311665 0.533276
vn 0.569629 -0.731922 0.373916
vn 0.074786 -0.391244 0.917243
vn -0.008446 -0.736250 0.676658
vn -0.476779 -0.712649 0.514600
vn -0.686773 -0.355369 0.634079
vn -0.610757 -0.791258 0.029768
vn -0.949106 -0.314880 -0.006976
vn -0.824055 -0.238926 -0.513661
vn -0.550378 -0.726620 -0.411226
vn -0.286207 -0.692183 -0.662546
vn -0.309769 -0.344915 -0.886046
vn -0.100979 -0.969981 -0.221226
vn -0.177386 -0.984106 -0.008341
vn -0.292666 -0.949880 0.109885
vn -0.177431 -0.969660 0.168161
vn 0.455686 -0.889719 0.027396
vn 0.423529 -0.905879 -0.002798
vn 0.191170 -0.978951 0.071481
vn 0.056196 -0.996085 -0.068243
vn 0.730472 -0.375047 -0.570745
vn 0.676454 -0.643115 0.358906
vn -0.303290 -0.904226 0.300652
vn -0.005829 -0.423815 -0.905730
vn -0.421207 -0.592020 0.687093
vn 0.404065 -0.584192 0.703883
vn -0.924764 -0.374502 -0.067523
vn -0.870987 -0.458814 0.175702
vn -0.592565 -0.245691 -0.767139
vn -0.091493 -0.494888 -0.864127
vn -0.592911 -0.421790 -0.685966
vn -0.546532 -0.556709 -0.625602
vn -0.118805 -0.693958 -0.710146
vn 0.512707 -0.617126 -0.596898
vn 0.263905 -0.823431 -0.502309
vn -0.477509 -0.798955 0.365590
vn 0.127480 -0.866593 0.482458
vn -0.106941 -0.962989 0.247419
vn -0.419574 -0.856028 0.301950
vn -0.693315 -0.719650 0.037672
vn -0.767242 -0.639760 0.045246
vn 0.287660 -0.952153 -0.103228
vn 0.726675 -0.678449 0.107934
vn -0.769596 -0.570747 -0.286303
vn -0.858590 -0.447040 -0.250954
vn -0.660143 -0.740393 -0.126611
vn -0.746590 -0.643497 -0.168866
vn -0.675168 -0.669565 -0.309566
vn -0.604224 -0.774741 -0.186252
vn -0.557980 -0.829103 0.035302
vn -0.578135 -0.815460 0.028011
vn -0.617097 -0.736353 -0.277444
vn -0.376561 -0.818265 -0.434332
vn 0.343184 -0.343386 0.874249
vn -0.390624 -0.377097 0.839768
vn -0.161669 -0.931806 0.324964
vn 0.826489 -0.392528 0.403533
vn -0.919478 -0.347980 -0.182947
vn -0.859548 -0.307203 0.408417
vn 0.262717 -0.382769 -0.885701
vn -0.352861 -0.316287 -0.880597
vn 0.816081 -0.287072 -0.501600
vn 0.245603 -0.364432 -0.898259
vn 0.858901 -0.276575 -0.431041
vn 0.869471 -0.204382 -0.449720
vn 0.252160 -0.233379 -0.939122
vn -0.429798 -0.288870 -0.855469
vn -0.419324 -0.484429 -0.767786
vn -0.398333 -0.313280 0.862083
vn 0.328417 -0.279434 0.902252
vn 0.269850 -0.350297 0.896924
vn -0.420574 -0.455907 0.784389
vn -0.720311 -0.581661 0.377920
vn -0.840800 -0.367561 0.397435
vn 0.891612 -0.249144 0.378093
vn 0.902619 -0.211684 0.374791
vn -0.802590 -0.583511 -0.123957
vn -0.903226 -0.343229 -0.257636
vn 0.687754 -0.639842 -0.342923
vn 0.761551 -0.563356 0.320423
vn 0.198252 -0.596435 0.777793
vn -0.381484 -0.639128 0.667821
vn -0.587568 -0.712987 0.382639
vn -0.598680 -0.800945 0.008266
vn -0.280874 -0.804265 -0.523706
vn 0.231840 -0.701913 -0.673475
vn 0.054297 -0.991231 -0.120468
vn 0.212904 -0.959914 0.182312
vn 0.030007 -0.845579 0.533006
vn -0.327479 -0.781288 0.531363
vn -0.076521 -0.923733 0.375315
vn 0.020577 -0.978313 0.206107
vn 0.104808 -0.991704 -0.074422
vn 0.087764 -0.942430 -0.322682
vn 0.954914 0.175527 0.239435
vn 0.964207 0.230465 0.131116
vn 0.680705 0.300529 -0.668074
vn 0.657982 0.314518 -0.684206
vn 0.523046 0.387574 -0.759084
vn 0.987763 -0.033304 0.152367
vn 0.807141 -0.464019 -0.364980
vn 0.974888 -0.177016 -0.135122
vn 0.406102 0.548750 -0.730722
vn 0.484018 0.589736 -0.646481
vn 0.655806 0.584616 -0.477642
vn 0.653283 -0.568619 -0.499894
vn 0.894113 0.314886 -0.318447
vn 0.567967 -0.612448 -0.549837
vn 0.775150 0.182506 -0.604843
vn 0.292922 -0.147894 -0.944629
vn 0.395503 -0.434156 -0.809374
vn 0.872999 0.281399 -0.398357
vn 0.645040 0.328782 -0.689801
vn 0.340048 -0.012785 -0.940321
vn 0.302635 0.019133 -0.952914
vn 0.680705 0.257413 -0.685842
vn -0.620214 0.129445 0.773679
vn -0.566959 0.196870 0.799875
vn -0.517899 0.226133 0.825012
vn -0.565696 0.229894 0.791920
vn -0.620054 0.207715 0.756563
vn -0.493852 0.397679 0.773280
vn 0.250787 0.285678 0.924929
vn 0.127505 0.348746 0.928504
vn -0.028491 -0.999593 -0.001420
vn -0.415503 -0.885575 -0.207641
vn -0.436097 -0.893745 -0.105064
vn -0.091667 -0.991659 0.090608
vn 0.317076 -0.895987 0.310919
vn 0.389795 -0.894355 0.219520
vn -0.711268 -0.567212 -0.415173
vn -0.741694 -0.623193 -0.248035
vn -0.835415 -0.247983 -0.490496
vn -0.907800 -0.245450 -0.340079
vn -0.839230 -0.288241 -0.461097
vn -0.902812 -0.246370 -0.352467
vn 0.798411 -0.117654 0.590506
vn 0.780741 -0.135618 0.609960
vn 0.888697 -0.134271 0.438394
vn 0.874461 -0.112291 0.471920
vn 0.845253 -0.258539 0.467659
vn 0.793659 -0.225010 0.565222
vn 0.645042 -0.587420 0.488732
vn 0.685130 -0.613338 0.392955
vn -0.839149 0.038052 0.542568
vn -0.936923 -0.132866 0.323298
vn -0.770785 -0.612867 0.174025
vn -0.539985 -0.816088 0.205956
vn -0.282915 -0.897752 0.337640
vn 0.125306 -0.849713 0.512140
vn 0.394216 -0.483124 0.781783
vn 0.403517 -0.118676 0.907243
vn 0.286828 -0.030716 0.957490
vn 0.154587 -0.053218 0.986545
vn -0.267964 -0.962898 0.031966
vn 0.017027 -0.985392 0.169448
vn 0.183725 -0.982978 -0.000061
vn -0.015757 -0.993402 -0.113595
vn -0.128318 -0.986478 -0.101963
vn -0.635085 -0.685688 -0.355668
vn -0.620806 -0.694850 -0.363020
vn -0.300627 -0.945678 -0.123761
vn -0.333196 -0.930868 -0.149885
vn -0.333028 -0.927718 -0.168620
vn -0.615106 -0.700628 -0.361615
vn -0.269776 -0.962295 -0.034778
vn -0.543496 -0.773887 -0.325132
vn 0.384416 -0.869615 0.309828
vn 0.342203 -0.867739 0.360454
vn 0.354711 -0.874241 0.331486
vn 0.404597 -0.880986 0.245288
vn 0.464115 -0.860685 0.209328
vn 0.678784 -0.591095 0.435728
vn 0.724939 -0.565390 0.393443
vn 0.650651 -0.593369 0.473885
vn 0.653011 -0.610041 0.448805
vn 0.673250 -0.616247 0.408624
vn 0.842869 -0.123068 0.523857
vn 0.828394 -0.237354 0.507372
vn 0.804687 -0.249295 0.538823
vn 0.834860 -0.122102 0.536749
vn 0.818119 -0.261708 0.512045
vn 0.845255 -0.117521 0.521280
vn 0.838988 -0.272132 0.471214
vn 0.863416 -0.119347 0.490172
vn 0.829412 -0.079711 0.552922
vn 0.850424 -0.204217 0.484844
vn 0.820191 -0.204947 0.534120
vn 0.806381 -0.197073 0.557595
vn 0.766006 -0.129081 0.629741
vn 0.840530 -0.192938 0.506245
vn 0.868646 -0.167049 0.466421
vn -0.836347 -0.230332 -0.497464
vn -0.844355 -0.201732 -0.496356
vn -0.865319 -0.212784 -0.453812
vn -0.854208 -0.266805 -0.446256
vn -0.818761 -0.223287 -0.528935
vn -0.843791 -0.201043 -0.497593
vn -0.845215 -0.178484 -0.503741
vn -0.849364 -0.181224 -0.495720
vn -0.755684 -0.456711 -0.469422
vn -0.785864 -0.381168 -0.486958
vn -0.798430 -0.351936 -0.488518
vn -0.810267 -0.344907 -0.473822
vn 0.771338 -0.059944 0.633596
vn 0.827286 -0.008774 0.561712
vn 0.856857 -0.154441 0.491877
vn 0.759338 -0.516981 0.395141
vn 0.506049 -0.827370 0.243666
vn 0.190163 -0.976894 0.097553
vn -0.060670 -0.998059 -0.014034
vn -0.189149 -0.979509 -0.069177
vn -0.333376 -0.933692 -0.130691
vn -0.577244 -0.756547 -0.307287
vn -0.807399 -0.375504 -0.455086
vn -0.857766 -0.183041 -0.480346
vn -0.829617 -0.260567 -0.493802
vn 0.816413 -0.038017 0.576216
vn 0.840225 0.047214 0.540179
vn 0.862956 -0.103178 0.494634
vn 0.785971 -0.462112 0.410734
vn 0.517894 -0.813754 0.263798
vn 0.184980 -0.974440 0.127473
vn -0.038884 -0.999085 0.017826
vn -0.201842 -0.977998 -0.052727
vn -0.392671 -0.918817 -0.039811
vn -0.554271 -0.826337 -0.099754
vn -0.788296 -0.487365 -0.375587
vn -0.859045 -0.166985 -0.483899
vn -0.862277 -0.254804 -0.437669
vn -0.878563 -0.301496 -0.370441
vn -0.839657 -0.326426 -0.434076
vn -0.933805 -0.320289 -0.159444
vn -0.454397 -0.887962 -0.071045
vn -0.391109 -0.905644 -0.163838
vn -0.262504 -0.957095 -0.122721
vn -0.326169 -0.945201 0.014449
vn -0.938755 -0.339530 -0.058813
vn -0.875174 -0.141579 -0.462630
vn -0.910601 -0.177285 -0.373330
vn -0.926820 -0.076652 -0.367600
vn -0.956599 -0.041763 -0.288399
vn -0.978896 -0.006434 -0.204260
vn -0.982670 -0.036506 -0.181736
vn -0.992262 -0.085726 -0.089820
vn -0.999171 -0.032855 -0.024034
vn -0.144344 -0.988387 0.047504
vn -0.089763 -0.995820 0.016916
vn 0.035480 -0.996893 0.070329
vn -0.015043 -0.999007 0.041935
vn -0.130117 -0.991280 -0.020837
vn 0.033282 -0.995892 0.084208
vn -0.003151 -0.997897 0.064740
vn -0.193245 -0.980525 -0.035043
vn 0.928258 0.181636 0.324569
vn 0.872331 0.144045 0.467215
vn 0.838382 -0.291536 0.460568
vn 0.879933 -0.336835 0.335054
vn 0.819024 -0.211730 0.533263
vn 0.827055 0.108805 0.551491
vn 0.835539 0.078922 0.543734
vn 0.837430 -0.084610 0.539956
vn 0.143769 -0.987100 0.070458
vn 0.154907 -0.983055 0.098015
vn 0.515080 -0.821271 0.245372
vn 0.500992 -0.844528 0.189152
vn 0.517487 -0.810961 0.273038
vn 0.161698 -0.977122 0.138155
vn 0.173651 -0.973377 0.149606
vn 0.521932 -0.806957 0.276417
vn 0.858273 -0.437265 0.268638
vn 0.836934 -0.398116 0.375559
vn 0.904856 0.036060 0.424187
vn 0.958514 0.038434 0.282442
vn 0.871056 -0.002428 0.491177
vn 0.821869 -0.394426 0.411047
vn 0.804110 -0.424735 0.415942
vn 0.861547 -0.057388 0.504424
vn -0.995792 -0.089827 0.018136
vn -0.944445 -0.320460 0.072996
vn -0.959133 -0.279179 0.046073
vn -0.997829 -0.058626 0.030009
vn -0.701272 -0.698174 0.144120
vn -0.760198 -0.635654 0.134321
vn -0.443542 -0.883108 0.152943
vn -0.296341 -0.948046 0.115717
vn -0.378069 -0.919895 0.104191
vn -0.528600 -0.834314 0.156535
vn -0.090669 -0.994770 0.047037
vn -0.219251 -0.975564 0.014282
vn 0.340489 -0.940232 -0.005639
vn 0.215643 -0.976162 -0.024622
vn 0.739346 -0.673073 0.018449
vn 0.789933 -0.613051 0.013234
vn 0.979807 -0.192986 0.052295
vn 0.995576 -0.092308 0.017553
vn 0.972807 0.130214 -0.191550
vn 0.978651 0.003787 -0.205496
vn 0.996752 0.074600 -0.030331
vn 0.968542 0.231384 -0.091588
vn -0.987879 -0.120094 0.098348
vn -0.893331 -0.425278 0.145254
vn -0.867965 -0.487359 -0.095488
vn -0.987119 -0.159624 -0.010819
vn -0.994754 -0.096511 -0.033916
vn -0.923385 -0.355265 -0.145423
vn -0.983574 -0.173901 -0.048372
vn -0.999114 -0.039496 0.014546
vn -0.994123 -0.108249 0.001338
vn -0.975975 -0.214083 -0.040526
vn -0.821154 -0.568830 -0.046248
vn -0.909933 -0.413003 0.038087
vn -0.454248 -0.888407 0.066265
vn -0.586336 -0.804896 0.091400
vn -0.238782 -0.969175 0.060689
vn -0.096037 -0.995036 0.026101
vn -0.199736 -0.977659 0.065480
vn -0.336559 -0.937338 0.090143
vn 0.126297 -0.990890 0.046756
vn 0.046612 -0.998012 0.042429
vn 0.500220 -0.859302 0.106678
vn 0.442759 -0.896242 0.026739
vn 0.826701 -0.562051 0.025773
vn 0.860002 -0.496792 0.116600
vn 0.998851 -0.006838 0.047431
vn 0.989546 0.027234 0.141621
vn 0.945315 0.321000 0.057775
vn 0.930384 0.272700 0.244989
vn 0.924861 -0.124077 0.359497
vn 0.986992 0.072625 0.143429
vn 0.998576 -0.017466 0.050408
vn 0.988022 -0.153929 -0.010876
vn 0.953886 -0.291049 0.073430
vn 0.648194 -0.760579 0.036934
vn 0.046959 -0.998887 0.004417
vn -0.304344 -0.952328 0.021146
vn -0.427824 -0.902949 0.040608
vn -0.574175 -0.815828 0.068905
vn -0.781195 -0.621937 0.054115
vn -0.968365 -0.249263 -0.011697
vn -0.999443 -0.019448 -0.027114
vn -0.997007 -0.075432 0.016965
vn -0.933831 -0.353085 0.057360
vn 0.854197 -0.503119 0.131222
vn 0.653520 -0.671287 0.349693
vn 0.487990 -0.736699 0.468124
vn -0.405418 -0.906110 -0.120836
vn -0.327562 -0.920034 -0.215038
vn -0.208943 -0.927728 -0.309297
vn -0.433717 -0.900539 -0.030311
vn 0.913277 -0.402086 0.065212
vn 0.996714 -0.051371 0.062627
vn 0.989089 -0.130765 0.067844
vn 0.851556 0.071722 0.519334
vn 0.531635 0.159005 0.831914
vn 0.634755 -0.088594 0.767618
vn 0.873102 -0.161535 0.460000
vn 0.979714 -0.007823 0.200247
vn 0.981188 -0.103599 0.162905
vn -0.810716 -0.584641 -0.030561
vn -0.975274 -0.217125 -0.041206
vn -0.996682 -0.025728 -0.077225
vn -0.987028 -0.114157 -0.112887
vn -0.912534 -0.383771 -0.141424
vn -0.859201 -0.497808 -0.118154
vn -0.986301 -0.155003 -0.056438
vn -0.997183 -0.055145 -0.050836
vn -0.982681 -0.173056 -0.066250
vn -0.893737 -0.444309 -0.061840
vn -0.831826 -0.446497 -0.329706
vn -0.953698 -0.114775 -0.278005
vn -0.971761 -0.069543 -0.225489
vn -0.962970 -0.193804 -0.187429
vn -0.867709 -0.480559 -0.127058
vn -0.591000 -0.489685 -0.641036
vn -0.733852 -0.101096 -0.671744
vn -0.799892 -0.015394 -0.599946
vn -0.868300 -0.094146 -0.487024
vn -0.873133 -0.363283 -0.325060
vn -0.588699 -0.807339 -0.040465
vn -0.602929 -0.783780 -0.148885
vn -0.536321 -0.792353 -0.290750
vn -0.339152 -0.829107 -0.444475
vn 0.365074 0.203233 0.908525
vn 0.437621 0.051606 0.897677
vn 0.373529 0.244117 0.894921
vn 0.391968 0.117015 0.912507
vn 0.177863 -0.983465 -0.034075
vn 0.485114 -0.603293 0.633010
vn 0.473489 -0.391481 0.789019
vn 0.297148 -0.941933 0.156417
vn -0.043056 -0.887407 -0.458972
vn -0.114903 -0.907721 -0.403534
vn -0.491217 -0.142994 -0.859220
vn -0.383176 -0.269186 -0.883581
vn -0.426273 0.118630 -0.896782
vn -0.548383 0.090175 -0.831351
vn -0.401317 -0.587609 -0.702609
vn -0.252011 -0.674478 -0.693952
vn -0.110807 -0.831441 -0.544452
vn -0.215243 -0.843868 -0.491484
vn -0.448441 0.238389 -0.861436
vn -0.661014 0.118237 -0.741000
vn -0.540040 0.123055 -0.832595
vn -0.789715 -0.090029 -0.606832
vn 0.307156 0.254094 0.917111
vn 0.343681 0.097657 0.933995
vn -0.972712 0.231560 0.014555
vn -0.676577 0.013179 0.736254
vn 0.048524 -0.143533 0.988455
vn 0.776439 -0.192620 0.600033
vn 0.895195 -0.178270 0.408468
vn 0.843573 -0.219602 0.490061
vn 0.877049 -0.199089 0.437206
vn 0.816580 -0.227870 0.530351
vn 0.786765 -0.224556 0.574957
vn 0.719832 -0.175317 0.671644
vn 0.727407 -0.154236 0.668648
vn 0.791567 -0.201779 0.576807
vn 0.804657 -0.377568 0.458224
vn 0.687246 -0.642950 0.338096
vn 0.516055 -0.829172 0.214854
vn 0.507122 -0.843945 0.174883
vn 0.645043 -0.704133 0.296844
vn 0.895122 -0.381271 0.231062
vn 0.980382 -0.106427 -0.165908
vn 0.935670 -0.095034 -0.339839
vn 0.949268 -0.298313 -0.099496
vn 0.956404 -0.276065 0.095285
vn 0.957217 -0.108514 0.268255
vn 0.816035 0.051266 0.575724
vn 0.480149 0.110076 0.870253
vn 0.369524 0.104511 0.923325
vn 0.375460 0.188576 0.907452
vn 0.292311 0.277524 0.915169
vn 0.980059 0.193836 -0.043726
vn 0.689810 0.277263 -0.668796
vn 0.057420 0.463216 -0.884383
vn -0.147519 0.551969 -0.820712
vn -0.221919 0.624139 -0.749134
vn -0.274711 0.628409 -0.727761
vn -0.571517 0.599105 -0.560752
vn -0.841062 0.504900 -0.194140
vn -0.820194 0.568341 -0.065340
vn -0.784980 0.600369 -0.152852
vn -0.783152 0.549818 -0.290471
vn -0.827962 0.456565 -0.325617
vn -0.894666 0.337091 -0.293159
vn 0.569957 0.141672 0.809369
vn 0.667267 0.139422 0.731653
vn 0.465072 0.013248 0.885174
vn 0.326820 0.228170 0.917130
vn 0.306007 0.060290 0.950118
vn 0.369244 0.276930 0.887113
vn 0.458675 -0.684824 0.566245
vn -0.038249 -0.705774 0.707403
vn 0.212092 -0.280339 0.936177
vn 0.455336 -0.292011 0.841070
vn 0.158456 -0.878103 0.451471
vn 0.370679 -0.300614 0.878765
vn 0.178526 -0.980057 0.087273
vn -0.228052 -0.971739 0.060956
vn -0.116216 -0.946284 -0.301729
vn -0.088607 -0.947762 -0.306425
vn -0.030332 -0.854170 -0.519108
vn -0.242190 -0.374150 -0.895185
vn -0.229033 -0.430402 -0.873097
vn -0.333301 -0.056815 -0.941107
vn -0.377896 0.036044 -0.925146
vn -0.062653 -0.701754 -0.709659
vn -0.084739 -0.796359 -0.598858
vn -0.268046 0.110432 -0.957056
vn -0.330749 0.223816 -0.916794
vn -0.087422 0.067341 -0.993893
vn -0.297005 0.182271 -0.937318
vn 0.035946 -0.982635 -0.182034
vn -0.058543 0.005530 -0.998270
vn 0.089376 -0.049464 -0.994769
vn -0.169172 -0.147303 -0.974517
vn -0.169393 -0.538379 -0.825503
vn -0.057333 -0.890682 -0.450997
vn -0.286583 0.411917 0.864982
vn -0.027656 0.360981 0.932163
vn 0.238847 0.292371 0.925998
vn -0.331470 0.002535 0.943462
vn 0.687878 0.422296 -0.590331
vn 0.358822 0.515943 0.777850
vn 0.381170 -0.028971 -0.924051
vn 0.161879 -0.108233 -0.980857
vn -0.080531 0.063831 -0.994706
vn -0.316473 0.126777 -0.940092
vn -0.601012 -0.001133 -0.799240
vn -0.824266 -0.312810 -0.471949
vn -0.797518 -0.570836 -0.195221
vn -0.749987 -0.657261 -0.074349
vn -0.792559 -0.608765 -0.035438
vn -0.826093 -0.545514 -0.141372
vn -0.818975 -0.568728 0.076341
vn -0.748560 -0.654569 0.105816
vn -0.718897 -0.666525 -0.197312
vn -0.823832 -0.528022 -0.206140
vn -0.943343 -0.309483 -0.119684
vn -0.967464 -0.195517 -0.160582
vn -0.966650 -0.113652 -0.229504
vn -0.965975 -0.115730 -0.231299
vn -0.929246 -0.207202 -0.305891
vn -0.856218 -0.277010 -0.436069
vn -0.801814 -0.285216 -0.525115
vn -0.787136 -0.257594 -0.560412
vn -0.833691 -0.235753 -0.499379
vn -0.871663 -0.240765 -0.426890
vn -0.864955 -0.291747 -0.408334
vn -0.827532 -0.348809 -0.439913
vn -0.873430 -0.327626 -0.360251
vn -0.724543 0.050818 0.687353
vn 0.126832 0.418045 0.899529
vn 0.521421 0.481039 0.704784
vn 0.706195 0.476098 0.524041
vn 0.743639 0.486156 0.458969
vn 0.765705 0.499188 0.405595
vn 0.838271 0.515507 0.177637
vn 0.869716 0.493551 -0.001342
vn 0.841895 0.539631 0.003511
vn 0.765086 0.635437 0.104229
vn 0.532808 0.529564 0.660059
vn 0.135316 0.256717 0.956967
vn 0.083652 0.292733 0.952528
vn 0.752295 0.477670 -0.453744
vn 0.615035 0.475206 -0.629214
vn 0.605657 0.494217 -0.623642
vn 0.740389 0.495259 -0.454470
vn 0.402867 0.468776 -0.786096
vn 0.395429 0.488568 -0.777777
vn 0.376544 0.555879 -0.741090
vn 0.576355 0.557897 -0.597132
vn 0.703824 0.553455 -0.445330
vn 0.171432 0.457492 -0.872532
vn 0.168380 0.478355 -0.861873
vn 0.026955 0.456667 -0.889229
vn 0.026584 0.478178 -0.877861
vn 0.022067 0.550133 -0.834786
vn 0.160995 0.548634 -0.820416
vn -0.131340 0.475050 -0.870102
vn -0.125974 0.495801 -0.859251
vn -0.378525 0.498932 -0.779607
vn -0.366963 0.519167 -0.771884
vn -0.345726 0.588168 -0.731117
vn -0.125836 0.567611 -0.813624
vn -0.594465 0.503494 -0.626981
vn -0.582400 0.523435 -0.621953
vn -0.742915 0.502488 -0.442248
vn -0.732468 0.521211 -0.437984
vn -0.695239 0.582388 -0.421268
vn -0.544595 0.589173 -0.596901
vn -0.831379 0.507786 -0.225747
vn -0.822239 0.524858 -0.220108
vn -0.853100 0.521705 0.006698
vn -0.843392 0.537142 0.012990
vn -0.809316 0.586801 0.025936
vn -0.788088 0.580247 -0.205502
vn -0.807673 0.538542 0.240077
vn -0.797062 0.552387 0.244053
vn -0.690219 0.538399 0.483450
vn -0.682802 0.550389 0.480471
vn -0.668257 0.590438 0.452566
vn -0.762583 0.596720 0.249784
vn -0.505633 0.490004 0.710092
vn -0.508997 0.500286 0.700454
vn -0.340934 0.423306 0.839390
vn -0.350196 0.433142 0.830512
vn -0.382403 0.467909 0.796762
vn -0.536207 0.540815 0.648075
vn -0.199975 0.389980 0.898847
vn -0.203598 0.398878 0.894117
vn -0.023980 0.396638 0.917662
vn -0.026296 0.404893 0.913986
vn -0.018021 0.432536 0.901437
vn -0.212754 0.426562 0.879080
vn 0.175504 0.426920 0.887095
vn 0.169258 0.434863 0.884447
vn 0.391002 0.455994 0.799491
vn 0.375947 0.464188 0.801993
vn 0.363117 0.493535 0.790297
vn 0.176583 0.464352 0.867868
vn 0.594487 0.467150 0.654489
vn 0.577590 0.476605 0.662750
vn 0.758028 0.468930 0.453319
vn 0.745346 0.479879 0.462791
vn 0.719238 0.515210 0.466107
vn 0.550202 0.507385 0.663203
vn 0.859136 0.466901 0.209499
vn 0.850925 0.479725 0.213988
vn 0.884057 0.466289 -0.031909
vn 0.876083 0.480901 -0.034824
vn 0.848249 0.527882 -0.042593
vn 0.826206 0.520805 0.214813
vn 0.843779 0.472648 -0.254247
vn 0.832652 0.488751 -0.260411
vn 0.796622 0.541019 -0.269614
vn 0.319741 0.935217 -0.152103
vn 0.253517 0.930324 -0.265003
vn 0.051231 0.997587 -0.046862
vn 0.040680 0.999054 -0.015360
vn 0.168125 0.933237 -0.317495
vn 0.018520 0.999193 -0.035640
vn 0.000000 1.000000 0.000000
vn 0.085785 0.935169 -0.343658
vn 0.012058 0.997922 -0.063290
vn -0.006347 0.941016 -0.338302
vn -0.000266 0.999256 -0.038562
vn -0.103807 0.931709 -0.348055
vn -0.013411 0.997881 -0.063675
vn -0.198018 0.924867 -0.324669
vn -0.019447 0.999173 -0.035712
vn -0.301464 0.913560 -0.272999
vn -0.054844 0.997342 -0.047963
vn -0.376775 0.912529 -0.159160
vn -0.041788 0.999000 -0.015922
vn -0.419270 0.906365 -0.052108
vn -0.081952 0.996630 -0.003432
vn -0.408642 0.912692 -0.002184
vn -0.049172 0.998789 0.001296
vn -0.420831 0.905357 0.056825
vn -0.086449 0.996188 0.011655
vn -0.374664 0.903024 0.210178
vn -0.046850 0.998641 0.022829
vn -0.288580 0.870984 0.397628
vn -0.062089 0.995274 0.074665
vn -0.210919 0.860069 0.464537
vn -0.023140 0.998206 0.055226
vn -0.137516 0.866284 0.480252
vn -0.012600 0.994642 0.102609
vn -0.036024 0.887648 0.459112
vn -0.001271 0.998149 0.060807
vn 0.073695 0.884911 0.459893
vn 0.009570 0.994852 0.100886
vn 0.172800 0.887489 0.427204
vn 0.022100 0.998221 0.055374
vn 0.263803 0.894909 0.359924
vn 0.061773 0.995399 0.073244
vn 0.336509 0.916916 0.214538
vn 0.047484 0.998577 0.024265
vn 0.367121 0.926329 0.084482
vn 0.083021 0.996459 0.013294
vn 0.352386 0.935724 0.015667
vn 0.048316 0.998829 0.002385
vn 0.356085 0.933374 -0.044909
vn 0.077119 0.997020 -0.001790
vn -0.666311 0.626923 0.403729
vn -0.567605 0.624212 0.536827
vn -0.520675 0.659392 0.542310
vn -0.662744 0.629649 0.405355
vn -0.423446 0.613746 0.666340
vn -0.388998 0.692889 0.607112
vn -0.349089 0.710225 0.611324
vn -0.441654 0.692586 0.570322
vn -0.608857 0.692149 0.387586
vn -0.751944 0.658610 0.028537
vn -0.726635 0.642806 0.242491
vn -0.733900 0.646470 0.208489
vn -0.741066 0.671371 0.008994
vn -0.689031 0.709540 0.147613
vn -0.690994 0.722778 -0.010900
vn -0.637317 0.654855 -0.406192
vn -0.725503 0.661018 -0.191573
vn -0.716999 0.672537 -0.183320
vn -0.644795 0.654424 -0.394930
vn -0.677394 0.719424 -0.153515
vn -0.621781 0.703603 -0.343993
vn -0.347539 0.615857 -0.707062
vn -0.501523 0.639816 -0.582332
vn -0.525948 0.622519 -0.579524
vn -0.394490 0.583963 -0.709482
vn -0.516973 0.680998 -0.518634
vn -0.399991 0.662740 -0.633075
vn 0.006996 0.537226 -0.843410
vn -0.167785 0.573376 -0.801928
vn -0.224681 0.534534 -0.814734
vn -0.004274 0.495896 -0.868372
vn -0.244484 0.648790 -0.720624
vn -0.012168 0.637140 -0.770652
vn 0.375901 0.555098 -0.742000
vn 0.177116 0.539178 -0.823357
vn 0.211228 0.497749 -0.841207
vn 0.399171 0.514895 -0.758647
vn 0.212375 0.635526 -0.742296
vn 0.368238 0.640139 -0.674257
vn 0.689767 0.543000 -0.478929
vn 0.562103 0.551719 -0.616154
vn 0.569697 0.513910 -0.641359
vn 0.705637 0.514901 -0.486779
vn 0.504682 0.643947 -0.575003
vn 0.630591 0.658568 -0.410663
vn 0.822155 0.565714 -0.063482
vn 0.776477 0.549725 -0.308037
vn 0.786797 0.545286 -0.289161
vn 0.808894 0.586210 -0.045266
vn 0.692931 0.690690 -0.206867
vn 0.694376 0.719564 -0.008292
vn 0.667355 0.572818 0.475938
vn 0.791151 0.573111 0.213600
vn 0.763598 0.608269 0.216626
vn 0.630781 0.613655 0.474913
vn 0.657081 0.727982 0.195670
vn 0.549610 0.716805 0.429092
vn 0.336071 0.561169 0.756403
vn 0.486119 0.567816 0.664284
vn 0.446665 0.610485 0.654063
vn 0.320695 0.609209 0.725271
vn 0.393576 0.693995 0.602884
vn 0.291029 0.684392 0.668514
vn -0.021233 0.551472 0.833923
vn 0.190175 0.547481 0.814922
vn 0.189657 0.611600 0.768099
vn -0.043692 0.643360 0.764316
vn 0.169331 0.692841 0.700926
vn -0.066876 0.714953 0.695967
vn -0.245362 0.583370 0.774259
vn -0.261543 0.684835 0.680144
vn -0.269836 0.722486 0.636555
vn -0.236759 0.749265 0.618504
vn -0.311099 0.726519 0.612689
vn -0.070062 0.772025 0.631719
vn -0.384842 0.741747 0.549279
vn -0.526052 0.782696 0.332650
vn -0.594387 0.798380 0.096403
vn -0.600620 0.799444 -0.012002
vn -0.595320 0.796558 -0.105302
vn -0.549778 0.792263 -0.264694
vn -0.448171 0.791336 -0.415849
vn -0.331594 0.797940 -0.503326
vn -0.192447 0.815197 -0.546277
vn -0.013184 0.825458 -0.564309
vn 0.158357 0.820938 -0.548620
vn 0.280762 0.813073 -0.509986
vn 0.386265 0.817190 -0.427785
vn 0.484748 0.829145 -0.278456
vn 0.528528 0.841831 -0.109450
vn 0.531998 0.846595 0.015988
vn 0.520784 0.840724 0.148216
vn 0.459206 0.818553 0.345111
vn 0.345668 0.784428 0.514963
vn 0.250409 0.765654 0.592511
vn 0.129109 0.771818 0.622598
vn -0.727032 0.639649 0.249547
vn -0.767314 0.640409 0.033260
vn -0.656716 0.627573 0.418182
vn -0.742894 0.640746 -0.193787
vn -0.647477 0.645654 -0.404852
vn -0.499893 0.650858 -0.571394
vn -0.323491 0.647861 -0.689659
vn -0.130063 0.624763 -0.769905
vn 0.015892 0.602790 -0.797742
vn 0.155314 0.601832 -0.783375
vn 0.356499 0.609627 -0.707999
vn 0.545621 0.606423 -0.578403
vn 0.668226 0.595849 -0.445464
vn 0.760621 0.582690 -0.286233
vn 0.818472 0.571813 -0.055979
vn 0.798874 0.563206 0.211186
vn 0.689020 0.554188 0.467041
vn 0.517447 0.543213 0.661187
vn 0.348174 0.529599 0.773498
vn 0.183885 0.503543 0.844174
vn -0.012881 0.478145 0.878186
vn -0.226895 0.482174 0.846184
vn -0.415654 0.526097 0.741925
vn -0.562417 0.587369 0.581966
s 1
g TerrenoIDT
usemtl initialShadingGroup
f 24/1/1 318/2/2 487/3/3 321/4/4
f 318/2/2 35/5/5 319/6/6 487/3/3
f 487/3/3 319/6/6 36/7/7 320/8/8
f 321/4/4 487/3/3 320/8/8 3/9/9
f 23/10/10 322/11/11 488/12/12 324/13/13
f 322/11/11 24/1/1 321/4/4 488/12/12
f 488/12/12 321/4/4 3/9/9 323/14/14
f 324/13/13 488/12/12 323/14/14 5/15/15
f 29/16/16 325/17/17 489/18/18 327/19/19
f 325/17/17 30/20/20 326/21/21 489/18/18
f 489/18/18 326/21/21 23/10/10 324/13/13
f 327/19/19 489/18/18 324/13/13 5/15/15
f 28/22/22 328/23/23 490/24/24 330/25/25
f 328/23/23 29/16/16 327/19/19 490/24/24
f 490/24/24 327/19/19 5/15/15 329/26/26
f 330/25/25 490/24/24 329/26/26 9/27/27
f 12/641/28 331/681/29 491/30/30 333/31/31
f 331/681/29 11/680/32 332/33/33 491/30/30
f 491/30/30 332/33/33 5/15/15 323/14/14
f 333/31/31 491/30/30 323/14/14 3/9/9
f 11/680/32 334/679/34 492/35/35 332/33/33
f 334/679/34 13/676/36 335/678/37 492/35/35
f 492/35/35 335/678/37 9/27/27 329/26/26
f 332/33/33 492/35/35 329/26/26 5/15/15
f 27/653/38 336/39/39 493/40/40 337/675/41
f 336/39/39 28/22/22 330/25/25 493/40/40
f 493/40/40 330/25/25 9/27/27 335/37/37
f 337/675/41 493/40/40 335/37/37 13/677/36
f 14/652/42 338/673/43 494/44/44 341/674/45
f 338/673/43 15/672/46 339/47/47 494/44/44
f 494/44/44 339/47/47 8/48/48 340/49/49
f 341/674/45 494/44/44 340/49/49 10/50/50
f 21/661/51 342/52/52 495/53/53 344/671/54
f 342/52/52 22/55/55 343/56/56 495/53/53
f 495/53/53 343/56/56 8/48/48 339/47/47
f 344/671/54 495/53/53 339/47/47 15/672/46
f 6/57/57 345/58/58 496/59/59 348/60/60
f 345/58/58 31/61/61 346/62/62 496/59/59
f 496/59/59 346/62/62 32/649/63 347/647/64
f 348/60/60 496/59/59 347/647/64 17/648/65
f 17/648/65 349/668/66 497/67/67 348/60/60
f 349/668/66 18/667/68 350/69/69 497/67/67
f 497/67/67 350/69/69 4/70/70 351/71/71
f 348/60/60 497/67/67 351/71/71 6/57/57
f 33/646/72 352/73/73 498/74/74 354/666/75
f 352/73/73 34/76/76 353/77/77 498/74/74
f 498/74/74 353/77/77 4/70/70 350/69/69
f 354/666/75 498/74/74 350/69/69 18/667/68
f 2/78/78 355/79/79 499/80/80 358/663/81
f 355/79/79 25/82/82 356/83/83 499/80/80
f 499/80/80 356/83/83 26/657/84 357/654/85
f 358/663/81 499/80/80 357/654/85 20/655/86
f 3/9/9 320/8/8 500/87/87 333/31/31
f 320/8/8 36/7/7 359/88/88 500/87/87
f 500/87/87 359/88/88 37/642/89 360/640/90
f 333/31/31 500/87/87 360/640/90 12/641/28
f 7/91/91 361/92/92 501/93/93 363/670/94
f 361/92/92 22/55/55 342/52/52 501/93/93
f 501/93/93 342/52/52 21/661/51 362/658/95
f 363/670/94 501/93/93 362/658/95 16/659/96
f 23/10/10 326/21/21 502/97/97 365/98/98
f 326/21/21 30/20/20 364/99/99 502/97/97
f 502/97/97 364/99/99 31/61/61 345/58/58
f 365/98/98 502/97/97 345/58/58 6/57/57
f 6/57/57 351/71/71 503/100/100 365/98/98
f 351/71/71 4/70/70 366/101/101 503/100/100
f 503/100/100 366/101/101 24/1/1 322/11/11
f 365/98/98 503/100/100 322/11/11 23/10/10
f 34/76/76 367/102/102 504/103/103 353/77/77
f 367/102/102 35/5/5 318/2/2 504/103/103
f 504/103/103 318/2/2 24/1/1 366/101/101
f 353/77/77 504/103/103 366/101/101 4/70/70
f 26/657/84 356/83/83 505/104/104 370/664/105
f 356/83/83 25/82/82 368/106/106 505/104/104
f 505/104/104 368/106/106 1/107/107 369/665/108
f 370/664/105 505/104/104 369/665/108 19/645/109
f 10/50/50 371/110/110 506/111/111 341/45/45
f 371/110/110 28/22/22 336/39/39 506/111/111
f 506/111/111 336/39/39 27/653/38 372/650/112
f 341/45/45 506/111/111 372/650/112 14/651/42
f 10/50/50 340/49/49 507/113/113 371/110/110
f 340/49/49 8/48/48 373/114/114 507/113/113
f 507/113/113 373/114/114 29/16/16 328/23/23
f 371/110/110 507/113/113 328/23/23 28/22/22
f 8/48/48 343/56/56 508/115/115 373/114/114
f 343/56/56 22/55/55 374/116/116 508/115/115
f 508/115/115 374/116/116 30/20/20 325/17/17
f 373/114/114 508/115/115 325/17/17 29/16/16
f 31/61/61 364/99/99 509/117/117 375/118/118
f 364/99/99 30/20/20 374/116/116 509/117/117
f 509/117/117 374/116/116 22/55/55 361/92/92
f 375/118/118 509/117/117 361/92/92 7/91/91
f 32/649/63 346/62/62 510/119/119 376/669/120
f 346/62/62 31/61/61 375/118/118 510/119/119
f 510/119/119 375/118/118 7/91/91 363/94/94
f 376/669/120 510/119/119 363/94/94 16/660/96
f 1/107/107 377/121/121 511/122/122 369/108/108
f 377/121/121 34/76/76 352/73/73 511/122/122
f 511/122/122 352/73/73 33/646/72 378/643/123
f 369/108/108 511/122/122 378/643/123 19/644/109
f 1/107/107 368/106/106 512/124/124 377/121/121
f 368/106/106 25/82/82 379/125/125 512/124/124
f 512/124/124 379/125/125 35/5/5 367/102/102
f 377/121/121 512/124/124 367/102/102 34/76/76
f 36/7/7 319/6/6 513/126/126 380/127/127
f 319/6/6 35/5/5 379/125/125 513/126/126
f 513/126/126 379/125/125 25/82/82 355/79/79
f 380/127/127 513/126/126 355/79/79 2/78/78
f 37/642/89 359/88/88 514/128/128 381/662/129
f 359/88/88 36/7/7 380/127/127 514/128/128
f 514/128/128 380/127/127 2/78/78 358/81/81
f 381/662/129 514/128/128 358/81/81 20/656/86
f 47/130/130 382/131/131 515/132/132 384/133/133
f 382/131/131 48/134/134 383/135/135 515/132/132
f 515/132/132 383/135/135 20/86/86 357/85/85
f 384/133/133 515/132/132 357/85/85 26/84/84
f 46/136/136 385/137/137 516/138/138 386/139/139
f 385/137/137 47/130/130 384/133/133 516/138/138
f 516/138/138 384/133/133 26/84/84 370/105/105
f 386/139/139 516/138/138 370/105/105 19/109/109
f 42/140/140 387/141/141 517/142/142 389/143/143
f 387/141/141 45/144/144 388/145/145 517/142/142
f 517/142/142 388/145/145 46/136/136 386/139/139
f 389/143/143 517/142/142 386/139/139 19/109/109
f 76/146/146 390/147/147 518/148/148 393/149/149
f 390/147/147 77/150/150 391/151/151 518/148/148
f 518/148/148 391/151/151 49/152/152 392/153/153
f 393/149/149 518/148/148 392/153/153 43/154/154
f 46/136/136 388/145/145 519/155/155 396/156/156
f 388/145/145 45/144/144 394/157/157 519/155/155
f 519/155/155 394/157/157 50/158/158 395/159/159
f 396/156/156 519/155/155 395/159/159 51/160/160
f 51/160/160 397/161/161 520/162/162 396/156/156
f 397/161/161 52/163/163 398/164/164 520/162/162
f 520/162/162 398/164/164 47/130/130 385/137/137
f 396/156/156 520/162/162 385/137/137 46/136/136
f 52/163/163 399/165/165 521/166/166 398/164/164
f 399/165/165 53/167/167 400/168/168 521/166/166
f 521/166/166 400/168/168 48/134/134 382/131/131
f 398/164/164 521/166/166 382/131/131 47/130/130
f 77/150/150 401/169/169 522/170/170 391/151/151
f 401/169/169 78/171/171 402/172/172 522/170/170
f 522/170/170 402/172/172 54/173/173 403/174/174
f 391/151/151 522/170/170 403/174/174 49/152/152
f 51/160/160 395/159/159 523/175/175 406/176/176
f 395/159/159 50/158/158 404/177/177 523/175/175
f 523/175/175 404/177/177 55/178/178 405/179/179
f 406/176/176 523/175/175 405/179/179 56/180/180
f 56/180/180 407/181/181 524/182/182 406/176/176
f 407/181/181 57/183/183 408/184/184 524/182/182
f 524/182/182 408/184/184 52/163/163 397/161/161
f 406/176/176 524/182/182 397/161/161 51/160/160
f 57/183/183 409/185/185 525/186/186 408/184/184
f 409/185/185 58/187/187 410/188/188 525/186/186
f 525/186/186 410/188/188 53/167/167 399/165/165
f 408/184/184 525/186/186 399/165/165 52/163/163
f 78/171/171 411/189/189 526/190/190 402/172/172
f 411/189/189 79/191/191 412/192/192 526/190/190
f 526/190/190 412/192/192 59/193/193 413/194/194
f 402/172/172 526/190/190 413/194/194 54/173/173
f 56/180/180 405/179/179 527/195/195 416/196/196
f 405/179/179 55/178/178 414/197/197 527/195/195
f 527/195/195 414/197/197 88/198/198 415/199/199
f 416/196/196 527/195/195 415/199/199 89/200/200
f 89/200/200 417/201/201 528/202/202 416/196/196
f 417/201/201 90/203/203 418/204/204 528/202/202
f 528/202/202 418/204/204 57/183/183 407/181/181
f 416/196/196 528/202/202 407/181/181 56/180/180
f 90/203/203 419/205/205 529/206/206 418/204/204
f 419/205/205 91/207/207 420/208/208 529/206/206
f 529/206/206 420/208/208 58/187/187 409/185/185
f 418/204/204 529/206/206 409/185/185 57/183/183
f 93/209/209 421/210/210 530/211/211 423/212/212
f 421/210/210 94/213/213 422/214/214 530/211/211
f 530/211/211 422/214/214 59/193/193 412/192/192
f 423/212/212 530/211/211 412/192/192 79/191/191
f 61/215/215 424/216/216 531/217/217 426/218/218
f 424/216/216 33/72/72 354/75/75 531/217/217
f 531/217/217 354/75/75 18/68/68 425/219/219
f 426/218/218 531/217/217 425/219/219 60/220/220
f 33/72/72 424/216/216 532/221/221 378/123/123
f 424/216/216 61/215/215 427/222/222 532/221/221
f 532/221/221 427/222/222 42/140/140 389/143/143
f 378/123/123 532/221/221 389/143/143 19/109/109
f 60/220/220 428/223/223 533/224/224 426/218/218
f 428/223/223 69/225/225 429/226/226 533/224/224
f 533/224/224 429/226/226 70/227/227 430/228/228
f 426/218/218 533/224/224 430/228/228 61/215/215
f 70/227/227 431/229/229 534/230/230 430/228/228
f 431/229/229 71/231/231 432/232/232 534/230/230
f 534/230/230 432/232/232 42/140/140 427/222/222
f 430/228/228 534/230/230 427/222/222 61/215/215
f 45/144/144 433/233/233 535/234/234 394/157/157
f 433/233/233 72/235/235 434/236/236 535/234/234
f 535/234/234 434/236/236 73/237/237 435/238/238
f 394/157/157 535/234/234 435/238/238 50/158/158
f 42/140/140 432/232/232 536/239/239 387/141/141
f 432/232/232 71/231/231 436/240/240 536/239/239
f 536/239/239 436/240/240 72/235/235 433/233/233
f 387/141/141 536/239/239 433/233/233 45/144/144
f 73/237/237 437/241/241 537/242/242 435/238/238
f 437/241/241 74/243/243 438/244/244 537/242/242
f 537/242/242 438/244/244 55/178/178 404/177/177
f 435/238/238 537/242/242 404/177/177 50/158/158
f 74/243/243 439/245/245 538/246/246 438/244/244
f 439/245/245 87/247/247 440/248/248 538/246/246
f 538/246/246 440/248/248 88/198/198 414/197/197
f 438/244/244 538/246/246 414/197/197 55/178/178
f 70/227/227 429/226/226 539/249/249 443/250/250
f 429/226/226 69/225/225 441/251/251 539/249/249
f 539/249/249 441/251/251 137/252/252 442/253/253
f 443/250/250 539/249/249 442/253/253 138/254/254
f 138/254/254 444/255/255 540/256/256 443/250/250
f 444/255/255 139/257/257 445/258/258 540/256/256
f 540/256/256 445/258/258 71/231/231 431/229/229
f 443/250/250 540/256/256 431/229/229 70/227/227
f 72/235/235 436/240/240 541/259/259 447/260/260
f 436/240/240 71/231/231 445/258/258 541/259/259
f 541/259/259 445/258/258 139/257/257 446/261/261
f 447/260/260 541/259/259 446/261/261 140/262/262
f 73/237/237 434/236/236 542/263/263 449/264/264
f 434/236/236 72/235/235 447/260/260 542/263/263
f 542/263/263 447/260/260 140/262/262 448/265/265
f 449/264/264 542/263/263 448/265/265 141/266/266
f 141/266/266 450/267/267 543/268/268 449/264/264
f 450/267/267 142/269/269 451/270/270 543/268/268
f 543/268/268 451/270/270 74/243/243 437/241/241
f 449/264/264 543/268/268 437/241/241 73/237/237
f 142/269/269 452/271/271 544/272/272 451/270/270
f 452/271/271 143/273/273 453/274/274 544/272/272
f 544/272/272 453/274/274 87/247/247 439/245/245
f 451/270/270 544/272/272 439/245/245 74/243/243
f 48/134/134 454/275/275 545/276/276 383/135/135
f 454/275/275 84/277/277 455/278/278 545/276/276
f 545/276/276 455/278/278 85/279/279 456/280/280
f 383/135/135 545/276/276 456/280/280 20/86/86
f 53/167/167 457/281/281 546/282/282 400/168/168
f 457/281/281 83/283/283 458/284/284 546/282/282
f 546/282/282 458/284/284 84/277/277 454/275/275
f 400/168/168 546/282/282 454/275/275 48/134/134
f 58/187/187 459/285/285 547/286/286 410/188/188
f 459/285/285 82/287/287 460/288/288 547/286/286
f 547/286/286 460/288/288 83/283/283 457/281/281
f 410/188/188 547/286/286 457/281/281 53/167/167
f 91/207/207 461/289/289 548/290/290 420/208/208
f 461/289/289 92/291/291 462/292/292 548/290/290
f 548/290/290 462/292/292 82/287/287 459/285/285
f 420/208/208 548/290/290 459/285/285 58/187/187
f 92/291/291 463/293/293 549/294/294 462/292/292
f 463/293/293 93/209/209 423/212/212 549/294/294
f 549/294/294 423/212/212 79/191/191 464/295/295
f 462/292/292 549/294/294 464/295/295 82/287/287
f 83/283/283 460/288/288 550/296/296 465/297/297
f 460/288/288 82/287/287 464/295/295 550/296/296
f 550/296/296 464/295/295 79/191/191 411/189/189
f 465/297/297 550/296/296 411/189/189 78/171/171
f 84/277/277 458/284/284 551/298/298 466/299/299
f 458/284/284 83/283/283 465/297/297 551/298/298
f 551/298/298 465/297/297 78/171/171 401/169/169
f 466/299/299 551/298/298 401/169/169 77/150/150
f 85/279/279 455/278/278 552/300/300 467/301/301
f 455/278/278 84/277/277 466/299/299 552/300/300
f 552/300/300 466/299/299 77/150/150 390/147/147
f 467/301/301 552/300/300 390/147/147 76/146/146
f 143/273/273 468/302/302 553/303/303 453/274/274
f 468/302/302 144/304/304 469/305/305 553/303/303
f 553/303/303 469/305/305 75/306/306 470/307/307
f 453/274/274 553/303/303 470/307/307 87/247/247
f 88/198/198 440/248/248 554/308/308 472/309/309
f 440/248/248 87/247/247 470/307/307 554/308/308
f 554/308/308 470/307/307 75/306/306 471/310/310
f 472/309/309 554/308/308 471/310/310 41/311/311
f 89/200/200 415/199/199 555/312/312 474/313/313
f 415/199/199 88/198/198 472/309/309 555/312/312
f 555/312/312 472/309/309 41/311/311 473/314/314
f 474/313/313 555/312/312 473/314/314 40/315/315
f 38/316/316 475/317/317 556/318/318 476/319/319
f 475/317/317 90/203/203 417/201/201 556/318/318
f 556/318/318 417/201/201 89/200/200 474/313/313
f 476/319/319 556/318/318 474/313/313 40/315/315
f 39/320/320 477/321/321 557/322/322 478/323/323
f 477/321/321 91/207/207 419/205/205 557/322/322
f 557/322/322 419/205/205 90/203/203 475/317/317
f 478/323/323 557/322/322 475/317/317 38/316/316
f 81/324/324 479/325/325 558/326/326 480/327/327
f 479/325/325 92/291/291 461/289/289 558/326/326
f 558/326/326 461/289/289 91/207/207 477/321/321
f 480/327/327 558/326/326 477/321/321 39/320/320
f 80/328/328 481/329/329 559/330/330 482/331/331
f 481/329/329 93/209/209 463/293/293 559/330/330
f 559/330/330 463/293/293 92/291/291 479/325/325
f 482/331/331 559/330/330 479/325/325 81/324/324
f 44/332/332 483/333/333 560/334/334 484/335/335
f 483/333/333 94/213/213 421/210/210 560/334/334
f 560/334/334 421/210/210 93/209/209 481/329/329
f 484/335/335 560/334/334 481/329/329 80/328/328
f 96/336/336 485/337/337 561/338/338 171/339/339
f 485/337/337 95/340/340 486/341/341 561/338/338
f 561/338/338 486/341/341 76/146/146 393/149/149
f 171/339/339 561/338/338 393/149/149 43/154/154
f 95/340/340 172/342/342 562/343/343 486/341/341
f 172/342/342 97/344/344 173/345/345 562/343/343
f 562/343/343 173/345/345 85/279/279 467/301/301
f 486/341/341 562/343/343 467/301/301 76/146/146
f 37/89/89 381/129/129 563/346/346 174/347/347
f 381/129/129 20/86/86 456/280/280 563/346/346
f 563/346/346 456/280/280 85/279/279 173/345/345
f 174/347/347 563/346/346 173/345/345 97/344/344
f 12/28/28 360/90/90 564/348/348 176/349/349
f 360/90/90 37/89/89 174/347/347 564/348/348
f 564/348/348 174/347/347 97/344/344 175/350/350
f 176/349/349 564/348/348 175/350/350 98/351/351
f 98/351/351 175/350/350 565/352/352 178/353/353
f 175/350/350 97/344/344 172/342/342 565/352/352
f 565/352/352 172/342/342 95/340/340 177/354/354
f 178/353/353 565/352/352 177/354/354 99/355/355
f 95/340/340 485/337/337 566/356/356 177/354/354
f 485/337/337 96/336/336 179/357/357 566/356/356
f 566/356/356 179/357/357 100/358/358 180/359/359
f 177/354/354 566/356/356 180/359/359 99/355/355
f 102/360/360 181/361/361 567/362/362 183/363/363
f 181/361/361 101/364/364 182/365/365 567/362/362
f 567/362/362 182/365/365 96/336/336 171/339/339
f 183/363/363 567/362/362 171/339/339 43/154/154
f 96/336/336 182/365/365 568/366/366 179/357/357
f 182/365/365 101/364/364 184/367/367 568/366/366
f 568/366/366 184/367/367 103/368/368 185/369/369
f 179/357/357 568/366/366 185/369/369 100/358/358
f 98/351/351 186/370/370 569/371/371 176/349/349
f 186/370/370 13/36/36 334/34/34 569/371/371
f 569/371/371 334/34/34 11/32/32 331/29/29
f 176/349/349 569/371/371 331/29/29 12/28/28
f 99/355/355 187/372/372 570/373/373 178/353/353
f 187/372/372 104/374/374 188/375/375 570/373/373
f 570/373/373 188/375/375 13/36/36 186/370/370
f 178/353/353 570/373/373 186/370/370 98/351/351
f 99/355/355 180/359/359 571/376/376 187/372/372
f 180/359/359 100/358/358 189/377/377 571/376/376
f 571/376/376 189/377/377 105/378/378 190/379/379
f 187/372/372 571/376/376 190/379/379 104/374/374
f 106/380/380 191/381/381 572/382/382 192/383/383
f 191/381/381 105/378/378 189/377/377 572/382/382
f 572/382/382 189/377/377 100/358/358 185/369/369
f 192/383/383 572/382/382 185/369/369 103/368/368
f 136/384/384 193/385/385 573/386/386 195/387/387
f 193/385/385 137/252/252 441/251/251 573/386/386
f 573/386/386 441/251/251 69/225/225 194/388/388
f 195/387/387 573/386/386 194/388/388 107/389/389
f 109/390/390 196/391/391 574/392/392 197/393/393
f 196/391/391 107/389/389 194/388/388 574/392/392
f 574/392/392 194/388/388 69/225/225 428/223/223
f 197/393/393 574/392/392 428/223/223 60/220/220
f 60/220/220 425/219/219 575/394/394 197/393/393
f 425/219/219 18/68/68 349/66/66 575/394/394
f 575/394/394 349/66/66 17/65/65 198/395/395
f 197/393/393 575/394/394 198/395/395 109/390/390
f 15/46/46 338/43/43 576/396/396 201/397/397
f 338/43/43 14/42/42 199/398/398 576/396/396
f 576/396/396 199/398/398 117/399/399 200/400/400
f 201/397/397 576/396/396 200/400/400 118/401/401
f 118/401/401 202/402/402 577/403/403 201/397/397
f 202/402/402 119/404/404 203/405/405 577/403/403
f 577/403/403 203/405/405 21/51/51 344/54/54
f 201/397/397 577/403/403 344/54/54 15/46/46
f 21/51/51 203/405/405 578/406/406 362/95/95
f 203/405/405 119/404/404 204/407/407 578/406/406
f 578/406/406 204/407/407 120/408/408 205/409/409
f 362/95/95 578/406/406 205/409/409 16/96/96
f 32/63/63 206/410/410 579/411/411 347/64/64
f 206/410/410 114/412/412 207/413/413 579/411/411
f 579/411/411 207/413/413 109/390/390 198/395/395
f 347/64/64 579/411/411 198/395/395 17/65/65
f 114/412/412 208/414/414 580/415/415 207/413/413
f 208/414/414 115/416/416 209/417/417 580/415/415
f 580/415/415 209/417/417 107/389/389 196/391/391
f 207/413/413 580/415/415 196/391/391 109/390/390
f 115/416/416 210/418/418 581/419/419 209/417/417
f 210/418/418 135/420/420 211/421/421 581/419/419
f 581/419/419 211/421/421 136/384/384 195/387/387
f 209/417/417 581/419/419 195/387/387 107/389/389
f 118/401/401 200/400/400 582/422/422 214/423/423
f 200/400/400 117/399/399 212/424/424 582/422/422
f 582/422/422 212/424/424 121/425/425 213/426/426
f 214/423/423 582/422/422 213/426/426 122/427/427
f 122/427/427 215/428/428 583/429/429 214/423/423
f 215/428/428 123/430/430 216/431/431 583/429/429
f 583/429/429 216/431/431 119/404/404 202/402/402
f 214/423/423 583/429/429 202/402/402 118/401/401
f 120/408/408 204/407/407 584/432/432 218/433/433
f 204/407/407 119/404/404 216/431/431 584/432/432
f 584/432/432 216/431/431 123/430/430 217/434/434
f 218/433/433 584/432/432 217/434/434 124/435/435
f 122/427/427 213/426/426 585/436/436 221/437/437
f 213/426/426 121/425/425 219/438/438 585/436/436
f 585/436/436 219/438/438 125/439/439 220/440/440
f 221/437/437 585/436/436 220/440/440 126/441/441
f 126/441/441 222/442/442 586/443/443 221/437/437
f 222/442/442 127/444/444 223/445/445 586/443/443
f 586/443/443 223/445/445 123/430/430 215/428/428
f 221/437/437 586/443/443 215/428/428 122/427/427
f 124/435/435 217/434/434 587/446/446 225/447/447
f 217/434/434 123/430/430 223/445/445 587/446/446
f 587/446/446 223/445/445 127/444/444 224/448/448
f 225/447/447 587/446/446 224/448/448 128/449/449
f 126/441/441 220/440/440 588/450/450 228/451/451
f 220/440/440 125/439/439 226/452/452 588/450/450
f 588/450/450 226/452/452 110/453/453 227/454/454
f 228/451/451 588/450/450 227/454/454 111/455/455
f 112/456/456 229/457/457 589/458/458 230/459/459
f 229/457/457 127/444/444 222/442/442 589/458/458
f 589/458/458 222/442/442 126/441/441 228/451/451
f 230/459/459 589/458/458 228/451/451 111/455/455
f 128/449/449 224/448/448 590/460/460 232/461/461
f 224/448/448 127/444/444 229/457/457 590/460/460
f 590/460/460 229/457/457 112/456/456 231/462/462
f 232/461/461 590/460/460 231/462/462 113/463/463
f 114/412/412 206/410/410 591/464/464 234/465/465
f 206/410/410 32/63/63 376/120/120 591/464/464
f 591/464/464 376/120/120 16/96/96 233/466/466
f 234/465/465 591/464/464 233/466/466 129/467/467
f 129/467/467 235/468/468 592/469/469 234/465/465
f 235/468/468 130/470/470 236/471/471 592/469/469
f 592/469/469 236/471/471 115/416/416 208/414/414
f 234/465/465 592/469/469 208/414/414 114/412/412
f 134/472/472 237/473/473 593/474/474 238/475/475
f 237/473/473 135/420/420 210/418/418 593/474/474
f 593/474/474 210/418/418 115/416/416 236/471/471
f 238/475/475 593/474/474 236/471/471 130/470/470
f 16/96/96 205/409/409 594/476/476 233/466/466
f 205/409/409 120/408/408 239/477/477 594/476/476
f 594/476/476 239/477/477 132/478/478 240/479/479
f 233/466/466 594/476/476 240/479/479 129/467/467
f 132/478/478 241/639/480 595/481/481 240/479/479
f 241/639/480 133/638/482 242/483/483 595/481/481
f 595/481/481 242/483/483 130/470/470 235/468/468
f 240/479/479 595/481/481 235/468/468 129/467/467
f 120/408/408 218/433/433 596/484/484 239/477/477
f 218/433/433 124/435/435 243/485/485 596/484/484
f 596/484/484 243/485/485 133/482/482 241/480/480
f 239/477/477 596/484/484 241/480/480 132/478/478
f 116/486/486 244/487/487 597/488/488 246/489/489
f 244/487/487 135/420/420 237/473/473 597/488/488
f 597/488/488 237/473/473 134/472/472 245/490/490
f 246/489/489 597/488/488 245/490/490 131/491/491
f 136/384/384 211/421/421 598/492/492 248/493/493
f 211/421/421 135/420/420 244/487/487 598/492/492
f 598/492/492 244/487/487 116/486/486 247/494/494
f 248/493/493 598/492/492 247/494/494 108/495/495
f 62/496/496 249/497/497 599/498/498 250/499/499
f 249/497/497 137/252/252 193/385/385 599/498/498
f 599/498/498 193/385/385 136/384/384 248/493/493
f 250/499/499 599/498/498 248/493/493 108/495/495
f 138/254/254 442/253/253 600/500/500 252/501/501
f 442/253/253 137/252/252 249/497/497 600/500/500
f 600/500/500 249/497/497 62/496/496 251/502/502
f 252/501/501 600/500/500 251/502/502 63/503/503
f 64/504/504 253/505/505 601/506/506 254/507/507
f 253/505/505 139/257/257 444/255/255 601/506/506
f 601/506/506 444/255/255 138/254/254 252/501/501
f 254/507/507 601/506/506 252/501/501 63/503/503
f 140/262/262 446/261/261 602/508/508 256/509/509
f 446/261/261 139/257/257 253/505/505 602/508/508
f 602/508/508 253/505/505 64/504/504 255/510/510
f 256/509/509 602/508/508 255/510/510 65/511/511
f 141/266/266 448/265/265 603/512/512 258/513/513
f 448/265/265 140/262/262 256/509/509 603/512/512
f 603/512/512 256/509/509 65/511/511 257/514/514
f 258/513/513 603/512/512 257/514/514 66/515/515
f 67/516/516 259/517/517 604/518/518 260/519/519
f 259/517/517 142/269/269 450/267/267 604/518/518
f 604/518/518 450/267/267 141/266/266 258/513/513
f 260/519/519 604/518/518 258/513/513 66/515/515
f 86/520/520 261/521/521 605/522/522 262/523/523
f 261/521/521 143/273/273 452/271/271 605/522/522
f 605/522/522 452/271/271 142/269/269 259/517/517
f 262/523/523 605/522/522 259/517/517 67/516/516
f 68/524/524 263/525/525 606/526/526 264/527/527
f 263/525/525 144/304/304 468/302/302 606/526/526
f 606/526/526 468/302/302 143/273/273 261/521/521
f 264/527/527 606/526/526 261/521/521 86/520/520
f 145/635/528 265/529/529 607/530/530 266/637/531
f 265/529/529 134/472/472 238/475/475 607/530/530
f 607/530/530 238/475/475 130/470/470 242/483/483
f 266/637/531 607/530/530 242/483/483 133/638/482
f 145/528/528 266/531/531 608/532/532 267/533/533
f 266/531/531 133/482/482 243/485/485 608/532/532
f 608/532/532 243/485/485 124/435/435 225/447/447
f 267/533/533 608/532/532 225/447/447 128/449/449
f 146/534/534 268/634/535 609/536/536 269/537/537
f 268/634/535 145/528/528 267/533/533 609/536/536
f 609/536/536 267/533/533 128/449/449 232/461/461
f 269/537/537 609/536/536 232/461/461 113/463/463
f 134/472/472 265/529/529 610/538/538 245/490/490
f 265/529/529 145/635/528 268/535/535 610/538/538
f 610/538/538 268/535/535 146/636/534 270/539/539
f 245/490/490 610/538/538 270/539/539 131/491/491
f 148/540/540 271/541/541 611/542/542 273/543/543
f 271/541/541 147/544/544 272/545/545 611/542/542
f 611/542/542 272/545/545 105/378/378 191/381/381
f 273/543/543 611/542/542 191/381/381 106/380/380
f 104/374/374 190/379/379 612/546/546 275/547/547
f 190/379/379 105/378/378 272/545/545 612/546/546
f 612/546/546 272/545/545 147/544/544 274/548/548
f 275/547/547 612/546/546 274/548/548 149/549/549
f 13/36/36 188/375/375 613/550/550 337/41/41
f 188/375/375 104/374/374 275/547/547 613/550/550
f 613/550/550 275/547/547 149/549/549 276/551/551
f 337/41/41 613/550/550 276/551/551 27/38/38
f 117/399/399 199/398/398 614/552/552 277/553/553
f 199/398/398 14/42/42 372/112/112 614/552/552
f 614/552/552 372/112/112 27/38/38 276/551/551
f 277/553/553 614/552/552 276/551/551 149/549/549
f 150/686/554 278/555/555 615/556/556 279/687/557
f 278/555/555 121/425/425 212/424/424 615/556/556
f 615/556/556 212/424/424 117/399/399 277/553/553
f 279/687/557 615/556/556 277/553/553 149/549/549
f 151/684/558 280/559/559 616/560/560 281/685/561
f 280/559/559 125/439/439 219/438/438 616/560/560
f 616/560/560 219/438/438 121/425/425 278/555/555
f 281/685/561 616/560/560 278/555/555 150/686/554
f 152/683/562 282/563/563 617/564/564 283/682/565
f 282/563/563 110/453/453 226/452/452 617/564/564
f 617/564/564 226/452/452 125/439/439 280/559/559
f 283/682/565 617/564/564 280/559/559 151/684/558
f 153/566/566 284/567/567 618/568/568 285/569/569
f 284/567/567 150/554/554 279/557/557 618/568/568
f 618/568/568 279/557/557 149/549/549 274/548/548
f 285/569/569 618/568/568 274/548/548 147/544/544
f 155/570/570 286/571/571 619/572/572 288/573/573
f 286/571/571 152/562/562 283/565/565 619/572/572
f 619/572/572 283/565/565 151/558/558 287/574/574
f 288/573/573 619/572/572 287/574/574 154/575/575
f 154/575/575 287/574/574 620/576/576 289/577/577
f 287/574/574 151/558/558 281/561/561 620/576/576
f 620/576/576 281/561/561 150/554/554 284/567/567
f 289/577/577 620/576/576 284/567/567 153/566/566
f 157/578/578 290/579/579 621/580/580 292/581/581
f 290/579/579 155/570/570 288/573/573 621/580/580
f 621/580/580 288/573/573 154/575/575 291/582/582
f 292/581/581 621/580/580 291/582/582 156/583/583
f 156/583/583 291/582/582 622/584/584 294/585/585
f 291/582/582 154/575/575 289/577/577 622/584/584
f 622/584/584 289/577/577 153/566/566 293/586/586
f 294/585/585 622/584/584 293/586/586 158/587/587
f 158/587/587 293/586/586 623/588/588 295/589/589
f 293/586/586 153/566/566 285/569/569 623/588/588
f 623/588/588 285/569/569 147/544/544 271/541/541
f 295/589/589 623/588/588 271/541/541 148/540/540
f 160/590/590 296/591/591 624/592/592 299/593/593
f 296/591/591 159/594/594 297/595/595 624/592/592
f 624/592/592 297/595/595 165/596/596 298/597/597
f 299/593/593 624/592/592 298/597/597 166/598/598
f 160/590/590 299/593/593 625/599/599 302/600/600
f 299/593/593 166/598/598 300/601/601 625/599/599
f 625/599/599 300/601/601 167/602/602 301/603/603
f 302/600/600 625/599/599 301/603/603 161/604/604
f 167/602/602 303/605/605 626/606/606 301/603/603
f 303/605/605 168/607/607 304/608/608 626/606/606
f 626/606/606 304/608/608 162/609/609 305/610/610
f 301/603/603 626/606/606 305/610/610 161/604/604
f 164/611/611 306/612/612 627/613/613 309/614/614
f 306/612/612 163/615/615 307/616/616 627/613/613
f 627/613/613 307/616/616 169/617/617 308/618/618
f 309/614/614 627/613/613 308/618/618 170/619/619
f 168/607/607 310/620/620 628/621/621 304/608/608
f 310/620/620 169/617/617 307/616/616 628/621/621
f 628/621/621 307/616/616 163/615/615 311/622/622
f 304/608/608 628/621/621 311/622/622 162/609/609
f 166/598/598 298/597/597 629/623/623 313/624/624
f 298/597/597 165/596/596 312/625/625 629/623/623
f 629/623/623 312/625/625 157/578/578 292/581/581
f 313/624/624 629/623/623 292/581/581 156/583/583
f 167/602/602 300/601/601 630/626/626 314/627/627
f 300/601/601 166/598/598 313/624/624 630/626/626
f 630/626/626 313/624/624 156/583/583 294/585/585
f 314/627/627 630/626/626 294/585/585 158/587/587
f 148/540/540 315/628/628 631/629/629 295/589/589
f 315/628/628 168/607/607 303/605/605 631/629/629
f 631/629/629 303/605/605 167/602/602 314/627/627
f 295/589/589 631/629/629 314/627/627 158/587/587
f 106/380/380 316/630/630 632/631/631 273/543/543
f 316/630/630 169/617/617 310/620/620 632/631/631
f 632/631/631 310/620/620 168/607/607 315/628/628
f 273/543/543 632/631/631 315/628/628 148/540/540
f 170/619/619 308/618/618 633/632/632 317/633/633
f 308/618/618 169/617/617 316/630/630 633/632/632
f 633/632/632 316/630/630 106/380/380 192/383/383
f 317/633/633 633/632/632 192/383/383 103/368/368
s 43
f 634/688/634 1205/689/635 1206/690/636 839/691/637
f 852/692/638 853/693/639 840/694/640 639/695/641
f 841/696/642 842/697/643 640/698/644 644/699/645
f 843/700/646 1171/701/647 1134/702/648 648/703/649
f 840/694/640 841/696/642 644/699/645 639/695/641
f 1295/704/650 1296/705/651 838/706/652 646/707/653
f 920/708/654 921/709/655 843/700/646 648/703/649
f 1297/710/656 1298/711/657 830/712/658 651/713/659
f 652/714/660 1207/715/661 1208/716/662 831/717/663
f 854/718/664 855/719/665 832/720/666 653/721/667
f 832/720/666 833/722/668 654/723/669 653/721/667
f 833/722/668 834/724/670 655/725/671 654/723/669
f 922/726/672 923/727/673 835/728/674 656/729/675
f 835/728/674 1169/730/676 1170/731/677 656/729/675
f 1299/732/678 1300/733/679 868/734/680 659/735/681
f 660/736/682 1209/737/683 1210/738/684 869/739/685
f 856/740/686 870/741/687 871/742/688 661/743/689
f 871/742/688 872/744/690 662/745/691 661/743/689
f 872/744/690 873/746/692 663/747/693 662/745/691
f 924/748/694 925/749/695 874/750/696 664/751/697
f 874/750/696 1167/752/698 1168/753/699 664/751/697
f 1301/754/700 1302/755/701 675/756/702 667/757/703
f 668/758/704 1211/759/705 1212/760/706 676/761/707
f 857/762/708 858/763/709 677/764/710 669/765/711
f 677/764/710 678/766/712 670/767/713 669/765/711
f 678/766/712 679/768/714 671/769/715 670/767/713
f 926/770/716 927/771/717 680/772/718 672/773/719
f 680/772/718 1165/774/720 1166/775/721 672/773/719
f 1302/755/701 1303/776/722 691/777/723 675/756/702
f 676/761/707 1212/760/706 1213/778/724 692/779/725
f 858/763/709 859/780/726 693/781/727 677/764/710
f 693/781/727 694/782/728 678/766/712 677/764/710
f 694/782/728 695/783/729 679/768/714 678/766/712
f 927/771/717 928/784/730 696/785/731 680/772/718
f 696/785/731 1164/786/732 1165/774/720 680/772/718
f 1304/787/733 1305/788/734 699/789/735 683/790/736
f 684/791/737 1214/792/738 1215/793/739 700/794/740
f 860/795/741 861/796/742 701/797/743 685/798/744
f 701/797/743 702/799/745 686/800/746 685/798/744
f 702/799/745 703/801/747 687/802/748 686/800/746
f 929/803/749 930/804/750 704/805/751 688/806/752
f 704/805/751 1162/807/753 1163/808/754 688/806/752
f 1303/776/722 1304/787/733 683/790/736 691/777/723
f 692/779/725 1213/778/724 1214/792/738 684/791/737
f 859/780/726 860/795/741 685/798/744 693/781/727
f 685/798/744 686/800/746 694/782/728 693/781/727
f 686/800/746 687/802/748 695/783/729 694/782/728
f 928/784/730 929/803/749 688/806/752 696/785/731
f 688/806/752 1163/808/754 1164/786/732 696/785/731
f 647/809/755 699/789/735 1305/788/734 1264/810/756
f 700/794/740 1215/793/739 1216/811/757 637/812/758
f 861/796/742 862/813/759 638/814/760 701/797/743
f 645/815/761 702/799/745 701/797/743 638/814/760
f 641/816/762 703/801/747 702/799/745 645/815/761
f 649/817/763 704/805/751 930/804/750 931/818/764
f 1161/819/765 1162/807/753 704/805/751 649/817/763
f 709/820/766 710/821/767 713/822/768 714/823/769
f 712/824/770 713/822/768 710/821/767 706/825/771
f 711/826/772 713/822/768 712/824/770 707/827/773
f 714/823/769 713/822/768 711/826/772 708/828/774
f 738/829/775 731/830/776 723/831/777 724/832/778
f 730/833/779 723/834/777 731/835/776 732/836/780
f 729/837/781 730/833/779 732/836/780 733/838/782
f 733/839/782 734/840/783 728/841/784 729/842/781
f 734/840/783 735/843/785 727/844/786 728/841/784
f 726/845/787 727/846/786 735/847/785 736/848/788
f 736/848/788 737/849/789 725/850/790 726/845/787
f 737/851/789 738/829/775 724/832/778 725/852/790
f 724/832/778 723/831/777 709/820/766 714/823/769
f 725/852/790 724/832/778 714/823/769 708/828/774
f 726/845/787 725/850/790 708/828/774 711/826/772
f 707/827/773 727/846/786 726/845/787 711/826/772
f 728/841/784 727/844/786 707/827/773 712/824/770
f 729/842/781 728/841/784 712/824/770 706/825/771
f 710/821/767 730/833/779 729/837/781 706/825/771
f 709/820/766 723/834/777 730/833/779 710/821/767
f 732/836/780 731/835/776 716/853/791 717/854/792
f 733/838/782 732/836/780 717/854/792 718/855/793
f 719/856/794 734/840/783 733/839/782 718/857/793
f 720/858/795 735/843/785 734/840/783 719/856/794
f 736/848/788 735/847/785 720/859/795 721/860/796
f 722/861/797 737/849/789 736/848/788 721/860/796
f 715/862/798 738/829/775 737/851/789 722/863/797
f 716/864/791 731/830/776 738/829/775 715/862/798
f 742/865/799 743/866/800 746/867/801 747/868/802
f 745/869/803 746/867/801 743/866/800 739/870/804
f 744/871/805 746/867/801 745/869/803 740/872/806
f 747/868/802 746/867/801 744/871/805 741/873/807
f 763/874/808 756/875/809 771/876/810 764/877/811
f 762/878/812 763/874/808 764/877/811 765/879/813
f 759/880/814 760/881/815 767/882/816 768/883/817
f 768/883/817 769/884/818 758/885/819 759/880/814
f 766/886/820 767/887/816 760/888/815 761/889/821
f 761/889/821 762/890/812 765/891/813 766/886/820
f 770/892/822 771/893/810 756/894/809 757/895/823
f 769/896/818 770/892/822 757/895/823 758/897/819
f 757/895/823 756/894/809 741/873/807 744/871/805
f 758/897/819 757/895/823 744/871/805 740/872/806
f 759/880/814 758/885/819 740/872/806 745/869/803
f 739/870/804 760/881/815 759/880/814 745/869/803
f 761/889/821 760/888/815 739/870/804 743/866/800
f 742/865/799 762/890/812 761/889/821 743/866/800
f 747/868/802 763/874/808 762/878/812 742/865/799
f 741/873/807 756/875/809 763/874/808 747/868/802
f 765/879/813 764/877/811 749/898/824 750/899/825
f 766/886/820 765/891/813 750/900/825 754/901/826
f 751/902/827 767/887/816 766/886/820 754/901/826
f 768/883/817 767/882/816 751/903/827 752/904/828
f 753/905/829 769/884/818 768/883/817 752/904/828
f 753/906/829 755/907/830 770/892/822 769/896/818
f 748/908/831 771/893/810 770/892/822 755/907/830
f 764/877/811 771/876/810 748/909/831 749/898/824
f 775/910/832 776/911/833 779/912/834 780/913/835
f 778/914/836 779/912/834 776/911/833 772/915/837
f 777/916/838 779/912/834 778/914/836 773/917/839
f 780/913/835 779/912/834 777/916/838 774/918/840
f 804/919/841 797/920/842 789/921/843 790/922/844
f 790/922/844 791/923/845 803/924/846 804/919/841
f 794/925/847 795/926/848 799/927/849 800/928/850
f 800/928/850 801/929/851 793/930/852 794/925/847
f 798/931/853 799/932/849 795/933/848 796/934/854
f 797/935/842 798/931/853 796/934/854 789/936/843
f 802/937/855 803/938/846 791/939/845 792/940/856
f 792/940/856 793/941/852 801/942/851 802/937/855
f 790/922/844 789/921/843 774/918/840 777/916/838
f 773/917/839 791/923/845 790/922/844 777/916/838
f 792/940/856 791/939/845 773/917/839 778/914/836
f 772/915/837 793/941/852 792/940/856 778/914/836
f 794/925/847 793/930/852 772/915/837 776/911/833
f 775/910/832 795/926/848 794/925/847 776/911/833
f 796/934/854 795/933/848 775/910/832 780/913/835
f 789/936/843 796/934/854 780/913/835 774/918/840
f 805/943/857 806/944/858 798/931/853 797/935/842
f 806/944/858 807/945/859 799/932/849 798/931/853
f 800/928/850 799/927/849 807/946/859 808/947/860
f 808/947/860 809/948/861 801/929/851 800/928/850
f 802/937/855 801/942/851 809/949/861 810/950/862
f 810/950/862 811/951/863 803/938/846 802/937/855
f 804/919/841 803/924/846 811/952/863 812/953/864
f 812/953/864 805/954/857 797/920/842 804/919/841
f 782/955/865 787/956/866 806/944/858 805/943/857
f 784/957/867 807/945/859 806/944/858 787/956/866
f 808/947/860 807/946/859 784/958/867 785/959/868
f 786/960/869 809/948/861 808/947/860 785/959/868
f 810/950/862 809/949/861 786/961/869 788/962/870
f 783/963/871 811/951/863 810/950/862 788/962/870
f 812/953/864 811/952/863 783/964/871 781/965/872
f 782/966/865 805/954/857 812/953/864 781/965/872
f 814/967/873 1159/968/874 1160/969/875 822/970/876
f 932/971/877 933/972/878 814/967/873 822/970/876
f 816/973/879 815/974/880 823/975/881 824/976/882
f 824/976/882 825/977/883 817/978/884 816/973/879
f 863/979/885 864/980/886 817/978/884 825/977/883
f 1217/981/887 1218/982/888 818/983/889 826/984/890
f 1265/985/891 1266/986/892 819/987/893 827/988/894
f 822/989/876 1160/990/875 1161/819/765 649/817/763
f 931/818/764 932/991/877 822/989/876 649/817/763
f 824/992/882 823/993/881 641/816/762 645/815/761
f 645/815/761 638/814/760 825/994/883 824/992/882
f 862/813/759 863/995/885 825/994/883 638/814/760
f 1216/811/757 1217/996/887 826/997/890 637/812/758
f 1264/810/756 1265/998/891 827/999/894 647/809/755
f 1298/711/657 1299/732/678 659/735/681 830/712/658
f 831/717/663 1208/716/662 1209/737/683 660/736/682
f 855/719/665 856/740/686 661/743/689 832/720/666
f 661/743/689 662/745/691 833/722/668 832/720/666
f 662/745/691 663/747/693 834/724/670 833/722/668
f 923/727/673 924/748/694 664/751/697 835/728/674
f 664/751/697 1168/753/699 1169/730/676 835/728/674
f 1296/705/651 1297/710/656 651/713/659 838/706/652
f 839/691/637 1206/690/636 1207/715/661 652/714/660
f 853/693/639 854/718/664 653/721/667 840/694/640
f 653/721/667 654/723/669 841/696/642 840/694/640
f 654/723/669 655/725/671 842/697/643 841/696/642
f 921/709/655 922/726/672 656/729/675 843/700/646
f 656/729/675 1170/731/677 1171/701/647 843/700/646
f 1134/1000/648 1253/1001/895 1254/1002/896 648/1003/649
f 1254/1002/896 1255/1004/897 920/1005/654 648/1003/649
f 1256/1006/898 1257/1007/899 644/1008/645 640/1009/644
f 1257/1007/899 1258/1010/900 639/1011/641 644/1008/645
f 839/691/637 853/693/639 852/692/638 634/688/634
f 652/714/660 854/718/664 853/693/639 839/691/637
f 831/717/663 855/719/665 854/718/664 652/714/660
f 660/736/682 856/740/686 855/719/665 831/717/663
f 869/739/685 870/741/687 856/740/686 660/736/682
f 676/761/707 858/763/709 857/762/708 668/758/704
f 692/779/725 859/780/726 858/763/709 676/761/707
f 684/791/737 860/795/741 859/780/726 692/779/725
f 700/794/740 861/796/742 860/795/741 684/791/737
f 637/812/758 862/813/759 861/796/742 700/794/740
f 826/997/890 863/995/885 862/813/759 637/812/758
f 818/983/889 864/980/886 863/979/885 826/984/890
f 1262/1012/901 1294/1013/902 1295/1014/650 646/1015/653
f 1300/733/679 1301/754/700 667/757/703 868/734/680
f 869/739/685 1210/738/684 1211/759/705 668/758/704
f 668/758/704 857/762/708 870/741/687 869/739/685
f 871/742/688 870/741/687 857/762/708 669/765/711
f 669/765/711 670/767/713 872/744/690 871/742/688
f 670/767/713 671/769/715 873/746/692 872/744/690
f 925/749/695 926/770/716 672/773/719 874/750/696
f 672/773/719 1166/775/721 1167/752/698 874/750/696
f 877/1016/903 876/1017/904 888/1018/905 889/1019/906
f 877/1016/903 889/1019/906 890/1020/907 878/1021/908
f 879/1022/909 887/1023/910 888/1018/905 876/1017/904
f 879/1022/909 880/1024/911 886/1025/912 887/1023/910
f 1291/1026/913 1292/1027/914 886/1025/912 880/1024/911
f 892/1028/915 1136/1029/916 1137/1030/917 883/1031/918
f 883/1031/918 917/1032/919 918/1033/920 892/1028/915
f 890/1020/907 891/1034/921 884/1035/922 878/1021/908
f 1292/1027/914 1293/1036/923 866/1037/924 886/1025/912
f 887/1023/910 886/1025/912 866/1037/924 850/1038/925
f 888/1018/905 887/1023/910 850/1038/925 851/1039/926
f 889/1019/906 888/1018/905 851/1039/926 849/1040/927
f 890/1020/907 889/1019/906 849/1040/927 848/1041/928
f 847/1042/929 891/1034/921 890/1020/907 848/1041/928
f 892/1028/915 918/1033/920 919/1043/930 846/1044/931
f 1135/1045/932 1136/1029/916 892/1028/915 846/1044/931
f 786/1046/869 785/1047/868 1243/1048/933 1244/1049/934
f 783/1050/871 955/1051/935 956/1052/936 781/1053/872
f 956/1052/936 957/1054/937 782/1055/865 781/1053/872
f 898/1056/938 894/1057/939 1220/1058/940 1221/1059/941
f 1221/1059/941 1222/1060/942 958/1061/943 898/1056/938
f 1219/1062/944 1220/1058/940 894/1057/939 900/1063/945
f 1244/1049/934 1245/1064/946 901/1065/947 786/1046/869
f 902/1066/948 788/1067/870 786/1046/869 901/1065/947
f 783/1050/871 788/1067/870 902/1066/948 903/1068/949
f 783/1050/871 903/1068/949 954/1069/950 955/1051/935
f 903/1068/949 905/1070/951 953/1071/952 954/1069/950
f 905/1070/951 903/1068/949 902/1066/948 907/1072/953
f 907/1072/953 902/1066/948 901/1065/947 908/1073/954
f 1245/1064/946 1246/1074/955 908/1073/954 901/1065/947
f 910/1075/956 914/1076/957 915/1077/958 909/1078/959
f 915/1077/958 916/1079/960 911/1080/961 909/1078/959
f 916/1079/960 1247/1081/962 1248/1082/963 911/1080/961
f 951/1083/964 952/1084/965 914/1076/957 910/1075/956
f 905/1070/951 914/1076/957 952/1084/965 953/1071/952
f 915/1077/958 914/1076/957 905/1070/951 907/1072/953
f 908/1073/954 916/1079/960 915/1077/958 907/1072/953
f 1246/1074/955 1247/1081/962 916/1079/960 908/1073/954
f 918/1033/920 917/1032/919 884/1035/922 891/1034/921
f 919/1043/930 918/1033/920 891/1034/921 847/1042/929
f 920/1005/654 1255/1004/897 1256/1006/898 640/1009/644
f 842/697/643 921/709/655 920/708/654 640/698/644
f 655/725/671 922/726/672 921/709/655 842/697/643
f 834/724/670 923/727/673 922/726/672 655/725/671
f 663/747/693 924/748/694 923/727/673 834/724/670
f 873/746/692 925/749/695 924/748/694 663/747/693
f 671/769/715 926/770/716 925/749/695 873/746/692
f 679/768/714 927/771/717 926/770/716 671/769/715
f 695/783/729 928/784/730 927/771/717 679/768/714
f 687/802/748 929/803/749 928/784/730 695/783/729
f 703/801/747 930/804/750 929/803/749 687/802/748
f 931/818/764 930/804/750 703/801/747 641/816/762
f 823/993/881 932/991/877 931/818/764 641/816/762
f 815/974/880 933/972/878 932/971/877 823/975/881
f 1139/1085/966 1140/1086/967 910/1075/956 909/1078/959
f 1140/1086/967 1141/1087/968 951/1083/964 910/1075/956
f 1138/1088/969 1139/1085/966 909/1078/959 911/1080/961
f 1248/1082/963 1249/1089/970 1138/1088/969 911/1080/961
f 942/1090/971 943/1091/972 1289/1092/973 1290/1093/974
f 1287/1094/975 1288/1095/976 944/1096/977 960/1097/978
f 943/1091/972 944/1096/977 1288/1095/976 1289/1092/973
f 946/1098/979 947/1099/980 943/1091/972 942/1090/971
f 947/1099/980 948/1100/981 944/1096/977 943/1091/972
f 959/1101/982 960/1097/978 944/1096/977 948/1100/981
f 894/1057/939 947/1099/980 946/1098/979 900/1063/945
f 898/1056/938 948/1100/981 947/1099/980 894/1057/939
f 958/1061/943 959/1101/982 948/1100/981 898/1056/938
f 880/1024/911 879/1022/909 946/1098/979 942/1090/971
f 942/1090/971 1290/1093/974 1291/1026/913 880/1024/911
f 900/1063/945 946/1098/979 879/1022/909 876/1017/904
f 1141/1087/968 1142/1102/983 963/1103/984 951/1083/964
f 963/1103/984 964/1104/985 952/1084/965 951/1083/964
f 953/1071/952 952/1084/965 964/1104/985 965/1105/986
f 954/1069/950 953/1071/952 965/1105/986 966/1106/987
f 955/1051/935 954/1069/950 966/1106/987 967/1107/988
f 956/1052/936 955/1051/935 967/1107/988 968/1108/989
f 968/1108/989 969/1109/990 957/1054/937 956/1052/936
f 958/1061/943 1222/1060/942 1223/1110/991 970/1111/992
f 970/1111/992 971/1112/993 959/1101/982 958/1061/943
f 971/1112/993 972/1113/994 960/1097/978 959/1101/982
f 1286/1114/995 1287/1094/975 960/1097/978 972/1113/994
f 1142/1102/983 1143/1115/996 912/1116/997 963/1103/984
f 913/1117/998 964/1104/985 963/1103/984 912/1116/997
f 965/1105/986 964/1104/985 913/1117/998 906/1118/999
f 966/1106/987 965/1105/986 906/1118/999 904/1119/1000
f 967/1107/988 966/1106/987 904/1119/1000 895/1120/1001
f 968/1108/989 967/1107/988 895/1120/1001 896/1121/1002
f 896/1121/1002 897/1122/1003 969/1109/990 968/1108/989
f 970/1111/992 1223/1110/991 1224/1123/1004 899/1124/1005
f 949/1125/1006 971/1112/993 970/1111/992 899/1124/1005
f 945/1126/1007 972/1113/994 971/1112/993 949/1125/1006
f 1285/1127/1008 1286/1114/995 972/1113/994 945/1126/1007
f 753/1128/829 752/1129/828 949/1125/1006 899/1124/1005
f 975/1130/1009 974/1131/1010 751/1132/827 754/1133/826
f 750/1134/825 976/1135/1011 975/1130/1009 754/1133/826
f 899/1124/1005 1224/1123/1004 1225/1136/1012 753/1128/829
f 1225/1136/1012 1226/1137/1013 755/1138/830 753/1128/829
f 1226/1137/1013 1227/1139/1014 748/1140/831 755/1138/830
f 749/1141/824 748/1140/831 1227/1139/1014 1228/1142/1015
f 976/1135/1011 750/1134/825 749/1141/824 981/1143/1016
f 752/1129/828 751/1132/827 974/1131/1010 949/1125/1006
f 982/1144/1017 945/1126/1007 949/1125/1006 974/1131/1010
f 982/1144/1017 1284/1145/1018 1285/1127/1008 945/1126/1007
f 974/1131/1010 975/1130/1009 984/1146/1019 982/1144/1017
f 984/1146/1019 1283/1147/1020 1284/1145/1018 982/1144/1017
f 1282/1148/1021 1283/1147/1020 984/1146/1019 986/1149/1022
f 975/1130/1009 976/1135/1011 986/1149/1022 984/1146/1019
f 1281/1150/1023 1282/1148/1021 986/1149/1022 988/1151/1024
f 981/1143/1016 988/1151/1024 986/1149/1022 976/1135/1011
f 980/1152/1025 979/1153/1026 990/1154/1027 991/1155/1028
f 979/1153/1026 978/1156/1029 992/1157/1030 990/1154/1027
f 993/1158/1031 992/1157/1030 978/1156/1029 977/1159/1032
f 993/1158/1031 977/1159/1032 897/1122/1003 896/1121/1002
f 1010/1160/1033 1011/1161/1034 1146/1162/1035 1147/1163/1036
f 1145/1164/1037 1146/1162/1035 1011/1161/1034 1012/1165/1038
f 1012/1165/1038 1013/1166/1039 1144/1167/1040 1145/1164/1037
f 1002/1168/1041 1003/1169/1042 999/1170/1043 998/1171/1044
f 1000/1172/1045 999/1170/1043 1003/1169/1042 1004/1173/1046
f 1004/1173/1046 1005/1174/1047 1001/1175/1048 1000/1172/1045
f 990/1154/1027 1003/1169/1042 1002/1168/1041 991/1155/1028
f 1004/1173/1046 1003/1169/1042 990/1154/1027 992/1157/1030
f 993/1158/1031 1005/1174/1047 1004/1173/1046 992/1157/1030
f 1014/1176/1049 1015/1177/1050 1007/1178/1051 1006/1179/1052
f 1008/1180/1053 1007/1178/1051 1015/1177/1050 1016/1181/1054
f 1016/1181/1054 1017/1182/1055 1009/1183/1056 1008/1180/1053
f 1006/1179/1052 1007/1178/1051 1011/1161/1034 1010/1160/1033
f 1012/1165/1038 1011/1161/1034 1007/1178/1051 1008/1180/1053
f 1008/1180/1053 1009/1183/1056 1013/1166/1039 1012/1165/1038
f 998/1171/1044 999/1170/1043 1015/1177/1050 1014/1176/1049
f 1016/1181/1054 1015/1177/1050 999/1170/1043 1000/1172/1045
f 1000/1172/1045 1001/1175/1048 1017/1182/1055 1016/1181/1054
f 1005/1174/1047 993/1158/1031 896/1121/1002 895/1120/1001
f 1001/1175/1048 1005/1174/1047 895/1120/1001 904/1119/1000
f 904/1119/1000 906/1118/999 1017/1182/1055 1001/1175/1048
f 906/1118/999 913/1117/998 1009/1183/1056 1017/1182/1055
f 913/1117/998 912/1116/997 1013/1166/1039 1009/1183/1056
f 1143/1115/996 1144/1167/1040 1013/1166/1039 912/1116/997
f 1056/1184/1057 1057/1185/1058 1050/1186/1059 1051/1187/1060
f 1057/1185/1058 1231/1188/1061 1232/1189/1062 1050/1186/1059
f 1058/1190/1063 1059/1191/1064 1048/1192/1065 1049/1193/1066
f 1059/1191/1064 1060/1194/1067 1047/1195/1068 1048/1192/1065
f 1060/1194/1067 1061/1196/1069 1046/1197/1070 1047/1195/1068
f 1045/1198/1071 1046/1197/1070 1061/1196/1069 1062/1199/1072
f 1044/1200/1073 1045/1198/1071 1062/1199/1072 1063/1201/1074
f 1150/1202/1075 1151/1203/1076 1043/1204/1077 1064/1205/1078
f 1043/1204/1077 1044/1200/1073 1063/1201/1074 1064/1205/1078
f 1052/1206/1079 1277/1207/1080 1278/1208/1081 1055/1209/1082
f 1051/1187/1060 1052/1206/1079 1055/1209/1082 1056/1184/1057
f 1031/1210/1083 1279/1211/1084 1280/1212/1085 1067/1213/1086
f 1032/1214/1087 1031/1210/1083 1067/1213/1086 1068/1215/1088
f 1068/1215/1088 1069/1216/1089 1033/1217/1090 1032/1214/1087
f 1069/1216/1089 1229/1218/1091 1230/1219/1092 1033/1217/1090
f 1070/1220/1093 1071/1221/1094 1035/1222/1095 1034/1223/1096
f 1071/1221/1094 1072/1224/1097 1036/1225/1098 1035/1222/1095
f 1072/1224/1097 1073/1226/1099 1037/1227/1100 1036/1225/1098
f 1038/1228/1101 1037/1227/1100 1073/1226/1099 1074/1229/1102
f 1039/1230/1103 1038/1228/1101 1074/1229/1102 1075/1231/1104
f 1040/1232/1105 1039/1230/1103 1075/1231/1104 1076/1233/1106
f 1148/1234/1107 1149/1235/1108 1040/1232/1105 1076/1233/1106
f 1027/1236/1109 1043/1204/1077 1151/1203/1076 1152/1237/1110
f 1025/1238/1111 1044/1200/1073 1043/1204/1077 1027/1236/1109
f 1024/1239/1112 1045/1198/1071 1044/1200/1073 1025/1238/1111
f 1023/1240/1113 1046/1197/1070 1045/1198/1071 1024/1239/1112
f 1047/1195/1068 1046/1197/1070 1023/1240/1113 1022/1241/1114
f 1048/1192/1065 1047/1195/1068 1022/1241/1114 1021/1242/1115
f 1049/1193/1066 1048/1192/1065 1021/1242/1115 1020/1243/1116
f 1050/1186/1059 1232/1189/1062 1233/1244/1117 1018/1245/1118
f 1051/1187/1060 1050/1186/1059 1018/1245/1118 1019/1246/1119
f 1028/1247/1120 1052/1206/1079 1051/1187/1060 1019/1246/1119
f 1276/1248/1121 1277/1207/1080 1052/1206/1079 1028/1247/1120
f 1055/1209/1082 1278/1208/1081 1279/1211/1084 1031/1210/1083
f 1056/1184/1057 1055/1209/1082 1031/1210/1083 1032/1214/1087
f 1032/1214/1087 1033/1217/1090 1057/1185/1058 1056/1184/1057
f 1033/1217/1090 1230/1219/1092 1231/1188/1061 1057/1185/1058
f 1034/1223/1096 1035/1222/1095 1059/1191/1064 1058/1190/1063
f 1035/1222/1095 1036/1225/1098 1060/1194/1067 1059/1191/1064
f 1036/1225/1098 1037/1227/1100 1061/1196/1069 1060/1194/1067
f 1062/1199/1072 1061/1196/1069 1037/1227/1100 1038/1228/1101
f 1063/1201/1074 1062/1199/1072 1038/1228/1101 1039/1230/1103
f 1064/1205/1078 1063/1201/1074 1039/1230/1103 1040/1232/1105
f 1149/1235/1108 1150/1202/1075 1064/1205/1078 1040/1232/1105
f 1067/1213/1086 1280/1212/1085 1281/1150/1023 988/1151/1024
f 1068/1215/1088 1067/1213/1086 988/1151/1024 981/1143/1016
f 981/1143/1016 749/1141/824 1069/1216/1089 1068/1215/1088
f 1228/1142/1015 1229/1218/1091 1069/1216/1089 749/1141/824
f 991/1155/1028 1071/1221/1094 1070/1220/1093 980/1152/1025
f 1002/1168/1041 1072/1224/1097 1071/1221/1094 991/1155/1028
f 998/1171/1044 1073/1226/1099 1072/1224/1097 1002/1168/1041
f 1074/1229/1102 1073/1226/1099 998/1171/1044 1014/1176/1049
f 1075/1231/1104 1074/1229/1102 1014/1176/1049 1006/1179/1052
f 1076/1233/1106 1075/1231/1104 1006/1179/1052 1010/1160/1033
f 1147/1163/1036 1148/1234/1107 1076/1233/1106 1010/1160/1033
f 1022/1241/1114 1023/1240/1113 719/1249/794 718/1250/793
f 721/1251/796 1079/1252/1122 1080/1253/1123 722/1254/797
f 722/1254/797 1080/1253/1123 1081/1255/1124 715/1256/798
f 1078/1257/1125 717/1258/792 716/1259/791 1082/1260/1126
f 715/1256/798 1083/1261/1127 1082/1260/1126 716/1259/791
f 1021/1242/1115 1022/1241/1114 718/1250/793 1084/1262/1128
f 717/1258/792 1078/1257/1125 1084/1262/1128 718/1250/793
f 720/1263/795 719/1249/794 1023/1240/1113 1024/1239/1112
f 720/1263/795 1085/1264/1129 1079/1252/1122 721/1251/796
f 1025/1238/1111 1085/1264/1129 720/1263/795 1024/1239/1112
f 1086/1265/1130 1085/1264/1129 1025/1238/1111 1027/1236/1109
f 1152/1237/1110 1153/1266/1131 1086/1265/1130 1027/1236/1109
f 1155/1267/1132 1156/1268/1133 1088/1269/1134 1092/1270/1135
f 1153/1266/1131 1154/1271/1136 1090/1272/1137 1086/1265/1130
f 1154/1271/1136 1155/1267/1132 1092/1270/1135 1090/1272/1137
f 1085/1264/1129 1086/1265/1130 1090/1272/1137 1079/1252/1122
f 1092/1270/1135 1080/1253/1123 1079/1252/1122 1090/1272/1137
f 1088/1269/1134 1081/1255/1124 1080/1253/1123 1092/1270/1135
f 1233/1244/1117 1234/1273/1138 1100/1274/1139 1018/1245/1118
f 1018/1245/1118 1100/1274/1139 1101/1275/1140 1019/1246/1119
f 1019/1246/1119 1101/1275/1140 1102/1276/1141 1028/1247/1120
f 1102/1276/1141 1275/1277/1142 1276/1248/1121 1028/1247/1120
f 1100/1274/1139 1234/1273/1138 1235/1278/1143 1105/1279/1144
f 1101/1275/1140 1100/1274/1139 1105/1279/1144 1106/1280/1145
f 1102/1276/1141 1101/1275/1140 1106/1280/1145 1107/1281/1146
f 1107/1281/1146 1274/1282/1147 1275/1277/1142 1102/1276/1141
f 1105/1279/1144 1235/1278/1143 1236/1283/1148 1110/1284/1149
f 1106/1280/1145 1105/1279/1144 1110/1284/1149 1111/1285/1150
f 1107/1281/1146 1106/1280/1145 1111/1285/1150 1112/1286/1151
f 1112/1286/1151 1273/1287/1152 1274/1282/1147 1107/1281/1146
f 1110/1284/1149 1236/1283/1148 1237/1288/1153 1095/1289/1154
f 1111/1285/1150 1110/1284/1149 1095/1289/1154 1096/1290/1155
f 1112/1286/1151 1111/1285/1150 1096/1290/1155 1097/1291/1156
f 1272/1292/1157 1273/1287/1152 1112/1286/1151 1097/1291/1156
f 1099/1293/1158 1020/1243/1116 1021/1242/1115 1084/1262/1128
f 1084/1262/1128 1078/1257/1125 1104/1294/1159 1099/1293/1158
f 1109/1295/1160 1104/1294/1159 1078/1257/1125 1082/1260/1126
f 1094/1296/1161 1109/1295/1160 1082/1260/1126 1083/1261/1127
f 1156/1268/1133 1157/1297/1162 1115/1298/1163 1088/1269/1134
f 1157/1297/1162 1158/1299/1164 1117/1300/1165 1115/1298/1163
f 1119/1301/1166 1120/1302/1167 1121/1303/1168 1118/1304/1169
f 1121/1303/1168 1120/1302/1167 1115/1298/1163 1117/1300/1165
f 1115/1298/1163 1120/1302/1167 1081/1255/1124 1088/1269/1134
f 1120/1302/1167 1119/1301/1166 715/1256/798 1081/1255/1124
f 1118/1304/1169 1126/1305/1170 1127/1306/1171 1119/1301/1166
f 1125/1307/1172 1124/1308/1173 1122/1309/1174 1123/1310/1175
f 1238/1311/1176 1239/1312/1177 1124/1308/1173 1125/1307/1172
f 1127/1306/1171 1126/1305/1170 1129/1313/1178 1128/1314/1179
f 1119/1301/1166 1127/1306/1171 1083/1261/1127 715/1256/798
f 1083/1261/1127 1127/1306/1171 1128/1314/1179 1094/1296/1161
f 1125/1307/1172 1095/1289/1154 1237/1288/1153 1238/1311/1176
f 1096/1290/1155 1095/1289/1154 1125/1307/1172 1123/1310/1175
f 1122/1309/1174 1130/1315/1180 1131/1316/1181 1123/1310/1175
f 1097/1291/1156 1096/1290/1155 1123/1310/1175 1131/1316/1181
f 1131/1316/1181 1130/1315/1180 1270/1317/1182 1271/1318/1183
f 1271/1318/1183 1272/1292/1157 1097/1291/1156 1131/1316/1181
f 1158/1299/1164 1173/1319/1184 1174/1320/1185 1117/1300/1165
f 642/1321/1186 1252/1322/1187 1253/1001/895 1134/1000/648
f 845/1323/1188 893/1324/1189 1136/1029/916 1135/1045/932
f 1137/1030/917 1136/1029/916 893/1324/1189 882/1325/1190
f 937/1326/1191 1138/1088/969 1249/1089/970 1250/1327/1192
f 934/1328/1193 1139/1085/966 1138/1088/969 937/1326/1191
f 935/1329/1194 1140/1086/967 1139/1085/966 934/1328/1193
f 950/1330/1195 1141/1087/968 1140/1086/967 935/1329/1194
f 962/1331/1196 1142/1102/983 1141/1087/968 950/1330/1195
f 936/1332/1197 1143/1115/996 1142/1102/983 962/1331/1196
f 997/1333/1198 1144/1167/1040 1143/1115/996 936/1332/1197
f 1145/1164/1037 1144/1167/1040 997/1333/1198 996/1334/1199
f 996/1334/1199 994/1335/1200 1146/1162/1035 1145/1164/1037
f 1147/1163/1036 1146/1162/1035 994/1335/1200 995/1336/1201
f 1077/1337/1202 1148/1234/1107 1147/1163/1036 995/1336/1201
f 1041/1338/1203 1149/1235/1108 1148/1234/1107 1077/1337/1202
f 1065/1339/1204 1150/1202/1075 1149/1235/1108 1041/1338/1203
f 1042/1340/1205 1151/1203/1076 1150/1202/1075 1065/1339/1204
f 1152/1237/1110 1151/1203/1076 1042/1340/1205 1026/1341/1206
f 1026/1341/1206 1087/1342/1207 1153/1266/1131 1152/1237/1110
f 1091/1343/1208 1154/1271/1136 1153/1266/1131 1087/1342/1207
f 1093/1344/1209 1155/1267/1132 1154/1271/1136 1091/1343/1208
f 1089/1345/1210 1156/1268/1133 1155/1267/1132 1093/1344/1209
f 1089/1345/1210 1114/1346/1211 1157/1297/1162 1156/1268/1133
f 1114/1346/1211 1116/1347/1212 1158/1299/1164 1157/1297/1162
f 1116/1347/1212 1172/1348/1213 1173/1319/1184 1158/1299/1164
f 1160/969/875 1159/968/874 813/1349/1214 821/1350/1215
f 1161/819/765 1160/990/875 821/1351/1215 643/1352/1216
f 643/1352/1216 705/1353/1217 1162/807/753 1161/819/765
f 1163/808/754 1162/807/753 705/1353/1217 689/1354/1218
f 1164/786/732 1163/808/754 689/1354/1218 697/1355/1219
f 1165/774/720 1164/786/732 697/1355/1219 681/1356/1220
f 1166/775/721 1165/774/720 681/1356/1220 673/1357/1221
f 1167/752/698 1166/775/721 673/1357/1221 875/1358/1222
f 1168/753/699 1167/752/698 875/1358/1222 665/1359/1223
f 1169/730/676 1168/753/699 665/1359/1223 836/1360/1224
f 1170/731/677 1169/730/676 836/1360/1224 657/1361/1225
f 1171/701/647 1170/731/677 657/1361/1225 844/1362/1226
f 1134/702/648 1171/701/647 844/1362/1226 642/1363/1186
f 1179/1364/1227 1180/1365/1228 813/1349/1214 1159/968/874
f 1178/1366/1229 1179/1364/1227 1159/968/874 814/967/873
f 1174/1320/1185 1173/1319/1184 1176/1367/1230 1175/1368/1231
f 1173/1319/1184 1172/1348/1213 1177/1369/1232 1176/1367/1230
f 1175/1368/1231 1176/1367/1230 1179/1370/1227 1178/1371/1229
f 1176/1367/1230 1177/1369/1232 1180/1372/1228 1179/1370/1227
f 1187/1373/1233 1188/1374/1234 1185/1375/1235 1186/1376/1236
f 1188/1374/1234 1189/1377/1237 1184/1378/1238 1185/1375/1235
f 1185/1375/1235 1184/1378/1238 1174/1320/1185 1175/1368/1231
f 1186/1376/1236 1185/1375/1235 1175/1368/1231 1178/1371/1229
f 1182/1379/1239 1181/1380/1240 1188/1374/1234 1187/1373/1233
f 1181/1380/1240 1183/1381/1241 1189/1377/1237 1188/1374/1234
f 1184/1378/1238 1189/1377/1237 1118/1304/1169 1121/1303/1168
f 1117/1300/1165 1174/1320/1185 1184/1378/1238 1121/1303/1168
f 1189/1377/1237 1183/1381/1241 1126/1305/1170 1118/1304/1169
f 1181/1380/1240 1192/1382/1242 1193/1383/1243 1183/1381/1241
f 1194/1384/1244 1195/1385/1245 1190/1386/1246 1191/1387/1247
f 1240/1388/1248 1241/1389/1249 1195/1385/1245 1194/1384/1244
f 1183/1381/1241 1193/1383/1243 1129/1313/1178 1126/1305/1170
f 1239/1312/1177 1240/1388/1248 1194/1384/1244 1124/1308/1173
f 1194/1384/1244 1191/1387/1247 1122/1309/1174 1124/1308/1173
f 1197/1390/1250 1196/1391/1251 1191/1387/1247 1190/1386/1246
f 1122/1309/1174 1191/1387/1247 1196/1391/1251 1130/1315/1180
f 1268/1392/1252 1269/1393/1253 1196/1391/1251 1197/1390/1250
f 1269/1393/1253 1270/1317/1182 1130/1315/1180 1196/1391/1251
f 933/972/878 1186/1394/1236 1178/1366/1229 814/967/873
f 815/974/880 1187/1395/1233 1186/1394/1236 933/972/878
f 1182/1396/1239 1187/1395/1233 815/974/880 816/973/879
f 816/973/879 817/978/884 1200/1397/1254 1182/1396/1239
f 1192/1382/1242 1181/1380/1240 1182/1379/1239 1200/1398/1254
f 1197/1390/1250 1201/1399/1255 1267/1400/1256 1268/1392/1252
f 1201/1401/1255 819/987/893 1266/986/892 1267/1402/1256
f 1190/1386/1246 1203/1403/1257 1201/1399/1255 1197/1390/1250
f 1204/1404/1258 1203/1403/1257 1190/1386/1246 1195/1385/1245
f 1206/690/636 1205/689/635 646/707/653 838/706/652
f 1207/715/661 1206/690/636 838/706/652 651/713/659
f 1208/716/662 1207/715/661 651/713/659 830/712/658
f 1209/737/683 1208/716/662 830/712/658 659/735/681
f 1210/738/684 1209/737/683 659/735/681 868/734/680
f 1211/759/705 1210/738/684 868/734/680 667/757/703
f 1212/760/706 1211/759/705 667/757/703 675/756/702
f 1213/778/724 1212/760/706 675/756/702 691/777/723
f 1214/792/738 1213/778/724 691/777/723 683/790/736
f 1215/793/739 1214/792/738 683/790/736 699/789/735
f 1216/811/757 1215/793/739 699/789/735 647/809/755
f 827/999/894 1217/996/887 1216/811/757 647/809/755
f 819/987/893 1218/982/888 1217/981/887 827/988/894
f 1201/1401/1255 1203/1405/1257 1218/982/888 819/987/893
f 1203/1405/1257 1204/1406/1258 818/983/889 1218/982/888
f 784/1407/867 787/1408/866 1220/1058/940 1219/1062/944
f 1221/1059/941 1220/1058/940 787/1408/866 782/1055/865
f 782/1055/865 957/1054/937 1222/1060/942 1221/1059/941
f 1223/1110/991 1222/1060/942 957/1054/937 969/1109/990
f 1224/1123/1004 1223/1110/991 969/1109/990 897/1122/1003
f 1225/1136/1012 1224/1123/1004 897/1122/1003 977/1159/1032
f 977/1159/1032 978/1156/1029 1226/1137/1013 1225/1136/1012
f 978/1156/1029 979/1153/1026 1227/1139/1014 1226/1137/1013
f 1228/1142/1015 1227/1139/1014 979/1153/1026 980/1152/1025
f 980/1152/1025 1070/1220/1093 1229/1218/1091 1228/1142/1015
f 1230/1219/1092 1229/1218/1091 1070/1220/1093 1034/1223/1096
f 1231/1188/1061 1230/1219/1092 1034/1223/1096 1058/1190/1063
f 1232/1189/1062 1231/1188/1061 1058/1190/1063 1049/1193/1066
f 1233/1244/1117 1232/1189/1062 1049/1193/1066 1020/1243/1116
f 1020/1243/1116 1099/1293/1158 1234/1273/1138 1233/1244/1117
f 1235/1278/1143 1234/1273/1138 1099/1293/1158 1104/1294/1159
f 1236/1283/1148 1235/1278/1143 1104/1294/1159 1109/1295/1160
f 1237/1288/1153 1236/1283/1148 1109/1295/1160 1094/1296/1161
f 1238/1311/1176 1237/1288/1153 1094/1296/1161 1128/1314/1179
f 1128/1314/1179 1129/1313/1178 1239/1312/1177 1238/1311/1176
f 1193/1383/1243 1240/1388/1248 1239/1312/1177 1129/1313/1178
f 1193/1383/1243 1192/1382/1242 1241/1389/1249 1240/1388/1248
f 817/978/884 864/980/886 1242/1409/1259 1200/1397/1254
f 864/980/886 818/983/889 1204/1406/1258 1242/1409/1259
f 1241/1389/1249 1242/1410/1259 1204/1404/1258 1195/1385/1245
f 1192/1382/1242 1200/1398/1254 1242/1410/1259 1241/1389/1249
f 1244/1049/934 1243/1048/933 876/1017/904 877/1016/903
f 877/1016/903 878/1021/908 1245/1064/946 1244/1049/934
f 878/1021/908 884/1035/922 1246/1074/955 1245/1064/946
f 884/1035/922 917/1032/919 1247/1081/962 1246/1074/955
f 1248/1082/963 1247/1081/962 917/1032/919 883/1031/918
f 1137/1030/917 1249/1089/970 1248/1082/963 883/1031/918
f 1250/1327/1192 1249/1089/970 1137/1030/917 882/1325/1190
f 1243/1048/933 1219/1062/944 900/1063/945 876/1017/904
f 785/1047/868 784/1407/867 1219/1062/944 1243/1048/933
f 1258/1010/900 1259/1411/1260 852/1412/638 639/1011/641
f 1259/1411/1260 1260/1413/1261 634/1414/634 852/1412/638
f 1261/1415/1262 1262/1012/901 646/1015/653 1205/1416/635
f 1205/1416/635 634/1414/634 1260/1413/1261 1261/1415/1262
f 1251/1417/1263 850/1418/925 866/1419/924
f 1253/1001/895 1252/1322/1187 845/1420/1188 1135/1421/932
f 1254/1002/896 1253/1001/895 1135/1421/932 846/1422/931
f 846/1422/931 919/1423/930 1255/1004/897 1254/1002/896
f 1256/1006/898 1255/1004/897 919/1423/930 847/1424/929
f 847/1424/929 848/1425/928 1257/1007/899 1256/1006/898
f 848/1425/928 849/1426/927 1258/1010/900 1257/1007/899
f 849/1426/927 851/1427/926 1259/1411/1260 1258/1010/900
f 851/1427/926 850/1418/925 1260/1413/1261 1259/1411/1260
f 1261/1415/1262 1260/1413/1261 850/1418/925 1251/1417/1263
f 1251/1417/1263 866/1419/924 1262/1012/901 1261/1415/1262
f 866/1419/924 1293/1428/923 1294/1013/902 1262/1012/901
f 828/1429/1264 1265/998/891 1264/810/756 636/1430/1265
f 820/1431/1266 1266/986/892 1265/985/891 828/1432/1264
f 1267/1402/1256 1266/986/892 820/1431/1266 1202/1433/1267
f 1268/1392/1252 1267/1400/1256 1202/1434/1267 1199/1435/1268
f 1199/1435/1268 1198/1436/1269 1269/1393/1253 1268/1392/1252
f 1132/1437/1270 1270/1317/1182 1269/1393/1253 1198/1436/1269
f 1271/1318/1183 1270/1317/1182 1132/1437/1270 1133/1438/1271
f 1098/1439/1272 1272/1292/1157 1271/1318/1183 1133/1438/1271
f 1098/1439/1272 1113/1440/1273 1273/1287/1152 1272/1292/1157
f 1274/1282/1147 1273/1287/1152 1113/1440/1273 1108/1441/1274
f 1275/1277/1142 1274/1282/1147 1108/1441/1274 1103/1442/1275
f 1276/1248/1121 1275/1277/1142 1103/1442/1275 1029/1443/1276
f 1029/1443/1276 1053/1444/1277 1277/1207/1080 1276/1248/1121
f 1278/1208/1081 1277/1207/1080 1053/1444/1277 1054/1445/1278
f 1279/1211/1084 1278/1208/1081 1054/1445/1278 1030/1446/1279
f 1280/1212/1085 1279/1211/1084 1030/1446/1279 1066/1447/1280
f 1281/1150/1023 1280/1212/1085 1066/1447/1280 989/1448/1281
f 987/1449/1282 1282/1148/1021 1281/1150/1023 989/1448/1281
f 985/1450/1283 1283/1147/1020 1282/1148/1021 987/1449/1282
f 1284/1145/1018 1283/1147/1020 985/1450/1283 983/1451/1284
f 1285/1127/1008 1284/1145/1018 983/1451/1284 940/1452/1285
f 973/1453/1286 1286/1114/995 1285/1127/1008 940/1452/1285
f 961/1454/1287 1287/1094/975 1286/1114/995 973/1453/1286
f 941/1455/1288 1288/1095/976 1287/1094/975 961/1454/1287
f 1289/1092/973 1288/1095/976 941/1455/1288 938/1456/1289
f 1290/1093/974 1289/1092/973 938/1456/1289 939/1457/1290
f 1291/1026/913 1290/1093/974 939/1457/1290 881/1458/1291
f 885/1459/1292 1292/1027/914 1291/1026/913 881/1458/1291
f 865/1460/1293 1293/1036/923 1292/1027/914 885/1459/1292
f 1294/1013/902 1293/1428/923 865/1461/1293 1263/1462/1294
f 1295/1014/650 1294/1013/902 1263/1462/1294 635/1463/1295
f 837/1464/1296 1296/705/651 1295/704/650 635/1465/1295
f 650/1466/1297 1297/710/656 1296/705/651 837/1464/1296
f 829/1467/1298 1298/711/657 1297/710/656 650/1466/1297
f 658/1468/1299 1299/732/678 1298/711/657 829/1467/1298
f 867/1469/1300 1300/733/679 1299/732/678 658/1468/1299
f 666/1470/1301 1301/754/700 1300/733/679 867/1469/1300
f 674/1471/1302 1302/755/701 1301/754/700 666/1470/1301
f 690/1472/1303 1303/776/722 1302/755/701 674/1471/1302
f 682/1473/1304 1304/787/733 1303/776/722 690/1472/1303
f 698/1474/1305 1305/788/734 1304/787/733 682/1473/1304
f 1264/810/756 1305/788/734 698/1474/1305 636/1430/1265
s 75
f 1306/1475/1306 1427/1476/1307 1487/1477/1308 1430/1478/1309
f 1427/1476/1307 1307/1479/1310 1428/1480/1311 1487/1477/1308
f 1487/1477/1308 1428/1480/1311 1360/1481/1312 1429/1482/1313
f 1430/1478/1309 1487/1477/1308 1429/1482/1313 1361/1483/1314
f 1307/1479/1310 1431/1484/1315 1488/1485/1316 1428/1480/1311
f 1431/1484/1315 1308/1486/1317 1432/1487/1318 1488/1485/1316
f 1488/1485/1316 1432/1487/1318 1359/1488/1319 1433/1489/1320
f 1428/1480/1311 1488/1485/1316 1433/1489/1320 1360/1481/1312
f 1308/1486/1317 1434/1490/1321 1489/1491/1322 1432/1487/1318
f 1434/1490/1321 1309/1492/1323 1435/1493/1324 1489/1491/1322
f 1489/1491/1322 1435/1493/1324 1358/1494/1325 1436/1495/1326
f 1432/1487/1318 1489/1491/1322 1436/1495/1326 1359/1488/1319
f 1309/1492/1323 1437/1496/1327 1490/1497/1328 1435/1493/1324
f 1437/1496/1327 1310/1498/1329 1438/1499/1330 1490/1497/1328
f 1490/1497/1328 1438/1499/1330 1357/1500/1331 1439/1501/1332
f 1435/1493/1324 1490/1497/1328 1439/1501/1332 1358/1494/1325
f 1310/1498/1329 1440/1502/1333 1491/1503/1334 1438/1499/1330
f 1440/1502/1333 1311/1504/1335 1441/1505/1336 1491/1503/1334
f 1491/1503/1334 1441/1505/1336 1356/1506/1337 1442/1507/1338
f 1438/1499/1330 1491/1503/1334 1442/1507/1338 1357/1500/1331
f 1311/1504/1335 1443/1508/1339 1492/1509/1340 1441/1505/1336
f 1443/1508/1339 1312/1510/1341 1444/1511/1342 1492/1509/1340
f 1492/1509/1340 1444/1511/1342 1355/1512/1343 1445/1513/1344
f 1441/1505/1336 1492/1509/1340 1445/1513/1344 1356/1506/1337
f 1312/1510/1341 1446/1514/1345 1493/1515/1346 1444/1511/1342
f 1446/1514/1345 1313/1516/1347 1447/1517/1348 1493/1515/1346
f 1493/1515/1346 1447/1517/1348 1366/1518/1349 1448/1519/1350
f 1444/1511/1342 1493/1515/1346 1448/1519/1350 1355/1512/1343
f 1313/1516/1347 1449/1520/1351 1494/1521/1352 1447/1517/1348
f 1449/1520/1351 1314/1522/1353 1450/1523/1354 1494/1521/1352
f 1494/1521/1352 1450/1523/1354 1365/1524/1355 1451/1525/1356
f 1447/1517/1348 1494/1521/1352 1451/1525/1356 1366/1518/1349
f 1314/1522/1353 1452/1526/1357 1495/1527/1358 1450/1523/1354
f 1452/1526/1357 1315/1528/1359 1453/1529/1360 1495/1527/1358
f 1495/1527/1358 1453/1529/1360 1364/1530/1361 1454/1531/1362
f 1450/1523/1354 1495/1527/1358 1454/1531/1362 1365/1524/1355
f 1315/1528/1359 1455/1532/1363 1496/1533/1364 1453/1529/1360
f 1455/1532/1363 1316/1534/1365 1456/1535/1366 1496/1533/1364
f 1496/1533/1364 1456/1535/1366 1363/1536/1367 1457/1537/1368
f 1453/1529/1360 1496/1533/1364 1457/1537/1368 1364/1530/1361
f 1316/1534/1365 1458/1538/1369 1497/1539/1370 1456/1535/1366
f 1458/1538/1369 1317/1540/1371 1459/1541/1372 1497/1539/1370
f 1497/1539/1370 1459/1541/1372 1362/1542/1373 1460/1543/1374
f 1456/1535/1366 1497/1539/1370 1460/1543/1374 1363/1536/1367
f 1317/1540/1371 1461/1544/1375 1498/1545/1376 1459/1541/1372
f 1461/1544/1375 1306/1546/1306 1430/1547/1309 1498/1545/1376
f 1498/1545/1376 1430/1547/1309 1361/1548/1314 1462/1549/1377
f 1459/1541/1372 1498/1545/1376 1462/1549/1377 1362/1542/1373
f 1318/1550/1378 1463/1551/1379 1499/1552/1380 1465/1553/1381
f 1319/1554/1382 1464/1555/1383 1499/1552/1380 1463/1551/1379
f 1330/1556/1384 1465/1553/1381 1499/1552/1380 1464/1555/1383
f 1319/1554/1382 1466/1557/1385 1500/1558/1386 1464/1555/1383
f 1320/1559/1387 1467/1560/1388 1500/1558/1386 1466/1557/1385
f 1330/1556/1384 1464/1555/1383 1500/1558/1386 1467/1560/1388
f 1320/1559/1387 1468/1561/1389 1501/1562/1390 1467/1560/1388
f 1321/1563/1391 1469/1564/1392 1501/1562/1390 1468/1561/1389
f 1330/1556/1384 1467/1560/1388 1501/1562/1390 1469/1564/1392
f 1321/1563/1391 1470/1565/1393 1502/1566/1394 1469/1564/1392
f 1322/1567/1395 1471/1568/1396 1502/1566/1394 1470/1565/1393
f 1330/1556/1384 1469/1564/1392 1502/1566/1394 1471/1568/1396
f 1322/1567/1395 1472/1569/1397 1503/1570/1398 1471/1568/1396
f 1323/1571/1399 1473/1572/1400 1503/1570/1398 1472/1569/1397
f 1330/1556/1384 1471/1568/1396 1503/1570/1398 1473/1572/1400
f 1323/1571/1399 1474/1573/1401 1504/1574/1402 1473/1572/1400
f 1324/1575/1403 1475/1576/1404 1504/1574/1402 1474/1573/1401
f 1330/1556/1384 1473/1572/1400 1504/1574/1402 1475/1576/1404
f 1324/1575/1403 1476/1577/1405 1505/1578/1406 1475/1576/1404
f 1325/1579/1407 1477/1580/1408 1505/1578/1406 1476/1577/1405
f 1330/1556/1384 1475/1576/1404 1505/1578/1406 1477/1580/1408
f 1325/1579/1407 1478/1581/1409 1506/1582/1410 1477/1580/1408
f 1326/1583/1411 1479/1584/1412 1506/1582/1410 1478/1581/1409
f 1330/1556/1384 1477/1580/1408 1506/1582/1410 1479/1584/1412
f 1326/1583/1411 1480/1585/1413 1507/1586/1414 1479/1584/1412
f 1327/1587/1415 1481/1588/1416 1507/1586/1414 1480/1585/1413
f 1330/1556/1384 1479/1584/1412 1507/1586/1414 1481/1588/1416
f 1327/1587/1415 1482/1589/1417 1508/1590/1418 1481/1588/1416
f 1328/1591/1419 1483/1592/1420 1508/1590/1418 1482/1589/1417
f 1330/1556/1384 1481/1588/1416 1508/1590/1418 1483/1592/1420
f 1328/1591/1419 1484/1593/1421 1509/1594/1422 1483/1592/1420
f 1329/1595/1423 1485/1596/1424 1509/1594/1422 1484/1593/1421
f 1330/1556/1384 1483/1592/1420 1509/1594/1422 1485/1596/1424
f 1329/1595/1423 1486/1597/1425 1510/1598/1426 1485/1596/1424
f 1318/1550/1378 1465/1553/1381 1510/1598/1426 1486/1597/1425
f 1330/1556/1384 1485/1596/1424 1510/1598/1426 1465/1553/1381
f 1332/1599/1427 1367/1600/1428 1511/1601/1429 1370/1602/1430
f 1367/1600/1428 1331/1603/1431 1368/1604/1432 1511/1601/1429
f 1511/1601/1429 1368/1604/1432 1344/1605/1433 1369/1606/1434
f 1370/1602/1430 1511/1601/1429 1369/1606/1434 1345/1607/1435
f 1333/1608/1436 1371/1609/1437 1512/1610/1438 1373/1611/1439
f 1371/1609/1437 1332/1599/1427 1370/1602/1430 1512/1610/1438
f 1512/1610/1438 1370/1602/1430 1345/1607/1435 1372/1612/1440
f 1373/1611/1439 1512/1610/1438 1372/1612/1440 1346/1613/1441
f 1334/1614/1442 1374/1615/1443 1513/1616/1444 1376/1617/1445
f 1374/1615/1443 1333/1608/1436 1373/1611/1439 1513/1616/1444
f 1513/1616/1444 1373/1611/1439 1346/1613/1441 1375/1618/1446
f 1376/1617/1445 1513/1616/1444 1375/1618/1446 1347/1619/1447
f 1335/1620/1448 1377/1621/1449 1514/1622/1450 1379/1623/1451
f 1377/1621/1449 1334/1614/1442 1376/1617/1445 1514/1622/1450
f 1514/1622/1450 1376/1617/1445 1347/1619/1447 1378/1624/1452
f 1379/1623/1451 1514/1622/1450 1378/1624/1452 1348/1625/1453
f 1336/1626/1454 1380/1627/1455 1515/1628/1456 1382/1629/1457
f 1380/1627/1455 1335/1620/1448 1379/1623/1451 1515/1628/1456
f 1515/1628/1456 1379/1623/1451 1348/1625/1453 1381/1630/1458
f 1382/1629/1457 1515/1628/1456 1381/1630/1458 1349/1631/1459
f 1337/1632/1460 1383/1633/1461 1516/1634/1462 1385/1635/1463
f 1383/1633/1461 1336/1626/1454 1382/1629/1457 1516/1634/1462
f 1516/1634/1462 1382/1629/1457 1349/1631/1459 1384/1636/1464
f 1385/1635/1463 1516/1634/1462 1384/1636/1464 1350/1637/1465
f 1338/1638/1466 1386/1639/1467 1517/1640/1468 1388/1641/1469
f 1386/1639/1467 1337/1632/1460 1385/1635/1463 1517/1640/1468
f 1517/1640/1468 1385/1635/1463 1350/1637/1465 1387/1642/1470
f 1388/1641/1469 1517/1640/1468 1387/1642/1470 1351/1643/1471
f 1339/1644/1472 1389/1645/1473 1518/1646/1474 1391/1647/1475
f 1389/1645/1473 1338/1648/1466 1388/1649/1469 1518/1646/1474
f 1518/1646/1474 1388/1649/1469 1351/1650/1471 1390/1651/1476
f 1391/1647/1475 1518/1646/1474 1390/1651/1476 1352/1652/1477
f 1340/1653/1478 1392/1654/1479 1519/1655/1480 1394/1656/1481
f 1392/1654/1479 1339/1644/1472 1391/1647/1475 1519/1655/1480
f 1519/1655/1480 1391/1647/1475 1352/1652/1477 1393/1657/1482
f 1394/1656/1481 1519/1655/1480 1393/1657/1482 1353/1658/1483
f 1341/1659/1484 1395/1660/1485 1520/1661/1486 1397/1662/1487
f 1395/1660/1485 1340/1653/1478 1394/1656/1481 1520/1661/1486
f 1520/1661/1486 1394/1656/1481 1353/1658/1483 1396/1663/1488
f 1397/1662/1487 1520/1661/1486 1396/1663/1488 1354/1664/1489
f 1342/1665/1490 1398/1666/1491 1521/1667/1492 1400/1668/1493
f 1398/1666/1491 1341/1659/1484 1397/1662/1487 1521/1667/1492
f 1521/1667/1492 1397/1662/1487 1354/1664/1489 1399/1669/1494
f 1400/1668/1493 1521/1667/1492 1399/1669/1494 1343/1670/1495
f 1331/1603/1431 1401/1671/1496 1522/1672/1497 1368/1604/1432
f 1401/1671/1496 1342/1665/1490 1400/1668/1493 1522/1672/1497
f 1522/1672/1497 1400/1668/1493 1343/1670/1495 1402/1673/1498
f 1368/1604/1432 1522/1672/1497 1402/1673/1498 1344/1605/1433
f 1344/1605/1433 1402/1673/1498 1523/1674/1499 1404/1675/1500
f 1402/1673/1498 1343/1670/1495 1403/1676/1501 1523/1674/1499
f 1523/1674/1499 1403/1676/1501 1326/1677/1411 1478/1678/1409
f 1404/1675/1500 1523/1674/1499 1478/1678/1409 1325/1679/1407
f 1345/1607/1435 1369/1606/1434 1524/1680/1502 1405/1681/1503
f 1369/1606/1434 1344/1605/1433 1404/1675/1500 1524/1680/1502
f 1524/1680/1502 1404/1675/1500 1325/1679/1407 1476/1682/1405
f 1405/1681/1503 1524/1680/1502 1476/1682/1405 1324/1683/1403
f 1346/1613/1441 1372/1612/1440 1525/1684/1504 1406/1685/1505
f 1372/1612/1440 1345/1607/1435 1405/1681/1503 1525/1684/1504
f 1525/1684/1504 1405/1681/1503 1324/1683/1403 1474/1686/1401
f 1406/1685/1505 1525/1684/1504 1474/1686/1401 1323/1687/1399
f 1347/1619/1447 1375/1618/1446 1526/1688/1506 1407/1689/1507
f 1375/1618/1446 1346/1613/1441 1406/1685/1505 1526/1688/1506
f 1526/1688/1506 1406/1685/1505 1323/1687/1399 1472/1690/1397
f 1407/1689/1507 1526/1688/1506 1472/1690/1397 1322/1691/1395
f 1348/1625/1453 1378/1624/1452 1527/1692/1508 1408/1693/1509
f 1378/1624/1452 1347/1619/1447 1407/1689/1507 1527/1692/1508
f 1527/1692/1508 1407/1689/1507 1322/1691/1395 1470/1694/1393
f 1408/1693/1509 1527/1692/1508 1470/1694/1393 1321/1695/1391
f 1349/1631/1459 1381/1630/1458 1528/1696/1510 1409/1697/1511
f 1381/1630/1458 1348/1625/1453 1408/1693/1509 1528/1696/1510
f 1528/1696/1510 1408/1693/1509 1321/1695/1391 1468/1698/1389
f 1409/1697/1511 1528/1696/1510 1468/1698/1389 1320/1699/1387
f 1350/1637/1465 1384/1636/1464 1529/1700/1512 1410/1701/1513
f 1384/1636/1464 1349/1631/1459 1409/1697/1511 1529/1700/1512
f 1529/1700/1512 1409/1697/1511 1320/1699/1387 1466/1702/1385
f 1410/1701/1513 1529/1700/1512 1466/1702/1385 1319/1703/1382
f 1351/1643/1471 1387/1642/1470 1530/1704/1514 1411/1705/1515
f 1387/1642/1470 1350/1637/1465 1410/1701/1513 1530/1704/1514
f 1530/1704/1514 1410/1701/1513 1319/1703/1382 1463/1706/1379
f 1411/1705/1515 1530/1704/1514 1463/1706/1379 1318/1707/1378
f 1352/1652/1477 1390/1651/1476 1531/1708/1516 1412/1709/1517
f 1390/1651/1476 1351/1650/1471 1411/1710/1515 1531/1708/1516
f 1531/1708/1516 1411/1710/1515 1318/1711/1378 1486/1712/1425
f 1412/1709/1517 1531/1708/1516 1486/1712/1425 1329/1713/1423
f 1353/1658/1483 1393/1657/1482 1532/1714/1518 1413/1715/1519
f 1393/1657/1482 1352/1652/1477 1412/1709/1517 1532/1714/1518
f 1532/1714/1518 1412/1709/1517 1329/1713/1423 1484/1716/1421
f 1413/1715/1519 1532/1714/1518 1484/1716/1421 1328/1717/1419
f 1354/1664/1489 1396/1663/1488 1533/1718/1520 1414/1719/1521
f 1396/1663/1488 1353/1658/1483 1413/1715/1519 1533/1718/1520
f 1533/1718/1520 1413/1715/1519 1328/1717/1419 1482/1720/1417
f 1414/1719/1521 1533/1718/1520 1482/1720/1417 1327/1721/1415
f 1343/1670/1495 1399/1669/1494 1534/1722/1522 1403/1676/1501
f 1399/1669/1494 1354/1664/1489 1414/1719/1521 1534/1722/1522
f 1534/1722/1522 1414/1719/1521 1327/1721/1415 1480/1723/1413
f 1403/1676/1501 1534/1722/1522 1480/1723/1413 1326/1677/1411
f 1356/1506/1337 1445/1513/1344 1535/1724/1523 1416/1725/1524
f 1445/1513/1344 1355/1512/1343 1415/1726/1525 1535/1724/1523
f 1535/1724/1523 1415/1726/1525 1332/1599/1427 1371/1609/1437
f 1416/1725/1524 1535/1724/1523 1371/1609/1437 1333/1608/1436
f 1357/1500/1331 1442/1507/1338 1536/1727/1526 1417/1728/1527
f 1442/1507/1338 1356/1506/1337 1416/1725/1524 1536/1727/1526
f 1536/1727/1526 1416/1725/1524 1333/1608/1436 1374/1615/1443
f 1417/1728/1527 1536/1727/1526 1374/1615/1443 1334/1614/1442
f 1358/1494/1325 1439/1501/1332 1537/1729/1528 1418/1730/1529
f 1439/1501/1332 1357/1500/1331 1417/1728/1527 1537/1729/1528
f 1537/1729/1528 1417/1728/1527 1334/1614/1442 1377/1621/1449
f 1418/1730/1529 1537/1729/1528 1377/1621/1449 1335/1620/1448
f 1359/1488/1319 1436/1495/1326 1538/1731/1530 1419/1732/1531
f 1436/1495/1326 1358/1494/1325 1418/1730/1529 1538/1731/1530
f 1538/1731/1530 1418/1730/1529 1335/1620/1448 1380/1627/1455
f 1419/1732/1531 1538/1731/1530 1380/1627/1455 1336/1626/1454
f 1360/1481/1312 1433/1489/1320 1539/1733/1532 1420/1734/1533
f 1433/1489/1320 1359/1488/1319 1419/1732/1531 1539/1733/1532
f 1539/1733/1532 1419/1732/1531 1336/1626/1454 1383/1633/1461
f 1420/1734/1533 1539/1733/1532 1383/1633/1461 1337/1632/1460
f 1361/1483/1314 1429/1482/1313 1540/1735/1534 1421/1736/1535
f 1429/1482/1313 1360/1481/1312 1420/1734/1533 1540/1735/1534
f 1540/1735/1534 1420/1734/1533 1337/1632/1460 1386/1639/1467
f 1421/1736/1535 1540/1735/1534 1386/1639/1467 1338/1638/1466
f 1362/1542/1373 1462/1549/1377 1541/1737/1536 1422/1738/1537
f 1462/1549/1377 1361/1548/1314 1421/1739/1535 1541/1737/1536
f 1541/1737/1536 1421/1739/1535 1338/1648/1466 1389/1645/1473
f 1422/1738/1537 1541/1737/1536 1389/1645/1473 1339/1644/1472
f 1363/1536/1367 1460/1543/1374 1542/1740/1538 1423/1741/1539
f 1460/1543/1374 1362/1542/1373 1422/1738/1537 1542/1740/1538
f 1542/1740/1538 1422/1738/1537 1339/1644/1472 1392/1654/1479
f 1423/1741/1539 1542/1740/1538 1392/1654/1479 1340/1653/1478
f 1364/1530/1361 1457/1537/1368 1543/1742/1540 1424/1743/1541
f 1457/1537/1368 1363/1536/1367 1423/1741/1539 1543/1742/1540
f 1543/1742/1540 1423/1741/1539 1340/1653/1478 1395/1660/1485
f 1424/1743/1541 1543/1742/1540 1395/1660/1485 1341/1659/1484
f 1365/1524/1355 1454/1531/1362 1544/1744/1542 1425/1745/1543
f 1454/1531/1362 1364/1530/1361 1424/1743/1541 1544/1744/1542
f 1544/1744/1542 1424/1743/1541 1341/1659/1484 1398/1666/1491
f 1425/1745/1543 1544/1744/1542 1398/1666/1491 1342/1665/1490
f 1366/1518/1349 1451/1525/1356 1545/1746/1544 1426/1747/1545
f 1451/1525/1356 1365/1524/1355 1425/1745/1543 1545/1746/1544
f 1545/1746/1544 1425/1745/1543 1342/1665/1490 1401/1671/1496
f 1426/1747/1545 1545/1746/1544 1401/1671/1496 1331/1603/1431
f 1355/1512/1343 1448/1519/1350 1546/1748/1546 1415/1726/1525
f 1448/1519/1350 1366/1518/1349 1426/1747/1545 1546/1748/1546
f 1546/1748/1546 1426/1747/1545 1331/1603/1431 1367/1600/1428
f 1415/1726/1525 1546/1748/1546 1367/1600/1428 1332/1599/1427
